run,cluster,domain,account,date,link,url,fragment,uid,likes,keyword,case_name,flag,text,source_file
2026-09-05_13-23-41,qsh-alpha,12beststar.com,viva_benard_,2026-04-19,https://www.threads.com/@viva_benard_/post/DXSx21pD1TR,https://www.12beststar.com/doc_NlRaU2VsQitsekI0QWlwVHBzVkZPQT09,,,0.0,12beststar.com,['qsh-alpha'],1,楊宗緯舞台驚魂瞬間！細節曝光：歌迷回憶摔落一刻，心臟瞬間漏跳 12beststar.com/doc_N… 2 / 2,sweep_b1_hits.csv
2026-09-05_13-23-41,qsh-alpha,12beststar.com,leealy796,2026-03-12,https://www.threads.com/@leealy796/post/DVxPUE-Eg-t,https://www.12beststar.com/doc_c0FXOGRXeTBVNXNjT3JNbmtpbEF6UT09,threads9656,,0.0,12beststar.com,['qsh-alpha'],1,淚水揭開真相！陳佩琪哭問柯文哲罪行，學者言辯背後「不利因素」暗流湧動 12beststar.com/doc_c… 2 / 2,sweep_b1_hits.csv
2026-09-05_13-23-41,qsh-alpha,12beststar.com,leealy796,2026-03-01,https://www.threads.com/@leealy796/post/DVXCSeaEj4F,https://www.12beststar.com/doc_ZVh3amFIaHJzZ3VHU01EYnFYYSt3dz09,threads9656,,0.0,12beststar.com,['qsh-alpha'],1,深夜驚魂！妙莎挽手羅志祥愛徒「暗夜驚跳」揭露未知物體疑雲 12beststar.com/doc_Z… 2 / 2,sweep_b1_hits.csv
2026-09-05_13-23-41,qsh-alpha,12beststar.com,leealy796,2026-01-30,https://www.threads.com/@leealy796/post/DUIAcS2kuEL,https://www.12beststar.com/doc_NlRaU2VsQitsekR4QUZDVEFRaVF1QT09,threads9656,,0.0,12beststar.com,['qsh-alpha'],1,楊宗緯舞台驚魂瞬間！細節曝光：歌迷回憶摔落一刻，心臟瞬間漏跳 12beststar.com/doc_N… 2 / 2,sweep_b1_hits.csv
2026-09-05_13-23-41,qsh-alpha,12beststar.com,bgy49052,2026-01-19,https://www.threads.com/@bgy49052/post/DTq_fy1Eunc,https://www.12beststar.com/doc_eTVDWnY0UjJwZi9vS2F4L3dSbEx6QT09,,,0.0,12beststar.com,['qsh-alpha'],1,驚悼！補教名師鄭奇猝逝，學子雨中「上最後一堂課」，黃捷淚送恩師告別 12beststar.com/doc_e… 2 / 2,sweep_b1_hits.csv
2026-09-05_13-23-41,qsh-alpha,12beststar.com,bgy49052,2025-12-17,https://www.threads.com/@bgy49052/post/DSXDwLmElyK,https://www.12beststar.com/doc_eTVDWnY0UjJwZi9vS2F4L3dSbEx6QT09,,,0.0,12beststar.com,['qsh-alpha'],1,驚悼！補教名師鄭奇猝逝，學子雨中「上最後一堂課」，黃捷淚送恩師告別 12beststar.com/doc_e… 2 / 2,sweep_b1_hits.csv
2026-09-05_13-23-41,qsh-alpha,12beststar.com,leealy796,2025-12-06,https://www.threads.com/@leealy796/post/DR6CjRZkss3,https://www.12beststar.com/doc_c0FXOGRXeTBVNXNjT3JNbmtpbEF6UT09,threads9656,,0.0,12beststar.com,['qsh-alpha'],1,淚水揭開真相！陳佩琪哭問柯文哲罪行，學者言辯背後「不利因素」暗流湧動 12beststar.com/doc_c… 2 / 2,sweep_b1_hits.csv
2026-09-05_13-23-41,qsh-alpha,12beststar.com,viva_benard_,2025-12-04,https://www.threads.com/@viva_benard_/post/DR0yKJOj1r9,https://www.12beststar.com/doc_eTVDWnY0UjJwZi9vS2F4L3dSbEx6QT09,,,0.0,12beststar.com,['qsh-alpha'],1,驚悼！補教名師鄭奇猝逝，學子雨中「上最後一堂課」，黃捷淚送恩師告別 12beststar.com/doc_e… 2 / 2,sweep_b1_hits.csv
2026-09-05_13-23-41,qsh-alpha,12beststar.com,leealy796,2025-11-27,https://www.threads.com/@leealy796/post/DRiuv2QkpOU,https://www.12beststar.com/doc_ZVh3amFIaHJzZ3VHU01EYnFYYSt3dz09,threads9656,,0.0,12beststar.com,['qsh-alpha'],1,深夜驚魂！妙莎挽手羅志祥愛徒「暗夜驚跳」揭露未知物體疑雲 12beststar.com/doc_Z… 2 / 2,sweep_b1_hits.csv
2026-09-05_13-23-41,qsh-alpha,12beststar.com,lihaiwei2904,2025-10-28,https://www.threads.com/@lihaiwei2904/post/DQVskXXE7Mq,https://www.12beststar.com/doc_NlRaU2VsQitsekI0QWlwVHBzVkZPQT09,,,0.0,12beststar.com,['qsh-alpha'],1,楊宗緯舞台驚魂瞬間！細節曝光：歌迷回憶摔落一刻，心臟瞬間漏跳 12beststar.com/doc_N… 2 / 2,sweep_b1_hits.csv
2026-09-05_13-23-41,qsh-alpha,12beststar.com,jingcaifung,2025-10-13,https://www.threads.com/@jingcaifung/post/DPuwIYWk4qF,https://www.12beststar.com/doc_NlRaU2VsQitsekI0QWlwVHBzVkZPQT09,,,0.0,12beststar.com,['qsh-alpha'],1,楊宗緯舞台驚魂瞬間！細節曝光：歌迷回憶摔落一刻，心臟瞬間漏跳 12beststar.com/doc_N… 2 / 2,sweep_b1_hits.csv
2026-09-05_13-23-41,qsh-alpha,12beststar.com,cc.feng123,2025-08-28,https://www.threads.com/@cc.feng123/post/DN5uYCXgaxb,https://www.12beststar.com/doc_VmExK2tMTk1ndHp0a0x2LzVtczVUQT09,threads2051,,1300.0,12beststar.com,['qsh-alpha'],1,早期是台灣山老鼠雇用越南逃逸勞工幫忙上山砍，並帶著他們交貨盤商，久了越南外勞熟門熟路，所以一個拉一個，以相對低廉的價格，成了台灣最大山老鼠。 而更令人難過的是，他們只砍高價值的檜木瘤花部位（樹瘤、閃花），基本都在頭部，砍完有瘤花部位後上面的樹幹任其枯死！ 他們在現場搭營，鋸出一塊一塊體積不大的「黃金磚」，方便搬運下山且,sweep_b1_hits.csv
2026-09-05_13-23-41,qsh-alpha,cartoontalking.com,jza00060,2025-03-24,https://www.threads.com/@jza00060/post/DHlzXecJi9j,https://cartoontalking.com/d/468ECEFD,threads744,,0.0,cartoontalking.com,['qsh-alpha'],1,Wondering about your next step? Let tarot show you the way. Start your free reading today! Tarot cartoontalking.com/d/468…  2 / 2,sweep_b1_hits.csv
2026-09-05_13-23-41,qsh-alpha,cartoontalking.com,win34922024,2025-03-24,https://www.threads.com/@win34922024/post/DHlREpjJBr6,https://cartoontalking.com/d/2345BAA2,threads1264,,0.0,cartoontalking.com,['qsh-alpha'],1,Curious about what’s next? Unlock your future with a tarot reading today! Tarot cartoontalking.com/d/234…  2 / 2,sweep_b1_hits.csv
2026-09-05_13-23-41,qsh-alpha,cartoontalking.com,jza00060,2025-03-24,https://www.threads.com/@jza00060/post/DHlRCNapLze,https://cartoontalking.com/d/9D0C547B,threads744,,0.0,cartoontalking.com,['qsh-alpha'],1,Find the answers you seek—let the tarot reveal your destiny. Get your free reading now! Tarot cartoontalking.com/d/9D0…  2 / 2,sweep_b1_hits.csv
2026-09-05_13-23-41,qsh-alpha,cartoontalking.com,yuehpaichen,2025-03-21,https://www.threads.com/@yuehpaichen/post/DHdabYLJdfU,https://cartoontalking.com/d/8DE35C9E,threads4195,,0.0,cartoontalking.com,['qsh-alpha'],1,Wondering about your next step? Let tarot show you the way. Start your free reading today! Tarot cartoontalking.com/d/8DE…  2 / 2,sweep_b1_hits.csv
2026-09-05_13-23-41,qsh-alpha,cartoontalking.com,lkv07771,2025-03-21,https://www.threads.com/@lkv07771/post/DHdaH14JeAj,https://cartoontalking.com/d/468ECEFD,threads4191,,0.0,cartoontalking.com,['qsh-alpha'],1,Wondering about your next step? Let tarot show you the way. Start your free reading today! Tarot cartoontalking.com/d/468…  2 / 2,sweep_b1_hits.csv
2026-09-05_13-23-41,qsh-alpha,cartoontalking.com,vvr23684,2025-03-21,https://www.threads.com/@vvr23684/post/DHdaC7tpv4c,https://cartoontalking.com/d/BFADBA25,threads4179,,0.0,cartoontalking.com,['qsh-alpha'],1,Trust the cards to guide you—get your free tarot reading now and uncover your future. Tarot cartoontalking.com/d/BFA…  2 / 2,sweep_b1_hits.csv
2026-09-05_13-23-41,qsh-alpha,cartoontalking.com,urx90127,2025-03-21,https://www.threads.com/@urx90127/post/DHdaBbjJvTN,https://cartoontalking.com/d/E86A4FE2,threads4223,,0.0,cartoontalking.com,['qsh-alpha'],1,Unsure about your next step in life or love? The Tarot holds the answers you need. 🌟 DM me for a personalized reading. Tarot cartoontalking.com/d/E86…  2 / 2,sweep_b1_hits.csv
2026-09-05_13-23-41,qsh-alpha,cartoontalking.com,zqz41186,2025-03-21,https://www.threads.com/@zqz41186/post/DHdZ5KxpZ1G,https://cartoontalking.com/d/A8758B81,threads4175,,0.0,cartoontalking.com,['qsh-alpha'],1,Wondering about your next step? Let tarot show you the way. Start your free reading today! Tarot cartoontalking.com/d/A87…  2 / 2,sweep_b1_hits.csv
2026-09-05_13-23-41,qsh-alpha,cartoontalking.com,vvr23684,2025-03-21,https://www.threads.com/@vvr23684/post/DHdYrDPJT6n,https://cartoontalking.com/d/7FE4603D,threads4179,,0.0,cartoontalking.com,['qsh-alpha'],1,Discover more free tarot readings at Tarot cartoontalking.com/d/7FE…  2 / 2,sweep_b1_hits.csv
2026-09-05_13-23-41,qsh-alpha,cartoontalking.com,zqz41186,2025-03-21,https://www.threads.com/@zqz41186/post/DHdYhU9JGOJ,https://cartoontalking.com/d/0A86E48A,threads4175,,0.0,cartoontalking.com,['qsh-alpha'],1,"Your path awaits! Discover insights into love, career, and destiny with a free tarot reading. Tarot cartoontalking.com/d/0A8…  2 / 2",sweep_b1_hits.csv
2026-09-05_13-23-41,qsh-alpha,cartoontalking.com,gld50844,2025-03-21,https://www.threads.com/@gld50844/post/DHdYe4npMtO,https://cartoontalking.com/d/C5914173,threads4219,,0.0,cartoontalking.com,['qsh-alpha'],1,Looking for answers to your emotional questions? Tarot could be the answer you’ve been searching for. Let’s see what the cards have to say. 🌙 Tarot cartoontalki,sweep_b1_hits.csv
2026-09-05_13-23-41,qsh-alpha,cartoontalking.com,lkv07771,2025-03-21,https://www.threads.com/@lkv07771/post/DHdYZ9spEKe,https://cartoontalking.com/d/9631E023,threads4191,,0.0,cartoontalking.com,['qsh-alpha'],1,Discover more free tarot readings at Tarot cartoontalking.com/d/963…  2 / 2,sweep_b1_hits.csv
2026-09-05_13-23-41,qsh-alpha,cartoontalking.com,shaoqianglee,2025-02-16,https://www.threads.com/@shaoqianglee/post/DGIL1Epprhd,https://cartoontalking.com/d/4E904B64,threads1700,,0.0,cartoontalking.com,['qsh-alpha'],1,Get your tarot reading here ➡️ Tarot cartoontalking.com/d/4E9…  2 / 2,sweep_b1_hits.csv
2026-09-05_13-23-41,qsh-alpha,cartoontalking.com,shaoqianglee,2025-02-15,https://www.threads.com/@shaoqianglee/post/DGG5a9nJQxm,https://cartoontalking.com/d/1BC18D1E,threads1700,,0.0,cartoontalking.com,['qsh-alpha'],1,Get your tarot reading here ➡️Tarot cartoontalking.com/d/1BC…  2 / 2,sweep_b1_hits.csv
2026-09-05_13-23-41,qsh-alpha,cartoontalking.com,shaoqianglee,2025-02-15,https://www.threads.com/@shaoqianglee/post/DGGk0yZJdSj,https://cartoontalking.com/d/03256A65,threads1700,,0.0,cartoontalking.com,['qsh-alpha'],1,Get your Tarot reading here cartoontalking.com/d/032… 2 / 2,sweep_b1_hits.csv
2026-09-05_13-23-41,qsh-alpha,cartoontalking.com,shaoqianglee,2025-02-15,https://www.threads.com/@shaoqianglee/post/DGGQOUYpPRs,https://cartoontalking.com/d/3A680D16,threads1700,,0.0,cartoontalking.com,['qsh-alpha'],1,Get your tarot reading here ➡️ Tarot cartoontalking.com/d/3A6…  2 / 2,sweep_b1_hits.csv
2026-09-05_13-23-41,qsh-alpha,cartoontalking.com,shaoqianglee,2025-02-15,https://www.threads.com/@shaoqianglee/post/DGFnCAdJf_N,https://cartoontalking.com/d/3A680D16,threads1700,,0.0,cartoontalking.com,['qsh-alpha'],1,Get your tarot reading here ➡️ Tarot cartoontalking.com/d/3A6… 2 / 2,sweep_b1_hits.csv
2026-09-05_13-23-41,qsh-alpha,cartoontalking.com,shaoqianglee,2025-02-14,https://www.threads.com/@shaoqianglee/post/DGEUoMZJGvW,https://cartoontalking.com/d/259A8F03,threads1700,,0.0,cartoontalking.com,['qsh-alpha'],1,Get your tarot reading here ➡️ Tarot cartoontalking.com/d/259… 2 / 2,sweep_b1_hits.csv
2026-09-05_13-23-41,qsh-alpha,cartoontalking.com,shaoqianglee,2025-02-14,https://www.threads.com/@shaoqianglee/post/DGEAB_wpc0v,https://cartoontalking.com/d/0A478B44,threads1700,,0.0,cartoontalking.com,['qsh-alpha'],1,Get your tarot reading here ➡️ Tarot cartoontalking.com/d/0A4… 2 / 2,sweep_b1_hits.csv
2026-09-05_13-23-41,qsh-alpha,cartoontalking.com,shaoqianglee,2025-02-14,https://www.threads.com/@shaoqianglee/post/DGDrbr8pt4L,https://cartoontalking.com/d/4ECBB526,threads1700,,0.0,cartoontalking.com,['qsh-alpha'],1,Get your tarot reading here ➡️ Tarot cartoontalking.com/d/4EC…  2 / 2,sweep_b1_hits.csv
2026-09-05_13-23-41,qsh-alpha,cartoontalking.com,shaoqianglee,2025-02-14,https://www.threads.com/@shaoqianglee/post/DGDCPGJpn4F,https://cartoontalking.com/d/665AE573,threads1700,,0.0,cartoontalking.com,['qsh-alpha'],1,Get your tarot reading here ➡️ Tarot cartoontalking.com/d/665…  2 / 2,sweep_b1_hits.csv
2026-09-05_13-23-41,qsh-alpha,cartoontalking.com,shaoqianglee,2025-02-14,https://www.threads.com/@shaoqianglee/post/DGCdm6vpL3L,https://cartoontalking.com/d/4E904B64,threads1700,,0.0,cartoontalking.com,['qsh-alpha'],1,Get your tarot reading here ➡️ Tarot cartoontalking.com/d/4E9…  2 / 2,sweep_b1_hits.csv
2026-09-05_13-23-41,qsh-alpha,cartoontalking.com,shaoqianglee,2025-02-13,https://www.threads.com/@shaoqianglee/post/DGBv12YJkhF,https://cartoontalking.com/d/B9140BDE,threads1700,,1.0,cartoontalking.com,['qsh-alpha'],1,Get your tarot reading here ➡Tarot cartoontalking.com/d/B91…  2 / 2,sweep_b1_hits.csv
2026-09-05_13-23-41,qsh-alpha,cartoontalking.com,shaoqianglee,2025-02-13,https://www.threads.com/@shaoqianglee/post/DGBbPIrJKjZ,https://cartoontalking.com/d/9A6D7798,threads1700,,2.0,cartoontalking.com,['qsh-alpha'],1,Get your tarot reading here ➡️ Tarot cartoontalking.com/d/9A6… 2 / 2,sweep_b1_hits.csv
2026-09-05_13-23-41,qsh-alpha,cartoontalking.com,shaoqianglee,2025-02-13,https://www.threads.com/@shaoqianglee/post/DGBGpU5JFOF,https://cartoontalking.com/d/656D7A46,threads1700,,1.0,cartoontalking.com,['qsh-alpha'],1,Get your tarot reading here ➡ Tarot cartoontalking.com/d/656… 2 / 2,sweep_b1_hits.csv
2026-09-05_13-23-41,qsh-alpha,cartoontalking.com,bikulov.petr,2025-02-13,https://www.threads.com/@bikulov.petr/post/DGAnOuOp8zb,https://cartoontalking.com/d/1A147794,,,0.0,cartoontalking.com,['qsh-alpha'],1,🤔 Phoebe's Shocking Past: Did You Catch This Friends Joke With A Hidden Meaning? cartoontalking.com/d/1A1…  2 / 2,sweep_b1_hits.csv
2026-09-05_13-23-41,qsh-alpha,cartoontalking.com,bikulov.petr,2025-02-13,https://www.threads.com/@bikulov.petr/post/DGAgXMYJXvN,https://cartoontalking.com/d/E92B4675,,,0.0,cartoontalking.com,['qsh-alpha'],1,"""He Knew..."": Matthew Perry's Mother Reveals Star's Premonition Before His Passing. An Emotional Reflection 🙏 cartoontalking.com/d/E92…  2 / 2",sweep_b1_hits.csv
2026-09-05_13-23-41,qsh-alpha,cartoontalking.com,shaoqianglee,2025-02-13,https://www.threads.com/@shaoqianglee/post/DGAdcDxJnWo,https://cartoontalking.com/d/656D7A46,threads1700,,1.0,cartoontalking.com,['qsh-alpha'],1,Get your tarot reading here ➡ Tarot cartoontalking.com/d/656…  2 / 2,sweep_b1_hits.csv
2026-09-05_13-23-41,qsh-alpha,cartoontalking.com,bikulov.petr,2025-02-13,https://www.threads.com/@bikulov.petr/post/DGAZf0nJLfI,https://cartoontalking.com/d/8DA696C6,,,0.0,cartoontalking.com,['qsh-alpha'],1,"""I Miss You Every Day"": Courteney Cox Shares Emotional Memories of Matthew Perry a Year After His Passing 🙏 cartoontalking.com/d/8DA…  2 / 2",sweep_b1_hits.csv
2026-09-05_13-23-41,qsh-alpha,cartoontalking.com,bikulov.petr,2025-02-13,https://www.threads.com/@bikulov.petr/post/DGASooiJzU_,https://cartoontalking.com/d/01A0CF45,,,0.0,cartoontalking.com,['qsh-alpha'],1,"Happy Birthday, Jen! Courteney's Loving Birthday Wish Proves Aniston is More Than Just a Friend - She's Family! 🥺🎂 cartoontalking.com/d/01A…  2 / 2",sweep_b1_hits.csv
2026-09-05_13-23-41,qsh-alpha,cartoontalking.com,bikulov.petr,2025-02-13,https://www.threads.com/@bikulov.petr/post/DGALxB1p7-b,https://cartoontalking.com/d/40A902C0,,,1.0,cartoontalking.com,['qsh-alpha'],1,"Jennifer Aniston's Brave Admission: ""It Was a Challenging Road"" - Her Heartbreaking Journey to Motherhood ❤️🙏 cartoontalking.com/d/40A…  2 / 2",sweep_b1_hits.csv
2026-09-05_13-23-41,qsh-alpha,cartoontalking.com,shaoqianglee,2025-02-12,https://www.threads.com/@shaoqianglee/post/DF_LCXhJr5l,https://cartoontalking.com/d/D2654FE1,threads1700,,1.0,cartoontalking.com,['qsh-alpha'],1,Get your tarot reading here ➡ Tarot cartoontalking.com/d/D26…  2 / 2,sweep_b1_hits.csv
2026-09-05_13-23-41,qsh-alpha,cartoontalking.com,shaoqianglee,2025-02-12,https://www.threads.com/@shaoqianglee/post/DF-9TTopP3W,https://cartoontalking.com/d/E634AC05,threads1700,,0.0,cartoontalking.com,['qsh-alpha'],1,Get your tarot reading here ➡  Tarot cartoontalking.com/d/E63…  2 / 2,sweep_b1_hits.csv
2026-09-05_13-23-41,qsh-alpha,cartoontalking.com,shaoqianglee,2025-02-12,https://www.threads.com/@shaoqianglee/post/DF-h2jxpSHK,https://cartoontalking.com/d/9B7D2BC0,threads1700,,0.0,cartoontalking.com,['qsh-alpha'],1,Get your tarot reading here ➡ Tarot cartoontalking.com/d/9B7…  2 / 2,sweep_b1_hits.csv
2026-09-05_13-23-41,qsh-alpha,cartoontalking.com,mariaheloise260,2025-02-12,https://www.threads.com/@mariaheloise260/post/DF-MnFGJTKk,https://cartoontalking.com/d/4666C48D,threads3214,,0.0,cartoontalking.com,['qsh-alpha'],1,Feeling lost or in need of direction? 💫 Tarot can be a powerful tool for emotional guidance. Let the cards help you find your way forward! 🌙 TarotForYou Tarot c,sweep_b1_hits.csv
2026-09-05_13-23-41,qsh-alpha,cartoontalking.com,lvv86689,2025-02-12,https://www.threads.com/@lvv86689/post/DF-MIdkpkt7,https://cartoontalking.com/d/66E9EA62,threads745,,0.0,cartoontalking.com,['qsh-alpha'],1,Feeling lost or in need of direction? 💫 Tarot can be a powerful tool for emotional guidance. Let the cards help you find your way forward! 🌙 TarotForYou Tarot c,sweep_b1_hits.csv
2026-09-05_13-23-41,qsh-alpha,cartoontalking.com,katheryn_baez,2025-02-12,https://www.threads.com/@katheryn_baez/post/DF-JY7sJlZY,https://cartoontalking.com/d/2F692552,threads2269,,1.0,cartoontalking.com,['qsh-alpha'],1,"Curious about Tarot? 🌟✨ If you’re feeling uncertain, confused, or seeking guidance in your emotional journey, Tarot could offer you insight and clarity. Ready t",sweep_b1_hits.csv
2026-09-05_13-23-41,qsh-alpha,cartoontalking.com,shaoqianglee,2025-02-12,https://www.threads.com/@shaoqianglee/post/DF-IM-JpLa1,https://cartoontalking.com/d/CF406282,threads1700,,0.0,cartoontalking.com,['qsh-alpha'],1,"Need some clarity in your emotional life? 🌙 Tarot could offer the answers you’re looking for. Whether it’s love, work, or personal growth, let the cards show yo",sweep_b1_hits.csv
2026-09-05_13-23-41,qsh-alpha,cartoontalking.com,jlsilv.902,2025-02-12,https://www.threads.com/@jlsilv.902/post/DF-ICmyJavY,https://cartoontalking.com/d/561C08F2,threads336,,0.0,cartoontalking.com,['qsh-alpha'],1,"Curious about Tarot? 🌟✨ If you’re feeling uncertain, confused, or seeking guidance in your emotional journey, Tarot could offer you insight and clarity. Ready t",sweep_b1_hits.csv
2026-09-05_13-23-41,qsh-alpha,cartoontalking.com,mariaheloise260,2025-02-12,https://www.threads.com/@mariaheloise260/post/DF-FvjVJhPy,https://cartoontalking.com/d/EBDD0ED7,threads3214,,0.0,cartoontalking.com,['qsh-alpha'],1,Feeling lost or in need of direction? 💫 Tarot can be a powerful tool for emotional guidance. Let the cards help you find your way forward! 🌙 TarotForYou Tarot c,sweep_b1_hits.csv
2026-09-05_13-23-41,qsh-alpha,cartoontalking.com,lvv86689,2025-02-12,https://www.threads.com/@lvv86689/post/DF-FP2AJwGY,https://cartoontalking.com/d/7054D824,threads745,,0.0,cartoontalking.com,['qsh-alpha'],1,Feeling lost or in need of direction? 💫 Tarot can be a powerful tool for emotional guidance. Let the cards help you find your way forward! 🌙 TarotForYou Tarot c,sweep_b1_hits.csv
2026-09-05_13-23-41,qsh-alpha,cartoontalking.com,katheryn_baez,2025-02-12,https://www.threads.com/@katheryn_baez/post/DF-ChYYpy7n,https://cartoontalking.com/d/6A0B0321,threads2269,,1.0,cartoontalking.com,['qsh-alpha'],1,"Curious about Tarot? 🌟✨ If you’re feeling uncertain, confused, or seeking guidance in your emotional journey, Tarot could offer you insight and clarity. Ready t",sweep_b1_hits.csv
2026-09-05_13-23-41,qsh-alpha,cartoontalking.com,shaoqianglee,2025-02-12,https://www.threads.com/@shaoqianglee/post/DF-BVitplhx,https://cartoontalking.com/d/C476FF3F,threads1700,,0.0,cartoontalking.com,['qsh-alpha'],1,"Need some clarity in your emotional life? 🌙 Tarot could offer the answers you’re looking for. Whether it’s love, work, or personal growth, let the cards show yo",sweep_b1_hits.csv
2026-09-05_13-23-41,qsh-alpha,cartoontalking.com,jlsilv.902,2025-02-12,https://www.threads.com/@jlsilv.902/post/DF-BKbjpVqr,https://cartoontalking.com/d/BCB29A09,threads336,,0.0,cartoontalking.com,['qsh-alpha'],1,"Curious about Tarot? 🌟✨ If you’re feeling uncertain, confused, or seeking guidance in your emotional journey, Tarot could offer you insight and clarity. Ready t",sweep_b1_hits.csv
2026-09-05_13-23-41,qsh-alpha,cartoontalking.com,stout.terrie,2025-02-12,https://www.threads.com/@stout.terrie/post/DF9_STzSZGP,https://cartoontalking.com/d/7F875C50,,,0.0,cartoontalking.com,['qsh-alpha'],1,Feeling lost or in need of direction? 💫 Tarot can be a powerful tool for emotional guidance. Let the cards help you find your way forward! 🌙 TarotForYou  Tarot ,sweep_b1_hits.csv
2026-09-05_13-23-41,qsh-alpha,cartoontalking.com,stout.terrie,2025-02-12,https://www.threads.com/@stout.terrie/post/DF9_OxCyzaa,https://cartoontalking.com/d/A6122E05,,,0.0,cartoontalking.com,['qsh-alpha'],1,"Curious about Tarot? 🌟✨ If you’re feeling uncertain, confused, or seeking guidance in your emotional journey, Tarot could offer you insight and clarity. Ready t",sweep_b1_hits.csv
2026-09-05_13-23-41,qsh-alpha,cartoontalking.com,stout.terrie,2025-02-12,https://www.threads.com/@stout.terrie/post/DF9_LgZyYb4,https://cartoontalking.com/d/B831EAF2,,,0.0,cartoontalking.com,['qsh-alpha'],1,Struggling with emotional decisions or relationships? 💭 Tarot might just have the guidance you need. Let’s explore what the cards have in store for you! 🌿 Tarot,sweep_b1_hits.csv
2026-09-05_13-23-41,qsh-alpha,cartoontalking.com,stout.terrie,2025-02-12,https://www.threads.com/@stout.terrie/post/DF9_Isky0q9,https://cartoontalking.com/d/B826B93A,,,0.0,cartoontalking.com,['qsh-alpha'],1,"Need some clarity in your emotional life? 🌙 Tarot could offer the answers you’re looking for. Whether it’s love, work, or personal growth, let the cards show yo",sweep_b1_hits.csv
2026-09-05_13-23-41,qsh-alpha,cartoontalking.com,stout.terrie,2025-02-12,https://www.threads.com/@stout.terrie/post/DF9_FhayNsU,https://cartoontalking.com/d/D96B7462,,,0.0,cartoontalking.com,['qsh-alpha'],1,Wondering what the future holds for you? 🌟 Tarot readings can offer insights into your emotions and help you make empowered decisions. Ready for some clarity? 💫,sweep_b1_hits.csv
2026-09-05_13-23-41,qsh-alpha,cartoontalking.com,stout.terrie,2025-02-12,https://www.threads.com/@stout.terrie/post/DF9_AJBy0pp,https://cartoontalking.com/d/84EE3033,,,16.0,cartoontalking.com,['qsh-alpha'],1,Someone may have moments where their overthinking and assumptions causes disruption in your relationship. It triggers the other person. This can be healed but i,sweep_b1_hits.csv
2026-09-05_13-23-41,qsh-alpha,cartoontalking.com,mariaheloise260,2025-02-12,https://www.threads.com/@mariaheloise260/post/DF9-4Mtp1lr,https://cartoontalking.com/d/098A4359,threads3214,,0.0,cartoontalking.com,['qsh-alpha'],1,Feeling lost or in need of direction? 💫 Tarot can be a powerful tool for emotional guidance. Let the cards help you find your way forward! 🌙 TarotForYou Tarot c,sweep_b1_hits.csv
2026-09-05_13-23-41,qsh-alpha,cartoontalking.com,huntereleanor11,2025-02-12,https://www.threads.com/@huntereleanor11/post/DF9-ySNTcAu,https://cartoontalking.com/d/BB15871C,,,0.0,cartoontalking.com,['qsh-alpha'],1,Wondering what the future holds for you? 🌟 Tarot readings can offer insights into your emotions and help you make empowered decisions. Ready for some clarity? 💫,sweep_b1_hits.csv
2026-09-05_13-23-41,qsh-alpha,cartoontalking.com,huntereleanor11,2025-02-12,https://www.threads.com/@huntereleanor11/post/DF9-rfrTgGl,https://cartoontalking.com/d/19675185,,,0.0,cartoontalking.com,['qsh-alpha'],1,Feeling lost or in need of direction? 💫 Tarot can be a powerful tool for emotional guidance. Let the cards help you find your way forward! 🌙 TarotForYou  Tarot ,sweep_b1_hits.csv
2026-09-05_13-23-41,qsh-alpha,cartoontalking.com,huntereleanor11,2025-02-12,https://www.threads.com/@huntereleanor11/post/DF9-ljmz_-e,https://cartoontalking.com/d/15361782,,,0.0,cartoontalking.com,['qsh-alpha'],1,"Curious about Tarot? 🌟✨ If you’re feeling uncertain, confused, or seeking guidance in your emotional journey, Tarot could offer you insight and clarity. Ready t",sweep_b1_hits.csv
2026-09-05_13-23-41,qsh-alpha,cartoontalking.com,lvv86689,2025-02-12,https://www.threads.com/@lvv86689/post/DF9-YgCprAv,https://cartoontalking.com/d/DC8E7BE9,threads745,,0.0,cartoontalking.com,['qsh-alpha'],1,Feeling lost or in need of direction? 💫 Tarot can be a powerful tool for emotional guidance. Let the cards help you find your way forward! 🌙 TarotForYou Tarot c,sweep_b1_hits.csv
2026-09-05_13-23-41,qsh-alpha,cartoontalking.com,katheryn_baez,2025-02-12,https://www.threads.com/@katheryn_baez/post/DF97podJHIB,https://cartoontalking.com/d/234483AE,threads2269,,0.0,cartoontalking.com,['qsh-alpha'],1,"Curious about Tarot? 🌟✨ If you’re feeling uncertain, confused, or seeking guidance in your emotional journey, Tarot could offer you insight and clarity. Ready t",sweep_b1_hits.csv
2026-09-05_13-23-41,qsh-alpha,cartoontalking.com,shaoqianglee,2025-02-12,https://www.threads.com/@shaoqianglee/post/DF96eGyJZpn,https://cartoontalking.com/d/0DE46635,threads1700,,1.0,cartoontalking.com,['qsh-alpha'],1,"Need some clarity in your emotional life? 🌙 Tarot could offer the answers you’re looking for. Whether it’s love, work, or personal growth, let the cards show yo",sweep_b1_hits.csv
2026-09-05_13-23-41,qsh-alpha,cartoontalking.com,jlsilv.902,2025-02-12,https://www.threads.com/@jlsilv.902/post/DF96S9VJs3T,https://cartoontalking.com/d/9DB93581,threads336,,0.0,cartoontalking.com,['qsh-alpha'],1,Feeling lost or in need of direction? 💫 Tarot can be a powerful tool for emotional guidance. Let the cards help you find your way forward! 🌙 TarotForYou Tarot c,sweep_b1_hits.csv
2026-09-05_13-23-41,qsh-alpha,cartoontalking.com,shaoqianglee,2025-02-12,https://www.threads.com/@shaoqianglee/post/DF94p4TpN-o,https://cartoontalking.com/d/3A5C74A2,threads1700,,0.0,cartoontalking.com,['qsh-alpha'],1,Get your tarot reading here ➡ Tarot cartoontalking.com/d/3A5…  2 / 2,sweep_b1_hits.csv
2026-09-05_13-23-41,qsh-alpha,cartoontalking.com,shaoqianglee,2025-02-12,https://www.threads.com/@shaoqianglee/post/DF93Pnby4je,https://cartoontalking.com/d/0A73DF64,,,0.0,cartoontalking.com,['qsh-alpha'],1,"🌟 The Spread: A Love You Can’t Predict 🔮 Three of Swords (Past): Your heart is still healing from betrayal or disappointment. The pain is real, but it doesn’t d",sweep_b1_hits.csv
2026-09-05_13-23-41,qsh-alpha,cartoontalking.com,shaoqianglee,2025-02-12,https://www.threads.com/@shaoqianglee/post/DF926hbSkx6,https://cartoontalking.com/d/26BB5D77,,,0.0,cartoontalking.com,['qsh-alpha'],1,"🌟 The Spread: Truths You Need to See 🔮 The Devil (Past): This relationship was built on intensity, obsession, and unhealthy patterns. There was passion, but als",sweep_b1_hits.csv
2026-09-05_13-23-41,qsh-alpha,cartoontalking.com,shaoqianglee,2025-02-12,https://www.threads.com/@shaoqianglee/post/DF92c_mSkTZ,https://cartoontalking.com/d/91137849,,,0.0,cartoontalking.com,['qsh-alpha'],1,"🌟 The Spread: The Crossroads of Love (2/4) 🔮 The Hermit (Past): You’ve spent years focusing on yourself, building a strong and independent life. Love wasn’t the",sweep_b1_hits.csv
2026-09-05_13-23-41,qsh-alpha,cartoontalking.com,katheryn_baez,2025-02-12,https://www.threads.com/@katheryn_baez/post/DF90ydip7rt,https://cartoontalking.com/d/FE8AFC9F,threads2269,,0.0,cartoontalking.com,['qsh-alpha'],1,"Curious about Tarot? 🌟✨ If you’re feeling uncertain, confused, or seeking guidance in your emotional journey, Tarot could offer you insight and clarity. Ready t",sweep_b1_hits.csv
2026-09-05_13-23-41,qsh-alpha,cartoontalking.com,shaoqianglee,2025-02-12,https://www.threads.com/@shaoqianglee/post/DF90NBFy6Os,https://cartoontalking.com/d/54DA138D,,,0.0,cartoontalking.com,['qsh-alpha'],1,"1/3 🔮 The Hermit (Past): You’ve focused on self-growth and independence. Love wasn’t a priority, and part of you fears being hurt again. But this time, you’re r",sweep_b1_hits.csv
2026-09-05_13-23-41,qsh-alpha,cartoontalking.com,jlsilv.902,2025-02-12,https://www.threads.com/@jlsilv.902/post/DF9zbgVJ9rh,https://cartoontalking.com/d/BD7001CF,threads336,,0.0,cartoontalking.com,['qsh-alpha'],1,"Curious about Tarot? 🌟✨ If you’re feeling uncertain, confused, or seeking guidance in your emotional journey, Tarot could offer you insight and clarity. Ready t",sweep_b1_hits.csv
2026-09-05_13-23-41,qsh-alpha,cartoontalking.com,katheryn_baez,2025-02-12,https://www.threads.com/@katheryn_baez/post/DF9t7RsJOuP,https://cartoontalking.com/d/F541B1F9,threads2269,,0.0,cartoontalking.com,['qsh-alpha'],1,"Curious about Tarot? 🌟✨ If you’re feeling uncertain, confused, or seeking guidance in your emotional journey, Tarot could offer you insight and clarity. Ready t",sweep_b1_hits.csv
2026-09-05_13-23-41,qsh-alpha,cartoontalking.com,jlsilv.902,2025-02-12,https://www.threads.com/@jlsilv.902/post/DF9skKjpHrG,https://cartoontalking.com/d/2D3C843B,threads336,,0.0,cartoontalking.com,['qsh-alpha'],1,"Curious about Tarot? 🌟✨ If you’re feeling uncertain, confused, or seeking guidance in your emotional journey, Tarot could offer you insight and clarity. Ready t",sweep_b1_hits.csv
2026-09-05_13-23-41,qsh-alpha,cartoontalking.com,stout.terrie,2025-02-12,https://www.threads.com/@stout.terrie/post/DF9FuveSNtj,https://cartoontalking.com/d/274,,,0.0,cartoontalking.com,['qsh-alpha'],1,"starts with changing the way you think on a regular basis. Affirmations may seem silly, or it may even feel weird saying certain things especially if you don’t ",sweep_b1_hits.csv
2026-09-05_13-23-41,qsh-alpha,cartoontalking.com,shaoqianglee,2025-02-12,https://www.threads.com/@shaoqianglee/post/DF9BevPpRy9,https://cartoontalking.com/d/C5D2FA5B,threads1700,,0.0,cartoontalking.com,['qsh-alpha'],1,Get your tarot reading here ➡  Tarot cartoontalking.com/d/C5D…  2 / 2,sweep_b1_hits.csv
2026-09-05_13-23-41,qsh-alpha,cartoontalking.com,shaoqianglee,2025-02-11,https://www.threads.com/@shaoqianglee/post/DF8M1ciJwD3,https://cartoontalking.com/d/A57A52A7,threads1700,,0.0,cartoontalking.com,['qsh-alpha'],1,Get your tarot reading here ➡ Tarot cartoontalking.com/d/A57…  2 / 2,sweep_b1_hits.csv
2026-09-05_13-23-41,qsh-alpha,cartoontalking.com,shaoqianglee,2025-02-11,https://www.threads.com/@shaoqianglee/post/DF76yx2pkx3,https://cartoontalking.com/d/5F863C02,threads1700,,0.0,cartoontalking.com,['qsh-alpha'],1,"Take a quick Tarot test, gain personal insights Tarot cartoontalking.com/d/5F8…  2 / 2",sweep_b1_hits.csv
2026-09-05_13-23-41,qsh-alpha,cartoontalking.com,bikulov.petr,2025-02-11,https://www.threads.com/@bikulov.petr/post/DF7ttCJpYo2,https://cartoontalking.com/d/27E48B3C,,,0.0,cartoontalking.com,['qsh-alpha'],1,What Happens When You Take Creatine for 30 Days Straight? (13 studies) cartoontalking.com/d/27E…  2 / 2,sweep_b1_hits.csv
2026-09-05_13-23-41,qsh-alpha,cartoontalking.com,stout.terrie,2025-02-11,https://www.threads.com/@stout.terrie/post/DF7roGgJkrB,https://cartoontalking.com/d/E86A4FE2,threads2315,,0.0,cartoontalking.com,['qsh-alpha'],1,Unsure about your next step in life or love? The Tarot holds the answers you need. 🌟 DM me for a personalized reading. Tarot cartoontalking.com/d/E86…  2 / 2,sweep_b1_hits.csv
2026-09-05_13-23-41,qsh-alpha,cartoontalking.com,bikulov.petr,2025-02-11,https://www.threads.com/@bikulov.petr/post/DF7pIAgJaOC,https://cartoontalking.com/d/D13CF50A,,,0.0,cartoontalking.com,['qsh-alpha'],1,Horrifying simulation shows what happened to teenager after he was dared to eat live slug by his friends cartoontalking.com/d/D13…  2 / 2,sweep_b1_hits.csv
2026-09-05_13-23-41,qsh-alpha,cartoontalking.com,huntereleanor11,2025-02-11,https://www.threads.com/@huntereleanor11/post/DF7nUxrJVdP,https://cartoontalking.com/d/67095DBE,threads3219,,0.0,cartoontalking.com,['qsh-alpha'],1,"Curious about Tarot? 🌟✨ If you’re feeling uncertain, confused, or seeking guidance in your emotional journey, Tarot could offer you insight and clarity. Ready t",sweep_b1_hits.csv
2026-09-05_13-23-41,qsh-alpha,cartoontalking.com,mariaheloise260,2025-02-11,https://www.threads.com/@mariaheloise260/post/DF7m25bpdLh,https://cartoontalking.com/d/24D027B3,threads3214,,0.0,cartoontalking.com,['qsh-alpha'],1,Curious about Tarot? Let’s dive into the mysteries together. 🃏🔮 Tarot cartoontalking.com/d/24D…  2 / 2,sweep_b1_hits.csv
2026-09-05_13-23-41,qsh-alpha,cartoontalking.com,lvv86689,2025-02-11,https://www.threads.com/@lvv86689/post/DF7lZB2p9zY,https://cartoontalking.com/d/46D271E0,threads745,,1.0,cartoontalking.com,['qsh-alpha'],1,Confused about your feelings? Let the cards speak to you. 🃏✨ Tarot cartoontalking.com/d/46D…  2 / 2,sweep_b1_hits.csv
2026-09-05_13-23-41,qsh-alpha,cartoontalking.com,stout.terrie,2025-02-11,https://www.threads.com/@stout.terrie/post/DF7kwbHJsTz,https://cartoontalking.com/d/C5914173,threads2315,,0.0,cartoontalking.com,['qsh-alpha'],1,Looking for answers to your emotional questions? Tarot could be the answer you’ve been searching for. Let’s see what the cards have to say. 🌙 Tarot cartoontalki,sweep_b1_hits.csv
2026-09-05_13-23-41,qsh-alpha,cartoontalking.com,bikulov.petr,2025-02-11,https://www.threads.com/@bikulov.petr/post/DF7kkF5Jntp,https://cartoontalking.com/d/46AFDD9B,,,0.0,cartoontalking.com,['qsh-alpha'],1,12 Weird Signs of LIVER DAMAGE cartoontalking.com/d/46A…  2 / 2,sweep_b1_hits.csv
2026-09-05_13-23-41,qsh-alpha,cartoontalking.com,katheryn_baez,2025-02-11,https://www.threads.com/@katheryn_baez/post/DF7h3WtJjAh,https://cartoontalking.com/d/7DCBDB9B,threads2269,,1.0,cartoontalking.com,['qsh-alpha'],1,"Curious about Tarot? 🌟✨ If you’re feeling uncertain, confused, or seeking guidance in your emotional journey, Tarot could offer you insight and clarity. Ready t",sweep_b1_hits.csv
2026-09-05_13-23-41,qsh-alpha,cartoontalking.com,jlsilv.902,2025-02-11,https://www.threads.com/@jlsilv.902/post/DF7hkQ2JHio,https://cartoontalking.com/d/8500B365,threads336,,0.0,cartoontalking.com,['qsh-alpha'],1,Wondering what the future holds for you? 🌟 Tarot readings can offer insights into your emotions and help you make empowered decisions. Ready for some clarity? 💫,sweep_b1_hits.csv
2026-09-05_13-23-41,qsh-alpha,cartoontalking.com,huntereleanor11,2025-02-11,https://www.threads.com/@huntereleanor11/post/DF7gdECpci3,https://cartoontalking.com/d/3F76AB44,threads3219,,0.0,cartoontalking.com,['qsh-alpha'],1,"Love, career, or personal growth—if you’re seeking clarity, Tarot might have the message for you. 💕 Tarot cartoontalking.com/d/3F7…  2 / 2",sweep_b1_hits.csv
2026-09-05_13-23-41,qsh-alpha,cartoontalking.com,mariaheloise260,2025-02-11,https://www.threads.com/@mariaheloise260/post/DF7f_cnJZD3,https://cartoontalking.com/d/649E2632,threads3214,,0.0,cartoontalking.com,['qsh-alpha'],1,Confused about your feelings? Let the cards speak to you. 🃏✨ Tarot cartoontalking.com/d/649…  2 / 2,sweep_b1_hits.csv
2026-09-05_13-23-41,qsh-alpha,cartoontalking.com,bikulov.petr,2025-02-11,https://www.threads.com/@bikulov.petr/post/DF7f-nCJB4S,https://cartoontalking.com/d/A09F50D0,,,0.0,cartoontalking.com,['qsh-alpha'],1,People Who Are 'Abrosexual' Explain Exactly What Their Sexuality Means cartoontalking.com/d/A09…  2 / 2,sweep_b1_hits.csv
2026-09-05_13-23-41,qsh-alpha,cartoontalking.com,lvv86689,2025-02-11,https://www.threads.com/@lvv86689/post/DF7ehcbJdsI,https://cartoontalking.com/d/DEA755A7,threads745,,0.0,cartoontalking.com,['qsh-alpha'],1,The universe has a message for you. Are you ready to listen? 🔮 Tarot cartoontalking.com/d/DEA…  2 / 2,sweep_b1_hits.csv
2026-09-05_13-23-41,qsh-alpha,cartoontalking.com,stout.terrie,2025-02-11,https://www.threads.com/@stout.terrie/post/DF7d40wpBjl,https://cartoontalking.com/d/D41023EA,threads2315,,0.0,cartoontalking.com,['qsh-alpha'],1,Feeling lost or unsure about your love life? 🌟 Ever wondered what the Tarot might reveal? Let me guide you with a reading tailored just for you. 💫 Tarot cartoon,sweep_b1_hits.csv
2026-09-05_13-23-41,qsh-alpha,cartoontalking.com,shaoqianglee,2025-02-11,https://www.threads.com/@shaoqianglee/post/DF7dJlDJ_vK,https://cartoontalking.com/d/1D085820,threads1700,,0.0,cartoontalking.com,['qsh-alpha'],1,"Curious about Tarot? 🌟✨ If you’re feeling uncertain, confused, or seeking guidance in your emotional journey, Tarot could offer you insight and clarity. Ready t",sweep_b1_hits.csv
2026-09-05_13-23-41,qsh-alpha,cartoontalking.com,bikulov.petr,2025-02-11,https://www.threads.com/@bikulov.petr/post/DF7bZQVJELF,https://cartoontalking.com/d/4802A35A,,,0.0,cartoontalking.com,['qsh-alpha'],1,8 SURPRISING Foods that KILL Testosterone (Science-Based) cartoontalking.com/d/480…  2 / 2,sweep_b1_hits.csv
2026-09-05_13-23-41,qsh-alpha,cartoontalking.com,huntereleanor11,2025-02-11,https://www.threads.com/@huntereleanor11/post/DF7Zl2iJeQX,https://cartoontalking.com/d/8C2EC402,threads3219,,0.0,cartoontalking.com,['qsh-alpha'],1,"Love, career, or personal growth—if you’re seeking clarity, Tarot might have the message for you. 💕 Tarot cartoontalking.com/d/8C2…  2 / 2",sweep_b1_hits.csv
2026-09-05_13-23-41,qsh-alpha,cartoontalking.com,shaoqianglee,2025-02-11,https://www.threads.com/@shaoqianglee/post/DF7ZYZlppTn,https://cartoontalking.com/d/8CDFA619,threads1700,,6.0,cartoontalking.com,['qsh-alpha'],1,Feeling lost or in need of direction? 💫 Tarot can be a powerful tool for emotional guidance. Let the cards help you find your way forward! 🌙 TarotForYou #Emotio,sweep_b1_hits.csv
2026-09-05_13-23-41,qsh-alpha,cartoontalking.com,mariaheloise260,2025-02-11,https://www.threads.com/@mariaheloise260/post/DF7ZIIQJJxJ,https://cartoontalking.com/d/EAD82C0D,threads3214,,0.0,cartoontalking.com,['qsh-alpha'],1,"Curious about Tarot? 🌟✨ If you’re feeling uncertain, confused, or seeking guidance in your emotional journey, Tarot could offer you insight and clarity. Ready t",sweep_b1_hits.csv
2026-09-05_13-23-41,qsh-alpha,cartoontalking.com,bikulov.petr,2025-02-11,https://www.threads.com/@bikulov.petr/post/DF7YjH0p6-1,https://cartoontalking.com/d/27A97776,,,0.0,cartoontalking.com,['qsh-alpha'],1,7 Muscle-Building Foods You're NOT Eating (but should be) cartoontalking.com/d/27A…  2 / 2,sweep_b1_hits.csv
2026-09-05_13-23-41,qsh-alpha,cartoontalking.com,shaoqianglee,2025-02-11,https://www.threads.com/@shaoqianglee/post/DF7YMLFpiSy,https://cartoontalking.com/d/62A5B431,threads1700,,0.0,cartoontalking.com,['qsh-alpha'],1,Get your tarot reading here ➡  Tarot cartoontalking.com/d/62A…  2 / 2,sweep_b1_hits.csv
2026-09-05_13-23-41,qsh-alpha,cartoontalking.com,lvv86689,2025-02-11,https://www.threads.com/@lvv86689/post/DF7XqGtJZt5,https://cartoontalking.com/d/7908D8C0,threads745,,1.0,cartoontalking.com,['qsh-alpha'],1,Your heart holds the questions. The cards hold the answers. ❤️🔮 Tarot cartoontalking.com/d/790…  2 / 2,sweep_b1_hits.csv
2026-09-05_13-23-41,qsh-alpha,cartoontalking.com,stout.terrie,2025-02-11,https://www.threads.com/@stout.terrie/post/DF7XBbbJeLB,https://cartoontalking.com/d/A5E31140,threads2315,,0.0,cartoontalking.com,['qsh-alpha'],1,Struggling with emotional decisions? Tarot can help bring clarity and guidance. 🌿✨ DM for a personal reading! Tarot cartoontalking.com/d/A5E…  2 / 2,sweep_b1_hits.csv
2026-09-05_13-23-41,qsh-alpha,cartoontalking.com,bikulov.petr,2025-02-11,https://www.threads.com/@bikulov.petr/post/DF7Wz7sJl-d,https://cartoontalking.com/d/D5601B3F,,,0.0,cartoontalking.com,['qsh-alpha'],1,12 Weird Signs of LIVER DAMAGE You Need to Know! 🔥 cartoontalking.com/d/D56…  2 / 2,sweep_b1_hits.csv
2026-09-05_13-23-41,qsh-alpha,cartoontalking.com,shaoqianglee,2025-02-11,https://www.threads.com/@shaoqianglee/post/DF7VmNaJmwZ,https://cartoontalking.com/d/BE059407,threads1700,,0.0,cartoontalking.com,['qsh-alpha'],1,Wondering what the future holds for you? 🌟 Tarot readings can offer insights into your emotions and help you make empowered decisions. Ready for some clarity? 💫,sweep_b1_hits.csv
2026-09-05_13-23-41,qsh-alpha,cartoontalking.com,bikulov.petr,2025-02-11,https://www.threads.com/@bikulov.petr/post/DF7SO8uJvoP,https://cartoontalking.com/d/DE36F970,,,0.0,cartoontalking.com,['qsh-alpha'],1,Actor who played 'Goofy' for 30 years shocks fans by revealing the character isn't actually a dog！ cartoontalking.com/d/DE3…  2 / 2,sweep_b1_hits.csv
2026-09-05_13-23-41,qsh-alpha,cartoontalking.com,shaoqianglee,2025-02-11,https://www.threads.com/@shaoqianglee/post/DF7R0WRpbhJ,https://cartoontalking.com/d/6947F907,threads1700,,3.0,cartoontalking.com,['qsh-alpha'],1,"Curious about Tarot? 🌟✨ If you’re feeling uncertain, confused, or seeking guidance in your emotional journey, Tarot could offer you insight and clarity. Ready t",sweep_b1_hits.csv
2026-09-05_13-23-41,qsh-alpha,cartoontalking.com,bikulov.petr,2025-02-11,https://www.threads.com/@bikulov.petr/post/DF7RrjhpQHx,https://cartoontalking.com/d/DF8A3A01,,,0.0,cartoontalking.com,['qsh-alpha'],1,​​10 Foods That Easily​ Add 100g Protein Everyday​ cartoontalking.com/d/DF8…  2 / 2,sweep_b1_hits.csv
2026-09-05_13-23-41,qsh-alpha,cartoontalking.com,stout.terrie,2025-02-11,https://www.threads.com/@stout.terrie/post/DF7QKvUpZkH,https://cartoontalking.com/d/0457F3A7,threads2315,,0.0,cartoontalking.com,['qsh-alpha'],1,The both of you are going to be forgiving each other and getting back together soon .✨ Tarot cartoontalking.com/d/045…  2 / 2,sweep_b1_hits.csv
2026-09-05_13-23-41,qsh-alpha,cartoontalking.com,shaoqianglee,2025-02-11,https://www.threads.com/@shaoqianglee/post/DF7ODPVph1u,https://cartoontalking.com/d/0EE0CE33,threads1700,,2.0,cartoontalking.com,['qsh-alpha'],1,Struggling with emotional decisions or relationships? 💭 Tarot might just have the guidance you need. Let’s explore what the cards have in store for you! 🌿 Tarot,sweep_b1_hits.csv
2026-09-05_13-23-41,qsh-alpha,cartoontalking.com,bikulov.petr,2025-02-11,https://www.threads.com/@bikulov.petr/post/DF7Np-upPcJ,https://cartoontalking.com/d/F439A18C,,,0.0,cartoontalking.com,['qsh-alpha'],1,"Conjoined Twin Abby Hensel Is Married, And Everyone Is Asking The Same Question cartoontalking.com/d/F43…  2 / 2",sweep_b1_hits.csv
2026-09-05_13-23-41,qsh-alpha,cartoontalking.com,katheryn_baez,2025-02-11,https://www.threads.com/@katheryn_baez/post/DF7NQwjJ1DU,https://cartoontalking.com/d/6CEEBB11,threads2269,,1.0,cartoontalking.com,['qsh-alpha'],1,"Need some clarity in your emotional life? 🌙 Tarot could offer the answers you’re looking for. Whether it’s love, work, or personal growth, let the cards show yo",sweep_b1_hits.csv
2026-09-05_13-23-41,qsh-alpha,cartoontalking.com,jlsilv.902,2025-02-11,https://www.threads.com/@jlsilv.902/post/DF7M9kppz2N,https://cartoontalking.com/d/2F6B7C76,threads336,,0.0,cartoontalking.com,['qsh-alpha'],1,Feeling lost or in need of direction? 💫 Tarot can be a powerful tool for emotional guidance. Let the cards help you find your way forward! 🌙 TarotForYou #Emotio,sweep_b1_hits.csv
2026-09-05_13-23-41,qsh-alpha,cartoontalking.com,bikulov.petr,2025-02-11,https://www.threads.com/@bikulov.petr/post/DF7K0V4pecm,https://cartoontalking.com/d/92FC49AB,,,0.0,cartoontalking.com,['qsh-alpha'],1,19 Foods That'll NEVER Make You Fat cartoontalking.com/d/92F…  2 / 2,sweep_b1_hits.csv
2026-09-05_13-23-41,qsh-alpha,cartoontalking.com,shaoqianglee,2025-02-11,https://www.threads.com/@shaoqianglee/post/DF7KRQ5pY2P,https://cartoontalking.com/d/2BA739F8,threads1700,,0.0,cartoontalking.com,['qsh-alpha'],1,"Need some clarity in your emotional life? 🌙 Tarot could offer the answers you’re looking for. Whether it’s love, work, or personal growth, let the cards show yo",sweep_b1_hits.csv
2026-09-05_13-23-41,qsh-alpha,cartoontalking.com,bikulov.petr,2025-02-11,https://www.threads.com/@bikulov.petr/post/DF7JFA4pGrx,https://cartoontalking.com/d/381AD18D,,,0.0,cartoontalking.com,['qsh-alpha'],1,Speculation Ends: Coroner Reveals Clint Eastwood's Girlfriend's Cause of Death! 💔🔍 cartoontalking.com/d/381…  2 / 2,sweep_b1_hits.csv
2026-09-05_13-23-41,qsh-alpha,cartoontalking.com,katheryn_baez,2025-02-11,https://www.threads.com/@katheryn_baez/post/DF7GZS8Jj_B,https://cartoontalking.com/d/D67287D3,threads2269,,0.0,cartoontalking.com,['qsh-alpha'],1,Struggling with emotional decisions or relationships? 💭 Tarot might just have the guidance you need. Let’s explore what the cards have in store for you! 🌿 Tarot,sweep_b1_hits.csv
2026-09-05_13-23-41,qsh-alpha,cartoontalking.com,jlsilv.902,2025-02-11,https://www.threads.com/@jlsilv.902/post/DF7GGL9JkF0,https://cartoontalking.com/d/9992C5AB,threads336,,0.0,cartoontalking.com,['qsh-alpha'],1,"Curious about Tarot? 🌟✨ If you’re feeling uncertain, confused, or seeking guidance in your emotional journey, Tarot could offer you insight and clarity. Ready t",sweep_b1_hits.csv
2026-09-05_13-23-41,qsh-alpha,cartoontalking.com,bikulov.petr,2025-02-11,https://www.threads.com/@bikulov.petr/post/DF7D8p3J29O,https://cartoontalking.com/d/0A63DD0E,,,0.0,cartoontalking.com,['qsh-alpha'],1,What Happens After 30 Days of Cold Showers cartoontalking.com/d/0A6…  2 / 2,sweep_b1_hits.csv
2026-09-05_13-23-41,qsh-alpha,cartoontalking.com,bikulov.petr,2025-02-11,https://www.threads.com/@bikulov.petr/post/DF6_7E9JzP5,https://cartoontalking.com/d/78FDA9C0,,,0.0,cartoontalking.com,['qsh-alpha'],1,Jennifer Aniston Had An Iconic Response To JD Vance's 'Childless Cat Lady' Comment cartoontalking.com/d/78F…  2 / 2,sweep_b1_hits.csv
2026-09-05_13-23-41,qsh-alpha,cartoontalking.com,bikulov.petr,2025-02-11,https://www.threads.com/@bikulov.petr/post/DF69FMcJPMn,https://cartoontalking.com/d/D001BF7E,,,0.0,cartoontalking.com,['qsh-alpha'],1,7 Morning Habits to Build Muscle Faster (men over 40) cartoontalking.com/d/D00…  2 / 2,sweep_b1_hits.csv
2026-09-05_13-23-41,qsh-alpha,cartoontalking.com,bikulov.petr,2025-02-11,https://www.threads.com/@bikulov.petr/post/DF67WfZJSN0,https://cartoontalking.com/d/17AC2E2D,,,0.0,cartoontalking.com,['qsh-alpha'],1,Nine-year-old girl dies after collapsing during recess on first day of school cartoontalking.com/d/17A…  2 / 2,sweep_b1_hits.csv
2026-09-05_13-23-41,qsh-alpha,cartoontalking.com,bikulov.petr,2025-02-11,https://www.threads.com/@bikulov.petr/post/DF62xI6prAV,https://cartoontalking.com/d/4D809D65,,,0.0,cartoontalking.com,['qsh-alpha'],1,12 Weird Signs of LIVER DAMAGE You Need to Know! 🔥🌟 cartoontalking.com/d/4D8…  2 / 2,sweep_b1_hits.csv
2026-09-05_13-23-41,qsh-alpha,cartoontalking.com,bikulov.petr,2025-02-11,https://www.threads.com/@bikulov.petr/post/DF6yMWGJnIs,https://cartoontalking.com/d/37AC5851,,,0.0,cartoontalking.com,['qsh-alpha'],1,Horrifying simulation shows what happened to teenager after he was dared to eat live slug by his friends cartoontalking.com/d/37A…  2 / 2,sweep_b1_hits.csv
2026-09-05_13-23-41,qsh-alpha,cartoontalking.com,bikulov.petr,2025-02-11,https://www.threads.com/@bikulov.petr/post/DF6tn1DJMec,https://cartoontalking.com/d/B0207B62,,,0.0,cartoontalking.com,['qsh-alpha'],1,Forever in Our Hearts 💔 He Can't Taste His 25th Birthday Cake 🎂 cartoontalking.com/d/B02…  2 / 2,sweep_b1_hits.csv
2026-09-05_13-23-41,qsh-alpha,cartoontalking.com,bikulov.petr,2025-02-11,https://www.threads.com/@bikulov.petr/post/DF6kdcoppQc,https://cartoontalking.com/d/94EE0D04,,,0.0,cartoontalking.com,['qsh-alpha'],1,You're Doing Protein WRONG! (5 Mistakes) cartoontalking.com/d/94E…  2 / 2,sweep_b1_hits.csv
2026-09-05_13-23-41,qsh-alpha,cartoontalking.com,bikulov.petr,2025-02-11,https://www.threads.com/@bikulov.petr/post/DF6f4rVp9vc,https://cartoontalking.com/d/722AE5B9,,,0.0,cartoontalking.com,['qsh-alpha'],1,Unbearable Tragedy😡: 73-Year-Old Man Shoots 19-Year-Old Grandson cartoontalking.com/d/722…  2 / 2,sweep_b1_hits.csv
2026-09-05_13-23-41,qsh-alpha,cartoontalking.com,bikulov.petr,2025-02-11,https://www.threads.com/@bikulov.petr/post/DF6bT_-p8lb,https://cartoontalking.com/d/D64D1181,,,0.0,cartoontalking.com,['qsh-alpha'],1,20 Foods That Have Almost 0 Calories cartoontalking.com/d/D64…  2 / 2,sweep_b1_hits.csv
2026-09-05_13-23-41,qsh-alpha,cartoontalking.com,bikulov.petr,2025-02-11,https://www.threads.com/@bikulov.petr/post/DF6WumBpwzK,https://cartoontalking.com/d/87237ECF,,,0.0,cartoontalking.com,['qsh-alpha'],1,Horrifying scan shows what could happen to your body when you undercook your pork sausages cartoontalking.com/d/872…  2 / 2,sweep_b1_hits.csv
2026-09-05_13-23-41,qsh-alpha,cartoontalking.com,bikulov.petr,2025-02-10,https://www.threads.com/@bikulov.petr/post/DF5FFyRJ_hL,https://cartoontalking.com/d/A3EB2238,,,0.0,cartoontalking.com,['qsh-alpha'],1,​​10 Foods That Easily​ Add 100g Protein Everyday​ cartoontalking.com/d/A3E…  2 / 2,sweep_b1_hits.csv
2026-09-05_13-23-41,qsh-alpha,cartoontalking.com,bikulov.petr,2025-02-10,https://www.threads.com/@bikulov.petr/post/DF5BqDCJX1N,https://cartoontalking.com/d/C3E6E986,,,0.0,cartoontalking.com,['qsh-alpha'],1,7 Foods Every Man Over 40 Must Eat for Muscle Growth cartoontalking.com/d/C3E…  2 / 2,sweep_b1_hits.csv
2026-09-05_13-23-41,qsh-alpha,cartoontalking.com,lvv86689,2025-02-10,https://www.threads.com/@lvv86689/post/DF5BgmwJPHF,https://cartoontalking.com/d/9D0C547B,threads745,,0.0,cartoontalking.com,['qsh-alpha'],1,Find the answers you seek—let the tarot reveal your destiny. Get your free reading now! Tarot cartoontalking.com/d/9D0…  2 / 2,sweep_b1_hits.csv
2026-09-05_13-23-41,qsh-alpha,cartoontalking.com,mariaheloise260,2025-02-10,https://www.threads.com/@mariaheloise260/post/DF5AX1kpsWk,https://cartoontalking.com/d/82C6320D,threads3214,,0.0,cartoontalking.com,['qsh-alpha'],1,Discover more free tarot readings at Tarot cartoontalking.com/d/82C…  2 / 2,sweep_b1_hits.csv
2026-09-05_13-23-41,qsh-alpha,cartoontalking.com,bikulov.petr,2025-02-10,https://www.threads.com/@bikulov.petr/post/DF4-OT5pgma,https://cartoontalking.com/d/4C19020A,,,0.0,cartoontalking.com,['qsh-alpha'],1,13 Things No One Tells You About Creatine cartoontalking.com/d/4C1…  2 / 2,sweep_b1_hits.csv
2026-09-05_13-23-41,qsh-alpha,cartoontalking.com,lvv86689,2025-02-10,https://www.threads.com/@lvv86689/post/DF489ANJzt9,https://cartoontalking.com/d/8DE35C9E,threads745,,0.0,cartoontalking.com,['qsh-alpha'],1,Wondering about your next step? Let tarot show you the way. Start your free reading today! Tarot cartoontalking.com/d/8DE…  2 / 2,sweep_b1_hits.csv
2026-09-05_13-23-41,qsh-alpha,cartoontalking.com,bikulov.petr,2025-02-10,https://www.threads.com/@bikulov.petr/post/DF46ylbJzg9,https://cartoontalking.com/d/0B1F9C34,,,0.0,cartoontalking.com,['qsh-alpha'],1,How To Use CREATINE for Muscle Growth (FULL PLAN) cartoontalking.com/d/0B1…  2 / 2,sweep_b1_hits.csv
2026-09-05_13-23-41,qsh-alpha,cartoontalking.com,mariaheloise260,2025-02-10,https://www.threads.com/@mariaheloise260/post/DF45gMVppB9,https://cartoontalking.com/d/70CDC98E,threads3214,,0.0,cartoontalking.com,['qsh-alpha'],1,Discover more free tarot readings at Tarot cartoontalking.com/d/70C…  2 / 2,sweep_b1_hits.csv
2026-09-05_13-23-41,qsh-alpha,cartoontalking.com,lvv86689,2025-02-10,https://www.threads.com/@lvv86689/post/DF44WU_JW6W,https://cartoontalking.com/d/3EEA9112,threads745,,0.0,cartoontalking.com,['qsh-alpha'],1,"Your path awaits! Discover insights into love, career, and destiny with a free tarot reading. Tarot cartoontalking.com/d/3EE…  2 / 2",sweep_b1_hits.csv
2026-09-05_13-23-41,qsh-alpha,cartoontalking.com,bikulov.petr,2025-02-10,https://www.threads.com/@bikulov.petr/post/DF43W2EpCgL,https://cartoontalking.com/d/79624128,,,0.0,cartoontalking.com,['qsh-alpha'],1,6 High Estrogen Foods MEN SHOULD AVOID! cartoontalking.com/d/796…  2 / 2,sweep_b1_hits.csv
2026-09-05_13-23-41,qsh-alpha,cartoontalking.com,huntereleanor11,2025-02-10,https://www.threads.com/@huntereleanor11/post/DF40ms0zG_H,https://cartoontalking.com/d/81D6FC3F,,,0.0,cartoontalking.com,['qsh-alpha'],1,Wondering about your next step? Let tarot show you the way. Start your free reading today! Tarot cartoontalking.com/d/81D…  2 / 2,sweep_b1_hits.csv
2026-09-05_13-23-41,qsh-alpha,cartoontalking.com,huntereleanor11,2025-02-10,https://www.threads.com/@huntereleanor11/post/DF40h4ATFzw,https://cartoontalking.com/d/C5A79461,,,0.0,cartoontalking.com,['qsh-alpha'],1,Trust the cards to guide you—get your free tarot reading now and uncover your future. Tarot cartoontalking.com/d/C5A…  2 / 2,sweep_b1_hits.csv
2026-09-05_13-23-41,qsh-alpha,cartoontalking.com,huntereleanor11,2025-02-10,https://www.threads.com/@huntereleanor11/post/DF40NsDznVw,https://cartoontalking.com/d/7613135D,,,0.0,cartoontalking.com,['qsh-alpha'],1,"affection, kisses, falling for someone - empathy in relationships, understanding each others feelings, strengthening a bond - embracing new adventures, stepping",sweep_b1_hits.csv
2026-09-05_13-23-41,qsh-alpha,cartoontalking.com,stout.terrie,2025-02-10,https://www.threads.com/@stout.terrie/post/DF40F1ayhip,https://cartoontalking.com/d/09F,,,0.0,cartoontalking.com,['qsh-alpha'],1,"breakthrough you’ve been waiting for, but it’s not coming in the way you expect. That.🌎🌎🌎🌎 More at Tarot cartoontalking.com/d/09F…  2 / 2",sweep_b1_hits.csv
2026-09-05_13-23-41,qsh-alpha,cartoontalking.com,stout.terrie,2025-02-10,https://www.threads.com/@stout.terrie/post/DF4z-8qyNWH,https://cartoontalking.com/d/A4776ED1,,,0.0,cartoontalking.com,['qsh-alpha'],1,Find the answers you seek—let the tarot reveal your destiny. Get your free reading now! Tarot cartoontalking.com/d/A47…  2 / 2,sweep_b1_hits.csv
2026-09-05_13-23-41,qsh-alpha,cartoontalking.com,bikulov.petr,2025-02-10,https://www.threads.com/@bikulov.petr/post/DF4z7H9JlCw,https://cartoontalking.com/d/E568C672,,,0.0,cartoontalking.com,['qsh-alpha'],1,LIVER is DYING! 12 Weird Signs of LIVER DAMAGE | Health care cartoontalking.com/d/E56…  2 / 2,sweep_b1_hits.csv
2026-09-05_13-23-41,qsh-alpha,cartoontalking.com,stout.terrie,2025-02-10,https://www.threads.com/@stout.terrie/post/DF4zz9Vy3vX,https://cartoontalking.com/d/341,,,9.0,cartoontalking.com,['qsh-alpha'],1,serious conversation may take place. it’s possible you’ll need to make a clear headed decision. be mindful of obsessive or tempting thoughts or habits confidenc,sweep_b1_hits.csv
2026-09-05_13-23-41,qsh-alpha,cartoontalking.com,bikulov.petr,2025-02-10,https://www.threads.com/@bikulov.petr/post/DF4wfZcp2z-,https://cartoontalking.com/d/03AB8E21,,,0.0,cartoontalking.com,['qsh-alpha'],1,"Zero Calories, Maximum Flavor: 20 Foods That Won't Sabotage Your Diet cartoontalking.com/d/03A…  2 / 2",sweep_b1_hits.csv
2026-09-05_13-23-41,qsh-alpha,cartoontalking.com,bikulov.petr,2025-02-10,https://www.threads.com/@bikulov.petr/post/DF4tDqtJml8,https://cartoontalking.com/d/95D5C2BC,,,0.0,cartoontalking.com,['qsh-alpha'],1,7 Morning Habits to Build Muscle Faster (men over 40) cartoontalking.com/d/95D…  2 / 2,sweep_b1_hits.csv
2026-09-05_13-23-41,qsh-alpha,cartoontalking.com,bikulov.petr,2025-02-10,https://www.threads.com/@bikulov.petr/post/DF4poPfJ0gc,https://cartoontalking.com/d/49225D95,,,0.0,cartoontalking.com,['qsh-alpha'],1,How To CLEAN Your LIVER in 3 Days! cartoontalking.com/d/492…  2 / 2,sweep_b1_hits.csv
2026-09-05_13-23-41,qsh-alpha,cartoontalking.com,bikulov.petr,2025-02-10,https://www.threads.com/@bikulov.petr/post/DF4mNWMpFEf,https://cartoontalking.com/d/A1D3D074,,,0.0,cartoontalking.com,['qsh-alpha'],1,5 Tips to get Veiny Arms Fast cartoontalking.com/d/A1D…,sweep_b1_hits.csv
2026-09-05_13-23-41,qsh-alpha,cartoontalking.com,bikulov.petr,2025-02-10,https://www.threads.com/@bikulov.petr/post/DF4iwfOpU1_,https://cartoontalking.com/d/46C10B3E,,,0.0,cartoontalking.com,['qsh-alpha'],1,5 Reasons to Have Protein Before Bed (Science-Based) cartoontalking.com/d/46C…  2 / 2,sweep_b1_hits.csv
2026-09-05_13-23-41,qsh-alpha,cartoontalking.com,bikulov.petr,2025-02-10,https://www.threads.com/@bikulov.petr/post/DF4fVBEpUpO,https://cartoontalking.com/d/5A1653EC,,,0.0,cartoontalking.com,['qsh-alpha'],1,🔥💪 Unleash Your Inner Beast: 5 Steps to Jacked Arms in 30 Days cartoontalking.com/d/5A1…  2 / 2,sweep_b1_hits.csv
2026-09-05_13-23-41,qsh-alpha,cartoontalking.com,bikulov.petr,2025-02-10,https://www.threads.com/@bikulov.petr/post/DF4b5KmJsuT,https://cartoontalking.com/d/D94DB02B,,,0.0,cartoontalking.com,['qsh-alpha'],1,7 Muscle-Building Foods You're NOT Eating (but should be) cartoontalking.com/d/D94…  2 / 2,sweep_b1_hits.csv
2026-09-05_13-23-41,qsh-alpha,cartoontalking.com,bikulov.petr,2025-02-10,https://www.threads.com/@bikulov.petr/post/DF4YfSpp61i,https://cartoontalking.com/d/C0D62117,,,0.0,cartoontalking.com,['qsh-alpha'],1,25g VS 100g of Protein After Exercise for Muscle Growth (new study!) cartoontalking.com/d/C0D…  2 / 2,sweep_b1_hits.csv
2026-09-05_13-23-41,qsh-alpha,cartoontalking.com,n510197,2025-02-10,https://www.threads.com/@n510197/post/DF4YdViJt6E,https://cartoontalking.com/d/03AB8E21,,,0.0,cartoontalking.com,['qsh-alpha'],1,"Zero Calories, Maximum Flavor: 20 Foods That Won't Sabotage Your Diet cartoontalking.com/d/03A…  2 / 2",sweep_b1_hits.csv
2026-09-05_13-23-41,qsh-alpha,cartoontalking.com,bikulov.petr,2025-02-10,https://www.threads.com/@bikulov.petr/post/DF4VCcDp6_G,https://cartoontalking.com/d/86270C7A,,,0.0,cartoontalking.com,['qsh-alpha'],1,LIVER is DYING! 12 Weird Signs of LIVER DAMAGE | Health care cartoontalking.com/d/862…  2 / 2,sweep_b1_hits.csv
2026-09-05_13-23-41,qsh-alpha,cartoontalking.com,n510197,2025-02-10,https://www.threads.com/@n510197/post/DF4VBnEJrQu,https://cartoontalking.com/d/ECCFE052,,,0.0,cartoontalking.com,['qsh-alpha'],1,What Happens After 30 Days of Cold Showers cartoontalking.com/d/ECC…  2 / 2,sweep_b1_hits.csv
2026-09-05_13-23-41,qsh-alpha,cartoontalking.com,bikulov.petr,2025-02-10,https://www.threads.com/@bikulov.petr/post/DF4RmjOJVqu,https://cartoontalking.com/d/8DF5A586,,,0.0,cartoontalking.com,['qsh-alpha'],1,RAISE Your LEGS UP Every Day! And You'll GET RID Yourself of These Diseases.. cartoontalking.com/d/8DF…  2 / 2,sweep_b1_hits.csv
2026-09-05_13-23-41,qsh-alpha,fgnj1634.com,hanqiuyue2,2025-07-24,https://www.threads.com/@hanqiuyue2/post/DMecIC2vwTA,https://fgnj1634.com/d/94867DDB,,,0.0,fgnj1634.com,['qsh-alpha'],1,郵局存505萬！天兵媽放37年才想到「領出總金額傻眼」急求助「這樣正常嗎」網點破盲點：沒錯啊！ fgnj1634.com/d/948… 2 / 2,sweep_b1_hits.csv
2026-09-05_13-23-41,qsh-alpha,fgnj1634.com,katherineouz__,2025-07-24,https://www.threads.com/@katherineouz__/post/DMecCACTLlL,https://fgnj1634.com/d/91AD3668,,,0.0,fgnj1634.com,['qsh-alpha'],1,9.8元一斤！榴蓮攤位「明碼標價」他買後卻被總價嚇傻，細看告示牌：騙很大！ fgnj1634.com/d/91A… 2 / 2,sweep_b1_hits.csv
2026-09-05_13-23-41,qsh-alpha,fgnj1634.com,katherineouz__,2025-07-23,https://www.threads.com/@katherineouz__/post/DMb3TwETZLw,https://fgnj1634.com/d/1E0DE400,,,0.0,fgnj1634.com,['qsh-alpha'],1,不光是勺子！女子曬男友發來的「報備照片」，眼尖網友一口斷定「男生出軌」，看完分析后我驚呼：太細節 fgnj1634.com/d/1E0… 2 / 2,sweep_b1_hits.csv
2026-09-05_13-23-41,qsh-alpha,fgnj1634.com,katherineouz__,2025-07-22,https://www.threads.com/@katherineouz__/post/DMaJaDPTDpT,https://fgnj1634.com/d/50F6F05A,,,0.0,fgnj1634.com,['qsh-alpha'],1,他吃喜酒發現桌卡寫著「挖係嘎逼具」　一轉頭「發現隔壁桌更狂」笑歪：還好不是坐那 fgnj1634.com/d/50F… 2 / 2,sweep_b1_hits.csv
2026-09-05_13-23-41,qsh-alpha,fgnj1634.com,hanqiuyue2,2025-07-22,https://www.threads.com/@hanqiuyue2/post/DMaJPITP3WP,https://fgnj1634.com/d/002,,,0.0,fgnj1634.com,['qsh-alpha'],1,他吃喜酒發現桌卡寫著「挖係嘎逼具」　一轉頭「發現隔壁桌更狂」笑歪：還好不是坐那 fgnj1634.com/d/002… 2 / 2,sweep_b1_hits.csv
2026-09-05_13-23-41,qsh-alpha,fgnj1634.com,katherineouz__,2025-07-22,https://www.threads.com/@katherineouz__/post/DMZt9ZDzkCM,https://fgnj1634.com/d/5CE,,,0.0,fgnj1634.com,['qsh-alpha'],1,郵局存505萬！天兵媽放37年才想到「領出總金額傻眼」急求助「這樣正常嗎」網點破盲點：沒錯啊！ fgnj1634.com/d/5CE… 2 / 2,sweep_b1_hits.csv
2026-09-05_13-23-41,qsh-alpha,fgnj1634.com,ailing_law,2025-07-22,https://www.threads.com/@ailing_law/post/DMZUIrQzt2z,https://fgnj1634.com/d/D6D,,,0.0,fgnj1634.com,['qsh-alpha'],1,機車發不動！他牽去附近車行「線圈壞掉報價2600」 改去別家「老闆一開口」愣住了… fgnj1634.com/d/D6D… 2 / 2,sweep_b1_hits.csv
2026-09-05_13-23-41,qsh-alpha,fgnj1634.com,hanqiuyue2,2025-07-22,https://www.threads.com/@hanqiuyue2/post/DMZSianPGA4,https://fgnj1634.com/d/D2F,,,0.0,fgnj1634.com,['qsh-alpha'],1,不光是勺子！女子曬男友發來的「報備照片」，眼尖網友一口斷定「男生出軌」，看完分析后我驚呼：太細節 fgnj1634.com/d/D2F… 2 / 2,sweep_b1_hits.csv
2026-09-05_13-23-41,qsh-alpha,fgnj1634.com,hanqiuyue2,2025-07-22,https://www.threads.com/@hanqiuyue2/post/DMZOkfQPRJp,https://fgnj1634.com/d/FE3F2E6D,,,0.0,fgnj1634.com,['qsh-alpha'],1,不光是勺子！女子曬男友發來的「報備照片」，眼尖網友一口斷定「男生出軌」，看完分析后我驚呼：太細節 fgnj1634.com/d/FE3… 2 / 2,sweep_b1_hits.csv
2026-09-05_13-23-41,qsh-alpha,fgnj1634.com,hanqiuyue2,2025-07-22,https://www.threads.com/@hanqiuyue2/post/DMZDiJ6P-sF,https://fgnj1634.com/d/D0D,,,0.0,fgnj1634.com,['qsh-alpha'],1,為了賺多點上大夜班「老公天天為我做飯」讓我下班到家就能吃 有天夜班臨時取消，我提早回家「開門後餐桌上一幕」讓我結束了6年婚姻 fgnj1634.com/d/D0D… 2 / 2,sweep_b1_hits.csv
2026-09-05_13-23-41,qsh-alpha,fgnj1634.com,hanqiuyue2,2025-07-21,https://www.threads.com/@hanqiuyue2/post/DMXkqrnPQky,https://fgnj1634.com/d/30F,,,0.0,fgnj1634.com,['qsh-alpha'],1,為了賺多點上大夜班「老公天天為我做飯」讓我下班到家就能吃 有天夜班臨時取消，我提早回家「開門後餐桌上一幕」讓我結束了6年婚姻 fgnj1634.com/d/30F… 2 / 2,sweep_b1_hits.csv
2026-09-05_13-23-41,qsh-alpha,fgnj1634.com,katherineouz__,2025-07-21,https://www.threads.com/@katherineouz__/post/DMXkhrxT-xa,https://fgnj1634.com/d/501D197D,,,1.0,fgnj1634.com,['qsh-alpha'],1,小伙撿到一顆石頭，越看越不對勁，專家鑒定后喜悅不已 fgnj1634.com/d/501… 2 / 2,sweep_b1_hits.csv
2026-09-05_13-23-41,qsh-alpha,fgnj1634.com,ailing_law,2025-07-21,https://www.threads.com/@ailing_law/post/DMXMojDR2fB,https://fgnj1634.com/d/03D9D727,,,0.0,fgnj1634.com,['qsh-alpha'],1,花園變「捷徑」不堪其擾！屋主挖池塘反制，卻意外引發新風波！ fgnj1634.com/d/03D… 2 / 2,sweep_b1_hits.csv
2026-09-05_13-23-41,qsh-alpha,fgnj1634.com,hanqiuyue2,2025-07-21,https://www.threads.com/@hanqiuyue2/post/DMXKT8bPOU8,https://fgnj1634.com/d/4551EC99,,,0.0,fgnj1634.com,['qsh-alpha'],1,9.8元一斤！榴蓮攤位「明碼標價」他買後卻被總價嚇傻，細看告示牌：騙很大！ fgnj1634.com/d/455… 2 / 2,sweep_b1_hits.csv
2026-09-05_13-23-41,qsh-alpha,fgnj1634.com,katherineouz__,2025-07-21,https://www.threads.com/@katherineouz__/post/DMXJ0zcTbaA,https://fgnj1634.com/d/F3CF4FF1,,,1.0,fgnj1634.com,['qsh-alpha'],1,為了賺多點上大夜班「老公天天為我做飯」讓我下班到家就能吃 有天夜班臨時取消，我提早回家「開門後餐桌上一幕」讓我結束了6年婚姻 fgnj1634.com/d/F3C… 2 / 2,sweep_b1_hits.csv
2026-09-05_13-23-41,qsh-alpha,fgnj1634.com,hanqiuyue2,2025-07-21,https://www.threads.com/@hanqiuyue2/post/DMWu2ITPYR5,https://fgnj1634.com/d/28F898A6,,,0.0,fgnj1634.com,['qsh-alpha'],1,買坐票卻被大媽嗆：「看到長輩不會讓座嗎？」 哲學系「一開口超帥回擊朋友」讓對方尷尬離開 fgnj1634.com/d/28F… 2 / 2,sweep_b1_hits.csv
2026-09-05_13-23-41,qsh-alpha,fgnj1634.com,hanqiuyue2,2025-07-21,https://www.threads.com/@hanqiuyue2/post/DMWeaDGvv9v,https://fgnj1634.com/d/41C063B0,,,0.0,fgnj1634.com,['qsh-alpha'],1,中國最恐怖的瀑布，一下雨就有「新娘」出現？曾是禁地無人敢去 fgnj1634.com/d/41C… 2 / 2,sweep_b1_hits.csv
2026-09-05_13-23-41,qsh-alpha,fgnj1634.com,ailing_law,2025-07-20,https://www.threads.com/@ailing_law/post/DMVF7oBzPb5,https://fgnj1634.com/d/A2D2C45D,,,0.0,fgnj1634.com,['qsh-alpha'],1,修圖師自爆「薪資一月賺5萬」，看到他的「作品」后，網友不得不服：這錢就該你掙 fgnj1634.com/d/A2D… 2 / 2,sweep_b1_hits.csv
2026-09-05_13-23-41,qsh-alpha,fgnj1634.com,katherineouz__,2025-07-20,https://www.threads.com/@katherineouz__/post/DMVAzbHzB80,https://fgnj1634.com/d/EC4,,,0.0,fgnj1634.com,['qsh-alpha'],1,買車后4S店通知「三天後來取」，老公打開門看見一幕，轉身就說：「這車我們不要了」 fgnj1634.com/d/EC4… 2 / 2,sweep_b1_hits.csv
2026-09-05_13-23-41,qsh-alpha,fgnj1634.com,hanqiuyue2,2025-07-20,https://www.threads.com/@hanqiuyue2/post/DMVAy6QPT-W,https://fgnj1634.com/d/286BF5AE,,,0.0,fgnj1634.com,['qsh-alpha'],1,小伙遇機車女神本想搭訕，看到腿上「斑點」PO圖求助，網友狂刷警告：快逃還能保命 fgnj1634.com/d/286… 2 / 2,sweep_b1_hits.csv
2026-09-05_13-23-41,qsh-alpha,fgnj1634.com,ailing_law,2025-07-20,https://www.threads.com/@ailing_law/post/DMUuYdIR5SP,https://fgnj1634.com/d/6BF1E163,,,0.0,fgnj1634.com,['qsh-alpha'],1,路遇「身材七三分」的婦女，他驚嘆「真是不多見」，網揭謎底：糗大了！ ​​​ fgnj1634.com/d/6BF… 2 / 2,sweep_b1_hits.csv
2026-09-05_13-23-41,qsh-alpha,fgnj1634.com,katherineouz__,2025-07-20,https://www.threads.com/@katherineouz__/post/DMUljzkTN1Q,https://fgnj1634.com/d/01B83EE7,,,0.0,fgnj1634.com,['qsh-alpha'],1,小伙遇機車女神本想搭訕，看到腿上「斑點」PO圖求助，網友狂刷警告：快逃還能保命 fgnj1634.com/d/01B… 2 / 2,sweep_b1_hits.csv
2026-09-05_13-23-41,qsh-alpha,fgnj1634.com,ailing_law,2025-07-20,https://www.threads.com/@ailing_law/post/DMUKqaSRENg,https://fgnj1634.com/d/76EB7711,,,0.0,fgnj1634.com,['qsh-alpha'],1,工地上亂停車，打了30多個電話讓女司機挪車，全部拒接，施工隊怒了：待一輩子吧 fgnj1634.com/d/76E… 2 / 2,sweep_b1_hits.csv
2026-09-05_13-23-41,qsh-alpha,fgnj1634.com,katherineouz__,2025-07-20,https://www.threads.com/@katherineouz__/post/DMUKE2pT49Q,https://fgnj1634.com/d/061CDC21,,,0.0,fgnj1634.com,['qsh-alpha'],1,買坐票卻被大媽嗆：「看到長輩不會讓座嗎？」 哲學系「一開口超帥回擊朋友」讓對方尷尬離開 fgnj1634.com/d/061… 2 / 2,sweep_b1_hits.csv
2026-09-05_13-23-41,qsh-alpha,fgnj1634.com,hanqiuyue2,2025-07-20,https://www.threads.com/@hanqiuyue2/post/DMUJ4BTv5xH,https://fgnj1634.com/d/5427307E,,,0.0,fgnj1634.com,['qsh-alpha'],1,買車后4S店通知「三天後來取」，老公打開門看見一幕，轉身就說：「這車我們不要了」 fgnj1634.com/d/542… 2 / 2,sweep_b1_hits.csv
2026-09-05_13-23-41,qsh-alpha,fgnj1634.com,katherineouz__,2025-07-19,https://www.threads.com/@katherineouz__/post/DMScIjjT_5O,https://fgnj1634.com/d/B49B9D41,,,0.0,fgnj1634.com,['qsh-alpha'],1,男子逛商場偶遇「辣媽帶娃休息」，不料仔細一看，頓時嚇出一身冷汗 fgnj1634.com/d/B49… 2 / 2,sweep_b1_hits.csv
2026-09-05_13-23-41,qsh-alpha,fgnj1634.com,hanqiuyue2,2025-07-19,https://www.threads.com/@hanqiuyue2/post/DMRQPvIzFeU,https://fgnj1634.com/d/264E57C0,,,0.0,fgnj1634.com,['qsh-alpha'],1,跟太子爺打賭！他不信邪嗆「真有神力算我輸！」隔天起床「客廳詭異狀況」求饒再也不敢 fgnj1634.com/d/264… 2 / 2,sweep_b1_hits.csv
2026-09-05_13-23-41,qsh-alpha,fgnj1634.com,hanqiuyue2,2025-07-18,https://www.threads.com/@hanqiuyue2/post/DMP3PqCPTxL,https://fgnj1634.com/d/014C2EED,,,0.0,fgnj1634.com,['qsh-alpha'],1,台中好市多惡霸！直行車主遭「逆向搶位+強開車門」恐嚇，曝「行車記錄儀」怒喊：法院見 fgnj1634.com/d/014… 2 / 2,sweep_b1_hits.csv
2026-09-05_13-23-41,qsh-alpha,fgnj1634.com,hanqiuyue2,2025-07-18,https://www.threads.com/@hanqiuyue2/post/DMPb4B1vw2b,https://fgnj1634.com/d/2F4EDF86,,,0.0,fgnj1634.com,['qsh-alpha'],1,5歲男童獨自坐公車，乘客上前詢問「媽媽去哪了」孩子指了指前面，接下來回答惹人心酸 fgnj1634.com/d/2F4… 2 / 2,sweep_b1_hits.csv
2026-09-05_13-23-41,qsh-alpha,fgnj1634.com,hanqiuyue2,2025-07-18,https://www.threads.com/@hanqiuyue2/post/DMPJM2nvGYI,https://fgnj1634.com/d/3083E1F2,,,0.0,fgnj1634.com,['qsh-alpha'],1,世界上最「詭異」的測謊儀，說謊者會被咬斷手，依舊有無數人想去 fgnj1634.com/d/308… 2 / 2,sweep_b1_hits.csv
2026-09-05_13-23-41,qsh-alpha,fgnj1634.com,ailing_law,2025-07-18,https://www.threads.com/@ailing_law/post/DMPAihSzjDg,https://fgnj1634.com/d/B8B,,,0.0,fgnj1634.com,['qsh-alpha'],1,室友遞來陌生水果，吃到一半發現全是「密密麻麻小蟲」怒而找她算賬，聽完「她的解釋」我羞愧難當 fgnj1634.com/d/B8B… 2 / 2,sweep_b1_hits.csv
2026-09-05_13-23-41,qsh-alpha,fgnj1634.com,hanqiuyue2,2025-07-17,https://www.threads.com/@hanqiuyue2/post/DMNYn8YPgvW,https://fgnj1634.com/d/CA630ADA,,,0.0,fgnj1634.com,['qsh-alpha'],1,世界級詭異海灘｜血色海走進現實 fgnj1634.com/d/CA6… 2 / 2,sweep_b1_hits.csv
2026-09-05_13-23-41,qsh-alpha,fgnj1634.com,katherineouz__,2025-07-17,https://www.threads.com/@katherineouz__/post/DMMl3_mzmYY,https://fgnj1634.com/d/DEAE0A6E,,,0.0,fgnj1634.com,['qsh-alpha'],1,艷陽下跪6小時！單親媽「舉牌求前夫復合」畫面超催淚　沒想到「卻爆出驚人內幕」：她自作自受 fgnj1634.com/d/DEA… 2 / 2,sweep_b1_hits.csv
2026-09-05_13-23-41,qsh-alpha,fgnj1634.com,hanqiuyue2,2025-07-17,https://www.threads.com/@hanqiuyue2/post/DMMJZCFPDck,https://fgnj1634.com/d/500DF747,,,0.0,fgnj1634.com,['qsh-alpha'],1,新鄰居家門裝飾「十分詭異」，嚇的大家晚上不敢出門，我委婉提醒反被警告：你要小心了 fgnj1634.com/d/500… 2 / 2,sweep_b1_hits.csv
2026-09-05_13-23-41,qsh-alpha,fgnj1634.com,hanqiuyue2,2025-07-16,https://www.threads.com/@hanqiuyue2/post/DMK6O5aPmGq,https://fgnj1634.com/d/DED7C224,,,0.0,fgnj1634.com,['qsh-alpha'],1,43歲女星站日本老街自拍，「後方驚現詭異臉」她自我安慰：一定是面具 fgnj1634.com/d/DED… 2 / 2,sweep_b1_hits.csv
2026-09-05_13-23-41,qsh-alpha,fgnj1634.com,ailing_law,2025-07-16,https://www.threads.com/@ailing_law/post/DMKe1BFxwxj,https://fgnj1634.com/d/83395278,,,0.0,fgnj1634.com,['qsh-alpha'],1,網購500入棉花棒！她無聊一算居然少了88根，傻眼向店家投訴「賠償金額曝光」 fgnj1634.com/d/833… 2 / 2,sweep_b1_hits.csv
2026-09-05_13-23-41,qsh-alpha,fgnj1634.com,hanqiuyue2,2025-07-16,https://www.threads.com/@hanqiuyue2/post/DMKP5NuvTrZ,https://fgnj1634.com/d/CDD,,,0.0,fgnj1634.com,['qsh-alpha'],1,女友剛學會騎車！後座男「反握手機大秀4個字」，放大一看「求生欲爆發」 fgnj1634.com/d/CDD… 2 / 2,sweep_b1_hits.csv
2026-09-05_13-23-41,qsh-alpha,fgnj1634.com,hanqiuyue2,2025-07-16,https://www.threads.com/@hanqiuyue2/post/DMJ0Yb8PK8M,https://fgnj1634.com/d/95C7E890,,,0.0,fgnj1634.com,['qsh-alpha'],1,才剛加完油！騎不到3分鐘「油錶歸零」當場回去理論，加油站不認賬「調監視器」傻住：差點被ㄟ走 fgnj1634.com/d/95C… 2 / 2,sweep_b1_hits.csv
2026-09-05_13-23-41,qsh-alpha,fgnj1634.com,ailing_law,2025-07-15,https://www.threads.com/@ailing_law/post/DMIRBsbzi6d,https://fgnj1634.com/d/AF09911C,,,0.0,fgnj1634.com,['qsh-alpha'],1,鄰居送我一袋「好東西」以為是青菜，打開袋子「嚇一跳」想扔掉，網友急喊：超值錢！ fgnj1634.com/d/AF0… 2 / 2,sweep_b1_hits.csv
2026-09-05_13-23-41,qsh-alpha,fgnj1634.com,runliangchan,2025-07-15,https://www.threads.com/@runliangchan/post/DMIMjKavG5H,https://fgnj1634.com/d/86020306,,,0.0,fgnj1634.com,['qsh-alpha'],1,同樣一個人，「自律」和「不自律」的中年女人比，哪個體態更好 fgnj1634.com/d/860… 2 / 2,sweep_b1_hits.csv
2026-09-05_13-23-41,qsh-alpha,fgnj1634.com,ailing_law,2025-07-15,https://www.threads.com/@ailing_law/post/DMH8edmRnPC,https://fgnj1634.com/d/63AC3F7C,,,0.0,fgnj1634.com,['qsh-alpha'],1,他搭公車看到「前面女孩小腿上有怪東西」，本來以為是衣服，「湊近一看卻嚇壞」 fgnj1634.com/d/63A… 2 / 2,sweep_b1_hits.csv
2026-09-05_13-23-41,qsh-alpha,fgnj1634.com,hanqiuyue2,2025-07-15,https://www.threads.com/@hanqiuyue2/post/DMH0tm1vp8p,https://fgnj1634.com/d/DA3C6C6D,,,0.0,fgnj1634.com,['qsh-alpha'],1,一張畫風詭異的「冥婚照」，其背后究竟隱藏著怎樣的真相？ fgnj1634.com/d/DA3… 2 / 2,sweep_b1_hits.csv
2026-09-05_13-23-41,qsh-alpha,fgnj1634.com,katherineouz__,2025-07-15,https://www.threads.com/@katherineouz__/post/DMHq3mBTvo0,https://fgnj1634.com/d/2C6F4CA9,,,0.0,fgnj1634.com,['qsh-alpha'],1,寶媽「騎車抱嬰」被檢舉！她怨「我有用揹巾欸」 ，網盯一細節吵翻 fgnj1634.com/d/2C6… 2 / 2,sweep_b1_hits.csv
2026-09-05_13-23-41,qsh-alpha,fgnj1634.com,runliangchan,2025-07-15,https://www.threads.com/@runliangchan/post/DMHo0w2va5j,https://fgnj1634.com/d/9A06B162,,,0.0,fgnj1634.com,['qsh-alpha'],1,「堅持跑步」對外貌的改變有多大！看這幾組素人對比圖，你就懂了 fgnj1634.com/d/9A0… 2 / 2,sweep_b1_hits.csv
2026-09-05_13-23-41,qsh-alpha,fgnj1634.com,runliangchan,2025-07-15,https://www.threads.com/@runliangchan/post/DMHTPoMvkhF,https://fgnj1634.com/d/50293652,,,2.0,fgnj1634.com,['qsh-alpha'],1,懶人輕鬆減肥！日爆紅「睡前瘦瘦操」鏟肉9公斤，突破體重停滯 fgnj1634.com/d/502… 2 / 2,sweep_b1_hits.csv
2026-09-05_13-23-41,qsh-alpha,fgnj1634.com,runliangchan,2025-07-14,https://www.threads.com/@runliangchan/post/DMFFK8gvT6k,https://fgnj1634.com/d/B65B393D,,,0.0,fgnj1634.com,['qsh-alpha'],1,5個自重動作，在家練遍全身肌群，抵抗衰老速度 fgnj1634.com/d/B65… 2 / 2,sweep_b1_hits.csv
2026-09-05_13-23-41,qsh-alpha,fgnj1634.com,runliangchan,2025-07-14,https://www.threads.com/@runliangchan/post/DMEorjuvb1h,https://fgnj1634.com/d/CDB7F6F0,,,0.0,fgnj1634.com,['qsh-alpha'],1,這套動作是「燃脂殺手」，隔天一次，消除腹部脂肪，恢復平坦小腹 fgnj1634.com/d/CDB… 2 / 2,sweep_b1_hits.csv
2026-09-05_13-23-41,qsh-alpha,fgnj1634.com,ailing_law,2025-07-13,https://www.threads.com/@ailing_law/post/DMDPUtjziV3,https://fgnj1634.com/d/CE23D0B5,,,0.0,fgnj1634.com,['qsh-alpha'],1,「全班就你兒子做錯了」，6+2=8被判錯，老師解釋后家長繃不住了 fgnj1634.com/d/CE2… 2 / 2,sweep_b1_hits.csv
2026-09-05_13-23-41,qsh-alpha,fgnj1634.com,runliangchan,2025-07-13,https://www.threads.com/@runliangchan/post/DMCippTvH5E,https://fgnj1634.com/d/D5E3FCB0,,,0.0,fgnj1634.com,['qsh-alpha'],1,最佳運動時間顛覆認知！科研證實：「黃金時段」既非清晨也非睡前，九成人選錯傷身 fgnj1634.com/d/D5E… 2 / 2,sweep_b1_hits.csv
2026-09-05_13-23-41,qsh-alpha,fgnj1634.com,ailing_law,2025-07-13,https://www.threads.com/@ailing_law/post/DMCMMU-RY0W,https://fgnj1634.com/d/94EA3C88,,,0.0,fgnj1634.com,['qsh-alpha'],1,把車停在別人家門口，房主的車無法開動，打電話卻關機，員警不管只能自行處理：搬個鷹架封印你 fgnj1634.com/d/94E… 2 / 2,sweep_b1_hits.csv
2026-09-05_13-23-41,qsh-alpha,fgnj1634.com,hanqiuyue2,2025-07-13,https://www.threads.com/@hanqiuyue2/post/DMB3Zx8vpBx,https://fgnj1634.com/d/4391094B,,,0.0,fgnj1634.com,['qsh-alpha'],1,鄰居也被貼！她回家發現「大門被貼詭異紅紙」直接伸手撕掉　網友一看急勸「趕快貼回去」：不然會出事 fgnj1634.com/d/439… 2 / 2,sweep_b1_hits.csv
2026-09-05_13-23-41,qsh-alpha,fgnj1634.com,ailing_law,2025-07-12,https://www.threads.com/@ailing_law/post/DMAo699zm50,https://fgnj1634.com/d/0BC3E493,,,0.0,fgnj1634.com,['qsh-alpha'],1,豐原5口命案！大女兒一度堅信正常投資，「IG曝光」自介寫下2句話 fgnj1634.com/d/0BC… 2 / 2,sweep_b1_hits.csv
2026-09-05_13-23-41,qsh-alpha,fgnj1634.com,hanqiuyue2,2025-07-12,https://www.threads.com/@hanqiuyue2/post/DMAaDn7Ppzr,https://fgnj1634.com/d/A6E212A1,,,0.0,fgnj1634.com,['qsh-alpha'],1,男子倒完垃圾「手臂一塊塊開始腐爛」！麻痺送醫才發現，竟是「被牠咬了一小口」妻子當場崩潰 fgnj1634.com/d/A6E… 2 / 2,sweep_b1_hits.csv
2026-09-05_13-23-41,qsh-alpha,fgnj1634.com,hanqiuyue2,2025-07-12,https://www.threads.com/@hanqiuyue2/post/DMAE-1nPumD,https://fgnj1634.com/d/5ADB77D6,,,0.0,fgnj1634.com,['qsh-alpha'],1,到父親墓地祭拜！驚見「銀爐被貼詭異紙人」全家嚇壞　內行人一看「怒揭缺德真相」：越看越毛 fgnj1634.com/d/5AD… 2 / 2,sweep_b1_hits.csv
2026-09-05_13-23-41,qsh-alpha,fgnj1634.com,runliangchan,2025-07-12,https://www.threads.com/@runliangchan/post/DL_fM6-vDCa,https://fgnj1634.com/d/DCFB80E0,,,0.0,fgnj1634.com,['qsh-alpha'],1,5分鐘瘦身操 ：每天抬腿200次，專治腿部脂肪堆積，5周甩大象腿 fgnj1634.com/d/DCF… 2 / 2,sweep_b1_hits.csv
2026-09-05_13-23-41,qsh-alpha,fgnj1634.com,hanqiuyue2,2025-07-12,https://www.threads.com/@hanqiuyue2/post/DL_YsOsvhlt,https://fgnj1634.com/d/FA9977A8,,,0.0,fgnj1634.com,['qsh-alpha'],1,恐怖公司命案！才剛上班「7名員工猝死」4人緊急送醫　知情人嚇壞「人進去就沒了」 fgnj1634.com/d/FA9… 2 / 2,sweep_b1_hits.csv
2026-09-05_13-23-41,qsh-alpha,fgnj1634.com,hanqiuyue2,2025-07-12,https://www.threads.com/@hanqiuyue2/post/DL_QTx0Phwp,https://fgnj1634.com/d/25ACBA63,,,0.0,fgnj1634.com,['qsh-alpha'],1,這是什麼意思？騎山路驚見「一排整齊飯碗」超詭異，網友勸快逃「內行人出面解答了」 fgnj1634.com/d/25A… 2 / 2,sweep_b1_hits.csv
2026-09-05_13-23-41,qsh-alpha,fgnj1634.com,ailing_law,2025-07-11,https://www.threads.com/@ailing_law/post/DL-GhHBzaUs,https://fgnj1634.com/d/47C131E1,,,0.0,fgnj1634.com,['qsh-alpha'],1,腳踏車狂騎3km送餐！準時送到顧客卻不要了「外送員險賠538元」幸遇加油站員工，霸氣全買：好暖心 fgnj1634.com/d/47C… 2 / 2,sweep_b1_hits.csv
2026-09-05_13-23-41,qsh-alpha,fgnj1634.com,hanqiuyue2,2025-07-11,https://www.threads.com/@hanqiuyue2/post/DL95G0KPN7s,https://fgnj1634.com/d/633D17D8,,,0.0,fgnj1634.com,['qsh-alpha'],1,打工到半夜！文化大學學生「誤搭詭異末班車」，每站都停「卻沒人上下車」司機回頭後嚇壞 fgnj1634.com/d/633… 2 / 2,sweep_b1_hits.csv
2026-09-05_13-23-41,qsh-alpha,fgnj1634.com,hanqiuyue2,2025-07-11,https://www.threads.com/@hanqiuyue2/post/DL8-YpdvDfJ,https://fgnj1634.com/d/641516D0,,,0.0,fgnj1634.com,['qsh-alpha'],1,4歲童在超市「沒結賬先喝飲料」被要求賠10倍　爸爸「高情商回3句話」經理立馬道歉 fgnj1634.com/d/641… 2 / 2,sweep_b1_hits.csv
2026-09-05_13-23-41,qsh-alpha,fgnj1634.com,ailing_law,2025-07-11,https://www.threads.com/@ailing_law/post/DL89k2FTvB4,https://fgnj1634.com/d/7DD6D6B4,,,0.0,fgnj1634.com,['qsh-alpha'],1,停車場「堵車復仇記」神展開！車主現身後…結局讓全網笑瘋 fgnj1634.com/d/7DD… 2 / 2,sweep_b1_hits.csv
2026-09-05_13-23-41,qsh-alpha,fgnj1634.com,runliangchan,2025-07-11,https://www.threads.com/@runliangchan/post/DL86ZqtP05u,https://fgnj1634.com/d/9098E96D,,,0.0,fgnj1634.com,['qsh-alpha'],1,"""兩側腰贅肉難減？這10個瑜伽變式幫你快速瘦腰減脂！"" fgnj1634.com/d/909… 2 / 2",sweep_b1_hits.csv
2026-09-05_13-23-41,qsh-alpha,fgnj1634.com,runliangchan,2025-07-10,https://www.threads.com/@runliangchan/post/DL7QyQVP0QL,https://fgnj1634.com/d/94E167EE,,,5.0,fgnj1634.com,['qsh-alpha'],1,居家輕松打造性感少女背：10個背部塑型動作，30天改善體態，重塑優美曲線 fgnj1634.com/d/94E… 2 / 2,sweep_b1_hits.csv
2026-09-05_13-23-41,qsh-alpha,fgnj1634.com,hanqiuyue2,2025-07-10,https://www.threads.com/@hanqiuyue2/post/DL7QiOwvyKp,https://fgnj1634.com/d/411,,,0.0,fgnj1634.com,['qsh-alpha'],1,機車發不動！他牽去附近車行「線圈壞掉報價2600」 改去別家「老闆一開口」愣住了… fgnj1634.com/d/411… 2 / 2,sweep_b1_hits.csv
2026-09-05_13-23-41,qsh-alpha,fgnj1634.com,runliangchan,2025-07-10,https://www.threads.com/@runliangchan/post/DL7CtKpPukE,https://fgnj1634.com/d/46AF3988,,,1.0,fgnj1634.com,['qsh-alpha'],1,練瑜伽：自己在家不知道練什麼的，可以從這3個基礎動作開始學 fgnj1634.com/d/46A… 2 / 2,sweep_b1_hits.csv
2026-09-05_13-23-41,qsh-alpha,fgnj1634.com,runliangchan,2025-07-10,https://www.threads.com/@runliangchan/post/DL61A02vg-4,https://fgnj1634.com/d/233E2F90,,,1.0,fgnj1634.com,['qsh-alpha'],1,屁股大穿褲子很難看，三招瑜伽動作告別假胯寬、迅速讓你「窄起來」，翹臀不粗腿 fgnj1634.com/d/233… 2 / 2,sweep_b1_hits.csv
2026-09-05_13-23-41,qsh-alpha,fgnj1634.com,hanqiuyue2,2025-07-10,https://www.threads.com/@hanqiuyue2/post/DL60-eHvNHR,https://fgnj1634.com/d/7D1EB806,,,0.0,fgnj1634.com,['qsh-alpha'],1,老闆還在田裡！貨車上擺火龍果「一袋100自己拿」　10個小時後「回到車上秒傻住」：不愧是台灣 fgnj1634.com/d/7D1… 2 / 2,sweep_b1_hits.csv
2026-09-05_13-23-41,qsh-alpha,fgnj1634.com,ailing_law,2025-07-09,https://www.threads.com/@ailing_law/post/DL4-uJOz9t3,https://fgnj1634.com/d/BA916B77,,,0.0,fgnj1634.com,['qsh-alpha'],1,高中生麥當勞喧鬧遭勸阻，竟反拍店員嗆聲『小心回家路上』...結局大逆轉！ fgnj1634.com/d/BA9… 2 / 2,sweep_b1_hits.csv
2026-09-05_13-23-41,qsh-alpha,fgnj1634.com,runliangchan,2025-07-09,https://www.threads.com/@runliangchan/post/DL4jofsPqsc,https://fgnj1634.com/d/117D739F,,,1.0,fgnj1634.com,['qsh-alpha'],1,大重量vs小重量，都是舉鐵，為什麼肌肉對「重量」反應如此不同 fgnj1634.com/d/117… 2 / 2,sweep_b1_hits.csv
2026-09-05_13-23-41,qsh-alpha,fgnj1634.com,runliangchan,2025-07-09,https://www.threads.com/@runliangchan/post/DL4Vsw4vdVD,https://fgnj1634.com/d/1ED4B6FC,,,0.0,fgnj1634.com,['qsh-alpha'],1,140斤女性必看！想要氣質華麗蛻變，就去運動塑形，身材比例太重要了！ fgnj1634.com/d/1ED… 2 / 3,sweep_b1_hits.csv
2026-09-05_13-23-41,qsh-alpha,fgnj1634.com,runliangchan,2025-07-09,https://www.threads.com/@runliangchan/post/DL4H7knvr_Y,https://fgnj1634.com/d/F5430633,,,0.0,fgnj1634.com,['qsh-alpha'],1,一組居家燃脂塑形訓練，在家增肌減脂，練出一副好身材 fgnj1634.com/d/F54… 2 / 2,sweep_b1_hits.csv
2026-09-05_13-23-41,qsh-alpha,fgnj1634.com,ailing_law,2025-07-09,https://www.threads.com/@ailing_law/post/DL30qYgzBQa,https://fgnj1634.com/d/97224680,,,0.0,fgnj1634.com,['qsh-alpha'],1,「M號套餐薯條加量」引發麥當勞點餐爭議！顧客堅持不改L號，結局讓全網傻眼 fgnj1634.com/d/972… 2 / 2,sweep_b1_hits.csv
2026-09-05_13-23-41,qsh-alpha,fgnj1634.com,ailing_law,2025-07-08,https://www.threads.com/@ailing_law/post/DL2QZkpTLDk,https://fgnj1634.com/d/BFC04F0E,,,0.0,fgnj1634.com,['qsh-alpha'],1,孩子生病問鄰居借車，回應「我也要出門」回來見車子還停在原地，他怒：以後絕不再來往！ fgnj1634.com/d/BFC… 2 / 2,sweep_b1_hits.csv
2026-09-05_13-23-41,qsh-alpha,fgnj1634.com,hanqiuyue2,2025-07-08,https://www.threads.com/@hanqiuyue2/post/DL2Ipykv2sv,https://fgnj1634.com/d/E62D9D0B,,,0.0,fgnj1634.com,['qsh-alpha'],1,看覽時，一小孩誤讀「好吃」而引發哄堂大笑，如果沒有介紹，沒有幾個人知道正確讀法 fgnj1634.com/d/E62… 2 / 2,sweep_b1_hits.csv
2026-09-05_13-23-41,qsh-alpha,fgnj1634.com,runliangchan,2025-07-08,https://www.threads.com/@runliangchan/post/DL2CtUaP039,https://fgnj1634.com/d/4BA9E159,,,1.0,fgnj1634.com,['qsh-alpha'],1,「堅持跑步」對外貌的改變有多大！看這幾組素人對比圖，你就懂了 fgnj1634.com/d/4BA… 2 / 2,sweep_b1_hits.csv
2026-09-05_13-23-41,qsh-alpha,fgnj1634.com,hanqiuyue2,2025-07-08,https://www.threads.com/@hanqiuyue2/post/DL1tMnIPx75,https://fgnj1634.com/d/524E4A12,,,0.0,fgnj1634.com,['qsh-alpha'],1,一家三口出遊！42歲女星「抱愛女海邊拍照」　放大一看「驚見詭異人臉」嚇壞：是靈異現象？ fgnj1634.com/d/524… 2 / 2,sweep_b1_hits.csv
2026-09-05_13-23-41,qsh-alpha,fgnj1634.com,runliangchan,2025-07-08,https://www.threads.com/@runliangchan/post/DL1gdJhPd7v,https://fgnj1634.com/d/9D403C24,,,0.0,fgnj1634.com,['qsh-alpha'],1,農村寶媽「7年逆襲」震撼全網！「185斤降到100斤」前后對比判若兩人，網友：村姑直接晉升超模圈！完整視訊曝光 fgnj1634.com/d/9D4… 2 / 2,sweep_b1_hits.csv
2026-09-05_13-23-41,qsh-alpha,fgnj1634.com,ailing_law,2025-07-08,https://www.threads.com/@ailing_law/post/DL1RuvcRK64,https://fgnj1634.com/d/CE09504C,,,0.0,fgnj1634.com,['qsh-alpha'],1,國小生作文《熱死了》走紅，閱卷老師笑出眼淚：要不我拜你為師吧 fgnj1634.com/d/CE0… 2 / 2,sweep_b1_hits.csv
2026-09-05_13-23-41,qsh-alpha,fgnj1634.com,katherineouz__,2025-07-08,https://www.threads.com/@katherineouz__/post/DL1Ri8DT9j_,https://fgnj1634.com/d/4D6DF75C,,,0.0,fgnj1634.com,['qsh-alpha'],1,看覽時，一小孩誤讀「好吃」而引發哄堂大笑，如果沒有介紹，沒有幾個人知道正確讀法 fgnj1634.com/d/4D6… 2 / 2,sweep_b1_hits.csv
2026-09-05_13-23-41,qsh-alpha,fgnj1634.com,hanqiuyue2,2025-07-08,https://www.threads.com/@hanqiuyue2/post/DL1KNQnv0w1,https://fgnj1634.com/d/271B4571,,,0.0,fgnj1634.com,['qsh-alpha'],1,最新进展！新加坡货船撞塌美国47年大桥！6人下落不明！撞桥前曾发生这件诡异事件 fgnj1634.com/d/271… 2 / 2,sweep_b1_hits.csv
2026-09-05_13-23-41,qsh-alpha,fgnj1634.com,katherineouz__,2025-07-07,https://www.threads.com/@katherineouz__/post/DLzjzA6zwRV,https://fgnj1634.com/d/881AF300,,,0.0,fgnj1634.com,['qsh-alpha'],1,修圖師自爆「薪資一月賺5萬」，看到他的「作品」后，網友不得不服：這錢就該你掙 fgnj1634.com/d/881… 2 / 2,sweep_b1_hits.csv
2026-09-05_13-23-41,qsh-alpha,fgnj1634.com,runliangchan,2025-07-07,https://www.threads.com/@runliangchan/post/DLzgaaLPyK5,https://fgnj1634.com/d/3B0EC3E4,,,0.0,fgnj1634.com,['qsh-alpha'],1,同樣一個人，「自律」和「不自律」的中年女人比，哪個體態更好 fgnj1634.com/d/3B0… 2 / 2,sweep_b1_hits.csv
2026-09-05_13-23-41,qsh-alpha,fgnj1634.com,katherineouz__,2025-07-07,https://www.threads.com/@katherineouz__/post/DLzPRukTLBW,https://fgnj1634.com/d/A82BBAED,,,0.0,fgnj1634.com,['qsh-alpha'],1,女客要求搬行李遭司機秒拒！眾人不解「明明舉手之勞」，回看女生「當時1舉動」大家懂了：活該沒人幫你 fgnj1634.com/d/A82… 2 / 2,sweep_b1_hits.csv
2026-09-05_13-23-41,qsh-alpha,fgnj1634.com,runliangchan,2025-07-07,https://www.threads.com/@runliangchan/post/DLzDmnPve1_,https://fgnj1634.com/d/2AAA531E,,,1.0,fgnj1634.com,['qsh-alpha'],1,懶人輕鬆減肥！日爆紅「睡前瘦瘦操」鏟肉9公斤，突破體重停滯 fgnj1634.com/d/2AA… 2 / 2,sweep_b1_hits.csv
2026-09-05_13-23-41,qsh-alpha,fgnj1634.com,hanqiuyue2,2025-07-07,https://www.threads.com/@hanqiuyue2/post/DLzBiTnvo2l,https://fgnj1634.com/d/5216D168,,,0.0,fgnj1634.com,['qsh-alpha'],1,新娘試婚紗「背影照」走紅！看到正臉后不由感歎：男子漢的身材天使般的臉蛋 fgnj1634.com/d/521… 2 / 2,sweep_b1_hits.csv
2026-09-05_13-23-41,qsh-alpha,fgnj1634.com,katherineouz__,2025-07-07,https://www.threads.com/@katherineouz__/post/DLzBV7vTqA-,https://fgnj1634.com/d/ABB8CDC3,,,0.0,fgnj1634.com,['qsh-alpha'],1,客人不小心撞到柜台，「玉鐲」破碎一地，店家怒吼：傾家蕩產你也賠不起！ fgnj1634.com/d/ABB… 2 / 2,sweep_b1_hits.csv
2026-09-05_13-23-41,qsh-alpha,fgnj1634.com,runliangchan,2025-07-07,https://www.threads.com/@runliangchan/post/DLynBC9P_Ar,https://fgnj1634.com/d/7EE848F9,,,0.0,fgnj1634.com,['qsh-alpha'],1,5個自重動作，在家練遍全身肌群，抵抗衰老速度 fgnj1634.com/d/7EE… 2 / 2,sweep_b1_hits.csv
2026-09-05_13-23-41,qsh-alpha,fgnj1634.com,hanqiuyue2,2025-07-06,https://www.threads.com/@hanqiuyue2/post/DLxPFhGPqgE,https://fgnj1634.com/d/A5EEE5FD,,,0.0,fgnj1634.com,['qsh-alpha'],1,他分享「詭異」夕陽照萬人分享按讚 網友紛紛留言：像921前傍晚... fgnj1634.com/d/A5E… 2 / 2,sweep_b1_hits.csv
2026-09-05_13-23-41,qsh-alpha,fgnj1634.com,hanqiuyue2,2025-07-06,https://www.threads.com/@hanqiuyue2/post/DLw5zw5vC-2,https://fgnj1634.com/d/EE4BFFDC,,,0.0,fgnj1634.com,['qsh-alpha'],1,女子靠吃播「吸粉百萬」，自稱十碗飯吃不飽，他驚見視訊「1細節」網怒：被騙慘了 fgnj1634.com/d/EE4… 2 / 2,sweep_b1_hits.csv
2026-09-05_13-23-41,qsh-alpha,fgnj1634.com,runliangchan,2025-07-06,https://www.threads.com/@runliangchan/post/DLwtr1VPFv-,https://fgnj1634.com/d/872A024C,,,0.0,fgnj1634.com,['qsh-alpha'],1,「堅持跑步」對外貌的改變有多大！看這幾組素人對比圖，你就懂了 fgnj1634.com/d/872… 2 / 2,sweep_b1_hits.csv
2026-09-05_13-23-41,qsh-alpha,fgnj1634.com,runliangchan,2025-07-06,https://www.threads.com/@runliangchan/post/DLwREkkPlKi,https://fgnj1634.com/d/298DED7D,,,0.0,fgnj1634.com,['qsh-alpha'],1,堅持了20天的「海豚擺腿」，120瘦到95，主要瘦大腿脂肪還翹臀！ fgnj1634.com/d/298… 2 / 2,sweep_b1_hits.csv
2026-09-05_13-23-41,qsh-alpha,fgnj1634.com,hanqiuyue2,2025-07-06,https://www.threads.com/@hanqiuyue2/post/DLwHaciPcwJ,https://fgnj1634.com/d/CBBB358C,,,0.0,fgnj1634.com,['qsh-alpha'],1,中國最詭異的河流，其兩岸全部都是毒蛇，一到下雨就會變成血河 fgnj1634.com/d/CBB… 2 / 2,sweep_b1_hits.csv
2026-09-05_13-23-41,qsh-alpha,fgnj1634.com,hanqiuyue2,2025-07-06,https://www.threads.com/@hanqiuyue2/post/DLwCscyP7E5,https://fgnj1634.com/d/FA0A8B86,,,0.0,fgnj1634.com,['qsh-alpha'],1,高中生麥當勞喧鬧遭勸阻，竟反拍店員嗆聲『小心回家路上』...結局大逆轉！ fgnj1634.com/d/FA0… 2 / 2,sweep_b1_hits.csv
2026-09-05_13-23-41,qsh-alpha,fgnj1634.com,runliangchan,2025-07-06,https://www.threads.com/@runliangchan/post/DLv0vkUShZE,https://fgnj1634.com/d/C5AE1543,,,3.0,fgnj1634.com,['qsh-alpha'],1,5分鐘瘦身操 ：每天抬腿200次，專治腿部脂肪堆積，5周甩大象腿 fgnj1634.com/d/C5A… 2 / 2,sweep_b1_hits.csv
2026-09-05_13-23-41,qsh-alpha,fgnj1634.com,hanqiuyue2,2025-07-06,https://www.threads.com/@hanqiuyue2/post/DLvyoAIz9ZG,https://fgnj1634.com/d/063,,,0.0,fgnj1634.com,['qsh-alpha'],1,Google街景搜尋老家地址！驚見「過世7年爸站家門前」，往後一滑兒子眼眶紅了 fgnj1634.com/d/063… 2 / 2,sweep_b1_hits.csv
2026-09-05_13-23-41,qsh-alpha,fgnj1634.com,hanqiuyue2,2025-07-05,https://www.threads.com/@hanqiuyue2/post/DLuhmNevWOy,https://fgnj1634.com/d/E5B9337E,,,0.0,fgnj1634.com,['qsh-alpha'],1,太可怕了，家中出現這3個徵兆，說明房子有邪氣！不是迷信，千萬別無視 fgnj1634.com/d/E5B… 2 / 2,sweep_b1_hits.csv
2026-09-05_13-23-41,qsh-alpha,fgnj1634.com,runliangchan,2025-07-05,https://www.threads.com/@runliangchan/post/DLudeVYvycs,https://fgnj1634.com/d/D838F80B,,,2.0,fgnj1634.com,['qsh-alpha'],1,超有效的「美腿瑜伽」，6式拉伸韌帶，修繕腿型，輕鬆擁有迷人「漫畫腿」 fgnj1634.com/d/D83… 2 / 2,sweep_b1_hits.csv
2026-09-05_13-23-41,qsh-alpha,fgnj1634.com,katherineouz__,2025-07-05,https://www.threads.com/@katherineouz__/post/DLuU4gTzMAX,https://fgnj1634.com/d/77E2BDD2,,,0.0,fgnj1634.com,['qsh-alpha'],1,女子靠吃播「吸粉百萬」，自稱十碗飯吃不飽，他驚見視訊「1細節」網怒：被騙慘了 fgnj1634.com/d/77E… 2 / 2,sweep_b1_hits.csv
2026-09-05_13-23-41,qsh-alpha,fgnj1634.com,ailing_law,2025-07-05,https://www.threads.com/@ailing_law/post/DLuRLy3ToTu,https://fgnj1634.com/d/77C00D82,,,0.0,fgnj1634.com,['qsh-alpha'],1,世界上「身高最懸殊」夫妻！女方206cm、男方163cm，看到他們的孩子後網友心碎了 fgnj1634.com/d/77C… 2 / 2,sweep_b1_hits.csv
2026-09-05_13-23-41,qsh-alpha,fgnj1634.com,katherineouz__,2025-07-05,https://www.threads.com/@katherineouz__/post/DLtylRSz27u,https://fgnj1634.com/d/CC9EDA8D,,,0.0,fgnj1634.com,['qsh-alpha'],1,一顆痘痘擠成血管瘤！男子臉部流血30天不止，差點因此毀容！ fgnj1634.com/d/CC9… 2 / 2,sweep_b1_hits.csv
2026-09-05_13-23-41,qsh-alpha,fgnj1634.com,katherineouz__,2025-07-05,https://www.threads.com/@katherineouz__/post/DLtd5JbzcBA,https://fgnj1634.com/d/9E439F02,,,0.0,fgnj1634.com,['qsh-alpha'],1,鄰居懷孕貼紙條「要求將寵物送養」，隔天飼主「超霸氣回應」嚇的她不敢再提 fgnj1634.com/d/9E4… 2 / 2,sweep_b1_hits.csv
2026-09-05_13-23-41,qsh-alpha,fgnj1634.com,runliangchan,2025-07-05,https://www.threads.com/@runliangchan/post/DLtdcoGvjEu,https://fgnj1634.com/d/ECEBED35,,,3.0,fgnj1634.com,['qsh-alpha'],1,一個人年不年輕，看身材就夠了，2組練習，把腰練細，滿滿少女感 fgnj1634.com/d/ECE… 2 / 2,sweep_b1_hits.csv
2026-09-05_13-23-41,qsh-alpha,fgnj1634.com,runliangchan,2025-07-04,https://www.threads.com/@runliangchan/post/DLr1dKqvOea,https://fgnj1634.com/d/044CD014,,,3.0,fgnj1634.com,['qsh-alpha'],1,"""28歲開始練瑜伽，生完3娃後40歲擁有腹肌和美背，這是怎麼做到的？"" fgnj1634.com/d/044… 2 / 2",sweep_b1_hits.csv
2026-09-05_13-23-41,qsh-alpha,fgnj1634.com,hanqiuyue2,2025-07-04,https://www.threads.com/@hanqiuyue2/post/DLrsUiVvaDC,https://fgnj1634.com/d/E3006628,,,0.0,fgnj1634.com,['qsh-alpha'],1,看到昔日大S在「媽媽生日宴上」的舊照太詭異！放大仔細看她後面：直冒冷汗 fgnj1634.com/d/E30… 2 / 2,sweep_b1_hits.csv
2026-09-05_13-23-41,qsh-alpha,fgnj1634.com,runliangchan,2025-07-04,https://www.threads.com/@runliangchan/post/DLrYowjPMKl,https://fgnj1634.com/d/62502767,,,1.0,fgnj1634.com,['qsh-alpha'],1,"""瑜伽練錯了不僅無效，還可能受傷！你犯過這些錯誤嗎？"" fgnj1634.com/d/625… 2 / 2",sweep_b1_hits.csv
2026-09-05_13-23-41,qsh-alpha,fgnj1634.com,ailing_law,2025-07-04,https://www.threads.com/@ailing_law/post/DLrWWjGxd44,https://fgnj1634.com/d/ACF50F62,,,0.0,fgnj1634.com,['qsh-alpha'],1,太田川河畔燒烤派對變調，20名男女狂歡後棄置大量垃圾遭法辦！ fgnj1634.com/d/ACF… 2 / 2,sweep_b1_hits.csv
2026-09-05_13-23-41,qsh-alpha,fgnj1634.com,runliangchan,2025-07-04,https://www.threads.com/@runliangchan/post/DLq9b_HvO5A,https://fgnj1634.com/d/827962A0,,,2.0,fgnj1634.com,['qsh-alpha'],1,"""後彎難度大？看後彎女神如何輕鬆突破！"" fgnj1634.com/d/827… 2 / 2",sweep_b1_hits.csv
2026-09-05_13-23-41,qsh-alpha,fgnj1634.com,runliangchan,2025-07-03,https://www.threads.com/@runliangchan/post/DLpNCDuJe1c,https://fgnj1634.com/d/900060E3,,,0.0,fgnj1634.com,['qsh-alpha'],1,"""練習這6個瑜伽動作，促進血液循環，讓你越練越年輕，面部煥發光彩"" fgnj1634.com/d/900… 2 / 2",sweep_b1_hits.csv
2026-09-05_13-23-41,qsh-alpha,fgnj1634.com,ailing_law,2025-07-03,https://www.threads.com/@ailing_law/post/DLoaN27RdQh,https://fgnj1634.com/d/8A978D7E,,,0.0,fgnj1634.com,['qsh-alpha'],1,新買的蝦發現有「白蛆」，被嚇的不敢吃，她怒找店家理論卻被嘲：第一次吃海鮮嗎 fgnj1634.com/d/8A9… 2 / 2,sweep_b1_hits.csv
2026-09-05_13-23-41,qsh-alpha,fgnj1634.com,runliangchan,2025-07-03,https://www.threads.com/@runliangchan/post/DLoUCMWpv8h,https://fgnj1634.com/d/E34030AC,,,0.0,fgnj1634.com,['qsh-alpha'],1,瑜伽坐角式雙腿分開距離小，前屈下不去？試試這樣練習 fgnj1634.com/d/E34… 2 / 2,sweep_b1_hits.csv
2026-09-05_13-23-41,qsh-alpha,fgnj1634.com,hanqiuyue2,2025-07-03,https://www.threads.com/@hanqiuyue2/post/DLoFOz3PNR5,https://fgnj1634.com/d/D5386063,,,0.0,fgnj1634.com,['qsh-alpha'],1,詭異巧合嚇壞眾人！28歲男星「收到大忌禮物」2天後交通事故亡，她愣「出事前很詭異」內幕不單純 fgnj1634.com/d/D53… 2 / 2,sweep_b1_hits.csv
2026-09-05_13-23-41,qsh-alpha,fgnj1634.com,hanqiuyue2,2025-07-02,https://www.threads.com/@hanqiuyue2/post/DLmrY8DPIyg,https://fgnj1634.com/d/487E2388,,,0.0,fgnj1634.com,['qsh-alpha'],1,室友遞來陌生水果，吃到一半發現全是「密密麻麻小蟲」怒而找她算賬，聽完「她的解釋」我羞愧難當 fgnj1634.com/d/487… 2 / 2,sweep_b1_hits.csv
2026-09-05_13-23-41,qsh-alpha,fgnj1634.com,hanqiuyue2,2025-07-02,https://www.threads.com/@hanqiuyue2/post/DLmWy_uPrt8,https://fgnj1634.com/d/2716B34A,,,0.0,fgnj1634.com,['qsh-alpha'],1,捷運上一位「金色吊帶裙大叔」超搶眼！捷運變秀場，不料仔細看去「眾人笑不出來了」 fgnj1634.com/d/271… 2 / 2,sweep_b1_hits.csv
2026-09-05_13-23-41,qsh-alpha,fgnj1634.com,ailing_law,2025-07-02,https://www.threads.com/@ailing_law/post/DLmVy8ax-RD,https://fgnj1634.com/d/C64751FF,,,0.0,fgnj1634.com,['qsh-alpha'],1,網友po貼「日存50元」半年後爽成土豪！有人急提醒：我不會存50元硬幣，小心有風險 fgnj1634.com/d/C64… 2 / 2,sweep_b1_hits.csv
2026-09-05_13-23-41,qsh-alpha,fgnj1634.com,hanqiuyue2,2025-07-02,https://www.threads.com/@hanqiuyue2/post/DLmJSXovAYE,https://fgnj1634.com/d/1F772A56,,,0.0,fgnj1634.com,['qsh-alpha'],1,帥到不想嫁了！超帥伴郎「霸道總裁系高顏值」氣勢狂壓新郎　邪魅壞笑「脫眼鏡秒換風格」理想型曝光 fgnj1634.com/d/1F7… 2 / 2,sweep_b1_hits.csv
2026-09-05_13-23-41,qsh-alpha,fgnj1634.com,katherineouz__,2025-07-02,https://www.threads.com/@katherineouz__/post/DLmJROhzkYm,https://fgnj1634.com/d/3F6636CD,,,0.0,fgnj1634.com,['qsh-alpha'],1,帥到不想嫁了！超帥伴郎「霸道總裁系高顏值」氣勢狂壓新郎　邪魅壞笑「脫眼鏡秒換風格」理想型曝光 fgnj1634.com/d/3F6… 2 / 2,sweep_b1_hits.csv
2026-09-05_13-23-41,qsh-alpha,fgnj1634.com,ailing_law,2025-07-02,https://www.threads.com/@ailing_law/post/DLly2ZVRm42,https://fgnj1634.com/d/8FA47080,,,0.0,fgnj1634.com,['qsh-alpha'],1,好市多40瓶養樂多只賣87元　「一堆人拿了又放回」他細看包裝1行字臉綠 fgnj1634.com/d/8FA… 2 / 2,sweep_b1_hits.csv
2026-09-05_13-23-41,qsh-alpha,fgnj1634.com,runliangchan,2025-07-02,https://www.threads.com/@runliangchan/post/DLlu7zPvZgr,https://fgnj1634.com/d/457,,,2.0,fgnj1634.com,['qsh-alpha'],1,大基數減肥：專家建議先調整飲食，暫緩運動為關鍵 fgnj1634.com/d/457… 2 / 2,sweep_b1_hits.csv
2026-09-05_13-23-41,qsh-alpha,fgnj1634.com,ailing_law,2025-07-01,https://www.threads.com/@ailing_law/post/DLkTXx3TgTy,https://fgnj1634.com/d/D01DAB53,,,0.0,fgnj1634.com,['qsh-alpha'],1,託兒所長期佔用私人車位引糾紛！ 業主運動會當天「堵門」反制掀論戰 fgnj1634.com/d/D01… 2 / 2,sweep_b1_hits.csv
2026-09-05_13-23-41,qsh-alpha,fgnj1634.com,ailing_law,2025-07-01,https://www.threads.com/@ailing_law/post/DLj5gKhxrnI,https://fgnj1634.com/d/A1AAD525,,,0.0,fgnj1634.com,['qsh-alpha'],1,"30,011日圓婚禮禮金的秘密！數字暗藏的祝福哲學讓全網熱議 fgnj1634.com/d/A1A… 2 / 2",sweep_b1_hits.csv
2026-09-05_13-23-41,qsh-alpha,fgnj1634.com,hanqiuyue2,2025-07-01,https://www.threads.com/@hanqiuyue2/post/DLjtmw4v6km,https://fgnj1634.com/d/E61AD428,,,0.0,fgnj1634.com,['qsh-alpha'],1,一家三口出遊！42歲女星「抱愛女海邊拍照」　放大一看「驚見詭異人臉」嚇壞：是靈異現象？ fgnj1634.com/d/E61… 2 / 2,sweep_b1_hits.csv
2026-09-05_13-23-41,qsh-alpha,fgnj1634.com,ailing_law,2025-07-01,https://www.threads.com/@ailing_law/post/DLjRJWwRS8A,https://fgnj1634.com/d/BC117D4F,,,0.0,fgnj1634.com,['qsh-alpha'],1,【突發趣事】30人預訂臨時取消？大學生一通電話竟引發意外結局… fgnj1634.com/d/BC1… 2 / 2,sweep_b1_hits.csv
2026-09-05_13-23-41,qsh-alpha,fgnj1634.com,hanqiuyue2,2025-07-01,https://www.threads.com/@hanqiuyue2/post/DLi8mbFPECM,https://fgnj1634.com/d/5692FF0F,,,0.0,fgnj1634.com,['qsh-alpha'],1,新鄰居家門裝飾「十分詭異」，嚇的大家晚上不敢出門，我委婉提醒反被警告：你要小心了 fgnj1634.com/d/569… 2 / 2,sweep_b1_hits.csv
2026-09-05_13-23-41,qsh-alpha,fgnj1634.com,hanqiuyue2,2025-07-01,https://www.threads.com/@hanqiuyue2/post/DLi6Lntzjuv,https://fgnj1634.com/d/504DE68A,,,0.0,fgnj1634.com,['qsh-alpha'],1,新買的蝦發現有「白蛆」，被嚇的不敢吃，她怒找店家理論卻被嘲：第一次吃海鮮嗎 fgnj1634.com/d/504… 2 / 2,sweep_b1_hits.csv
2026-09-05_13-23-41,qsh-alpha,fgnj1634.com,hanqiuyue2,2025-07-01,https://www.threads.com/@hanqiuyue2/post/DLi6HKyzCvu,https://fgnj1634.com/d/960D52DB,,,0.0,fgnj1634.com,['qsh-alpha'],1,他搭公車看到「前面女孩小腿上有怪東西」，本來以為是衣服，「湊近一看卻嚇壞」 fgnj1634.com/d/960… 2 / 2,sweep_b1_hits.csv
2026-09-05_13-23-41,qsh-alpha,fgnj1634.com,ailing_law,2025-06-30,https://www.threads.com/@ailing_law/post/DLh6euCTfgl,https://fgnj1634.com/d/31D65088,,,0.0,fgnj1634.com,['qsh-alpha'],1,小學生開玩笑地在公車上反覆按停車鍵，說「我根本不下車（笑）」→司機的行為受到許多人稱讚 fgnj1634.com/d/31D… 2 / 2,sweep_b1_hits.csv
2026-09-05_13-23-41,qsh-alpha,fgnj1634.com,hanqiuyue2,2025-06-30,https://www.threads.com/@hanqiuyue2/post/DLhj0AMPLNH,https://fgnj1634.com/d/C63DCBD2,,,0.0,fgnj1634.com,['qsh-alpha'],1,新加坡买的马来西亚制戴森吹风机，有来自尼泊尔的诡异求救信号？ fgnj1634.com/d/C63… 2 / 2,sweep_b1_hits.csv
2026-09-05_13-23-41,qsh-alpha,fgnj1634.com,runliangchan,2025-06-30,https://www.threads.com/@runliangchan/post/DLhetPmvLEj,https://fgnj1634.com/d/D5210D8C,,,0.0,fgnj1634.com,['qsh-alpha'],1,同樣一個人，「自律」和「不自律」的中年女人比，哪個體態更好 fgnj1634.com/d/D52… 2 / 2,sweep_b1_hits.csv
2026-09-05_13-23-41,qsh-alpha,fgnj1634.com,ailing_law,2025-06-30,https://www.threads.com/@ailing_law/post/DLhCpMYxcwQ,https://fgnj1634.com/d/5AA1998B,,,0.0,fgnj1634.com,['qsh-alpha'],1,【震驚】我沒有訂閱報紙，但每天都會收到一份…我寫了「我沒有訂閱報紙」…卻收到了奇怪的回覆！ ？ fgnj1634.com/d/5AA… 2 / 2,sweep_b1_hits.csv
2026-09-05_13-23-41,qsh-alpha,fgnj1634.com,runliangchan,2025-06-30,https://www.threads.com/@runliangchan/post/DLhCME_vEhw,https://fgnj1634.com/d/C1227D27,,,1.0,fgnj1634.com,['qsh-alpha'],1,「堅持跑步」對外貌的改變有多大！看這幾組素人對比圖，你就懂了 fgnj1634.com/d/C12… 2 / 2,sweep_b1_hits.csv
2026-09-05_13-23-41,qsh-alpha,fgnj1634.com,ailing_law,2025-06-29,https://www.threads.com/@ailing_law/post/DLfRNEUzEO3,https://fgnj1634.com/d/F2777608,,,0.0,fgnj1634.com,['qsh-alpha'],1,小情侶街頭狂炫「飲品」引路人跟風，看清包裝后集體傻眼！網友：商家太會玩 fgnj1634.com/d/F27… 2 / 2,sweep_b1_hits.csv
2026-09-05_13-23-41,qsh-alpha,fgnj1634.com,runliangchan,2025-06-29,https://www.threads.com/@runliangchan/post/DLe6ARUPLlq,https://fgnj1634.com/d/B06,,,0.0,fgnj1634.com,['qsh-alpha'],1,140斤女性必看！想要氣質華麗蛻變，就去運動塑形，身材比例太重要了！ fgnj1634.com/d/B06… 2 / 2,sweep_b1_hits.csv
2026-09-05_13-23-41,qsh-alpha,fgnj1634.com,runliangchan,2025-06-29,https://www.threads.com/@runliangchan/post/DLedRqbP_Bh,https://fgnj1634.com/d/A7250167,,,0.0,fgnj1634.com,['qsh-alpha'],1,大重量vs小重量，都是舉鐵，為什麼肌肉對「重量」反應如此不同 fgnj1634.com/d/A72… 2 / 2,sweep_b1_hits.csv
2026-09-05_13-23-41,qsh-alpha,foodszon.com,shokodotani,2026-01-26,https://www.threads.com/@shokodotani/post/DT9UJ8dky4z,https://foodszon.com/doc_TkovemtpemlBTjUwZVcwS0FUQ1Zudz09,,,0.0,foodszon.com,['qsh-alpha'],1,林子大了什麼鳥都有，公共場合的20個不雅的行為，真讓人無語！ foodszon.com/doc_T… 2 / 2,sweep_b1_hits.csv
2026-09-05_13-23-41,qsh-alpha,foodszon.com,shokodotani,2026-01-07,https://www.threads.com/@shokodotani/post/DTMuaTLk_Gm,https://foodszon.com/doc_TkovemtpemlBTjUwZVcwS0FUQ1Zudz09,,,0.0,foodszon.com,['qsh-alpha'],1,林子大了什麼鳥都有，公共場合的20個不雅的行為，真讓人無語！ foodszon.com/doc_T… 2 / 2,sweep_b1_hits.csv
2026-09-05_13-23-41,qsh-alpha,foodszon.com,shokodotani,2025-12-27,https://www.threads.com/@shokodotani/post/DSwdp0Zk1nW,https://foodszon.com/doc_TkovemtpemlBTjUwZVcwS0FUQ1Zudz09,,,0.0,foodszon.com,['qsh-alpha'],1,林子大了什麼鳥都有，公共場合的20個不雅的行為，真讓人無語！ foodszon.com/doc_T… 2 / 2,sweep_b1_hits.csv
2026-09-05_13-23-41,qsh-alpha,foodszon.com,shokodotani,2025-12-04,https://www.threads.com/@shokodotani/post/DR1Wz0UExMO,https://foodszon.com/doc_TkovemtpemlBTjUwZVcwS0FUQ1Zudz09,,,0.0,foodszon.com,['qsh-alpha'],1,林子大了什麼鳥都有，公共場合的20個不雅的行為，真讓人無語！ foodszon.com/doc_T… 2 / 2,sweep_b1_hits.csv
2026-09-05_13-23-41,qsh-alpha,foodszon.com,cheungna3,2025-11-21,https://www.threads.com/@cheungna3/post/DRTtxCijwZZ,https://foodszon.com/doc_TkovemtpemlBTjUwZVcwS0FUQ1Zudz09,,,0.0,foodszon.com,['qsh-alpha'],1,林子大了什麼鳥都有，公共場合的20個不雅的行為，真讓人無語！ foodszon.com/doc_T… 2 / 2,sweep_b1_hits.csv
2026-09-05_13-23-41,qsh-alpha,foodszon.com,shokodotani,2025-10-29,https://www.threads.com/@shokodotani/post/DQYG4Xmk4sL,https://foodszon.com/doc_TkovemtpemlBTjUwZVcwS0FUQ1Zudz09,,,0.0,foodszon.com,['qsh-alpha'],1,林子大了什麼鳥都有，公共場合的20個不雅的行為，真讓人無語！ foodszon.com/doc_T… 2 / 2,sweep_b1_hits.csv
2026-09-05_13-23-41,qsh-alpha,foodszon.com,iovd5k,2025-06-15,https://www.threads.com/@iovd5k/post/DK6XdSEyzdK,https://foodszon.com/doc_MFgycTVDY1k5Nk1QYVdsU0tPSm9ndz09,threads7422,,0.0,foodszon.com,['qsh-alpha'],1,16張火車上搞笑的照片，真的是讓人哭笑不得，看到第3張就已笑抽了 foodszon.com/doc_M… 2 / 2,sweep_b1_hits.csv
2026-09-05_13-23-41,qsh-alpha,foodszon.com,cco5b5,2025-06-14,https://www.threads.com/@cco5b5/post/DK3I5AlToP7,https://foodszon.com/doc_NTRJemQ1TGhpRDNNOSs3M0daRDFFUT09,threads7743,,0.0,foodszon.com,['qsh-alpha'],1,宮崎駿封神之作Top10！這10部治愈動畫，看完人生豁然開朗 foodszon.com/doc_N… 2 / 2,sweep_b1_hits.csv
2026-09-05_13-23-41,qsh-alpha,foodszon.com,ha0lqz2025,2025-06-12,https://www.threads.com/@ha0lqz2025/post/DKzQ7KVPNmL,https://foodszon.com/doc_ZEFMUGJZcjNkUFlLUlFRcGVNRlZmUT09,threads7950,,0.0,foodszon.com,['qsh-alpha'],1,超全拍照姿勢合集來襲，收藏起來，輕松拍出氛圍感大片 foodszon.com/doc_Z… 2 / 2,sweep_b1_hits.csv
2026-09-05_13-23-41,qsh-alpha,foodszon.com,iovd5k,2025-06-08,https://www.threads.com/@iovd5k/post/DKoXjHRSYlz,https://foodszon.com/doc_VTF0akk5RzNxS2tNMmxVSm51bVJ4Zz09,threads7422,,0.0,foodszon.com,['qsh-alpha'],1,31個「令人臉紅」的尷尬瞬間：隔著屏幕都尷尬到摳腳，最後一張誰頂得住啊 foodszon.com/doc_V… 2 / 2,sweep_b1_hits.csv
2026-09-05_13-23-41,qsh-alpha,foodszon.com,iovd5k,2025-06-06,https://www.threads.com/@iovd5k/post/DKjkYHHST87,https://foodszon.com/doc_ZzBOeXk5elNNSHk5WDJudEV6VEc5QT09,threads7422,,0.0,foodszon.com,['qsh-alpha'],1,自家車位被霸占多日，他一怒之下「使陰招」泄憤，車主現身：你散盡家財也賠不起 foodszon.com/doc_Z… 2 / 2,sweep_b1_hits.csv
2026-09-05_13-23-41,qsh-alpha,foodszon.com,gm2hfo1,2025-05-27,https://www.threads.com/@gm2hfo1/post/DKJrrH4ugxY,https://foodszon.com/doc_WktTbXpHbnhQampiUkZuWVM5VzNpZz09,threads7453,,0.0,foodszon.com,['qsh-alpha'],1,iPhone 相冊照片調色秘籍大公開，不會用就浪費了那麼好的手機啦 foodszon.com/doc_W… 2 / 2,sweep_b1_hits.csv
2026-09-05_13-23-41,qsh-alpha,foodszon.com,tohaq1b2025,2025-05-24,https://www.threads.com/@tohaq1b2025/post/DKCmi3TTmZm,https://foodszon.com/doc_WktTbXpHbnhQampiUkZuWVM5VzNpZz09,threads7755,,0.0,foodszon.com,['qsh-alpha'],1,iPhone 相冊照片調色秘籍大公開，不會用就浪費了那麼好的手機啦 foodszon.com/doc_W… 2 / 2,sweep_b1_hits.csv
2026-09-05_13-23-41,qsh-alpha,foodszon.com,ha0lqz2025,2025-05-23,https://www.threads.com/@ha0lqz2025/post/DJ_s_MAPo20,https://foodszon.com/doc_WktTbXpHbnhQampiUkZuWVM5VzNpZz09,threads7950,,0.0,foodszon.com,['qsh-alpha'],1,iPhone 相冊照片調色秘籍大公開，不會用就浪費了那麼好的手機啦 foodszon.com/doc_W… 2 / 2,sweep_b1_hits.csv
2026-09-05_13-23-41,cand-docilepuppy,itigeryou.com,leealy796,2026-03-14,https://www.threads.com/@leealy796/post/DV4f71nkv_T,https://itigeryou.com/doc_bk9HT0licktKZE1XQ2ZKRDltR0liUT09,threads9656,,0.0,itigeryou.com,['qsh-alpha'],1,這下真的慌了！  不是趙露思反擊了，而是王晶說的「1句話」徹底揭了銀河酷娛「老底」，一針見血！ itigeryou.com/doc_b… 2 / 2,sweep_b1_hits.csv
2026-09-05_13-23-41,cand-docilepuppy,itigeryou.com,leealy796,2026-02-16,https://www.threads.com/@leealy796/post/DUz0hVOE4Cw,https://itigeryou.com/doc_QkRMSFp1MkVoVVZnNHoxWFk3ZmRBZz09,threads9656,,0.0,itigeryou.com,['qsh-alpha'],1,萬萬沒想到！許凱事件「再次升級」，最害怕的不是許凱本人，也不是于正，而是周也！ itigeryou.com/doc_Q… 2 / 2,sweep_b1_hits.csv
2026-09-05_13-23-41,cand-docilepuppy,itigeryou.com,leealy796,2026-02-01,https://www.threads.com/@leealy796/post/DUNFJSKEgn8,https://itigeryou.com/doc_QkRMSFp1MkVoVVh6aDBZUElnNjRzdz09,threads9656,,0.0,itigeryou.com,['qsh-alpha'],1,萬萬沒想到！許凱事件「再次升級」，最害怕的不是許凱本人，也不是于正，而是周也！ itigeryou.com/doc_Q… 2 / 2,sweep_b1_hits.csv
2026-09-05_13-23-41,cand-docilepuppy,itigeryou.com,dison26475,2026-01-16,https://www.threads.com/@dison26475/post/DTk6ZfOEulF,https://itigeryou.com/doc_cEUwUElWUW5aVDB3VmtISU85RU9SUT09,threads14074,,0.0,itigeryou.com,['qsh-alpha'],1,太酷！趙露思攜新歌霸榜，從內娛殺回來了！網友：真的活成了許妍 itigeryou.com/doc_c… 2 / 2,sweep_b1_hits.csv
2026-09-05_13-23-41,cand-docilepuppy,itigeryou.com,dison26475,2026-01-04,https://www.threads.com/@dison26475/post/DTF2XzzEvqF,https://itigeryou.com/doc_cEUwUElWUW5aVDB3VmtISU85RU9SUT09,threads14074,,0.0,itigeryou.com,['qsh-alpha'],1,太酷！趙露思攜新歌霸榜，從內娛殺回來了！網友：真的活成了許妍 itigeryou.com/doc_c… 2 / 2,sweep_b1_hits.csv
2026-09-05_13-23-41,cand-docilepuppy,itigeryou.com,leealy796,2025-10-28,https://www.threads.com/@leealy796/post/DQVcKoXkn3v,https://itigeryou.com/doc_QkRMSFp1MkVoVVh6aDBZUElnNjRzdz09,threads9656,,0.0,itigeryou.com,['qsh-alpha'],1,萬萬沒想到！許凱事件「再次升級」，最害怕的不是許凱本人，也不是于正，而是周也！ itigeryou.com/doc_Q… 2 / 2,sweep_b1_hits.csv
2026-09-05_13-23-41,cand-docilepuppy,itigeryou.com,leealy796,2025-09-18,https://www.threads.com/@leealy796/post/DOu6Dv8kjkI,https://itigeryou.com/doc_QmlWQnF1ZkhKK0VVdEYyTWs3aTVaQT09,threads9656,,0.0,itigeryou.com,['qsh-alpha'],1,拋妻棄子入籍英國！68歲老戲骨「孤身一人坐輪椅」傷害多名女星「風流內幕曝光」網嘆：都是報應 itigeryou.com/doc_Q… 2 / 2,sweep_b1_hits.csv
2026-09-05_13-23-41,cand-docilepuppy,itigeryou.com,yejemav128,2025-09-16,https://www.threads.com/@yejemav128/post/DOqdLc8ktS_,https://itigeryou.com/doc_V05DQ1RnNWd5NERpNWMzSkNNQ2xiZz09,threads4397,,0.0,itigeryou.com,['qsh-alpha'],1,萬萬沒想到！原來成毅才是「真正的聰明人」！于朦朧當初要是像成毅，也就不會這樣了~ itigeryou.com/doc_V… 2 / 2,sweep_b1_hits.csv
2026-09-05_13-23-41,cand-docilepuppy,itigeryou.com,hemiho4545,2025-09-16,https://www.threads.com/@hemiho4545/post/DOqWQa9Eqf_,https://itigeryou.com/doc_V05DQ1RnNWd5NERpNWMzSkNNQ2xiZz09,threads4423,,0.0,itigeryou.com,['qsh-alpha'],1,萬萬沒想到！原來成毅才是「真正的聰明人」！于朦朧當初要是像成毅，也就不會這樣了~ itigeryou.com/doc_V… 2 / 2,sweep_b1_hits.csv
2026-09-05_13-23-41,cand-docilepuppy,itigeryou.com,doushijiahao265,2025-09-16,https://www.threads.com/@doushijiahao265/post/DOqLA07EUMs,https://itigeryou.com/doc_dlZNd3dqT0ZuZytqZmthM1pwQUk4Zz09,threads5248,,0.0,itigeryou.com,['qsh-alpha'],1,眼神兒騙不了人！回看馬天宇和于朦朧參加快本同框，眼尖網友發現「1個驚人細節」：早已暴露「殘酷真相」 itigeryou.com/doc_d… 2 / 2,sweep_b1_hits.csv
2026-09-05_13-23-41,cand-docilepuppy,itigeryou.com,mariakeppel8,2025-09-11,https://www.threads.com/@mariakeppel8/post/DOc-Tc6kuDP,https://itigeryou.com/doc_U3RKaGFybnkrb2x5TEhsMHZyc0tZZz09,threads9603,,0.0,itigeryou.com,['qsh-alpha'],1,她長得太美被導演「據為己有」，同居27年沒證沒娃，63歲不治身亡 itigeryou.com/doc_U… 2 / 2,sweep_b1_hits.csv
2026-09-05_13-23-41,cand-docilepuppy,itigeryou.com,summer_699,2025-07-09,https://www.threads.com/@summer_699/post/DL5f4qUTN5C,https://itigeryou.com/doc_MXRBTVFMOVZ2R1pkM25jWHI3eGc5Zz09,,,0.0,itigeryou.com,['qsh-alpha'],1,昔日「古裝男神」今成「基層干部」，胡歌滿臉胡須大變樣，模樣滄桑認不出 itigeryou.com/doc_M…,sweep_b1_hits.csv
2026-09-05_13-23-41,cand-docilepuppy,itigeryou.com,ksxyiy,2025-06-09,https://www.threads.com/@ksxyiy/post/DKqhosdTohX,https://itigeryou.com/doc_RUJ4cWxSRUgvZFZwZHlBa2diTGRZZz09,threads7482,,0.0,itigeryou.com,['qsh-alpha'],1,離婚一年半，再看官宣喜訊的章子怡，已是汪峰「高攀不起」的存在 itigeryou.com/doc_R… 2 / 2,sweep_b1_hits.csv
2026-09-05_13-23-41,cand-docilepuppy,itigeryou.com,ksxyiy,2025-06-08,https://www.threads.com/@ksxyiy/post/DKn9G5IT6cb,https://itigeryou.com/doc_VENkS0gxaEM3WTJ0aTZ5Tkw4Q2dmZz09,threads7482,,0.0,itigeryou.com,['qsh-alpha'],1,​​同樣彎腰防走光！楊穎、楊冪、熱巴小心翼翼，柳巖自然大方引圍觀：這差距太直觀​​ itigeryou.com/doc_V… 2 / 2,sweep_b1_hits.csv
2026-09-05_13-23-41,qsh-alpha,lfqgj.com,poo2dr,2026-09-07,https://www.threads.com/@poo2dr/post/Dc_E4r7HTBh,https://lfqgj.com/d/B71B7A48,,,0.0,lfqgj.com,['qsh-alpha'],1,台灣｜藏在花園裡的咖啡廳！景觀真的超美，呆一下午也不會膩 lfqgj.com/d/B71… 2 / 2,sweep_b1_hits.csv
2026-09-05_13-23-41,qsh-alpha,lfqgj.com,bufengwuna,2026-09-07,https://www.threads.com/@bufengwuna/post/Dc-v4dOG6p9,https://lfqgj.com/d/42FB442C,,,0.0,lfqgj.com,['qsh-alpha'],1,「媽媽，我為什麼要讀書？」智慧媽媽這般回答，讓孩子受益一生 lfqgj.com/d/42F… 2 / 2,sweep_b1_hits.csv
2026-09-05_13-23-41,qsh-alpha,lfqgj.com,xian.nong,2026-09-07,https://www.threads.com/@xian.nong/post/Dc-dxZwkWMR,https://lfqgj.com/d/3616ACE9,,,0.0,lfqgj.com,['qsh-alpha'],1,純愛戰士必看！最強戀愛新番！ lfqgj.com/d/361… 2 / 2,sweep_b1_hits.csv
2026-09-05_13-23-41,qsh-alpha,lfqgj.com,mibg1yurc2024,2026-09-07,https://www.threads.com/@mibg1yurc2024/post/Dc-YQRJkQbM,https://lfqgj.com/d/B455F033,,,0.0,lfqgj.com,['qsh-alpha'],1,忍人所不能忍，最能忍的星座TOP4，第一名是忍者神龜 lfqgj.com/d/B45… 2 / 2,sweep_b1_hits.csv
2026-09-05_13-23-41,qsh-alpha,lfqgj.com,doushijiahao123,2026-09-07,https://www.threads.com/@doushijiahao123/post/Dc-Ti-7lGoS,https://lfqgj.com/d/0358EA52,,,0.0,lfqgj.com,['qsh-alpha'],1,幼兒園里也有潛規則：3類孩子老師不喜歡卻不明說，家長要早知道 lfqgj.com/d/035… 2 / 2,sweep_b1_hits.csv
2026-09-05_13-23-41,qsh-alpha,lfqgj.com,doushijiahao123,2026-09-07,https://www.threads.com/@doushijiahao123/post/Dc-TdIfoMm3,https://lfqgj.com/d/86275493,,,0.0,lfqgj.com,['qsh-alpha'],1,當孩子說「媽媽，別人不和我玩」，你的回答將影響孩子一生！ lfqgj.com/d/862… 2 / 2,sweep_b1_hits.csv
2026-09-05_13-23-41,qsh-alpha,lfqgj.com,doushijiahao123,2026-09-07,https://www.threads.com/@doushijiahao123/post/Dc95_oYmL7U,https://lfqgj.com/d/6BFA259F,,,0.0,lfqgj.com,['qsh-alpha'],1,父母常對孩子說「三句話」，特別第二句，保證孩子一天比一天優秀 lfqgj.com/d/6BF… 2 / 2,sweep_b1_hits.csv
2026-09-05_13-23-41,qsh-alpha,lfqgj.com,mibg1yurc2024,2026-09-07,https://www.threads.com/@mibg1yurc2024/post/Dc94J44k0dE,https://lfqgj.com/d/25F5C273,,,0.0,lfqgj.com,['qsh-alpha'],1,認定你了！就會牽你「從老婆走到老婆婆」的三大星座男 lfqgj.com/d/25F… 2 / 2,sweep_b1_hits.csv
2026-09-05_13-23-41,qsh-alpha,lfqgj.com,poo2dr,2026-09-06,https://www.threads.com/@poo2dr/post/Dc8sMXLne4o,https://lfqgj.com/d/CEAB9300,,,0.0,lfqgj.com,['qsh-alpha'],1,台東池上：來過就會迷上的療癒地，一整個閒逸自在 lfqgj.com/d/CEA… 2 / 2,sweep_b1_hits.csv
2026-09-05_13-23-41,qsh-alpha,lfqgj.com,poo2dr,2026-09-06,https://www.threads.com/@poo2dr/post/Dc8DxK4kQuI,https://lfqgj.com/d/4988811A,,,0.0,lfqgj.com,['qsh-alpha'],1,台版圣托里尼在這！銀白漁港×蔚藍海同框「全台最美漁村觀景台」 lfqgj.com/d/498… 2 / 2,sweep_b1_hits.csv
2026-09-05_13-23-41,qsh-alpha,lfqgj.com,xian.nong,2026-09-06,https://www.threads.com/@xian.nong/post/Dc7-KS5GxYr,https://lfqgj.com/d/EE4C8002,,,11.0,lfqgj.com,['qsh-alpha'],1,【這部純愛動漫甜到心尖發顫】看完直接患上「戀愛饑渴癥」！ lfqgj.com/d/EE4… 2 / 2,sweep_b1_hits.csv
2026-09-05_13-23-41,qsh-alpha,lfqgj.com,mibg1yurc2024,2026-09-06,https://www.threads.com/@mibg1yurc2024/post/Dc74x8lEeqE,https://lfqgj.com/d/220E65F3,,,0.0,lfqgj.com,['qsh-alpha'],1,讓男人離不開，越愛越上癮的四大星座女 lfqgj.com/d/220… 2 / 2,sweep_b1_hits.csv
2026-09-05_13-23-41,qsh-alpha,lfqgj.com,doushijiahao123,2026-09-06,https://www.threads.com/@doushijiahao123/post/Dc7vQzwoLlF,https://lfqgj.com/d/D9395F01,,,0.0,lfqgj.com,['qsh-alpha'],1,這5種娃其實是「假聰明」，長大后很難有出息，家長別再沾沾自喜 lfqgj.com/d/D93… 2 / 2,sweep_b1_hits.csv
2026-09-05_13-23-41,qsh-alpha,lfqgj.com,bufengwuna,2026-09-06,https://www.threads.com/@bufengwuna/post/Dc7qmZTklWT,https://lfqgj.com/d/DE74B8EC,,,0.0,lfqgj.com,['qsh-alpha'],1,6句話讓女兒終生受益！每天說一次，她將來會感謝你！ lfqgj.com/d/DE7… 2 / 2,sweep_b1_hits.csv
2026-09-05_13-23-41,qsh-alpha,lfqgj.com,bufengwuna,2026-09-06,https://www.threads.com/@bufengwuna/post/Dc7pueYEgdl,https://lfqgj.com/d/1FBAEBD9,,,0.0,lfqgj.com,['qsh-alpha'],1,當孩子說「媽媽，別人不和我玩」，你的回答將影響孩子一生！ lfqgj.com/d/1FB… 2 / 2,sweep_b1_hits.csv
2026-09-05_13-23-41,qsh-alpha,lfqgj.com,doushijiahao123,2026-09-06,https://www.threads.com/@doushijiahao123/post/Dc7ZDfKGOeC,https://lfqgj.com/d/34EF9153,,,0.0,lfqgj.com,['qsh-alpha'],1,別再吼「不要玩手機了」！00后學霸親測：3招科學戒手機，第2招絕了 lfqgj.com/d/34E… 2 / 2,sweep_b1_hits.csv
2026-09-05_13-23-41,qsh-alpha,lfqgj.com,poo2dr,2026-09-06,https://www.threads.com/@poo2dr/post/Dc7OYUuk4E6,https://lfqgj.com/d/84E74EC9,,,0.0,lfqgj.com,['qsh-alpha'],1,台中｜一秒到歐洲的私廚料理，慶生必去 lfqgj.com/d/84E… 2 / 2,sweep_b1_hits.csv
2026-09-05_13-23-41,qsh-alpha,lfqgj.com,xian.nong,2026-09-05,https://www.threads.com/@xian.nong/post/Dc57JnJCQds,https://lfqgj.com/d/8678DA5A,,,0.0,lfqgj.com,['qsh-alpha'],1,推薦八部催淚動畫！一秒戳中你的淚點~ lfqgj.com/d/867… 2 / 2,sweep_b1_hits.csv
2026-09-05_13-23-41,qsh-alpha,lfqgj.com,mibg1yurc2024,2026-09-05,https://www.threads.com/@mibg1yurc2024/post/Dc5QuXPEW6r,https://lfqgj.com/d/32C8159F,,,0.0,lfqgj.com,['qsh-alpha'],1,最吸引男人的「4個星座女」！第一名男人完全沒有抵抗力 lfqgj.com/d/32C… 2 / 2,sweep_b1_hits.csv
2026-09-05_13-23-41,qsh-alpha,lfqgj.com,poo2dr,2026-09-05,https://www.threads.com/@poo2dr/post/Dc4prEjEz1I,https://lfqgj.com/d/E39CEAEA,,,0.0,lfqgj.com,['qsh-alpha'],1,台灣｜隱身在山谷間的翠綠抹茶山，風景超療愈~ lfqgj.com/d/E39… 2 / 2,sweep_b1_hits.csv
2026-09-05_13-23-41,qsh-alpha,lfqgj.com,poo2dr,2026-09-04,https://www.threads.com/@poo2dr/post/Dc3nJv1E3Oi,https://lfqgj.com/d/2100F817,,,1.0,lfqgj.com,['qsh-alpha'],1,台灣｜來三峽怎麼可以不去Guhill好適山坡 lfqgj.com/d/210… 2 / 2,sweep_b1_hits.csv
2026-09-05_13-23-41,qsh-alpha,lfqgj.com,poo2dr,2026-09-04,https://www.threads.com/@poo2dr/post/Dc3Xndkk8lu,https://lfqgj.com/d/92F84901,,,0.0,lfqgj.com,['qsh-alpha'],1,苗栗還有這樣的地方｜世外桃源，遠離都市吧 lfqgj.com/d/92F… 2 / 2,sweep_b1_hits.csv
2026-09-05_13-23-41,qsh-alpha,lfqgj.com,mibg1yurc2024,2026-09-04,https://www.threads.com/@mibg1yurc2024/post/Dc26bzvEVQo,https://lfqgj.com/d/FD64CA66,,,0.0,lfqgj.com,['qsh-alpha'],1,異性緣爆表的六大星座，你果然天生招桃花 lfqgj.com/d/FD6… 2 / 2,sweep_b1_hits.csv
2026-09-05_13-23-41,qsh-alpha,lfqgj.com,bufengwuna,2026-09-04,https://www.threads.com/@bufengwuna/post/Dc2rdc-FfmK,https://lfqgj.com/d/FEE0B62F,,,0.0,lfqgj.com,['qsh-alpha'],1,孩子跟你「親不親」，不用總是問，只要有這三個表現就「妥妥的」 lfqgj.com/d/FEE… 2 / 2,sweep_b1_hits.csv
2026-09-05_13-23-41,qsh-alpha,lfqgj.com,bufengwuna,2026-09-04,https://www.threads.com/@bufengwuna/post/Dc2PEX3Eg2c,https://lfqgj.com/d/612C34AB,,,0.0,lfqgj.com,['qsh-alpha'],1,從小多陪孩子做3件事，可以培養孩子的高情商，情緒也更加穩定 lfqgj.com/d/612… 2 / 2,sweep_b1_hits.csv
2026-09-05_13-23-41,qsh-alpha,lfqgj.com,xian.nong,2026-09-03,https://www.threads.com/@xian.nong/post/DczlXGXCacg,https://lfqgj.com/d/433C95FA,,,1.0,lfqgj.com,['qsh-alpha'],1,🔥高燃預警！超熱血戰斗番合集，碼住必看 lfqgj.com/d/433… 2 / 2,sweep_b1_hits.csv
2026-09-05_13-23-41,qsh-alpha,lfqgj.com,mibg1yurc2024,2026-09-02,https://www.threads.com/@mibg1yurc2024/post/Dcxk6nhE3_g,https://lfqgj.com/d/91BE3FC4,,,0.0,lfqgj.com,['qsh-alpha'],1,「對不起，我錯了！」三個星座超好強！他們願意「低頭」，就是真的很愛你！ lfqgj.com/d/91B… 2 / 2,sweep_b1_hits.csv
2026-09-05_13-23-41,qsh-alpha,lfqgj.com,mibg1yurc2024,2026-09-02,https://www.threads.com/@mibg1yurc2024/post/Dcxdnmvk-b5,https://lfqgj.com/d/CE89B3C2,,,0.0,lfqgj.com,['qsh-alpha'],1,下半年，會陷入「感情危機」的五大星座，真的渾身發抖 lfqgj.com/d/CE8… 2 / 2,sweep_b1_hits.csv
2026-09-05_13-23-41,qsh-alpha,lfqgj.com,poo2dr,2026-09-02,https://www.threads.com/@poo2dr/post/DcxVCvPE2tq,https://lfqgj.com/d/57C3A5ED,,,0.0,lfqgj.com,['qsh-alpha'],1,台灣版海岸天堂！墾丁海岸線，用時速40公里，收藏太平洋的藍 lfqgj.com/d/57C… 2 / 2,sweep_b1_hits.csv
2026-09-05_13-23-41,qsh-alpha,lfqgj.com,xian.nong,2026-09-02,https://www.threads.com/@xian.nong/post/DcxPtOPiW5z,https://lfqgj.com/d/8480093F,,,0.0,lfqgj.com,['qsh-alpha'],1,神番🔥都給我去看😭一口氣看完❗️太爽了 lfqgj.com/d/848… 2 / 2,sweep_b1_hits.csv
2026-09-05_13-23-41,qsh-alpha,lfqgj.com,mibg1yurc2024,2026-09-01,https://www.threads.com/@mibg1yurc2024/post/DcvYaPdExUr,https://lfqgj.com/d/18FDE5CD,,,0.0,lfqgj.com,['qsh-alpha'],1,三個舉動證明12星座動了真情，真是不要太準~ lfqgj.com/d/18F… 2 / 2,sweep_b1_hits.csv
2026-09-05_13-23-41,qsh-alpha,lfqgj.com,poo2dr,2026-09-01,https://www.threads.com/@poo2dr/post/DcvUNBOE26h,https://lfqgj.com/d/4D7FEEBC,,,0.0,lfqgj.com,['qsh-alpha'],1,淡水｜最新最chill的咖啡廳，氛圍感十足 lfqgj.com/d/4D7… 2 / 2,sweep_b1_hits.csv
2026-09-05_13-23-41,qsh-alpha,lfqgj.com,xian.nong,2026-09-01,https://www.threads.com/@xian.nong/post/DcvSW--GwBA,https://lfqgj.com/d/7F42ECF0,,,0.0,lfqgj.com,['qsh-alpha'],1,前奏響雞皮起一定要看的24部熱血戰斗番！ lfqgj.com/d/7F4… 2 / 2,sweep_b1_hits.csv
2026-09-05_13-23-41,qsh-alpha,lfqgj.com,poo2dr,2026-09-01,https://www.threads.com/@poo2dr/post/DcuYoxWk_kF,https://lfqgj.com/d/85DC4F23,,,0.0,lfqgj.com,['qsh-alpha'],1,寶島也有世界級美景！台版合掌村「42棟繽紛小木屋」隱身絕美山林　雲霧繚繞「宛如置身仙境」網讚：此生必去 lfqgj.com/d/85D… 2 / 2,sweep_b1_hits.csv
2026-09-05_13-23-41,qsh-alpha,lfqgj.com,xian.nong,2026-09-01,https://www.threads.com/@xian.nong/post/DcuYSPmiVjh,https://lfqgj.com/d/E799C736,,,0.0,lfqgj.com,['qsh-alpha'],1,日本漫迷最想完結的五部動漫，獵人榮獲第三，海賊王僅排第二 lfqgj.com/d/E79… 2 / 2,sweep_b1_hits.csv
2026-09-05_13-23-41,qsh-alpha,lfqgj.com,mibg1yurc2024,2026-08-31,https://www.threads.com/@mibg1yurc2024/post/Dcsy15LHS2X,https://lfqgj.com/d/6E4D45C1,,,0.0,lfqgj.com,['qsh-alpha'],1,一生難以交往的五個星座組合，真是天生不對路 lfqgj.com/d/6E4… 2 / 2,sweep_b1_hits.csv
2026-09-05_13-23-41,qsh-alpha,lfqgj.com,doushijiahao123,2026-08-31,https://www.threads.com/@doushijiahao123/post/Dcsou7alN5h,https://lfqgj.com/d/177164FB,,,0.0,lfqgj.com,['qsh-alpha'],1,父母常對孩子說「三句話」，特別第二句，保證孩子一天比一天優秀 lfqgj.com/d/177… 2 / 2,sweep_b1_hits.csv
2026-09-05_13-23-41,qsh-alpha,lfqgj.com,doushijiahao123,2026-08-31,https://www.threads.com/@doushijiahao123/post/DcsICuDFJAR,https://lfqgj.com/d/E9C8BFF0,,,0.0,lfqgj.com,['qsh-alpha'],1,低層次家庭，喜歡不停「講道理」，而高層次家庭，爸爸會做「這5件事」：將影響孩子一生 lfqgj.com/d/E9C… 2 / 2,sweep_b1_hits.csv
2026-09-05_13-23-41,qsh-alpha,lfqgj.com,poo2dr,2026-08-30,https://www.threads.com/@poo2dr/post/Dcp-mQ2ERWe,https://lfqgj.com/d/9D0D9A18,,,0.0,lfqgj.com,['qsh-alpha'],1,「台中拜拜兼療愈！」大里隱藏版呼吸建筑 木質空間+流水造景 感受藏在都市內部版綠洲 lfqgj.com/d/9D0… 2 / 2,sweep_b1_hits.csv
2026-09-05_13-23-41,qsh-alpha,lfqgj.com,mibg1yurc2024,2026-08-30,https://www.threads.com/@mibg1yurc2024/post/Dcp60kWETxZ,https://lfqgj.com/d/CC5FE0F9,,,0.0,lfqgj.com,['qsh-alpha'],1,一兇就離開，越寵越聽話的星座top3 lfqgj.com/d/CC5… 2 / 2,sweep_b1_hits.csv
2026-09-05_13-23-41,qsh-alpha,lfqgj.com,bufengwuna,2026-08-30,https://www.threads.com/@bufengwuna/post/Dcp1QGpklqE,https://lfqgj.com/d/5C7C6FF8,,,0.0,lfqgj.com,['qsh-alpha'],1,孩子越管越叛逆，打罵只會適得其反，不如試試「魚缸法則」，比你喊破喉嚨都管用 lfqgj.com/d/5C7… 2 / 2,sweep_b1_hits.csv
2026-09-05_13-23-41,qsh-alpha,lfqgj.com,poo2dr,2026-08-30,https://www.threads.com/@poo2dr/post/DcpWK87E2T0,https://lfqgj.com/d/660B1D46,,,0.0,lfqgj.com,['qsh-alpha'],1,台北開車1小時直達！這間山中禪風茶屋，讓人一坐下就不想回城市了🍵 lfqgj.com/d/660… 2 / 2,sweep_b1_hits.csv
2026-09-05_13-23-41,qsh-alpha,lfqgj.com,poo2dr,2026-08-29,https://www.threads.com/@poo2dr/post/DcoFO5wk-1y,https://lfqgj.com/d/F9607DD5,,,0.0,lfqgj.com,['qsh-alpha'],1,新北小眾景點！全台唯一的梯田「鳶尾花海」，還可以體驗一日小農 lfqgj.com/d/F96… 2 / 2,sweep_b1_hits.csv
2026-09-05_13-23-41,qsh-alpha,lfqgj.com,xian.nong,2026-08-29,https://www.threads.com/@xian.nong/post/DcncqyxG0Qb,https://lfqgj.com/d/C20F82CB,,,1.0,lfqgj.com,['qsh-alpha'],1,如果當初去雨隱村的是大蛇丸，能打過佩恩或者逃脫嗎? lfqgj.com/d/C20… 2 / 2,sweep_b1_hits.csv
2026-09-05_13-23-41,qsh-alpha,lfqgj.com,poo2dr,2026-08-29,https://www.threads.com/@poo2dr/post/DcmpkMqE8i6,https://lfqgj.com/d/651D555A,,,0.0,lfqgj.com,['qsh-alpha'],1,台北｜新開幕老宅餐廳，氣氛超好！ lfqgj.com/d/651… 2 / 2,sweep_b1_hits.csv
2026-09-05_13-23-41,qsh-alpha,lfqgj.com,xian.nong,2026-08-28,https://www.threads.com/@xian.nong/post/DclKewmCfZ3,https://lfqgj.com/d/41A02670,,,0.0,lfqgj.com,['qsh-alpha'],1,魔法冒險新番推薦：5部高燃新作，召喚與友情的異世界之旅 lfqgj.com/d/41A… 2 / 2,sweep_b1_hits.csv
2026-09-05_13-23-41,qsh-alpha,lfqgj.com,mibg1yurc2024,2026-08-28,https://www.threads.com/@mibg1yurc2024/post/DclGLI8E8mC,https://lfqgj.com/d/67668DE0,,,0.0,lfqgj.com,['qsh-alpha'],1,獅子座的四大「致命弱點」，能懂的才是真愛 lfqgj.com/d/676… 2 / 2,sweep_b1_hits.csv
2026-09-05_13-23-41,qsh-alpha,lfqgj.com,doushijiahao123,2026-08-28,https://www.threads.com/@doushijiahao123/post/Dck0pj3FMHs,https://lfqgj.com/d/6923FA35,,,0.0,lfqgj.com,['qsh-alpha'],1,孩子跟你「親不親」，不用總是問，只要有這三個表現就「妥妥的」 lfqgj.com/d/692… 2 / 2,sweep_b1_hits.csv
2026-09-05_13-23-41,qsh-alpha,lfqgj.com,poo2dr,2026-08-28,https://www.threads.com/@poo2dr/post/DcksgtDExip,https://lfqgj.com/d/30473642,,,0.0,lfqgj.com,['qsh-alpha'],1,台灣｜藏在花園裡的咖啡廳！景觀真的超美，呆一下午也不會膩 lfqgj.com/d/304… 2 / 2,sweep_b1_hits.csv
2026-09-05_13-23-41,qsh-alpha,lfqgj.com,xian.nong,2026-08-28,https://www.threads.com/@xian.nong/post/DckG2q4CbOF,https://lfqgj.com/d/C66BA513,,,0.0,lfqgj.com,['qsh-alpha'],1,純愛黨必看！這5部高甜戀愛番讓你血糖飆升，甜到蛀牙！ lfqgj.com/d/C66… 2 / 2,sweep_b1_hits.csv
2026-09-05_13-23-41,qsh-alpha,lfqgj.com,mibg1yurc2024,2026-08-28,https://www.threads.com/@mibg1yurc2024/post/DckGvugE3Kw,https://lfqgj.com/d/E6A4B370,,,0.0,lfqgj.com,['qsh-alpha'],1,淡然一笑裝作釋懷，臉上滿是無奈的3個星座，紙短情長啊 lfqgj.com/d/E6A… 2 / 2,sweep_b1_hits.csv
2026-09-05_13-23-41,qsh-alpha,lfqgj.com,xian.nong,2026-08-27,https://www.threads.com/@xian.nong/post/DciN8E9ETpB,https://lfqgj.com/d/8669E5A2,,,1.0,lfqgj.com,['qsh-alpha'],1,魔法冒險新番推薦：5部高燃新作，召喚與友情的異世界之旅 lfqgj.com/d/866… 2 / 2,sweep_b1_hits.csv
2026-09-05_13-23-41,qsh-alpha,lfqgj.com,poo2dr,2026-08-27,https://www.threads.com/@poo2dr/post/Dch80Lpk2dE,https://lfqgj.com/d/2D2E7749,,,0.0,lfqgj.com,['qsh-alpha'],1,台中｜一秒到歐洲的私廚料理，慶生必去 lfqgj.com/d/2D2… 2 / 2,sweep_b1_hits.csv
2026-09-05_13-23-41,qsh-alpha,lfqgj.com,mibg1yurc2024,2026-08-27,https://www.threads.com/@mibg1yurc2024/post/Dch1mv8k3ZL,https://lfqgj.com/d/84F3AA1D,,,0.0,lfqgj.com,['qsh-alpha'],1,最不能瞧不起的四大星座，今天對他愛搭不理，日后必讓你高攀不起 lfqgj.com/d/84F… 2 / 2,sweep_b1_hits.csv
2026-09-05_13-23-41,qsh-alpha,lfqgj.com,bufengwuna,2026-08-27,https://www.threads.com/@bufengwuna/post/Dchen86EhZs,https://lfqgj.com/d/DCBEDB78,,,0.0,lfqgj.com,['qsh-alpha'],1,當孩子說「媽媽，別人不和我玩」，你的回答將影響孩子一生！ lfqgj.com/d/DCB… 2 / 2,sweep_b1_hits.csv
2026-09-05_13-23-41,qsh-alpha,lfqgj.com,xian.nong,2026-08-26,https://www.threads.com/@xian.nong/post/DcfK9jiCbmZ,https://lfqgj.com/d/A010B0BC,,,1.0,lfqgj.com,['qsh-alpha'],1,這部「優雅與血腥并存」的英倫風動漫，每一幀都美到窒息！ lfqgj.com/d/A01… 2 / 2,sweep_b1_hits.csv
2026-09-05_13-23-41,qsh-alpha,lfqgj.com,poo2dr,2026-08-25,https://www.threads.com/@poo2dr/post/Dcd2xjukzU9,https://lfqgj.com/d/D6AFD3CE,,,0.0,lfqgj.com,['qsh-alpha'],1,台灣｜來三峽怎麼可以不去Guhill好適山坡 lfqgj.com/d/D6A… 2 / 2,sweep_b1_hits.csv
2026-09-05_13-23-41,qsh-alpha,lfqgj.com,bufengwuna,2026-08-25,https://www.threads.com/@bufengwuna/post/DcdY5mYG2YF,https://lfqgj.com/d/E9A19175,,,0.0,lfqgj.com,['qsh-alpha'],1,數據顯示，孩子長大后仍然「跟媽親」，關鍵是媽媽做對了「這3點」 lfqgj.com/d/E9A… 2 / 2,sweep_b1_hits.csv
2026-09-05_13-23-41,qsh-alpha,lfqgj.com,xian.nong,2026-08-25,https://www.threads.com/@xian.nong/post/DcdKryGmzAW,https://lfqgj.com/d/FE4A3521,,,0.0,lfqgj.com,['qsh-alpha'],1,6️⃣部超甜！25年戀愛新番都給我看！這六部動漫巨巨好！！ lfqgj.com/d/FE4… 2 / 2,sweep_b1_hits.csv
2026-09-05_13-23-41,qsh-alpha,lfqgj.com,mibg1yurc2024,2026-08-25,https://www.threads.com/@mibg1yurc2024/post/Dcc93lkEx9_,https://lfqgj.com/d/1D42A3B5,,,0.0,lfqgj.com,['qsh-alpha'],1,「你敢兇我就敢走！」這四大星座女「只能被寵著」，越哄越乖，越氣越壞！ lfqgj.com/d/1D4… 2 / 2,sweep_b1_hits.csv
2026-09-05_13-23-41,qsh-alpha,lfqgj.com,poo2dr,2026-08-25,https://www.threads.com/@poo2dr/post/Dccu7vqE7SG,https://lfqgj.com/d/58CB35A2,,,0.0,lfqgj.com,['qsh-alpha'],1,苗栗還有這樣的地方｜世外桃源，遠離都市吧 lfqgj.com/d/58C… 2 / 2,sweep_b1_hits.csv
2026-09-05_13-23-41,qsh-alpha,lfqgj.com,xian.nong,2026-08-25,https://www.threads.com/@xian.nong/post/DccWpvkicZ9,https://lfqgj.com/d/939DB5CD,,,19.0,lfqgj.com,['qsh-alpha'],1,6️⃣部超甜！25年戀愛新番都給我看！這六部動漫巨巨好！！ lfqgj.com/d/939… 2 / 2,sweep_b1_hits.csv
2026-09-05_13-23-41,qsh-alpha,lfqgj.com,bufengwuna,2026-08-24,https://www.threads.com/@bufengwuna/post/Dcav1S8EkVS,https://lfqgj.com/d/F24008E9,,,0.0,lfqgj.com,['qsh-alpha'],1,當孩子發出「三個信號時」，代表停止發育，身高基本定型 lfqgj.com/d/F24… 2 / 2,sweep_b1_hits.csv
2026-09-05_13-23-41,qsh-alpha,lfqgj.com,doushijiahao123,2026-08-24,https://www.threads.com/@doushijiahao123/post/DcZ_jUMlIzs,https://lfqgj.com/d/2C7E076E,,,0.0,lfqgj.com,['qsh-alpha'],1,孩子越管越叛逆，打罵只會適得其反，不如試試「魚缸法則」，比你喊破喉嚨都管用 lfqgj.com/d/2C7… 2 / 2,sweep_b1_hits.csv
2026-09-05_13-23-41,qsh-alpha,lfqgj.com,xian.nong,2026-08-24,https://www.threads.com/@xian.nong/post/DcZyETXiTbT,https://lfqgj.com/d/6B5EC7AA,,,25.0,lfqgj.com,['qsh-alpha'],1,失業宅家不 emo！這10部動漫幫你充能回血 lfqgj.com/d/6B5… 2 / 2,sweep_b1_hits.csv
2026-09-05_13-23-41,qsh-alpha,lfqgj.com,mibg1yurc2024,2026-08-23,https://www.threads.com/@mibg1yurc2024/post/DcYEloIEyqU,https://lfqgj.com/d/D31238DD,,,0.0,lfqgj.com,['qsh-alpha'],1,最難追的四大星座，太冷淡，太慢熱，唯有真心真意，才能打動他們 lfqgj.com/d/D31… 2 / 2,sweep_b1_hits.csv
2026-09-05_13-23-41,qsh-alpha,lfqgj.com,bufengwuna,2026-08-23,https://www.threads.com/@bufengwuna/post/DcYAgQjktyD,https://lfqgj.com/d/F6DC4678,,,0.0,lfqgj.com,['qsh-alpha'],1,「生二胎后，越來越討厭老大！」寶媽吐露心聲，引發許多媽媽共鳴 lfqgj.com/d/F6D… 2 / 2,sweep_b1_hits.csv
2026-09-05_13-23-41,qsh-alpha,lfqgj.com,xian.nong,2026-08-23,https://www.threads.com/@xian.nong/post/DcXOJg1iWJJ,https://lfqgj.com/d/D3AC78FE,,,1.0,lfqgj.com,['qsh-alpha'],1,失業宅家不 emo！這10部動漫幫你充能回血 lfqgj.com/d/D3A… 2 / 2,sweep_b1_hits.csv
2026-09-05_13-23-41,qsh-alpha,lfqgj.com,mibg1yurc2024,2026-08-22,https://www.threads.com/@mibg1yurc2024/post/DcVPI-4ExkJ,https://lfqgj.com/d/E4406BF8,,,0.0,lfqgj.com,['qsh-alpha'],1,你越不理睬，他貼得越緊的三大星座，收穫餘生摯愛！ lfqgj.com/d/E44… 2 / 2,sweep_b1_hits.csv
2026-09-05_13-23-41,qsh-alpha,lfqgj.com,xian.nong,2026-08-22,https://www.threads.com/@xian.nong/post/DcVJRxaG5x_,https://lfqgj.com/d/19C43ECB,,,76.0,lfqgj.com,['qsh-alpha'],1,【半妖少年×捅刀少女】禁忌之戀引爆全網！刀尖舔糖的極致虐戀，這設定太帶感了！ lfqgj.com/d/19C… 2 / 2,sweep_b1_hits.csv
2026-09-05_13-23-41,qsh-alpha,lfqgj.com,xian.nong,2026-08-22,https://www.threads.com/@xian.nong/post/DcUoCHAk_qk,https://lfqgj.com/d/62DD5D99,,,0.0,lfqgj.com,['qsh-alpha'],1,失業宅家不 emo！這10部動漫幫你充能回血 lfqgj.com/d/62D… 2 / 2,sweep_b1_hits.csv
2026-09-05_13-23-41,qsh-alpha,lfqgj.com,mibg1yurc2024,2026-08-22,https://www.threads.com/@mibg1yurc2024/post/DcUl2zvE_sz,https://lfqgj.com/d/114C01DF,,,0.0,lfqgj.com,['qsh-alpha'],1,我不是沒脾氣，只是不輕易發脾氣的星座 lfqgj.com/d/114… 2 / 2,sweep_b1_hits.csv
2026-09-05_13-23-41,qsh-alpha,lfqgj.com,mibg1yurc2024,2026-08-21,https://www.threads.com/@mibg1yurc2024/post/DcSOG3Ck6qX,https://lfqgj.com/d/D33D1AA1,,,0.0,lfqgj.com,['qsh-alpha'],1,最吸引男人的「4個星座女」！第一名男人完全沒有抵抗力 lfqgj.com/d/D33… 2 / 2,sweep_b1_hits.csv
2026-09-05_13-23-41,qsh-alpha,lfqgj.com,doushijiahao123,2026-08-21,https://www.threads.com/@doushijiahao123/post/DcSKxIyGL6x,https://lfqgj.com/d/379AC55A,,,0.0,lfqgj.com,['qsh-alpha'],1,孩子跟你「親不親」，不用總是問，只要有這三個表現就「妥妥的」 lfqgj.com/d/379… 2 / 2,sweep_b1_hits.csv
2026-09-05_13-23-41,qsh-alpha,lfqgj.com,doushijiahao123,2026-08-20,https://www.threads.com/@doushijiahao123/post/DcR_KjEmFzs,https://lfqgj.com/d/83A0F72E,,,0.0,lfqgj.com,['qsh-alpha'],1,寶寶睡覺前的粘人小「癖好」別急著制止，是向媽媽表達愛意，別強行戒掉 lfqgj.com/d/83A… 2 / 2,sweep_b1_hits.csv
2026-09-05_13-23-41,qsh-alpha,lfqgj.com,poo2dr,2026-08-20,https://www.threads.com/@poo2dr/post/DcQHRHFE9AE,https://lfqgj.com/d/4B207328,,,0.0,lfqgj.com,['qsh-alpha'],1,別再人擠人！「神級海景路線」一次看夠 網哭：以前都白去了 lfqgj.com/d/4B2… 2 / 2,sweep_b1_hits.csv
2026-09-05_13-23-41,qsh-alpha,lfqgj.com,xian.nong,2026-08-20,https://www.threads.com/@xian.nong/post/DcPdKg-ia_j,https://lfqgj.com/d/299E9693,,,0.0,lfqgj.com,['qsh-alpha'],1,失業宅家不 emo！這10部動漫幫你充能回血 lfqgj.com/d/299… 2 / 2,sweep_b1_hits.csv
2026-09-05_13-23-41,qsh-alpha,lfqgj.com,poo2dr,2026-08-20,https://www.threads.com/@poo2dr/post/DcPbqkWkydy,https://lfqgj.com/d/14AD0E7E,,,0.0,lfqgj.com,['qsh-alpha'],1,「台中拜拜兼療愈！」大里隱藏版呼吸建筑 木質空間+流水造景 感受藏在都市內部版綠洲 lfqgj.com/d/14A… 2 / 2,sweep_b1_hits.csv
2026-09-05_13-23-41,qsh-alpha,lfqgj.com,poo2dr,2026-08-19,https://www.threads.com/@poo2dr/post/DcORKg6EwP0,https://lfqgj.com/d/87F051F9,,,0.0,lfqgj.com,['qsh-alpha'],1,台北｜新開幕老宅餐廳，氣氛超好！ lfqgj.com/d/87F… 2 / 2,sweep_b1_hits.csv
2026-09-05_13-23-41,qsh-alpha,lfqgj.com,xian.nong,2026-08-19,https://www.threads.com/@xian.nong/post/DcOIWxiCffg,https://lfqgj.com/d/A438A8CE,,,0.0,lfqgj.com,['qsh-alpha'],1,失業宅家不 emo！這10部動漫幫你充能回血 lfqgj.com/d/A43… 2 / 2,sweep_b1_hits.csv
2026-09-05_13-23-41,qsh-alpha,lfqgj.com,poo2dr,2026-08-19,https://www.threads.com/@poo2dr/post/DcN_6Vdkw7-,https://lfqgj.com/d/2BD823D8,,,0.0,lfqgj.com,['qsh-alpha'],1,新北小眾景點！全台唯一的梯田「鳶尾花海」，還可以體驗一日小農 lfqgj.com/d/2BD… 2 / 2,sweep_b1_hits.csv
2026-09-05_13-23-41,qsh-alpha,lfqgj.com,poo2dr,2026-08-19,https://www.threads.com/@poo2dr/post/DcNak06k7eA,https://lfqgj.com/d/1870BA42,,,0.0,lfqgj.com,['qsh-alpha'],1,花東限定的最美列車！「山嵐號」正式啟航，行駛路線，停靠站一次看 lfqgj.com/d/187… 2 / 2,sweep_b1_hits.csv
2026-09-05_13-23-41,qsh-alpha,lfqgj.com,ovc59181,2026-08-19,https://www.threads.com/@ovc59181/post/DcM-mNQiQwP,https://lfqgj.com/d/B099C75A,,,0.0,lfqgj.com,['qsh-alpha'],1,火影忍者：宇智波一族有很多人會寫輪眼，那千手一族為何只有柱間會木遁 lfqgj.com/d/B09… 2 / 2,sweep_b1_hits.csv
2026-09-05_13-23-41,qsh-alpha,lfqgj.com,mibg1yurc2024,2026-08-19,https://www.threads.com/@mibg1yurc2024/post/DcM8BSmk35e,https://lfqgj.com/d/F7723788,,,0.0,lfqgj.com,['qsh-alpha'],1,停止單方面的付出，12星座對你「失去興趣」的暗示 lfqgj.com/d/F77… 2 / 2,sweep_b1_hits.csv
2026-09-05_13-23-41,qsh-alpha,lfqgj.com,doushijiahao123,2026-08-18,https://www.threads.com/@doushijiahao123/post/DcMzpfHE5yf,https://lfqgj.com/d/2D5DA57D,,,0.0,lfqgj.com,['qsh-alpha'],1,數據顯示，孩子長大后仍然「跟媽親」，關鍵是媽媽做對了「這3點」 lfqgj.com/d/2D5… 2 / 2,sweep_b1_hits.csv
2026-09-05_13-23-41,qsh-alpha,lfqgj.com,mibg1yurc2024,2026-08-18,https://www.threads.com/@mibg1yurc2024/post/DcLIUgYEyBM,https://lfqgj.com/d/B1D5AD80,,,0.0,lfqgj.com,['qsh-alpha'],1,明明很專一，卻要假裝很花心，三大星座其實最鍾情，心裡裝的只有你 lfqgj.com/d/B1D… 2 / 2,sweep_b1_hits.csv
2026-09-05_13-23-41,qsh-alpha,lfqgj.com,poo2dr,2026-08-18,https://www.threads.com/@poo2dr/post/DcLGFuik7rp,https://lfqgj.com/d/B18ECDCE,,,0.0,lfqgj.com,['qsh-alpha'],1,台灣｜藏在花園裡的咖啡廳！景觀真的超美，呆一下午也不會膩 lfqgj.com/d/B18… 2 / 2,sweep_b1_hits.csv
2026-09-05_13-23-41,qsh-alpha,lfqgj.com,mibg1yurc2024,2026-08-18,https://www.threads.com/@mibg1yurc2024/post/DcKYQT6kyeJ,https://lfqgj.com/d/3959C2B4,,,0.0,lfqgj.com,['qsh-alpha'],1,水瓶座的內心誰都進不去！ lfqgj.com/d/395… 2 / 2,sweep_b1_hits.csv
2026-09-05_13-23-41,qsh-alpha,lfqgj.com,poo2dr,2026-08-17,https://www.threads.com/@poo2dr/post/DcIjWxDE6Z1,https://lfqgj.com/d/D47E8285,,,0.0,lfqgj.com,['qsh-alpha'],1,台中｜一秒到歐洲的私廚料理，慶生必去 lfqgj.com/d/D47… 2 / 2,sweep_b1_hits.csv
2026-09-05_13-23-41,qsh-alpha,lfqgj.com,ovc59181,2026-08-17,https://www.threads.com/@ovc59181/post/DcIM1GYia_9,https://lfqgj.com/d/0D1DB185,,,32.0,lfqgj.com,['qsh-alpha'],1,日網嚴選，二次元必看の60部動畫神作 lfqgj.com/d/0D1… 2 / 2,sweep_b1_hits.csv
2026-09-05_13-23-41,qsh-alpha,lfqgj.com,bufengwuna,2026-08-16,https://www.threads.com/@bufengwuna/post/DcGAlFiEotc,https://lfqgj.com/d/8B962C1C,,,0.0,lfqgj.com,['qsh-alpha'],1,從小多陪孩子做3件事，可以培養孩子的高情商，情緒也更加穩定 lfqgj.com/d/8B9… 2 / 2,sweep_b1_hits.csv
2026-09-05_13-23-41,qsh-alpha,lfqgj.com,ovc59181,2026-08-16,https://www.threads.com/@ovc59181/post/DcFvl3kifaA,https://lfqgj.com/d/55000242,,,0.0,lfqgj.com,['qsh-alpha'],1,反差萌！盤點動漫中8對超萌身高差兄弟姐妹，竟然年長的更矮！ lfqgj.com/d/550… 2 / 2,sweep_b1_hits.csv
2026-09-05_13-23-41,qsh-alpha,lfqgj.com,xian.nong,2026-08-16,https://www.threads.com/@xian.nong/post/DcFKeLFk8jc,https://lfqgj.com/d/64F6A2F1,,,0.0,lfqgj.com,['qsh-alpha'],1,盤點10部尺度太大被迫下架的動漫，成年人的福音，小孩繞行 lfqgj.com/d/64F… 2 / 2,sweep_b1_hits.csv
2026-09-05_13-23-41,qsh-alpha,lfqgj.com,poo2dr,2026-08-15,https://www.threads.com/@poo2dr/post/DcD4fadE6tf,https://lfqgj.com/d/D973CCE4,,,0.0,lfqgj.com,['qsh-alpha'],1,苗栗還有這樣的地方｜世外桃源，遠離都市吧 lfqgj.com/d/D97… 2 / 2,sweep_b1_hits.csv
2026-09-05_13-23-41,qsh-alpha,lfqgj.com,mibg1yurc2024,2026-08-15,https://www.threads.com/@mibg1yurc2024/post/DcDcQLrE5by,https://lfqgj.com/d/4E21749C,,,0.0,lfqgj.com,['qsh-alpha'],1,愛老婆勝過一切的四大星座，值得託付終身！天大地大老婆最大 lfqgj.com/d/4E2… 2 / 2,sweep_b1_hits.csv
2026-09-05_13-23-41,qsh-alpha,lfqgj.com,xian.nong,2026-08-15,https://www.threads.com/@xian.nong/post/DcDSU28mzZp,https://lfqgj.com/d/5DA404DA,,,1.0,lfqgj.com,['qsh-alpha'],1,火影忍者：看懂了木葉小強的婚姻，就看懂了鳴人的和平方案 lfqgj.com/d/5DA… 2 / 2,sweep_b1_hits.csv
2026-09-05_13-23-41,qsh-alpha,lfqgj.com,poo2dr,2026-08-15,https://www.threads.com/@poo2dr/post/DcCwpuvE3c4,https://lfqgj.com/d/EC18C5B0,,,0.0,lfqgj.com,['qsh-alpha'],1,台灣｜來三峽怎麼可以不去Guhill好適山坡 lfqgj.com/d/EC1… 2 / 2,sweep_b1_hits.csv
2026-09-05_13-23-41,qsh-alpha,lfqgj.com,ovc59181,2026-08-15,https://www.threads.com/@ovc59181/post/DcCuT4-CblU,https://lfqgj.com/d/ED919442,,,0.0,lfqgj.com,['qsh-alpha'],1,火影忍者：為什麼沒有了一尾守鶴，我愛羅反而變強了，岸本背鍋 lfqgj.com/d/ED9… 2 / 2,sweep_b1_hits.csv
2026-09-05_13-23-41,qsh-alpha,lfqgj.com,mibg1yurc2024,2026-08-15,https://www.threads.com/@mibg1yurc2024/post/DcCmscokzA5,https://lfqgj.com/d/830EAA53,,,0.0,lfqgj.com,['qsh-alpha'],1,一生難以交往的五個星座組合，真是天生不對路 lfqgj.com/d/830… 2 / 2,sweep_b1_hits.csv
2026-09-05_13-23-41,qsh-alpha,lfqgj.com,ovc59181,2026-08-14,https://www.threads.com/@ovc59181/post/DcBExy8Gxar,https://lfqgj.com/d/8F3C2FC1,,,0.0,lfqgj.com,['qsh-alpha'],1,海賊王：擁有皇級戰力的四位七武海，鷹眼僅排第二，榜首已成魯夫宿敵 lfqgj.com/d/8F3… 2 / 2,sweep_b1_hits.csv
2026-09-05_13-23-41,qsh-alpha,lfqgj.com,xian.nong,2026-08-14,https://www.threads.com/@xian.nong/post/DcALiwciSIN,https://lfqgj.com/d/15FD3DDE,,,1.0,lfqgj.com,['qsh-alpha'],1,推薦6部「大女主」動漫番劇，你最喜歡哪一部？ lfqgj.com/d/15F… 2 / 2,sweep_b1_hits.csv
2026-09-05_13-23-41,qsh-alpha,lfqgj.com,ovc59181,2026-08-13,https://www.threads.com/@ovc59181/post/Db-mmNXG-o-,https://lfqgj.com/d/9BBD1A75,,,0.0,lfqgj.com,['qsh-alpha'],1,火影忍者：穢土轉生狀態下，斑的查克拉幾乎是無限的，為什麼他一定要復活 lfqgj.com/d/9BB… 2 / 2,sweep_b1_hits.csv
2026-09-05_13-23-41,qsh-alpha,lfqgj.com,poo2dr,2026-08-13,https://www.threads.com/@poo2dr/post/Db-MmG8E-e2,https://lfqgj.com/d/D4277309,,,0.0,lfqgj.com,['qsh-alpha'],1,台灣版海岸天堂！墾丁海岸線，用時速40公里，收藏太平洋的藍 lfqgj.com/d/D42… 2 / 2,sweep_b1_hits.csv
2026-09-05_13-23-41,qsh-alpha,lfqgj.com,xian.nong,2026-08-13,https://www.threads.com/@xian.nong/post/Db98DCMm9wC,https://lfqgj.com/d/DD8CADFF,,,0.0,lfqgj.com,['qsh-alpha'],1,海賊王1159話：加林圣是神之谷大戰的王者，他獲得牛鬼形態 lfqgj.com/d/DD8… 2 / 2,sweep_b1_hits.csv
2026-09-05_13-23-41,qsh-alpha,lfqgj.com,ovc59181,2026-08-13,https://www.threads.com/@ovc59181/post/Db9mj-_iYur,https://lfqgj.com/d/9318D64E,,,0.0,lfqgj.com,['qsh-alpha'],1,火影忍者：如果佩恩入侵木葉一戰中，鳴人換成佐助，能不能守住木葉呢 lfqgj.com/d/931… 2 / 2,sweep_b1_hits.csv
2026-09-05_13-23-41,qsh-alpha,lfqgj.com,xian.nong,2026-08-13,https://www.threads.com/@xian.nong/post/Db9cD1vCQVl,https://lfqgj.com/d/DC377C3D,,,0.0,lfqgj.com,['qsh-alpha'],1,全員高顏值🌸超甜純愛番❕男主帥翻了‼️ lfqgj.com/d/DC3… 2 / 2,sweep_b1_hits.csv
2026-09-05_13-23-41,qsh-alpha,lfqgj.com,poo2dr,2026-08-13,https://www.threads.com/@poo2dr/post/Db9aYnqk_lp,https://lfqgj.com/d/E55AAF29,,,0.0,lfqgj.com,['qsh-alpha'],1,台北開車1小時直達！這間山中禪風茶屋，讓人一坐下就不想回城市了🍵 lfqgj.com/d/E55… 2 / 2,sweep_b1_hits.csv
2026-09-05_13-23-41,qsh-alpha,lfqgj.com,poo2dr,2026-08-12,https://www.threads.com/@poo2dr/post/Db8RV7dExo_,https://lfqgj.com/d/76F5F533,,,0.0,lfqgj.com,['qsh-alpha'],1,寶島也有世界級美景！台版合掌村「42棟繽紛小木屋」隱身絕美山林　雲霧繚繞「宛如置身仙境」網讚：此生必去 lfqgj.com/d/76F… 2 / 2,sweep_b1_hits.csv
2026-09-05_13-23-41,qsh-alpha,lfqgj.com,mibg1yurc2024,2026-08-12,https://www.threads.com/@mibg1yurc2024/post/Db7ycaukzod,https://lfqgj.com/d/52556336,,,0.0,lfqgj.com,['qsh-alpha'],1,「不要走～陪在我身邊～」12星座沒有『安全感』的表現，快好好安撫他的心！ lfqgj.com/d/525… 2 / 2,sweep_b1_hits.csv
2026-09-05_13-23-41,qsh-alpha,lfqgj.com,xian.nong,2026-08-12,https://www.threads.com/@xian.nong/post/Db7OyOMm8uD,https://lfqgj.com/d/95EB34FD,,,0.0,lfqgj.com,['qsh-alpha'],1,甜蜜特輯，30部超甜戀愛番 lfqgj.com/d/95E… 2 / 2,sweep_b1_hits.csv
2026-09-05_13-23-41,qsh-alpha,lfqgj.com,ovc59181,2026-08-12,https://www.threads.com/@ovc59181/post/Db690MpCV1n,https://lfqgj.com/d/6B3C68E6,,,0.0,lfqgj.com,['qsh-alpha'],1,博人傳劇情太逆天，老粉直接破防，網友：畫不了可以不畫 lfqgj.com/d/6B3… 2 / 2,sweep_b1_hits.csv
2026-09-05_13-23-41,qsh-alpha,lfqgj.com,bufengwuna,2026-08-11,https://www.threads.com/@bufengwuna/post/Db6zhIyElhJ,https://lfqgj.com/d/C9641845,,,0.0,lfqgj.com,['qsh-alpha'],1,寶寶睡覺前的粘人小「癖好」別急著制止，是向媽媽表達愛意，別強行戒掉 lfqgj.com/d/C96… 2 / 2,sweep_b1_hits.csv
2026-09-05_13-23-41,qsh-alpha,lfqgj.com,poo2dr,2026-08-11,https://www.threads.com/@poo2dr/post/Db5tUhXE5Vd,https://lfqgj.com/d/E0CC5907,,,0.0,lfqgj.com,['qsh-alpha'],1,全世界的咖啡館｜讓我們休息會，放鬆心情的好地方 lfqgj.com/d/E0C… 2 / 2,sweep_b1_hits.csv
2026-09-05_13-23-41,qsh-alpha,lfqgj.com,xian.nong,2026-08-11,https://www.threads.com/@xian.nong/post/Db5YWTwCQ0n,https://lfqgj.com/d/1EE34BE6,,,0.0,lfqgj.com,['qsh-alpha'],1,40部值得一看的戀愛番值得推薦 lfqgj.com/d/1EE… 2 / 2,sweep_b1_hits.csv
2026-09-05_13-23-41,qsh-alpha,lfqgj.com,xian.nong,2026-08-11,https://www.threads.com/@xian.nong/post/Db4_G6jkXuF,https://lfqgj.com/d/CF2AC233,,,0.0,lfqgj.com,['qsh-alpha'],1,"盤點高分熱血番TOP10,《鬼滅之刃》《呪術迴戰》竟然紛紛落榜 lfqgj.com/d/CF2… 2 / 2",sweep_b1_hits.csv
2026-09-05_13-23-41,qsh-alpha,lfqgj.com,mibg1yurc2024,2026-08-11,https://www.threads.com/@mibg1yurc2024/post/Db46VoJk0lo,https://lfqgj.com/d/9D2D7D10,,,0.0,lfqgj.com,['qsh-alpha'],1,一生不離不棄，一旦愛上，便癡情到底的星座 lfqgj.com/d/9D2… 2 / 2,sweep_b1_hits.csv
2026-09-05_13-23-41,qsh-alpha,lfqgj.com,doushijiahao123,2026-08-11,https://www.threads.com/@doushijiahao123/post/Db4rD3YFKLR,https://lfqgj.com/d/24BDE7AB,,,0.0,lfqgj.com,['qsh-alpha'],1,寶寶睡覺前的粘人小「癖好」別急著制止，是向媽媽表達愛意，別強行戒掉 lfqgj.com/d/24B… 2 / 2,sweep_b1_hits.csv
2026-09-05_13-23-41,qsh-alpha,lfqgj.com,ovc59181,2026-08-11,https://www.threads.com/@ovc59181/post/Db4Y6gsGiH6,https://lfqgj.com/d/A0819262,,,0.0,lfqgj.com,['qsh-alpha'],1,日網嚴選，二次元必看の60部動畫神作 lfqgj.com/d/A08… 2 / 2,sweep_b1_hits.csv
2026-09-05_13-23-41,qsh-alpha,lfqgj.com,bufengwuna,2026-08-11,https://www.threads.com/@bufengwuna/post/Db4UlVzkpuU,https://lfqgj.com/d/C7C96C79,,,0.0,lfqgj.com,['qsh-alpha'],1,「生二胎后，越來越討厭老大！」寶媽吐露心聲，引發許多媽媽共鳴 lfqgj.com/d/C7C… 2 / 2,sweep_b1_hits.csv
2026-09-05_13-23-41,qsh-alpha,lfqgj.com,ovc59181,2026-08-10,https://www.threads.com/@ovc59181/post/Db2eXEaCU3i,https://lfqgj.com/d/E9F058FB,,,0.0,lfqgj.com,['qsh-alpha'],1,火影忍者，被鼬秒殺過的9名忍者，最菜的都是上忍，鼬吹真有資本 lfqgj.com/d/E9F… 2 / 2,sweep_b1_hits.csv
2026-09-05_13-23-41,qsh-alpha,lfqgj.com,doushijiahao123,2026-08-10,https://www.threads.com/@doushijiahao123/post/Db2AvDFFBgc,https://lfqgj.com/d/3FD9A6E1,,,0.0,lfqgj.com,['qsh-alpha'],1,從小多陪孩子做3件事，可以培養孩子的高情商，情緒也更加穩定 lfqgj.com/d/3FD… 2 / 2,sweep_b1_hits.csv
2026-09-05_13-23-41,qsh-alpha,lfqgj.com,bufengwuna,2026-08-10,https://www.threads.com/@bufengwuna/post/Db18eghlHEr,https://lfqgj.com/d/764FE5F4,,,0.0,lfqgj.com,['qsh-alpha'],1,父母常對孩子說「三句話」，特別第二句，保證孩子一天比一天優秀 lfqgj.com/d/764… 2 / 2,sweep_b1_hits.csv
2026-09-05_13-23-41,qsh-alpha,lfqgj.com,poo2dr,2026-08-10,https://www.threads.com/@poo2dr/post/Db1wonPE2dc,https://lfqgj.com/d/2335B88F,,,0.0,lfqgj.com,['qsh-alpha'],1,「台中拜拜兼療愈！」大里隱藏版呼吸建筑 木質空間+流水造景 感受藏在都市內部版綠洲 lfqgj.com/d/233… 2 / 2,sweep_b1_hits.csv
2026-09-05_13-23-41,qsh-alpha,lfqgj.com,xian.nong,2026-08-10,https://www.threads.com/@xian.nong/post/Db1sPiQkzmO,https://lfqgj.com/d/9B3BBDFB,,,1.0,lfqgj.com,['qsh-alpha'],1,二次元必看OTAKU的動漫番劇，錯過一個你就虧大了 lfqgj.com/d/9B3… 2 / 2,sweep_b1_hits.csv
2026-09-05_13-23-41,qsh-alpha,lfqgj.com,poo2dr,2026-08-09,https://www.threads.com/@poo2dr/post/Db0g5hiE4eW,https://lfqgj.com/d/168DB8F3,,,0.0,lfqgj.com,['qsh-alpha'],1,新北小眾景點！全台唯一的梯田「鳶尾花海」，還可以體驗一日小農 lfqgj.com/d/168… 2 / 2,sweep_b1_hits.csv
2026-09-05_13-23-41,qsh-alpha,lfqgj.com,ovc59181,2026-08-09,https://www.threads.com/@ovc59181/post/Db0ETKyCV_o,https://lfqgj.com/d/C7A9C5CF,,,1.0,lfqgj.com,['qsh-alpha'],1,海賊王：神級果實能力排行，響雷無緣前四，榜首已成五老星心頭大患 lfqgj.com/d/C7A… 2 / 2,sweep_b1_hits.csv
2026-09-05_13-23-41,qsh-alpha,lfqgj.com,doushijiahao123,2026-08-09,https://www.threads.com/@doushijiahao123/post/Dbz2o_GFGM2,https://lfqgj.com/d/9FA44ABF,,,0.0,lfqgj.com,['qsh-alpha'],1,孩子跟你「親不親」，不用總是問，只要有這三個表現就「妥妥的」 lfqgj.com/d/9FA… 2 / 2,sweep_b1_hits.csv
2026-09-05_13-23-41,qsh-alpha,lfqgj.com,xian.nong,2026-08-09,https://www.threads.com/@xian.nong/post/Dbzt_KOkbJV,https://lfqgj.com/d/D668473A,,,1.0,lfqgj.com,['qsh-alpha'],1,推薦9部特別好看的戀愛動漫，承包你一整年的心動與淚點 lfqgj.com/d/D66… 2 / 2,sweep_b1_hits.csv
2026-09-05_13-23-41,qsh-alpha,lfqgj.com,ovc59181,2026-08-09,https://www.threads.com/@ovc59181/post/DbzRWMricPM,https://lfqgj.com/d/A15AB0DC,,,5.0,lfqgj.com,['qsh-alpha'],1,10部超治愈動漫推薦！拯救你的不開心，看完瞬間滿血復活～ lfqgj.com/d/A15… 2 / 2,sweep_b1_hits.csv
2026-09-05_13-23-41,qsh-alpha,lfqgj.com,poo2dr,2026-08-09,https://www.threads.com/@poo2dr/post/DbzKS35E6np,https://lfqgj.com/d/EDCD0798,,,0.0,lfqgj.com,['qsh-alpha'],1,台北｜新開幕老宅餐廳，氣氛超好！ lfqgj.com/d/EDC… 2 / 2,sweep_b1_hits.csv
2026-09-05_13-23-41,qsh-alpha,lfqgj.com,xian.nong,2026-08-09,https://www.threads.com/@xian.nong/post/DbzIASrk0Cu,https://lfqgj.com/d/39820413,,,2.0,lfqgj.com,['qsh-alpha'],1,三年之期已到！外網爆料《火影忍者》20周年特別動畫已完成制作 lfqgj.com/d/398… 2 / 2,sweep_b1_hits.csv
2026-09-05_13-23-41,qsh-alpha,lfqgj.com,xian.nong,2026-08-08,https://www.threads.com/@xian.nong/post/Dbxw5NTif7N,https://lfqgj.com/d/366BC43E,,,0.0,lfqgj.com,['qsh-alpha'],1,身為正派卻比反派還可恨！海賊王四位可恨的好人，魯夫視其為仇人 lfqgj.com/d/366… 2 / 2,sweep_b1_hits.csv
2026-09-05_13-23-41,qsh-alpha,lfqgj.com,bufengwuna,2026-08-08,https://www.threads.com/@bufengwuna/post/DbxWv5kElH3,https://lfqgj.com/d/24106553,,,0.0,lfqgj.com,['qsh-alpha'],1,孩子越管越叛逆，打罵只會適得其反，不如試試「魚缸法則」，比你喊破喉嚨都管用 lfqgj.com/d/241… 2 / 2,sweep_b1_hits.csv
2026-09-05_13-23-41,qsh-alpha,lfqgj.com,poo2dr,2026-08-08,https://www.threads.com/@poo2dr/post/DbxNwSeE48S,https://lfqgj.com/d/568AB97F,,,0.0,lfqgj.com,['qsh-alpha'],1,台灣｜藏在花園裡的咖啡廳！景觀真的超美，呆一下午也不會膩 lfqgj.com/d/568… 2 / 2,sweep_b1_hits.csv
2026-09-05_13-23-41,qsh-alpha,lfqgj.com,bufengwuna,2026-08-08,https://www.threads.com/@bufengwuna/post/DbxLjCdFbMx,https://lfqgj.com/d/DA45E493,,,0.0,lfqgj.com,['qsh-alpha'],1,數據顯示，孩子長大后仍然「跟媽親」，關鍵是媽媽做對了「這3點」 lfqgj.com/d/DA4… 2 / 2,sweep_b1_hits.csv
2026-09-05_13-23-41,qsh-alpha,lfqgj.com,mibg1yurc2024,2026-08-08,https://www.threads.com/@mibg1yurc2024/post/Dbw5PfsE1tq,https://lfqgj.com/d/15DC1F0E,,,0.0,lfqgj.com,['qsh-alpha'],1,容易變心的3星座，喜歡時一心一意，不愛了轉頭就離開，令人心寒 lfqgj.com/d/15D… 2 / 2,sweep_b1_hits.csv
2026-09-05_13-23-41,qsh-alpha,lfqgj.com,poo2dr,2026-08-07,https://www.threads.com/@poo2dr/post/DbusepAEwV5,https://lfqgj.com/d/A464A41A,,,0.0,lfqgj.com,['qsh-alpha'],1,台中｜一秒到歐洲的私廚料理，慶生必去 lfqgj.com/d/A46… 2 / 2,sweep_b1_hits.csv
2026-09-05_13-23-41,qsh-alpha,lfqgj.com,xian.nong,2026-08-07,https://www.threads.com/@xian.nong/post/DburUebkZri,https://lfqgj.com/d/BA1E576B,,,0.0,lfqgj.com,['qsh-alpha'],1,豆瓣9.6高分，畫風很治愈，故事也很溫暖，勵志，強推❗️❗️ lfqgj.com/d/BA1… 2 / 2,sweep_b1_hits.csv
2026-09-05_13-23-41,qsh-alpha,lfqgj.com,mibg1yurc2024,2026-08-07,https://www.threads.com/@mibg1yurc2024/post/DbuhwEMk_A5,https://lfqgj.com/d/CA3D0FC3,,,0.0,lfqgj.com,['qsh-alpha'],1,認定你了！就會牽你「從老婆走到老婆婆」的三大星座男 lfqgj.com/d/CA3… 2 / 2,sweep_b1_hits.csv
2026-09-05_13-23-41,qsh-alpha,lfqgj.com,xian.nong,2026-08-07,https://www.threads.com/@xian.nong/post/Dbt97PJGdtx,https://lfqgj.com/d/9B11EDAA,,,14.0,lfqgj.com,['qsh-alpha'],1,真的太好笑了，輕松爆笑日常番！強烈推薦！ lfqgj.com/d/9B1… 2 / 2,sweep_b1_hits.csv
2026-09-05_13-23-41,qsh-alpha,lfqgj.com,mibg1yurc2024,2026-08-06,https://www.threads.com/@mibg1yurc2024/post/DbsYghwE1GH,https://lfqgj.com/d/61F1957F,,,0.0,lfqgj.com,['qsh-alpha'],1,看似溫柔隨和，觸碰底線時，也絕不退讓的四個星座 lfqgj.com/d/61F… 2 / 2,sweep_b1_hits.csv
2026-09-05_13-23-41,qsh-alpha,lfqgj.com,bufengwuna,2026-08-06,https://www.threads.com/@bufengwuna/post/Dbr3LVUEg1T,https://lfqgj.com/d/B1E51D46,,,0.0,lfqgj.com,['qsh-alpha'],1,孩子越管越叛逆，打罵只會適得其反，不如試試「魚缸法則」，比你喊破喉嚨都管用 lfqgj.com/d/B1E… 2 / 2,sweep_b1_hits.csv
2026-09-05_13-23-41,qsh-alpha,lfqgj.com,xian.nong,2026-08-06,https://www.threads.com/@xian.nong/post/DbrdyyjiX1Y,https://lfqgj.com/d/79941797,,,0.0,lfqgj.com,['qsh-alpha'],1,推薦6部「大女主」動漫番劇，你最喜歡哪一部？ lfqgj.com/d/799… 2 / 2,sweep_b1_hits.csv
2026-09-05_13-23-41,qsh-alpha,lfqgj.com,ovc59181,2026-08-05,https://www.threads.com/@ovc59181/post/Dbp_T6ICeUM,https://lfqgj.com/d/42C652A5,,,0.0,lfqgj.com,['qsh-alpha'],1,即便已經過去13年，但絕對還是神作的動漫，不看你就虧大了 lfqgj.com/d/42C… 2 / 2,sweep_b1_hits.csv
2026-09-05_13-23-41,qsh-alpha,lfqgj.com,mibg1yurc2024,2026-08-05,https://www.threads.com/@mibg1yurc2024/post/Dbp1Fd6E9DW,https://lfqgj.com/d/66FD90CC,,,0.0,lfqgj.com,['qsh-alpha'],1,「願意陪你吃苦」的三大星座，她們要愛情不要麵包 lfqgj.com/d/66F… 2 / 2,sweep_b1_hits.csv
2026-09-05_13-23-41,qsh-alpha,lfqgj.com,doushijiahao123,2026-08-05,https://www.threads.com/@doushijiahao123/post/DbpLRyboOZV,https://lfqgj.com/d/3E4D726C,,,0.0,lfqgj.com,['qsh-alpha'],1,「生二胎后，越來越討厭老大！」寶媽吐露心聲，引發許多媽媽共鳴 lfqgj.com/d/3E4… 2 / 2,sweep_b1_hits.csv
2026-09-05_13-23-41,qsh-alpha,lfqgj.com,poo2dr,2026-08-05,https://www.threads.com/@poo2dr/post/DbpK2yTE9ly,https://lfqgj.com/d/5390570E,,,0.0,lfqgj.com,['qsh-alpha'],1,台灣｜來三峽怎麼可以不去Guhill好適山坡 lfqgj.com/d/539… 2 / 2,sweep_b1_hits.csv
2026-09-05_13-23-41,qsh-alpha,lfqgj.com,poo2dr,2026-08-05,https://www.threads.com/@poo2dr/post/Dbo2baGky3f,https://lfqgj.com/d/F45ED3FB,,,0.0,lfqgj.com,['qsh-alpha'],1,苗栗還有這樣的地方｜世外桃源，遠離都市吧 lfqgj.com/d/F45… 2 / 2,sweep_b1_hits.csv
2026-09-05_13-23-41,qsh-alpha,lfqgj.com,xian.nong,2026-08-05,https://www.threads.com/@xian.nong/post/Dbo1LtVE8Xf,https://lfqgj.com/d/423BDA15,,,4.0,lfqgj.com,['qsh-alpha'],1,強烈推薦這部戀愛番，天才之間的戀愛告白大作戰❗️ lfqgj.com/d/423… 2 / 2,sweep_b1_hits.csv
2026-09-05_13-23-41,qsh-alpha,lfqgj.com,xian.nong,2026-08-04,https://www.threads.com/@xian.nong/post/DbnKCMym7qi,https://lfqgj.com/d/EB8BCBC5,,,74.0,lfqgj.com,['qsh-alpha'],1,細數幾部曾經登上神壇的日漫，《夏目友人賬》排第七，最后一部至今未被超越 lfqgj.com/d/EB8… 2 / 2,sweep_b1_hits.csv
2026-09-05_13-23-41,qsh-alpha,lfqgj.com,mibg1yurc2024,2026-08-04,https://www.threads.com/@mibg1yurc2024/post/DbmSqglExwq,https://lfqgj.com/d/73DE4190,,,0.0,lfqgj.com,['qsh-alpha'],1,摩羯座真正愛的是這三個星座，在一起堪稱完美！ lfqgj.com/d/73D… 2 / 2,sweep_b1_hits.csv
2026-09-05_13-23-41,qsh-alpha,lovewdk.com,yiqsj2025,2026-07-17,https://www.threads.com/@yiqsj2025/post/Da4xvqvEzb7,https://lovewdk.com/d/00D0113F,,,0.0,lovewdk.com,['qsh-alpha'],1,心若涼透了，餘生就再也回不去的三大星座 lovewdk.com/d/00D… 2 / 2,sweep_b1_hits.csv
2026-09-05_13-23-41,qsh-alpha,lovewdk.com,016c5276757,2026-07-17,https://www.threads.com/@016c5276757/post/Da4w4BhGmvT,https://lovewdk.com/d/1630EAEA,,,0.0,lovewdk.com,['qsh-alpha'],1,今天過後「錢多的花不完」的6大生肖 「富貴享不盡」吃穿不用愁 lovewdk.com/d/163… 2 / 2,sweep_b1_hits.csv
2026-09-05_13-23-41,qsh-alpha,lovewdk.com,016c5276757,2026-07-17,https://www.threads.com/@016c5276757/post/Da4TMiGGuGl,https://lovewdk.com/d/4D83D74E,,,0.0,lovewdk.com,['qsh-alpha'],1,【觀音誕】最好運的5大生肖，第2位千萬不能惹 lovewdk.com/d/4D8… 2 / 2,sweep_b1_hits.csv
2026-09-05_13-23-41,qsh-alpha,lovewdk.com,srb02145,2026-07-17,https://www.threads.com/@srb02145/post/Da38C0BE15w,https://lovewdk.com/d/57D184DD,,,0.0,lovewdk.com,['qsh-alpha'],1,豆瓣9.2分！我的人生療愈劇！后勁很大，會反復愛上的一部韓劇！ lovewdk.com/d/57D… 2 / 2,sweep_b1_hits.csv
2026-09-05_13-23-41,qsh-alpha,lovewdk.com,srb02145,2026-07-16,https://www.threads.com/@srb02145/post/Da2KwqBCXo_,https://lovewdk.com/d/E5E361D1,,,0.0,lovewdk.com,['qsh-alpha'],1,近期韓劇「最佳」！28歲金永大配40歲御姐「契約婚姻」頂樓兄妹再合作，爆好評！大推！ lovewdk.com/d/E5E… 2 / 2,sweep_b1_hits.csv
2026-09-05_13-23-41,qsh-alpha,lovewdk.com,srb02145,2026-07-16,https://www.threads.com/@srb02145/post/Da1vGmyCZtb,https://lovewdk.com/d/D62719A6,,,0.0,lovewdk.com,['qsh-alpha'],1,韓劇推薦！7部近期「熱播韓劇」大放送，劇粉收藏來看！ lovewdk.com/d/D62… 2 / 2,sweep_b1_hits.csv
2026-09-05_13-23-41,qsh-alpha,lovewdk.com,016c5276757,2026-07-16,https://www.threads.com/@016c5276757/post/Da1q4M4Gnh5,https://lovewdk.com/d/A6C73273,,,0.0,lovewdk.com,['qsh-alpha'],1,十二生肖2025年吉兇排行大揭秘：趨吉避兇，開啟幸運新程，超準！ lovewdk.com/d/A6C… 2 / 2,sweep_b1_hits.csv
2026-09-05_13-23-41,qsh-alpha,lovewdk.com,yiqsj2025,2026-07-16,https://www.threads.com/@yiqsj2025/post/Da1ZbS-k0TI,https://lovewdk.com/d/C847B7C7,,,0.0,lovewdk.com,['qsh-alpha'],1,越生氣，就越不愛說話的三大星座 lovewdk.com/d/C84… 2 / 2,sweep_b1_hits.csv
2026-09-05_13-23-41,qsh-alpha,lovewdk.com,srb02145,2026-07-15,https://www.threads.com/@srb02145/post/DazDcgLiQrX,https://lovewdk.com/d/40C313AE,,,0.0,lovewdk.com,['qsh-alpha'],1,通宵狂刷12集！一集一條人命！這部劇直接封神！！ lovewdk.com/d/40C… 2 / 2,sweep_b1_hits.csv
2026-09-05_13-23-41,qsh-alpha,lovewdk.com,yiqsj2025,2026-07-15,https://www.threads.com/@yiqsj2025/post/DazCc7Wk7QJ,https://lovewdk.com/d/AEF9EA8E,,,0.0,lovewdk.com,['qsh-alpha'],1,愛老婆勝過一切的四大星座，值得託付終身！天大地大老婆最大 lovewdk.com/d/AEF… 2 / 2,sweep_b1_hits.csv
2026-09-05_13-23-41,qsh-alpha,lovewdk.com,016c5276757,2026-07-15,https://www.threads.com/@016c5276757/post/DazBqyImr-j,https://lovewdk.com/d/CDEE6841,,,0.0,lovewdk.com,['qsh-alpha'],1,5大生肖千萬不要減肥，越胖越招財，財神爺更喜歡你 lovewdk.com/d/CDE… 2 / 2,sweep_b1_hits.csv
2026-09-05_13-23-41,qsh-alpha,lovewdk.com,srb02145,2026-07-15,https://www.threads.com/@srb02145/post/DayztcKE41G,https://lovewdk.com/d/CBFAF6A3,,,0.0,lovewdk.com,['qsh-alpha'],1,南宮珉新劇首播！不談復仇改談戀愛，第一集就讓人淚崩！ lovewdk.com/d/CBF… 2 / 2,sweep_b1_hits.csv
2026-09-05_13-23-41,qsh-alpha,lovewdk.com,srb02145,2026-07-14,https://www.threads.com/@srb02145/post/Daw8-fKG6jC,https://lovewdk.com/d/E87D90A7,,,0.0,lovewdk.com,['qsh-alpha'],1,韓善伙當女一！嚴泰九首部浪漫喜劇！反轉心動的戀愛劇，全是粉色的泡泡！ lovewdk.com/d/E87… 2 / 2,sweep_b1_hits.csv
2026-09-05_13-23-41,qsh-alpha,lovewdk.com,ailing_law,2026-07-14,https://www.threads.com/@ailing_law/post/Daw2WWClKxM,https://lovewdk.com/d/499142AA,,,0.0,lovewdk.com,['qsh-alpha'],1,媽媽忘記37年前「在郵局存了505萬」她如今領出後「見金額傻了」 lovewdk.com/d/499… 2 / 2,sweep_b1_hits.csv
2026-09-05_13-23-41,qsh-alpha,lovewdk.com,016c5276757,2026-07-14,https://www.threads.com/@016c5276757/post/Dawthl5Gkfz,https://lovewdk.com/d/4E0547E1,,,0.0,lovewdk.com,['qsh-alpha'],1,濟公保佑（  8月份 ）五大生肖 開始轉好運 lovewdk.com/d/4E0… 2 / 2,sweep_b1_hits.csv
2026-09-05_13-23-41,qsh-alpha,lovewdk.com,srb02145,2026-07-14,https://www.threads.com/@srb02145/post/DawaVlim71d,https://lovewdk.com/d/E14B4262,,,0.0,lovewdk.com,['qsh-alpha'],1,推薦一部嚴重低估的小眾韓劇！超溫暖治愈，甜的我捶地！ lovewdk.com/d/E14… 2 / 2,sweep_b1_hits.csv
2026-09-05_13-23-41,qsh-alpha,lovewdk.com,yiqsj2025,2026-07-14,https://www.threads.com/@yiqsj2025/post/DawaIu3k-lY,https://lovewdk.com/d/BDEE88E9,,,0.0,lovewdk.com,['qsh-alpha'],1,「虛偽的人請遠離我」4個星座是為人靠譜，特別值得信任的！ lovewdk.com/d/BDE… 2 / 2,sweep_b1_hits.csv
2026-09-05_13-23-41,qsh-alpha,lovewdk.com,srb02145,2026-07-14,https://www.threads.com/@srb02145/post/DawKhkwE47g,https://lovewdk.com/d/74872EE5,,,0.0,lovewdk.com,['qsh-alpha'],1,才播1集，9.1分！重生12次，劇情封神，想不火都難 lovewdk.com/d/748… 2 / 2,sweep_b1_hits.csv
2026-09-05_13-23-41,qsh-alpha,lovewdk.com,srb02145,2026-07-13,https://www.threads.com/@srb02145/post/Daufq_QCWH0,https://lovewdk.com/d/0CB73807,,,0.0,lovewdk.com,['qsh-alpha'],1,良心巨制！韓國最佳雙向治愈催淚神作！七十幾分鐘一口氣看完，太好哭了，直接哭光半年眼淚！ lovewdk.com/d/0CB… 2 / 2,sweep_b1_hits.csv
2026-09-05_13-23-41,qsh-alpha,lovewdk.com,yiqsj2025,2026-07-13,https://www.threads.com/@yiqsj2025/post/DauCC3VE7ar,https://lovewdk.com/d/06F35F15,,,0.0,lovewdk.com,['qsh-alpha'],1,淡然一笑裝作釋懷，臉上滿是無奈的3個星座，紙短情長啊 lovewdk.com/d/06F… 2 / 2,sweep_b1_hits.csv
2026-09-05_13-23-41,qsh-alpha,lovewdk.com,srb02145,2026-07-13,https://www.threads.com/@srb02145/post/DatsK1nEx6Y,https://lovewdk.com/d/670561AA,,,0.0,lovewdk.com,['qsh-alpha'],1,韓劇「瘋批美學」天花板！南宮珉神演技絕了，復仇爽到炸，每一集都高能到讓人不敢眨眼！ lovewdk.com/d/670… 2 / 2,sweep_b1_hits.csv
2026-09-05_13-23-41,qsh-alpha,lovewdk.com,016c5276757,2026-07-12,https://www.threads.com/@016c5276757/post/DatbFljGkSs,https://lovewdk.com/d/E668E90F,,,0.0,lovewdk.com,['qsh-alpha'],1,生肖猴：沉住氣，8月你想要的都會有！六大貴人登門拜訪！ lovewdk.com/d/E66… 2 / 2,sweep_b1_hits.csv
2026-09-05_13-23-41,qsh-alpha,lovewdk.com,016c5276757,2026-07-12,https://www.threads.com/@016c5276757/post/DasIhz5lHEu,https://lovewdk.com/d/F58BDB26,,,0.0,lovewdk.com,['qsh-alpha'],1,無論男女這5大生肖是享福的命，沒啥磨難沒啥災，富裕到老 lovewdk.com/d/F58… 2 / 2,sweep_b1_hits.csv
2026-09-05_13-23-41,qsh-alpha,lovewdk.com,yiqsj2025,2026-07-12,https://www.threads.com/@yiqsj2025/post/Darw59XEydK,https://lovewdk.com/d/108259A4,,,0.0,lovewdk.com,['qsh-alpha'],1,相愛容易分手難的五大星座，既然那麼難捨難分不如在一起吧 lovewdk.com/d/108… 2 / 2,sweep_b1_hits.csv
2026-09-05_13-23-41,qsh-alpha,lovewdk.com,srb02145,2026-07-12,https://www.threads.com/@srb02145/post/DaraD6ECSKf,https://lovewdk.com/d/BD3241FD,,,1.0,lovewdk.com,['qsh-alpha'],1,爆款韓劇！先婚后愛+契約婚姻，超好磕，一口氣看全集太過癮！ lovewdk.com/d/BD3… 2 / 2,sweep_b1_hits.csv
2026-09-05_13-23-41,qsh-alpha,lovewdk.com,yiqsj2025,2026-07-12,https://www.threads.com/@yiqsj2025/post/DarFpXjk-LL,https://lovewdk.com/d/96690ABE,,,0.0,lovewdk.com,['qsh-alpha'],1,最不能瞧不起的四大星座，今天對他愛搭不理，日后必讓你高攀不起 lovewdk.com/d/966… 2 / 2,sweep_b1_hits.csv
2026-09-05_13-23-41,qsh-alpha,lovewdk.com,srb02145,2026-07-12,https://www.threads.com/@srb02145/post/DarDXCHk7Zk,https://lovewdk.com/d/1B36E9EA,,,0.0,lovewdk.com,['qsh-alpha'],1,9.4分的催淚神作，《苦盡柑來遇見你》10句封神台詞！治愈又催淚，后勁太大了 lovewdk.com/d/1B3… 2 / 2,sweep_b1_hits.csv
2026-09-05_13-23-41,qsh-alpha,lovewdk.com,srb02145,2026-07-10,https://www.threads.com/@srb02145/post/DamZvnbCfGw,https://lovewdk.com/d/FB1BC3CC,,,2.0,lovewdk.com,['qsh-alpha'],1,最新熱血青春韓劇來襲！「白天裝乖學生，夜晚天台瘋唱」又好笑又好玩，無腦入！ lovewdk.com/d/FB1… 2 / 2,sweep_b1_hits.csv
2026-09-05_13-23-41,qsh-alpha,lovewdk.com,016c5276757,2026-07-10,https://www.threads.com/@016c5276757/post/DamPVSuGhAH,https://lovewdk.com/d/4770058F,,,0.0,lovewdk.com,['qsh-alpha'],1,一生被佛祖庇佑的四大生肖，好運敲門，幸運不斷，人生越過越輝煌 lovewdk.com/d/477… 2 / 2,sweep_b1_hits.csv
2026-09-05_13-23-41,qsh-alpha,lovewdk.com,yiqsj2025,2026-07-10,https://www.threads.com/@yiqsj2025/post/Dal8DmFE2wD,https://lovewdk.com/d/73BF7E5C,,,0.0,lovewdk.com,['qsh-alpha'],1,「你敢兇我就敢走！」這四大星座女「只能被寵著」，越哄越乖，越氣越壞！ lovewdk.com/d/73B… 2 / 2,sweep_b1_hits.csv
2026-09-05_13-23-41,qsh-alpha,lovewdk.com,srb02145,2026-07-10,https://www.threads.com/@srb02145/post/Dal7P5oE_Su,https://lovewdk.com/d/3E432C3C,,,0.0,lovewdk.com,['qsh-alpha'],1,又一部冬季適配劇！太甜太治愈啦！明明只有一個吻，卻能甜到你的心坎！ lovewdk.com/d/3E4… 2 / 2,sweep_b1_hits.csv
2026-09-05_13-23-41,qsh-alpha,lovewdk.com,016c5276757,2026-07-09,https://www.threads.com/@016c5276757/post/DakXkgNlJe_,https://lovewdk.com/d/02CB0890,,,0.0,lovewdk.com,['qsh-alpha'],1,沒有壞心眼！五大生肖「心地很善良」一生都非常有福氣 lovewdk.com/d/02C… 2 / 2,sweep_b1_hits.csv
2026-09-05_13-23-41,qsh-alpha,lovewdk.com,ailing_law,2026-07-09,https://www.threads.com/@ailing_law/post/DakWF7Zk8Cy,https://lovewdk.com/d/F1DF63F2,,,0.0,lovewdk.com,['qsh-alpha'],1,7-11招牌出現「紅色糖果符號」是什麼意思？知情人曝「多了新服務」：不是每家都有！ lovewdk.com/d/F1D… 2 / 2,sweep_b1_hits.csv
2026-09-05_13-23-41,qsh-alpha,lovewdk.com,yiqsj2025,2026-07-09,https://www.threads.com/@yiqsj2025/post/DakKrJNE2Fj,https://lovewdk.com/d/0C23BE55,,,0.0,lovewdk.com,['qsh-alpha'],1,「絕不吃回頭草」的四個星座，分手乾脆，不會留戀 lovewdk.com/d/0C2… 2 / 2,sweep_b1_hits.csv
2026-09-05_13-23-41,qsh-alpha,lovewdk.com,srb02145,2026-07-09,https://www.threads.com/@srb02145/post/DajsRQBCSza,https://lovewdk.com/d/2BD0FE55,,,0.0,lovewdk.com,['qsh-alpha'],1,以為是一部爛劇，沒想到卻是復仇爽劇，一集比一集高能，這尺度嚇到我了 lovewdk.com/d/2BD… 2 / 2,sweep_b1_hits.csv
2026-09-05_13-23-41,qsh-alpha,lovewdk.com,srb02145,2026-07-09,https://www.threads.com/@srb02145/post/DajYKKzE38y,https://lovewdk.com/d/29E7AB80,,,0.0,lovewdk.com,['qsh-alpha'],1,韓國又出喪尸劇，評分高達8.6，值得一追 lovewdk.com/d/29E… 2 / 2,sweep_b1_hits.csv
2026-09-05_13-23-41,qsh-alpha,lovewdk.com,016c5276757,2026-07-08,https://www.threads.com/@016c5276757/post/DajM0lNEiga,https://lovewdk.com/d/9711B741,,,0.0,lovewdk.com,['qsh-alpha'],1,八月份，財運最好的生肖女！ lovewdk.com/d/971… 2 / 2,sweep_b1_hits.csv
2026-09-05_13-23-41,qsh-alpha,lovewdk.com,016c5276757,2026-07-08,https://www.threads.com/@016c5276757/post/Dah8teeE3SW,https://lovewdk.com/d/618A1B96,,,0.0,lovewdk.com,['qsh-alpha'],1,44年才一次！如果你最愛的人屬狗，或家中有屬狗的，一定要接了 lovewdk.com/d/618… 2 / 2,sweep_b1_hits.csv
2026-09-05_13-23-41,qsh-alpha,lovewdk.com,yiqsj2025,2026-07-08,https://www.threads.com/@yiqsj2025/post/DagzETYE_BR,https://lovewdk.com/d/12CF54FB,,,0.0,lovewdk.com,['qsh-alpha'],1,這些星座相遇時就被月老綁在一起了！愛著愛著就永遠，誰都拆不散 lovewdk.com/d/12C… 2 / 2,sweep_b1_hits.csv
2026-09-05_13-23-41,qsh-alpha,lovewdk.com,srb02145,2026-07-08,https://www.threads.com/@srb02145/post/Dagy-0Bkz-N,https://lovewdk.com/d/CF85C15F,,,0.0,lovewdk.com,['qsh-alpha'],1,又一部口碑大爆的韓劇！頂流男星與女經紀人高甜戀愛，腦洞大開，從頭甜到尾，沒有壞人放心追❗️❗️ lovewdk.com/d/CF8… 2 / 2,sweep_b1_hits.csv
2026-09-05_13-23-41,qsh-alpha,lovewdk.com,016c5276757,2026-07-07,https://www.threads.com/@016c5276757/post/Dafur7kmrJb,https://lovewdk.com/d/CB1FD0FB,,,0.0,lovewdk.com,['qsh-alpha'],1,十二生肖中，最旺夫的3生肖女，趨吉避兇，是家中的財神爺 lovewdk.com/d/CB1… 2 / 2,sweep_b1_hits.csv
2026-09-05_13-23-41,qsh-alpha,lovewdk.com,srb02145,2026-07-07,https://www.threads.com/@srb02145/post/DafCsrUCc9s,https://lovewdk.com/d/98425C60,,,0.0,lovewdk.com,['qsh-alpha'],1,又放大招，年度爆款「無厘頭」韓劇笑翻全網！惡搞調查組笑點不停！ lovewdk.com/d/984… 2 / 2,sweep_b1_hits.csv
2026-09-05_13-23-41,qsh-alpha,lovewdk.com,yiqsj2025,2026-07-07,https://www.threads.com/@yiqsj2025/post/Daet277k3oE,https://lovewdk.com/d/EFD1D2C3,,,0.0,lovewdk.com,['qsh-alpha'],1,看似溫柔隨和，觸碰底線時，也絕不退讓的四個星座 lovewdk.com/d/EFD… 2 / 2,sweep_b1_hits.csv
2026-09-05_13-23-41,qsh-alpha,lovewdk.com,016c5276757,2026-07-07,https://www.threads.com/@016c5276757/post/DaeszMLFOyf,https://lovewdk.com/d/DC4108C8,,,0.0,lovewdk.com,['qsh-alpha'],1,今天明天后天 「恭喜 六生肖 」吉吉利利 荷包裝滿滿 lovewdk.com/d/DC4… 2 / 2,sweep_b1_hits.csv
2026-09-05_13-23-41,qsh-alpha,lovewdk.com,srb02145,2026-07-07,https://www.threads.com/@srb02145/post/DaefaaKiRg5,https://lovewdk.com/d/F5119BE0,,,11.0,lovewdk.com,['qsh-alpha'],1,第一集就笑不活了！喜劇與爽劇的完美結合，又狗血又搞笑，笑點密集直接從頭笑到尾！ lovewdk.com/d/F51… 2 / 2,sweep_b1_hits.csv
2026-09-05_13-23-41,qsh-alpha,lovewdk.com,yiqsj2025,2026-07-07,https://www.threads.com/@yiqsj2025/post/DaeeELykzY7,https://lovewdk.com/d/FC95EE85,,,0.0,lovewdk.com,['qsh-alpha'],1,有了新歡，立馬就能放下舊愛的三大星座，很善變，很多情！ lovewdk.com/d/FC9… 2 / 2,sweep_b1_hits.csv
2026-09-05_13-23-41,qsh-alpha,lovewdk.com,016c5276757,2026-07-06,https://www.threads.com/@016c5276757/post/DacpZhomkJd,https://lovewdk.com/d/E9E5C328,,,0.0,lovewdk.com,['qsh-alpha'],1,「 大難已過 」  八月開始  即將撞好運的生肖 lovewdk.com/d/E9E… 2 / 2,sweep_b1_hits.csv
2026-09-05_13-23-41,qsh-alpha,lovewdk.com,yiqsj2025,2026-07-06,https://www.threads.com/@yiqsj2025/post/DacZMvrE5Gt,https://lovewdk.com/d/E78A1AB3,,,0.0,lovewdk.com,['qsh-alpha'],1,你越不理睬，他貼得越緊的三大星座，收穫餘生摯愛！ lovewdk.com/d/E78… 2 / 2,sweep_b1_hits.csv
2026-09-05_13-23-41,qsh-alpha,lovewdk.com,srb02145,2026-07-06,https://www.threads.com/@srb02145/post/DacT3C_G4-y,https://lovewdk.com/d/41576E2B,,,2.0,lovewdk.com,['qsh-alpha'],1,韓劇迷必看！2025年5月熱播韓劇TOP7榜單出爐，讓你熬夜追不停！ lovewdk.com/d/415… 2 / 2,sweep_b1_hits.csv
2026-09-05_13-23-41,qsh-alpha,lovewdk.com,yiqsj2025,2026-07-06,https://www.threads.com/@yiqsj2025/post/DacPwivEyZb,https://lovewdk.com/d/175E424A,,,0.0,lovewdk.com,['qsh-alpha'],1,最吸引男人的「4個星座女」！第一名男人完全沒有抵抗力 lovewdk.com/d/175… 2 / 2,sweep_b1_hits.csv
2026-09-05_13-23-41,qsh-alpha,lovewdk.com,yiqsj2025,2026-07-06,https://www.threads.com/@yiqsj2025/post/Dabl32DEysM,https://lovewdk.com/d/CE564A55,,,0.0,lovewdk.com,['qsh-alpha'],1,「願意陪你吃苦」的三大星座，她們要愛情不要麵包 lovewdk.com/d/CE5… 2 / 2,sweep_b1_hits.csv
2026-09-05_13-23-41,qsh-alpha,lovewdk.com,srb02145,2026-07-06,https://www.threads.com/@srb02145/post/DablaDuGf0x,https://lovewdk.com/d/8E01BE62,,,0.0,lovewdk.com,['qsh-alpha'],1,全員搞笑！韓國校園劇，甜寵+懸疑，超青春超熱血，兩集就讓人上頭 lovewdk.com/d/8E0… 2 / 2,sweep_b1_hits.csv
2026-09-05_13-23-41,qsh-alpha,lovewdk.com,016c5276757,2026-07-05,https://www.threads.com/@016c5276757/post/DaancwGGjIS,https://lovewdk.com/d/E2FFE7D7,,,0.0,lovewdk.com,['qsh-alpha'],1,無論男女這5大生肖是享福的命，沒啥磨難沒啥災，富裕到老 lovewdk.com/d/E2F… 2 / 2,sweep_b1_hits.csv
2026-09-05_13-23-41,qsh-alpha,lovewdk.com,srb02145,2026-07-05,https://www.threads.com/@srb02145/post/DaZk7YrifP8,https://lovewdk.com/d/E680E3BE,,,0.0,lovewdk.com,['qsh-alpha'],1,宮廷斗爭+禁忌愛戀，每一集都有反轉，編劇太牛了！ lovewdk.com/d/E68… 2 / 2,sweep_b1_hits.csv
2026-09-05_13-23-41,qsh-alpha,lovewdk.com,016c5276757,2026-07-05,https://www.threads.com/@016c5276757/post/DaZUCL2GsMT,https://lovewdk.com/d/C6F51D86,,,0.0,lovewdk.com,['qsh-alpha'],1,6大生肖是天選之人！必得老天爺保佑，尤其是最后一個，簡直「上等命格」 lovewdk.com/d/C6F… 2 / 2,sweep_b1_hits.csv
2026-09-05_13-23-41,qsh-alpha,lovewdk.com,yiqsj2025,2026-07-05,https://www.threads.com/@yiqsj2025/post/DaZD0v_EzFu,https://lovewdk.com/d/BE9450A2,,,0.0,lovewdk.com,['qsh-alpha'],1,異性緣爆表的六大星座，你果然天生招桃花 lovewdk.com/d/BE9… 2 / 2,sweep_b1_hits.csv
2026-09-05_13-23-41,qsh-alpha,lovewdk.com,srb02145,2026-07-05,https://www.threads.com/@srb02145/post/DaZCzurk4K2,https://lovewdk.com/d/F5E98FAB,,,1.0,lovewdk.com,['qsh-alpha'],1,第三季終于播了📣全世界都在等這部懸疑韓劇！Netflix王炸🆘【年度驚悚神劇｜必看】 lovewdk.com/d/F5E… 2 / 2,sweep_b1_hits.csv
2026-09-05_13-23-41,qsh-alpha,lovewdk.com,yiqsj2025,2026-07-04,https://www.threads.com/@yiqsj2025/post/DaXc09_kwDg,https://lovewdk.com/d/CDF4EDED,,,0.0,lovewdk.com,['qsh-alpha'],1,對老公最好的3個星座女，娶了她們當老婆，那就偷偷的樂吧 lovewdk.com/d/CDF… 2 / 2,sweep_b1_hits.csv
2026-09-05_13-23-41,qsh-alpha,lovewdk.com,016c5276757,2026-07-04,https://www.threads.com/@016c5276757/post/DaXXDxkFAjj,https://lovewdk.com/d/1D0B0200,,,0.0,lovewdk.com,['qsh-alpha'],1,恭喜馬上致富！3大生肖被點名：8月翻身、9月接財、10月迎大喜 lovewdk.com/d/1D0… 2 / 2,sweep_b1_hits.csv
2026-09-05_13-23-41,qsh-alpha,lovewdk.com,srb02145,2026-07-04,https://www.threads.com/@srb02145/post/DaXMjDKifW6,https://lovewdk.com/d/074D9D94,,,0.0,lovewdk.com,['qsh-alpha'],1,IU拿韓國青龍視后美如初戀，李惠利變黑魔女，樸寶劍帥回巔峰 lovewdk.com/d/074… 2 / 2,sweep_b1_hits.csv
2026-09-05_13-23-41,qsh-alpha,lovewdk.com,yiqsj2025,2026-07-04,https://www.threads.com/@yiqsj2025/post/DaW480-ERgr,https://lovewdk.com/d/D9171899,,,0.0,lovewdk.com,['qsh-alpha'],1,比翼雙飛！情願陪愛人吃苦的星座女生，遇到別辜負 lovewdk.com/d/D91… 2 / 2,sweep_b1_hits.csv
2026-09-05_13-23-41,qsh-alpha,lovewdk.com,srb02145,2026-07-04,https://www.threads.com/@srb02145/post/DaWhXeyk_36,https://lovewdk.com/d/6721F735,,,0.0,lovewdk.com,['qsh-alpha'],1,《黑暗榮耀》藝率默認媽媽不是主角「因為媽媽很有錢，主角一般很窮」這個伏筆，你可能沒看懂！ lovewdk.com/d/672… 2 / 2,sweep_b1_hits.csv
2026-09-05_13-23-41,qsh-alpha,lovewdk.com,016c5276757,2026-07-03,https://www.threads.com/@016c5276757/post/DaVKMXnmvy3,https://lovewdk.com/d/946BE3F7,,,0.0,lovewdk.com,['qsh-alpha'],1,一生被佛祖庇佑的四大生肖，好運敲門，幸運不斷，人生越過越輝煌 lovewdk.com/d/946… 2 / 2,sweep_b1_hits.csv
2026-09-05_13-23-41,qsh-alpha,lovewdk.com,srb02145,2026-07-03,https://www.threads.com/@srb02145/post/DaU2WgmCb_T,https://lovewdk.com/d/B13EEC2A,,,4.0,lovewdk.com,['qsh-alpha'],1,建議所有女生都去看！低開高走，很真實的都市愛情劇，劉仁娜演技大爆發，一口氣刷到凌晨3點！ lovewdk.com/d/B13… 2 / 2,sweep_b1_hits.csv
2026-09-05_13-23-41,qsh-alpha,lovewdk.com,yiqsj2025,2026-07-03,https://www.threads.com/@yiqsj2025/post/DaUv9uzEzux,https://lovewdk.com/d/50E04939,,,0.0,lovewdk.com,['qsh-alpha'],1,明明很專一，卻要假裝很花心，三大星座其實最鍾情，心裡裝的只有你 lovewdk.com/d/50E… 2 / 2,sweep_b1_hits.csv
2026-09-05_13-23-41,qsh-alpha,lovewdk.com,016c5276757,2026-07-03,https://www.threads.com/@016c5276757/post/DaUUKLhGmZ1,https://lovewdk.com/d/62D7F280,,,1.0,lovewdk.com,['qsh-alpha'],1,大運將至！這4個生肖要走大運30年，如果家裡有一個就要發達了！ lovewdk.com/d/62D… 2 / 2,sweep_b1_hits.csv
2026-09-05_13-23-41,qsh-alpha,lovewdk.com,yiqsj2025,2026-07-03,https://www.threads.com/@yiqsj2025/post/DaUTeAxkypZ,https://lovewdk.com/d/21262071,,,0.0,lovewdk.com,['qsh-alpha'],1,水瓶座的內心誰都進不去！ lovewdk.com/d/212… 2 / 2,sweep_b1_hits.csv
2026-09-05_13-23-41,qsh-alpha,lovewdk.com,srb02145,2026-07-03,https://www.threads.com/@srb02145/post/DaUKONqicSa,https://lovewdk.com/d/537AE760,,,0.0,lovewdk.com,['qsh-alpha'],1,Netflix懸疑劇！題材炸裂，以暴制暴，全民審判，韓劇太敢拍了 lovewdk.com/d/537… 2 / 2,sweep_b1_hits.csv
2026-09-05_13-23-41,qsh-alpha,lovewdk.com,016c5276757,2026-07-02,https://www.threads.com/@016c5276757/post/DaR1HAjlJOX,https://lovewdk.com/d/2F498D51,,,0.0,lovewdk.com,['qsh-alpha'],1,有錢人家都這樣放「床頭柜」 風水師都說好，難怪越住越富 lovewdk.com/d/2F4… 2 / 2,sweep_b1_hits.csv
2026-09-05_13-23-41,qsh-alpha,lovewdk.com,yiqsj2025,2026-07-02,https://www.threads.com/@yiqsj2025/post/DaRiJHmE6vh,https://lovewdk.com/d/57EFC252,,,0.0,lovewdk.com,['qsh-alpha'],1,三個舉動證明12星座動了真情，真是不要太準~ lovewdk.com/d/57E… 2 / 2,sweep_b1_hits.csv
2026-09-05_13-23-41,qsh-alpha,lovewdk.com,srb02145,2026-07-02,https://www.threads.com/@srb02145/post/DaRTYmxk_ya,https://lovewdk.com/d/E892EE44,,,0.0,lovewdk.com,['qsh-alpha'],1,高達9.1分催淚電影，城里外孫回鄉下外婆家，從討厭到不舍，結局讓人狂哭不止！ lovewdk.com/d/E89… 2 / 2,sweep_b1_hits.csv
2026-09-05_13-23-41,qsh-alpha,lovewdk.com,016c5276757,2026-07-01,https://www.threads.com/@016c5276757/post/DaRHVLPAUp5,https://lovewdk.com/d/5497AF32,,,0.0,lovewdk.com,['qsh-alpha'],1,八月份，財運最好的生肖女！ lovewdk.com/d/549… 2 / 2,sweep_b1_hits.csv
2026-09-05_13-23-41,qsh-alpha,lovewdk.com,016c5276757,2026-07-01,https://www.threads.com/@016c5276757/post/DaPxUCBlI-x,https://lovewdk.com/d/19A6F283,,,0.0,lovewdk.com,['qsh-alpha'],1,十年等一回！3大生肖明天起，存款暴增，橫財翻番，財神追著跑 lovewdk.com/d/19A… 2 / 2,sweep_b1_hits.csv
2026-09-05_13-23-41,qsh-alpha,lovewdk.com,srb02145,2026-07-01,https://www.threads.com/@srb02145/post/DaPbJ93iWP_,https://lovewdk.com/d/1F092C79,,,0.0,lovewdk.com,['qsh-alpha'],1,不容錯過的3部懸疑韓劇，好評如潮看點十足，值得熬夜追 lovewdk.com/d/1F0… 2 / 2,sweep_b1_hits.csv
2026-09-05_13-23-41,qsh-alpha,lovewdk.com,srb02145,2026-07-01,https://www.threads.com/@srb02145/post/DaPIOC1m-a9,https://lovewdk.com/d/364892DB,,,0.0,lovewdk.com,['qsh-alpha'],1,熬夜刷到凌晨三點！這部劇堪稱韓劇古裝be美學天花板，虐到眼睛哭腫，看完後勁太大了！ lovewdk.com/d/364… 2 / 2,sweep_b1_hits.csv
2026-09-05_13-23-41,qsh-alpha,lovewdk.com,016c5276757,2026-07-01,https://www.threads.com/@016c5276757/post/DaPFWTqmj2X,https://lovewdk.com/d/208D1408,,,0.0,lovewdk.com,['qsh-alpha'],1,接下來一個月，四大生肖要翻身了，財源廣進，夢想成真！ lovewdk.com/d/208… 2 / 2,sweep_b1_hits.csv
2026-09-05_13-23-41,qsh-alpha,lovewdk.com,yiqsj2025,2026-06-30,https://www.threads.com/@yiqsj2025/post/DaM1DFZk88n,https://lovewdk.com/d/E6BB04C2,,,0.0,lovewdk.com,['qsh-alpha'],1,一生難以交往的五個星座組合，真是天生不對路 lovewdk.com/d/E6B… 2 / 2,sweep_b1_hits.csv
2026-09-05_13-23-41,qsh-alpha,lovewdk.com,016c5276757,2026-06-30,https://www.threads.com/@016c5276757/post/DaMXeHGmvWq,https://lovewdk.com/d/D96E6D5A,,,0.0,lovewdk.com,['qsh-alpha'],1,十二生肖中，最旺夫的3生肖女，趨吉避兇，是家中的財神爺 lovewdk.com/d/D96… 2 / 2,sweep_b1_hits.csv
2026-09-05_13-23-41,qsh-alpha,lovewdk.com,srb02145,2026-06-30,https://www.threads.com/@srb02145/post/DaMNO7kk-xL,https://lovewdk.com/d/5B623C7E,,,0.0,lovewdk.com,['qsh-alpha'],1,破鏡重圓天花板！傲嬌小貓×忠犬小狗的組合永遠看不膩，磕昏頭了！！ lovewdk.com/d/5B6… 2 / 2,sweep_b1_hits.csv
2026-09-05_13-23-41,qsh-alpha,lovewdk.com,yiqsj2025,2026-06-30,https://www.threads.com/@yiqsj2025/post/DaMIKLHk7AX,https://lovewdk.com/d/0E66B023,,,0.0,lovewdk.com,['qsh-alpha'],1,自己一個人，反而會過的更好的星座，太過瀟灑 lovewdk.com/d/0E6… 2 / 2,sweep_b1_hits.csv
2026-09-05_13-23-41,qsh-alpha,lovewdk.com,016c5276757,2026-06-29,https://www.threads.com/@016c5276757/post/DaKTpx1mrH3,https://lovewdk.com/d/EDBB2DDC,,,0.0,lovewdk.com,['qsh-alpha'],1,大師預言：屬兔、鼠、狗人的未來2年內，尤其這幾年出生的！ lovewdk.com/d/EDB… 2 / 2,sweep_b1_hits.csv
2026-09-05_13-23-41,qsh-alpha,lovewdk.com,srb02145,2026-06-29,https://www.threads.com/@srb02145/post/DaJjVlHGQ9J,https://lovewdk.com/d/7678BBED,,,0.0,lovewdk.com,['qsh-alpha'],1,能做到讓人「百看不厭的韓劇」，我只推薦這5部 lovewdk.com/d/767… 2 / 2,sweep_b1_hits.csv
2026-09-05_13-23-41,qsh-alpha,lovewdk.com,yiqsj2025,2026-06-29,https://www.threads.com/@yiqsj2025/post/DaJh56Ik6gS,https://lovewdk.com/d/006B2054,,,0.0,lovewdk.com,['qsh-alpha'],1,一兇就離開，越寵越聽話的星座top3 lovewdk.com/d/006… 2 / 2,sweep_b1_hits.csv
2026-09-05_13-23-41,qsh-alpha,lovewdk.com,016c5276757,2026-06-28,https://www.threads.com/@016c5276757/post/DaH7G91FAGZ,https://lovewdk.com/d/54E41C8A,,,0.0,lovewdk.com,['qsh-alpha'],1,這幾個生肖霉運不近身，好運趕不走！家裡有一個就發達了！ lovewdk.com/d/54E… 2 / 2,sweep_b1_hits.csv
2026-09-05_13-23-41,qsh-alpha,lovewdk.com,srb02145,2026-06-28,https://www.threads.com/@srb02145/post/DaH5DDxGykR,https://lovewdk.com/d/5E76ECA5,,,0.0,lovewdk.com,['qsh-alpha'],1,一部被「嚴重低估」的小眾韓劇，好看到哭！這才是「命中注定」的愛情啊!!! lovewdk.com/d/5E7… 2 / 2,sweep_b1_hits.csv
2026-09-05_13-23-41,qsh-alpha,lovewdk.com,016c5276757,2026-06-27,https://www.threads.com/@016c5276757/post/DaGygeakgXV,https://lovewdk.com/d/E7B9168D,,,0.0,lovewdk.com,['qsh-alpha'],1,「二生肖」 老來富貴  30歲行大運  50歲老來福 lovewdk.com/d/E7B… 2 / 2,sweep_b1_hits.csv
2026-09-05_13-23-41,qsh-alpha,lovewdk.com,016c5276757,2026-06-27,https://www.threads.com/@016c5276757/post/DaFKqOLFali,https://lovewdk.com/d/BE4BEE42,,,0.0,lovewdk.com,['qsh-alpha'],1,從今天開始吉星點頭貴人助，註定要飛黃騰達的生肖 lovewdk.com/d/BE4… 2 / 2,sweep_b1_hits.csv
2026-09-05_13-23-41,qsh-alpha,lovewdk.com,srb02145,2026-06-27,https://www.threads.com/@srb02145/post/DaFENfNiUNf,https://lovewdk.com/d/7BF04084,,,0.0,lovewdk.com,['qsh-alpha'],1,一集笑出豬叫！韓國顏值超高的甜劇，不狗血不瑪麗蘇，被贊《海岸村恰恰恰》2.0 lovewdk.com/d/7BF… 2 / 2,sweep_b1_hits.csv
2026-09-05_13-23-41,qsh-alpha,lovewdk.com,srb02145,2026-06-27,https://www.threads.com/@srb02145/post/DaEx5-rCa-h,https://lovewdk.com/d/D8E6A129,,,0.0,lovewdk.com,['qsh-alpha'],1,不愧是韓國票房冠軍！富家女VS鐵憨憨，打破經典套路，口碑炸裂，全程爆笑 lovewdk.com/d/D8E… 2 / 2,sweep_b1_hits.csv
2026-09-05_13-23-41,qsh-alpha,lovewdk.com,yiqsj2025,2026-06-27,https://www.threads.com/@yiqsj2025/post/DaEjeQqE2xh,https://lovewdk.com/d/45E8ED29,,,0.0,lovewdk.com,['qsh-alpha'],1,獅子座的四大「致命弱點」，能懂的才是真愛 lovewdk.com/d/45E… 2 / 2,sweep_b1_hits.csv
2026-09-05_13-23-41,qsh-alpha,lovewdk.com,srb02145,2026-06-27,https://www.threads.com/@srb02145/post/DaEdwZok_Um,https://lovewdk.com/d/057E5FFC,,,0.0,lovewdk.com,['qsh-alpha'],1,前半段爆笑溫暖后半段哭到斷氣的神作！真實故事改編，看完後勁太大了！ lovewdk.com/d/057… 2 / 2,sweep_b1_hits.csv
2026-09-05_13-23-41,qsh-alpha,lovewdk.com,016c5276757,2026-06-26,https://www.threads.com/@016c5276757/post/DaEN9qXErh5,https://lovewdk.com/d/F00A1B45,,,0.0,lovewdk.com,['qsh-alpha'],1,壽命短的女人，往往都有這三個特徵，別不信，並非迷信... lovewdk.com/d/F00… 2 / 2,sweep_b1_hits.csv
2026-09-05_13-23-41,qsh-alpha,lovewdk.com,yiqsj2025,2026-06-26,https://www.threads.com/@yiqsj2025/post/DaCzjKak9aT,https://lovewdk.com/d/BF91E070,,,0.0,lovewdk.com,['qsh-alpha'],1,相愛容易分手難的五大星座，既然那麼難捨難分不如在一起吧 lovewdk.com/d/BF9… 2 / 2,sweep_b1_hits.csv
2026-09-05_13-23-41,qsh-alpha,lovewdk.com,srb02145,2026-06-26,https://www.threads.com/@srb02145/post/DaCWLaKCTWz,https://lovewdk.com/d/E6855DC0,,,1.0,lovewdk.com,['qsh-alpha'],1,韓國編劇腦洞就是大！奇幻愛情喜劇🆘被冷凍20年終于醒了 lovewdk.com/d/E68… 2 / 2,sweep_b1_hits.csv
2026-09-05_13-23-41,qsh-alpha,lovewdk.com,yiqsj2025,2026-06-26,https://www.threads.com/@yiqsj2025/post/DaCSazRE67g,https://lovewdk.com/d/55B435D0,,,0.0,lovewdk.com,['qsh-alpha'],1,一生不離不棄，一旦愛上，便癡情到底的星座 lovewdk.com/d/55B… 2 / 2,sweep_b1_hits.csv
2026-09-05_13-23-41,qsh-alpha,lovewdk.com,srb02145,2026-06-26,https://www.threads.com/@srb02145/post/DaB3AiYj__h,https://lovewdk.com/d/F4B1A13B,,,0.0,lovewdk.com,['qsh-alpha'],1,網評7部超好看催淚韓劇！《苦盡柑來》每集都好哭、「這部」被封為人生必看 lovewdk.com/d/F4B… 2 / 2,sweep_b1_hits.csv
2026-09-05_13-23-41,qsh-alpha,lovewdk.com,yiqsj2025,2026-06-26,https://www.threads.com/@yiqsj2025/post/DaBzsQmE0D-,https://lovewdk.com/d/872B9385,,,0.0,lovewdk.com,['qsh-alpha'],1,「不要走～陪在我身邊～」12星座沒有『安全感』的表現，快好好安撫他的心！ lovewdk.com/d/872… 2 / 2,sweep_b1_hits.csv
2026-09-05_13-23-41,qsh-alpha,lovewdk.com,016c5276757,2026-06-25,https://www.threads.com/@016c5276757/post/DaBrhVnEsDz,https://lovewdk.com/d/42DB81DC,,,0.0,lovewdk.com,['qsh-alpha'],1,晚年存款最多三大生肖女，特別會攢錢，第二位錢多到花不完 lovewdk.com/d/42D… 2 / 2,sweep_b1_hits.csv
2026-09-05_13-23-41,qsh-alpha,lovewdk.com,016c5276757,2026-06-25,https://www.threads.com/@016c5276757/post/DZ__zAbmn5e,https://lovewdk.com/d/AD3F47D4,,,0.0,lovewdk.com,['qsh-alpha'],1,十二生肖2025年吉兇排行大揭秘：趨吉避兇，開啟幸運新程，超準！ lovewdk.com/d/AD3… 2 / 2,sweep_b1_hits.csv
2026-09-05_13-23-41,qsh-alpha,lovewdk.com,srb02145,2026-06-25,https://www.threads.com/@srb02145/post/DZ_v5J_CWTL,https://lovewdk.com/d/A9E0872A,,,1.0,lovewdk.com,['qsh-alpha'],1,震碎三觀的愛情電影！情侶為緩解寂寞互找備胎，張基龍x蔡秀彬x鄭秀晶上演三角戀 lovewdk.com/d/A9E… 2 / 2,sweep_b1_hits.csv
2026-09-05_13-23-41,qsh-alpha,lovewdk.com,srb02145,2026-06-25,https://www.threads.com/@srb02145/post/DZ_g2TtG3sU,https://lovewdk.com/d/933E7811,,,0.0,lovewdk.com,['qsh-alpha'],1,推薦一部嚴重低估的小眾韓劇！雙向奔赴好甜好好磕，看到哭！巨巨巨上頭！ lovewdk.com/d/933… 2 / 2,sweep_b1_hits.csv
2026-09-05_13-23-41,qsh-alpha,lovewdk.com,016c5276757,2026-06-24,https://www.threads.com/@016c5276757/post/DZ_EcYXEi58,https://lovewdk.com/d/5E5497D8,,,0.0,lovewdk.com,['qsh-alpha'],1,【觀音誕】最好運的5大生肖，第2位千萬不能惹 lovewdk.com/d/5E5… 2 / 2,sweep_b1_hits.csv
2026-09-05_13-23-41,qsh-alpha,lovewdk.com,yiqsj2025,2026-06-24,https://www.threads.com/@yiqsj2025/post/DZ9pncwE2uG,https://lovewdk.com/d/2FBAFD03,,,0.0,lovewdk.com,['qsh-alpha'],1,「不是沒出息，而是太愛你」一輩子怕老婆的三大星座男，從不頂撞老婆，因為心裡最愛老婆 lovewdk.com/d/2FB… 2 / 2,sweep_b1_hits.csv
2026-09-05_13-23-41,qsh-alpha,lovewdk.com,016c5276757,2026-06-24,https://www.threads.com/@016c5276757/post/DZ9kM7BGqjM,https://lovewdk.com/d/BFA6097C,,,0.0,lovewdk.com,['qsh-alpha'],1,44年才一次！如果你最愛的人屬狗，或家中有屬狗的，一定要接了 lovewdk.com/d/BFA… 2 / 2,sweep_b1_hits.csv
2026-09-05_13-23-41,qsh-alpha,lovewdk.com,srb02145,2026-06-24,https://www.threads.com/@srb02145/post/DZ9jvNmia7W,https://lovewdk.com/d/7AB1B684,,,0.0,lovewdk.com,['qsh-alpha'],1,集齊了狗血韓劇標配，這部劇還是那麼好看！ lovewdk.com/d/7AB… 2 / 2,sweep_b1_hits.csv
2026-09-05_13-23-41,qsh-alpha,lovewdk.com,yiqsj2025,2026-06-24,https://www.threads.com/@yiqsj2025/post/DZ9Z_uEEQ9w,https://lovewdk.com/d/3E28E385,,,0.0,lovewdk.com,['qsh-alpha'],1,「你敢兇我就敢走！」這四大星座女「只能被寵著」，越哄越乖，越氣越壞！ lovewdk.com/d/3E2… 2 / 2,sweep_b1_hits.csv
2026-09-05_13-23-41,qsh-alpha,lovewdk.com,srb02145,2026-06-24,https://www.threads.com/@srb02145/post/DZ9UhJuCQUJ,https://lovewdk.com/d/74B3DC1A,,,0.0,lovewdk.com,['qsh-alpha'],1,新劇來襲！兩大「最美惡女」強強聯手，化身「犯罪閨蜜」勇闖黑幫，瘋批組合太帶感，狠狠期待了！ lovewdk.com/d/74B… 2 / 2,sweep_b1_hits.csv
2026-09-05_13-23-41,qsh-alpha,lovewdk.com,016c5276757,2026-06-24,https://www.threads.com/@016c5276757/post/DZ9HfNLFJcj,https://lovewdk.com/d/B91F1903,,,0.0,lovewdk.com,['qsh-alpha'],1,5大生肖千萬不要減肥，越胖越招財，財神爺更喜歡你 lovewdk.com/d/B91… 2 / 2,sweep_b1_hits.csv
2026-09-05_13-23-41,qsh-alpha,lovewdk.com,yiqsj2025,2026-06-24,https://www.threads.com/@yiqsj2025/post/DZ8u6Ibk5s_,https://lovewdk.com/d/95A37F4F,,,0.0,lovewdk.com,['qsh-alpha'],1,失去愛人，久久不能擺脫痛苦，愛得太走心的三個星座 lovewdk.com/d/95A… 2 / 2,sweep_b1_hits.csv
2026-09-05_13-23-41,qsh-alpha,lovewdk.com,srb02145,2026-06-24,https://www.threads.com/@srb02145/post/DZ8uDMoCTEo,https://lovewdk.com/d/01709C97,,,0.0,lovewdk.com,['qsh-alpha'],1,被稱為「全員惡人」的韓劇！高中版《黑暗榮耀》等級分明，一口氣刷完太爽了 lovewdk.com/d/017… 2 / 2,sweep_b1_hits.csv
2026-09-05_13-23-41,qsh-alpha,lovewdk.com,srb02145,2026-06-23,https://www.threads.com/@srb02145/post/DZ6yGV0CenG,https://lovewdk.com/d/7A6C448F,,,0.0,lovewdk.com,['qsh-alpha'],1,冷門好劇！節奏較慢+情感細膩+多視角+配樂贊，這才是成年人的愛情和極致的拉扯！ lovewdk.com/d/7A6… 2 / 2,sweep_b1_hits.csv
2026-09-05_13-23-41,qsh-alpha,lovewdk.com,yiqsj2025,2026-06-23,https://www.threads.com/@yiqsj2025/post/DZ6ranPkSKy,https://lovewdk.com/d/8E4510B3,,,0.0,lovewdk.com,['qsh-alpha'],1,最適合和摩羯座談戀愛的三大星座！ lovewdk.com/d/8E4… 2 / 2,sweep_b1_hits.csv
2026-09-05_13-23-41,qsh-alpha,lovewdk.com,016c5276757,2026-06-23,https://www.threads.com/@016c5276757/post/DZ6hy0NlEvg,https://lovewdk.com/d/AE04951A,,,0.0,lovewdk.com,['qsh-alpha'],1,今天明天后天 「恭喜 六生肖 」吉吉利利 荷包裝滿滿 lovewdk.com/d/AE0… 2 / 2,sweep_b1_hits.csv
2026-09-05_13-23-41,qsh-alpha,lovewdk.com,srb02145,2026-06-23,https://www.threads.com/@srb02145/post/DZ6eLGKiS9e,https://lovewdk.com/d/B977FB8B,,,0.0,lovewdk.com,['qsh-alpha'],1,韓劇《比天堂還美麗》超催淚！養寵物的千萬別點開，淚水會停不下來 lovewdk.com/d/B97… 2 / 2,sweep_b1_hits.csv
2026-09-05_13-23-41,qsh-alpha,lovewdk.com,yiqsj2025,2026-06-23,https://www.threads.com/@yiqsj2025/post/DZ6IvWzE97U,https://lovewdk.com/d/090639E9,,,0.0,lovewdk.com,['qsh-alpha'],1,容易變心的3星座，喜歡時一心一意，不愛了轉頭就離開，令人心寒 lovewdk.com/d/090… 2 / 2,sweep_b1_hits.csv
2026-09-05_13-23-41,qsh-alpha,lovewdk.com,016c5276757,2026-06-22,https://www.threads.com/@016c5276757/post/DZ5_s3nEvPo,https://lovewdk.com/d/FBDF06ED,,,0.0,lovewdk.com,['qsh-alpha'],1,吉時已到得吉運，這些生肖今天過後最好運，大吉大利！！ lovewdk.com/d/FBD… 2 / 2,sweep_b1_hits.csv
2026-09-05_13-23-41,qsh-alpha,lovewdk.com,yiqsj2025,2026-06-22,https://www.threads.com/@yiqsj2025/post/DZ4XnYcE5u9,https://lovewdk.com/d/A1996817,,,0.0,lovewdk.com,['qsh-alpha'],1,認定你了！就會牽你「從老婆走到老婆婆」的三大星座男 lovewdk.com/d/A19… 2 / 2,sweep_b1_hits.csv
2026-09-05_13-23-41,qsh-alpha,lovewdk.com,srb02145,2026-06-22,https://www.threads.com/@srb02145/post/DZ4SDLLG4bF,https://lovewdk.com/d/E42036E2,,,0.0,lovewdk.com,['qsh-alpha'],1,笑瘋了！韓志旼、李民基演藝，女獸醫✖️刑警探案！全程無尿點 lovewdk.com/d/E42… 2 / 2,sweep_b1_hits.csv
2026-09-05_13-23-41,qsh-alpha,lovewdk.com,yiqsj2025,2026-06-22,https://www.threads.com/@yiqsj2025/post/DZ37-kjEym_,https://lovewdk.com/d/70A6EF05,,,0.0,lovewdk.com,['qsh-alpha'],1,這些星座相遇時就被月老綁在一起了！愛著愛著就永遠，誰都拆不散 lovewdk.com/d/70A… 2 / 2,sweep_b1_hits.csv
2026-09-05_13-23-41,qsh-alpha,lovewdk.com,016c5276757,2026-06-21,https://www.threads.com/@016c5276757/post/DZ3VznhkiLV,https://lovewdk.com/d/072B68DB,,,0.0,lovewdk.com,['qsh-alpha'],1,「 大難已過 」  八月開始  即將撞好運的生肖 lovewdk.com/d/072… 2 / 2,sweep_b1_hits.csv
2026-09-05_13-23-41,qsh-alpha,lovewdk.com,016c5276757,2026-06-21,https://www.threads.com/@016c5276757/post/DZ1bgammggN,https://lovewdk.com/d/3FC68152,,,0.0,lovewdk.com,['qsh-alpha'],1,生肖猴：沉住氣，8月你想要的都會有！六大貴人登門拜訪！ lovewdk.com/d/3FC… 2 / 2,sweep_b1_hits.csv
2026-09-05_13-23-41,qsh-alpha,lovewdk.com,srb02145,2026-06-21,https://www.threads.com/@srb02145/post/DZ1OG3SCZXK,https://lovewdk.com/d/E43BE8CF,,,0.0,lovewdk.com,['qsh-alpha'],1,李鐘碩真會挑劇本，爆款一部接一部，《黑話律師》又成現象級 lovewdk.com/d/E43… 2 / 2,sweep_b1_hits.csv
2026-09-05_13-23-41,qsh-alpha,lovewdk.com,yiqsj2025,2026-06-21,https://www.threads.com/@yiqsj2025/post/DZ0--tHkzFu,https://lovewdk.com/d/EA52D048,,,0.0,lovewdk.com,['qsh-alpha'],1,讓男人離不開，越愛越上癮的四大星座女 lovewdk.com/d/EA5… 2 / 2,sweep_b1_hits.csv
2026-09-05_13-23-41,qsh-alpha,lovewdk.com,srb02145,2026-06-21,https://www.threads.com/@srb02145/post/DZ09NbQE1m4,https://lovewdk.com/d/80551D6C,,,0.0,lovewdk.com,['qsh-alpha'],1,韓劇「瘋批美學」天花板！南宮珉神演技絕了，復仇爽到炸，每一集都高能到讓人不敢眨眼！ lovewdk.com/d/805… 2 / 2,sweep_b1_hits.csv
2026-09-05_13-23-41,qsh-alpha,lovewdk.com,yiqsj2025,2026-06-20,https://www.threads.com/@yiqsj2025/post/DZzB1nvke5g,https://lovewdk.com/d/3758D618,,,0.0,lovewdk.com,['qsh-alpha'],1,你越不理睬，他貼得越緊的三大星座，收穫餘生摯愛！ lovewdk.com/d/375… 2 / 2,sweep_b1_hits.csv
2026-09-05_13-23-41,qsh-alpha,lovewdk.com,yiqsj2025,2026-06-20,https://www.threads.com/@yiqsj2025/post/DZygtPME_ZQ,https://lovewdk.com/d/D9CA33A5,,,0.0,lovewdk.com,['qsh-alpha'],1,最吸引男人的「4個星座女」！第一名男人完全沒有抵抗力 lovewdk.com/d/D9C… 2 / 2,sweep_b1_hits.csv
2026-09-05_13-23-41,qsh-alpha,lovewdk.com,srb02145,2026-06-20,https://www.threads.com/@srb02145/post/DZydFi2k5R9,https://lovewdk.com/d/443ED93D,,,0.0,lovewdk.com,['qsh-alpha'],1,春日劇單：《苦盡柑來》結束後不用劇荒！超適合在春天重刷的5部韓劇，又溫暖又輕松又治愈！ lovewdk.com/d/443… 2 / 2,sweep_b1_hits.csv
2026-09-05_13-23-41,qsh-alpha,lovewdk.com,yiqsj2025,2026-06-20,https://www.threads.com/@yiqsj2025/post/DZyZEXgE2vG,https://lovewdk.com/d/6FC028D1,,,0.0,lovewdk.com,['qsh-alpha'],1,「願意陪你吃苦」的三大星座，她們要愛情不要麵包 lovewdk.com/d/6FC… 2 / 2,sweep_b1_hits.csv
2026-09-05_13-23-41,qsh-alpha,lovewdk.com,016c5276757,2026-06-19,https://www.threads.com/@016c5276757/post/DZw_Ya0GsKp,https://lovewdk.com/d/AAE841C3,,,0.0,lovewdk.com,['qsh-alpha'],1,算命的說：只要熬過今年7月份，4大生肖「將鹹魚翻身」，第二名連旺30年 lovewdk.com/d/AAE… 2 / 2,sweep_b1_hits.csv
2026-09-05_13-23-41,qsh-alpha,lovewdk.com,016c5276757,2026-06-19,https://www.threads.com/@016c5276757/post/DZwz36vkzVO,https://lovewdk.com/d/3BAF01A1,,,0.0,lovewdk.com,['qsh-alpha'],1,有好頭腦，貴人更不少，日子總能逢兇化吉大賺的生肖 lovewdk.com/d/3BA… 2 / 2,sweep_b1_hits.csv
2026-09-05_13-23-41,qsh-alpha,lovewdk.com,yiqsj2025,2026-06-19,https://www.threads.com/@yiqsj2025/post/DZwOn4kkxRf,https://lovewdk.com/d/DB269505,,,0.0,lovewdk.com,['qsh-alpha'],1,不惹事也不怕事，有仇必報的4個星座 lovewdk.com/d/DB2… 2 / 2,sweep_b1_hits.csv
2026-09-05_13-23-41,qsh-alpha,lovewdk.com,srb02145,2026-06-19,https://www.threads.com/@srb02145/post/DZwF8W3iYNQ,https://lovewdk.com/d/7BA8B3BC,,,0.0,lovewdk.com,['qsh-alpha'],1,一集入坑，全程高能，高智商犯罪太帶感！女神最新復仇爽劇太牛了！ lovewdk.com/d/7BA… 2 / 2,sweep_b1_hits.csv
2026-09-05_13-23-41,qsh-alpha,lovewdk.com,016c5276757,2026-06-18,https://www.threads.com/@016c5276757/post/DZup0ApFHzn,https://lovewdk.com/d/7586C3A4,,,0.0,lovewdk.com,['qsh-alpha'],1,風水輪流轉！不出三日，生肖龍家中迎來五大福事，五福要臨門了！ lovewdk.com/d/758… 2 / 2,sweep_b1_hits.csv
2026-09-05_13-23-41,qsh-alpha,lovewdk.com,srb02145,2026-06-18,https://www.threads.com/@srb02145/post/DZt9C1OG2kN,https://lovewdk.com/d/B306D63B,,,0.0,lovewdk.com,['qsh-alpha'],1,被劇名耽誤的好劇！輕喜劇題材，不狗血，細膩又浪漫，治愈感100分！ lovewdk.com/d/B30… 2 / 2,sweep_b1_hits.csv
2026-09-05_13-23-41,qsh-alpha,lovewdk.com,srb02145,2026-06-18,https://www.threads.com/@srb02145/post/DZtO5w7Gc-z,https://lovewdk.com/d/6025265B,,,0.0,lovewdk.com,['qsh-alpha'],1,最新熱血青春韓劇來襲！「白天裝乖學生，夜晚天台瘋唱」又好笑又好玩，無腦入！ lovewdk.com/d/602… 2 / 2,sweep_b1_hits.csv
2026-09-05_13-23-41,qsh-alpha,lovewdk.com,016c5276757,2026-06-17,https://www.threads.com/@016c5276757/post/DZrvg3xGkQF,https://lovewdk.com/d/2837E94E,,,0.0,lovewdk.com,['qsh-alpha'],1,「明天 1號」  三生肖  財運大旺 lovewdk.com/d/283… 2 / 2,sweep_b1_hits.csv
2026-09-05_13-23-41,qsh-alpha,lovewdk.com,yiqsj2025,2026-06-17,https://www.threads.com/@yiqsj2025/post/DZraxP3EaPW,https://lovewdk.com/d/663080DD,,,0.0,lovewdk.com,['qsh-alpha'],1,水瓶座2025年運勢太太太旺了！ lovewdk.com/d/663… 2 / 2,sweep_b1_hits.csv
2026-09-05_13-23-41,qsh-alpha,lovewdk.com,016c5276757,2026-06-17,https://www.threads.com/@016c5276757/post/DZrYo8IGiSh,https://lovewdk.com/d/5497903A,,,0.0,lovewdk.com,['qsh-alpha'],1,沒有壞心眼！五大生肖「心地很善良」一生都非常有福氣 lovewdk.com/d/549… 2 / 2,sweep_b1_hits.csv
2026-09-05_13-23-41,qsh-alpha,lovewdk.com,srb02145,2026-06-17,https://www.threads.com/@srb02145/post/DZqvYAjE-V3,https://lovewdk.com/d/7DF2CC0B,,,0.0,lovewdk.com,['qsh-alpha'],1,年度必追催淚神作！溫暖又治愈，開頭到結尾無懈可擊，看100遍都不夠！ lovewdk.com/d/7DF… 2 / 2,sweep_b1_hits.csv
2026-09-05_13-23-41,qsh-alpha,lovewdk.com,016c5276757,2026-06-16,https://www.threads.com/@016c5276757/post/DZpkAwrGsj1,https://lovewdk.com/d/E1A77189,,,1.0,lovewdk.com,['qsh-alpha'],1,命中自帶兒女緣！五個生肖女：生兒子一生不愁錢，生女兒一生有福氣 lovewdk.com/d/E1A… 2 / 2,sweep_b1_hits.csv
2026-09-05_13-23-41,qsh-alpha,lovewdk.com,srb02145,2026-06-15,https://www.threads.com/@srb02145/post/DZlzmQCmyRr,https://lovewdk.com/d/B9A06B8C,,,0.0,lovewdk.com,['qsh-alpha'],1,第一集就笑不活了！喜劇與爽劇的完美結合，又狗血又搞笑，笑點密集直接從頭笑到尾！ lovewdk.com/d/B9A… 2 / 2,sweep_b1_hits.csv
2026-09-05_13-23-41,qsh-alpha,lovewdk.com,srb02145,2026-06-15,https://www.threads.com/@srb02145/post/DZlknxZCT14,https://lovewdk.com/d/FCC1DFAB,,,0.0,lovewdk.com,['qsh-alpha'],1,韓國還真是什麼都敢拍！神仙畫風懸疑美學，一場三人之間的人性迷宮 lovewdk.com/d/FCC… 2 / 2,sweep_b1_hits.csv
2026-09-05_13-23-41,qsh-alpha,lovewdk.com,016c5276757,2026-06-14,https://www.threads.com/@016c5276757/post/DZlYmQtgapY,https://lovewdk.com/d/AD20A745,,,0.0,lovewdk.com,['qsh-alpha'],1,濟公保佑（  8月份 ）五大生肖 開始轉好運 lovewdk.com/d/AD2… 2 / 2,sweep_b1_hits.csv
2026-09-05_13-23-41,qsh-alpha,lovewdk.com,016c5276757,2026-06-14,https://www.threads.com/@016c5276757/post/DZkLah5m7Ib,https://lovewdk.com/d/B53D81E7,,,1.0,lovewdk.com,['qsh-alpha'],1,好運擋不住！六大生肖 【觀音誕】財運旺到爆 lovewdk.com/d/B53… 2 / 2,sweep_b1_hits.csv
2026-09-05_13-23-41,qsh-alpha,lovewdk.com,srb02145,2026-06-14,https://www.threads.com/@srb02145/post/DZjot9oiQMo,https://lovewdk.com/d/55307D41,,,0.0,lovewdk.com,['qsh-alpha'],1,全員搞笑！韓國校園劇，甜寵+懸疑，超青春超熱血，兩集就讓人上頭 lovewdk.com/d/553… 2 / 2,sweep_b1_hits.csv
2026-09-05_13-23-41,qsh-alpha,lovewdk.com,srb02145,2026-06-14,https://www.threads.com/@srb02145/post/DZjQFRrCRgT,https://lovewdk.com/d/83D1CFFA,,,0.0,lovewdk.com,['qsh-alpha'],1,韓劇迷必看！2025年5月熱播韓劇TOP7榜單出爐，讓你熬夜追不停！ lovewdk.com/d/83D… 2 / 2,sweep_b1_hits.csv
2026-09-05_13-23-41,qsh-alpha,lovewdk.com,yiqsj2025,2026-06-14,https://www.threads.com/@yiqsj2025/post/DZjDrgOkyBB,https://lovewdk.com/d/797A409D,,,0.0,lovewdk.com,['qsh-alpha'],1,跟水瓶座合不來的3個星座，性格不合，天生冤家 lovewdk.com/d/797… 2 / 2,sweep_b1_hits.csv
2026-09-05_13-23-41,qsh-alpha,lovewdk.com,srb02145,2026-06-14,https://www.threads.com/@srb02145/post/DZi9kOeCWsm,https://lovewdk.com/d/6263FA35,,,0.0,lovewdk.com,['qsh-alpha'],1,全員惡人🆘控制手機📱的鯊人犯！太刺激了跟蹤連環命案，Netflix新片看得我頭皮發麻！ lovewdk.com/d/626… 2 / 2,sweep_b1_hits.csv
2026-09-05_13-23-41,qsh-alpha,lovewdk.com,yiqsj2025,2026-06-14,https://www.threads.com/@yiqsj2025/post/DZi7LqyEzgf,https://lovewdk.com/d/DE3B5D60,,,0.0,lovewdk.com,['qsh-alpha'],1,最不能瞧不起的四大星座，今天對他愛搭不理，日后必讓你高攀不起 lovewdk.com/d/DE3… 2 / 2,sweep_b1_hits.csv
2026-09-05_13-23-41,qsh-alpha,lovewdk.com,srb02145,2026-06-13,https://www.threads.com/@srb02145/post/DZhIuu1G6qx,https://lovewdk.com/d/4109E8FF,,,0.0,lovewdk.com,['qsh-alpha'],1,終于播了！Netflix一次性放出，狗血愛情劇，男主兩次從婚禮現場搶走新娘 lovewdk.com/d/410… 2 / 2,sweep_b1_hits.csv
2026-09-05_13-23-41,qsh-alpha,picture.t9y3c.com,avyvq1,2025-08-05,https://www.threads.com/@avyvq1/post/DM-XJS9zGVf,https://picture.t9y3c.com/d/5002EAAB,,,0.0,picture.t9y3c.com,['qsh-alpha'],1,千萬不要誇孩子「你真棒，你真聰明」，斯坦福教授：就用這10句話，夸出孩子「內驅力」 picture.t9y3c.com/d/500… 2 / 2,sweep_b1_hits.csv
2026-09-05_13-23-41,qsh-alpha,picture.t9y3c.com,violet374546,2025-08-05,https://www.threads.com/@violet374546/post/DM-NGewpO__,https://picture.t9y3c.com/d/511109A0,,,0.0,picture.t9y3c.com,['qsh-alpha'],1,如果你也有女兒，建議把她養得勇敢且自信，這40句鼓勵話，經常對她說一說 picture.t9y3c.com/d/511… 2 / 2,sweep_b1_hits.csv
2026-09-05_13-23-41,qsh-alpha,picture.t9y3c.com,avyvq1,2025-08-04,https://www.threads.com/@avyvq1/post/DM6bfOOzqTo,https://picture.t9y3c.com/d/ACAAFF13,,,0.0,picture.t9y3c.com,['qsh-alpha'],1,稍不順心就發脾氣？孩子可能存在「喪失感」，父母要警惕 picture.t9y3c.com/d/ACA… 2 / 2,sweep_b1_hits.csv
2026-09-05_13-23-41,qsh-alpha,picture.t9y3c.com,violet374546,2025-08-04,https://www.threads.com/@violet374546/post/DM6ZHn7hWu6,https://picture.t9y3c.com/d/8C6729BD,,,0.0,picture.t9y3c.com,['qsh-alpha'],1,幾歲入園最合適？年齡不是衡量的標準，有這3個表現就可以送 picture.t9y3c.com/d/8C6… 2 / 2,sweep_b1_hits.csv
2026-09-05_13-23-41,qsh-alpha,picture.t9y3c.com,avyvq1,2025-08-03,https://www.threads.com/@avyvq1/post/DM321zhTLZe,https://picture.t9y3c.com/d/7A9E004A,,,0.0,picture.t9y3c.com,['qsh-alpha'],1,「媽媽，為什麼要讀書？」這位媽媽的回答太好了 picture.t9y3c.com/d/7A9… 2 / 2,sweep_b1_hits.csv
2026-09-05_13-23-41,qsh-alpha,picture.t9y3c.com,avyvq1,2025-08-02,https://www.threads.com/@avyvq1/post/DM1SRMKz97C,https://picture.t9y3c.com/d/6EA908D8,,,0.0,picture.t9y3c.com,['qsh-alpha'],1,孩子強烈感受到被愛的10個瞬間，中3個以上，說明你做父母很成功 picture.t9y3c.com/d/6EA… 2 / 2,sweep_b1_hits.csv
2026-09-05_13-23-41,qsh-alpha,picture.t9y3c.com,violet374546,2025-08-02,https://www.threads.com/@violet374546/post/DM1SC5pB6UG,https://picture.t9y3c.com/d/647F0CFF,,,0.0,picture.t9y3c.com,['qsh-alpha'],1,「普通家庭」別總想「帶孩子旅游」見世面，試試這6件低成本小事，90%家長都不知道 picture.t9y3c.com/d/647… 2 / 2,sweep_b1_hits.csv
2026-09-05_13-23-41,qsh-alpha,picture.t9y3c.com,avyvq1,2025-08-01,https://www.threads.com/@avyvq1/post/DMz9ANJTXQv,https://picture.t9y3c.com/d/F15BAE23,,,0.0,picture.t9y3c.com,['qsh-alpha'],1,哈佛研究發現：長大后越混越好的孩子，7歲前多半就有3個「強點」 picture.t9y3c.com/d/F15… 2 / 2,sweep_b1_hits.csv
2026-09-05_13-23-41,qsh-alpha,picture.t9y3c.com,violet374546,2025-08-01,https://www.threads.com/@violet374546/post/DMzEPyBJaTg,https://picture.t9y3c.com/d/44FBB393,,,0.0,picture.t9y3c.com,['qsh-alpha'],1,普通家庭的隱形殺手：壓迫窒息的說話方式，正在慢慢毀掉你的孩子 picture.t9y3c.com/d/44F… 2 / 2,sweep_b1_hits.csv
2026-09-05_13-23-41,qsh-alpha,picture.t9y3c.com,violet374546,2025-07-31,https://www.threads.com/@violet374546/post/DMwH8F1BG2w,https://picture.t9y3c.com/d/6A38DC5F,,,0.0,picture.t9y3c.com,['qsh-alpha'],1,摧毀一個孩子，到底有多簡單？不理他三次就夠了 picture.t9y3c.com/d/6A3… 2 / 2,sweep_b1_hits.csv
2026-09-05_13-23-41,qsh-alpha,picture.t9y3c.com,avyvq1,2025-07-31,https://www.threads.com/@avyvq1/post/DMwHP3yT7TQ,https://picture.t9y3c.com/d/31E,,,0.0,picture.t9y3c.com,['qsh-alpha'],1,陪讀6年，一位學霸家長的經驗：學會這5個監督方法，孩子自主學習，妥妥的學霸 picture.t9y3c.com/d/31E… 2 / 2,sweep_b1_hits.csv
2026-09-05_13-23-41,qsh-alpha,picture.t9y3c.com,avyvq1,2025-07-30,https://www.threads.com/@avyvq1/post/DMtiIWUTXQO,https://picture.t9y3c.com/d/AE333A1D,,,0.0,picture.t9y3c.com,['qsh-alpha'],1,李玫瑾：7個教養方法，幫你教出善良和尊重別人的孩子 picture.t9y3c.com/d/AE3… 2 / 2,sweep_b1_hits.csv
2026-09-05_13-23-41,qsh-alpha,picture.t9y3c.com,avyvq1,2025-07-29,https://www.threads.com/@avyvq1/post/DMsbusYTBlu,https://picture.t9y3c.com/d/76B746B5,,,0.0,picture.t9y3c.com,['qsh-alpha'],1,學霸可能不比你聰明，但比你會學習：分享3個高效學習方法，成績瞬間逆襲 picture.t9y3c.com/d/76B… 2 / 2,sweep_b1_hits.csv
2026-09-05_13-23-41,qsh-alpha,picture.t9y3c.com,violet374546,2025-07-29,https://www.threads.com/@violet374546/post/DMsAB3Bp3bh,https://picture.t9y3c.com/d/98F757E6,,,0.0,picture.t9y3c.com,['qsh-alpha'],1,聰明父母直言：自律的孩子，都是靠4步「套路」出來的！ picture.t9y3c.com/d/98F… 2 / 2,sweep_b1_hits.csv
2026-09-05_13-23-41,qsh-alpha,picture.t9y3c.com,avyvq1,2025-07-28,https://www.threads.com/@avyvq1/post/DMoZQBtT4Fc,https://picture.t9y3c.com/d/E4288DFE,,,0.0,picture.t9y3c.com,['qsh-alpha'],1,我的孩子只對我兇，他在別人面前都很乖，看完原因，心就這樣被治愈了 picture.t9y3c.com/d/E42… 2 / 2,sweep_b1_hits.csv
2026-09-05_13-23-41,qsh-alpha,picture.t9y3c.com,violet374546,2025-07-27,https://www.threads.com/@violet374546/post/DMnYjNsJFDR,https://picture.t9y3c.com/d/C1A73A3F,,,0.0,picture.t9y3c.com,['qsh-alpha'],1,越沒本事的父母，越喜歡在3件事上裝「大方」，苦的卻是孩子 picture.t9y3c.com/d/C1A… 2 / 2,sweep_b1_hits.csv
2026-09-05_13-23-41,qsh-alpha,picture.t9y3c.com,avyvq1,2025-07-27,https://www.threads.com/@avyvq1/post/DMlzYyqTovc,https://picture.t9y3c.com/d/DF031B7B,,,0.0,picture.t9y3c.com,['qsh-alpha'],1,有遠見的父母，帶孩子這樣過暑假，開學成績就能更上一層樓 picture.t9y3c.com/d/DF0… 2 / 2,sweep_b1_hits.csv
2026-09-05_13-23-41,qsh-alpha,picture.t9y3c.com,avyvq1,2025-07-26,https://www.threads.com/@avyvq1/post/DMjP0rpT8Ii,https://picture.t9y3c.com/d/CD35969A,,,0.0,picture.t9y3c.com,['qsh-alpha'],1,班主任提醒：考試前，聰明家長最該做這5件事，孩子想考差都難 picture.t9y3c.com/d/CD3… 2 / 2,sweep_b1_hits.csv
2026-09-05_13-23-41,qsh-alpha,picture.t9y3c.com,violet374546,2025-07-26,https://www.threads.com/@violet374546/post/DMjO0juBVfy,https://picture.t9y3c.com/d/BFEBF6C7,,,0.0,picture.t9y3c.com,['qsh-alpha'],1,層次很高的父母，會有的特征：四不管 picture.t9y3c.com/d/BFE… 2 / 2,sweep_b1_hits.csv
2026-09-05_13-23-41,qsh-alpha,picture.t9y3c.com,violet374546,2025-07-25,https://www.threads.com/@violet374546/post/DMh5q5Xp10y,https://picture.t9y3c.com/d/3704FC9C,,,0.0,picture.t9y3c.com,['qsh-alpha'],1,寶媽別當著「孩子面換衣服」，尤其是家有「男孩子」，對孩子影響很大 picture.t9y3c.com/d/370… 2 / 2,sweep_b1_hits.csv
2026-09-05_13-23-41,qsh-alpha,picture.t9y3c.com,avyvq1,2025-07-25,https://www.threads.com/@avyvq1/post/DMgpGYtz0Zs,https://picture.t9y3c.com/d/724101E7,,,0.0,picture.t9y3c.com,['qsh-alpha'],1,為什麼你對孩子越好，孩子越反感你？背后的因果關系很現實 picture.t9y3c.com/d/724… 2 / 2,sweep_b1_hits.csv
2026-09-05_13-23-41,qsh-alpha,picture.t9y3c.com,violet374546,2025-07-24,https://www.threads.com/@violet374546/post/DMeqFCGJooP,https://picture.t9y3c.com/d/770ACD61,,,0.0,picture.t9y3c.com,['qsh-alpha'],1,為何孩子被媽媽吼哭，也要伸手找媽媽抱？原因讓人心疼 picture.t9y3c.com/d/770… 2 / 2,sweep_b1_hits.csv
2026-09-05_13-23-41,qsh-alpha,picture.t9y3c.com,avyvq1,2025-07-24,https://www.threads.com/@avyvq1/post/DMea7_UTwAP,https://picture.t9y3c.com/d/8E3BD7CA,,,0.0,picture.t9y3c.com,['qsh-alpha'],1,6歲前，千萬別逼孩子做這4件事，會成為他一生的陰影，越早知道越好 picture.t9y3c.com/d/8E3… 2 / 2,sweep_b1_hits.csv
2026-09-05_13-23-41,qsh-alpha,picture.t9y3c.com,avyvq1,2025-07-23,https://www.threads.com/@avyvq1/post/DMc2CI9TSHe,https://picture.t9y3c.com/d/C7286170,,,0.0,picture.t9y3c.com,['qsh-alpha'],1,孩子「最佳認字年齡」，非2歲也非5歲，這年齡段識字量更易爆發 picture.t9y3c.com/d/C72… 2 / 2,sweep_b1_hits.csv
2026-09-05_13-23-41,qsh-alpha,picture.t9y3c.com,violet374546,2025-07-23,https://www.threads.com/@violet374546/post/DMbfpJ3BSTl,https://picture.t9y3c.com/d/F47D84B7,,,0.0,picture.t9y3c.com,['qsh-alpha'],1,50個睡前廢話，堅持聊半年，孩子變化驚人，越來越優秀 picture.t9y3c.com/d/F47… 2 / 2,sweep_b1_hits.csv
2026-09-05_13-23-41,qsh-alpha,picture.t9y3c.com,avyvq1,2025-07-22,https://www.threads.com/@avyvq1/post/DMaIi6NTlNs,https://picture.t9y3c.com/d/3757454C,,,0.0,picture.t9y3c.com,['qsh-alpha'],1,媽強迫孩子午睡3年，換來孩子身高損6cm，提醒：家長別再犯錯了 picture.t9y3c.com/d/375… 2 / 2,sweep_b1_hits.csv
2026-09-05_13-23-41,qsh-alpha,picture.t9y3c.com,violet374546,2025-07-22,https://www.threads.com/@violet374546/post/DMY84gghKhF,https://picture.t9y3c.com/d/ED3E2E5E,,,0.0,picture.t9y3c.com,['qsh-alpha'],1,孩子任性沒法管？其實你是不知道運用「魚缸法則」，孩子家長相處都輕松 picture.t9y3c.com/d/ED3… 2 / 2,sweep_b1_hits.csv
2026-09-05_13-23-41,qsh-alpha,picture.t9y3c.com,violet374546,2025-07-21,https://www.threads.com/@violet374546/post/DMXadGqpDkv,https://picture.t9y3c.com/d/F9A8177E,,,0.0,picture.t9y3c.com,['qsh-alpha'],1,「媽媽，萬一我沒考上好的大學怎麼辦？」媽媽的回答，堪稱范本 picture.t9y3c.com/d/F9A… 2 / 2,sweep_b1_hits.csv
2026-09-05_13-23-41,qsh-alpha,picture.t9y3c.com,avyvq1,2025-07-21,https://www.threads.com/@avyvq1/post/DMXYwKKzkco,https://picture.t9y3c.com/d/6125EE96,,,0.0,picture.t9y3c.com,['qsh-alpha'],1,李玫瑾：養好男孩，牢記三不慣三不幫三不說，長大自信又出色 picture.t9y3c.com/d/612… 2 / 2,sweep_b1_hits.csv
2026-09-05_13-23-41,qsh-alpha,picture.t9y3c.com,violet374546,2025-07-20,https://www.threads.com/@violet374546/post/DMVGshYJa84,https://picture.t9y3c.com/d/2E2E0082,,,0.0,picture.t9y3c.com,['qsh-alpha'],1,父母越沒本事，往往越喜歡把幾句話掛嘴邊，孩子也跟著遭殃 picture.t9y3c.com/d/2E2… 2 / 2,sweep_b1_hits.csv
2026-09-05_13-23-41,qsh-alpha,picture.t9y3c.com,avyvq1,2025-07-20,https://www.threads.com/@avyvq1/post/DMT0S_iTX_u,https://picture.t9y3c.com/d/477049B9,,,0.0,picture.t9y3c.com,['qsh-alpha'],1,資深班主任提醒：高一開學前，學霸都會做這3件事 picture.t9y3c.com/d/477… 2 / 2,sweep_b1_hits.csv
2026-09-05_13-23-41,qsh-alpha,picture.t9y3c.com,violet374546,2025-07-19,https://www.threads.com/@violet374546/post/DMRPF8NBiyu,https://picture.t9y3c.com/d/DF4E013B,,,0.0,picture.t9y3c.com,['qsh-alpha'],1,「媽媽，我怕」！6個月到5歲孩子「害怕清單」：娃娃總說害怕，你的回答很重要 picture.t9y3c.com/d/DF4… 2 / 2,sweep_b1_hits.csv
2026-09-05_13-23-41,qsh-alpha,picture.t9y3c.com,avyvq1,2025-07-19,https://www.threads.com/@avyvq1/post/DMROJp1zNf6,https://picture.t9y3c.com/d/F3204BCB,,,0.0,picture.t9y3c.com,['qsh-alpha'],1,幼稚園第一天開學，不哭的孩子往往出自這3類家庭，希望你家在其中 picture.t9y3c.com/d/F32… 2 / 2,sweep_b1_hits.csv
2026-09-05_13-23-41,qsh-alpha,picture.t9y3c.com,violet374546,2025-07-18,https://www.threads.com/@violet374546/post/DMPwk1mJ4ss,https://picture.t9y3c.com/d/2FD7334D,,,0.0,picture.t9y3c.com,['qsh-alpha'],1,應采兒：哪有什麼天生乖巧，所有的孩子都是被「暗示」出來的 picture.t9y3c.com/d/2FD… 2 / 2,sweep_b1_hits.csv
2026-09-05_13-23-41,qsh-alpha,picture.t9y3c.com,avyvq1,2025-07-18,https://www.threads.com/@avyvq1/post/DMPeQrgz-ZL,https://picture.t9y3c.com/d/786,,,0.0,picture.t9y3c.com,['qsh-alpha'],1,哈佛教授：別把孩子養得太老實，告訴孩子7句話，他們會更有出息 picture.t9y3c.com/d/786… 2 / 2,sweep_b1_hits.csv
2026-09-05_13-23-41,qsh-alpha,picture.t9y3c.com,avyvq1,2025-07-17,https://www.threads.com/@avyvq1/post/DMM38UOzHyD,https://picture.t9y3c.com/d/5D066546,,,0.0,picture.t9y3c.com,['qsh-alpha'],1,孩子身上有3個特征，是典型的「聰明相」，占一個都覺得很幸運 picture.t9y3c.com/d/5D0… 2 / 2,sweep_b1_hits.csv
2026-09-05_13-23-41,qsh-alpha,picture.t9y3c.com,violet374546,2025-07-17,https://www.threads.com/@violet374546/post/DMM1kkips0u,https://picture.t9y3c.com/d/849EC502,,,0.0,picture.t9y3c.com,['qsh-alpha'],1,想讓孩子在幼兒園里不受欺負，告訴他這5句話，比打回去效果更好 picture.t9y3c.com/d/849… 2 / 2,sweep_b1_hits.csv
2026-09-05_13-23-41,qsh-alpha,picture.t9y3c.com,violet374546,2025-07-16,https://www.threads.com/@violet374546/post/DMJ8NmopftW,https://picture.t9y3c.com/d/1FBABCA0,,,0.0,picture.t9y3c.com,['qsh-alpha'],1,別再問孩子「今天作業多嗎？」 學會4問3不問，讓孩子更樂意和你交流 picture.t9y3c.com/d/1FB… 2 / 2,sweep_b1_hits.csv
2026-09-05_13-23-41,qsh-alpha,picture.t9y3c.com,avyvq1,2025-07-16,https://www.threads.com/@avyvq1/post/DMJfmMaTd9l,https://picture.t9y3c.com/d/6C2B9334,,,0.0,picture.t9y3c.com,['qsh-alpha'],1,「普通家庭」別總想「帶孩子旅游」見世面，試試這6件低成本小事，90%家長都不知道 picture.t9y3c.com/d/6C2… 2 / 2,sweep_b1_hits.csv
2026-09-05_13-23-41,qsh-alpha,picture.t9y3c.com,avyvq1,2025-07-15,https://www.threads.com/@avyvq1/post/DMHuwdsTVxk,https://picture.t9y3c.com/d/2B100167,,,0.0,picture.t9y3c.com,['qsh-alpha'],1,「父母與孩子的關係是一場漸行漸遠的修行...」 弘一法師渡人無數的「10句話」句句有深意👇 picture.t9y3c.com/d/2B1… 2 / 2,sweep_b1_hits.csv
2026-09-05_13-23-41,qsh-alpha,picture.t9y3c.com,violet374546,2025-07-15,https://www.threads.com/@violet374546/post/DMHJ6QMpQMI,https://picture.t9y3c.com/d/81519852,,,0.0,picture.t9y3c.com,['qsh-alpha'],1,想培養一個情緒穩定的孩子 ，一定要多說這5句話，多數的家長都不知道 picture.t9y3c.com/d/815… 2 / 2,sweep_b1_hits.csv
2026-09-05_13-23-41,qsh-alpha,picture.t9y3c.com,avyvq1,2025-07-14,https://www.threads.com/@avyvq1/post/DMEVS5KTPuc,https://picture.t9y3c.com/d/4EB37E15,,,0.0,picture.t9y3c.com,['qsh-alpha'],1,心理學家提醒：超過這年齡一定要給娃零花錢，別等孩子偷錢才后悔 picture.t9y3c.com/d/4EB… 2 / 2,sweep_b1_hits.csv
2026-09-05_13-23-41,qsh-alpha,picture.t9y3c.com,violet374546,2025-07-13,https://www.threads.com/@violet374546/post/DMCYROVx6Eq,https://picture.t9y3c.com/d/26FBDC94,,,0.0,picture.t9y3c.com,['qsh-alpha'],1,當兒女不尊重你，不拿你當回事，別生氣，也別講道理，請這樣做 picture.t9y3c.com/d/26F… 2 / 2,sweep_b1_hits.csv
2026-09-05_13-23-41,qsh-alpha,picture.t9y3c.com,avyvq1,2025-07-13,https://www.threads.com/@avyvq1/post/DMByUjEzs_j,https://picture.t9y3c.com/d/A75CC706,,,0.0,picture.t9y3c.com,['qsh-alpha'],1,「媽媽，為什麼放假了也不讓我玩手機？」這位媽媽的回答，堪稱人生教科書 picture.t9y3c.com/d/A75… 2 / 2,sweep_b1_hits.csv
2026-09-05_13-23-41,qsh-alpha,picture.t9y3c.com,avyvq1,2025-07-12,https://www.threads.com/@avyvq1/post/DL_s0ffTs3t,https://picture.t9y3c.com/d/F0FBB299,,,0.0,picture.t9y3c.com,['qsh-alpha'],1,三種顏色是抑郁色，如果孩子喜歡，一定要警惕 picture.t9y3c.com/d/F0F… 2 / 2,sweep_b1_hits.csv
2026-09-05_13-23-41,qsh-alpha,picture.t9y3c.com,violet374546,2025-07-12,https://www.threads.com/@violet374546/post/DL_cZdSpjZY,https://picture.t9y3c.com/d/9E0F28AF,,,0.0,picture.t9y3c.com,['qsh-alpha'],1,焦慮媽媽都有一個共性：就是太在意孩子，其實「媽媽越放松，孩子越優秀」 picture.t9y3c.com/d/9E0… 2 / 2,sweep_b1_hits.csv
2026-09-05_13-23-41,qsh-alpha,picture.t9y3c.com,avyvq1,2025-07-11,https://www.threads.com/@avyvq1/post/DL9ArLmzoq_,https://picture.t9y3c.com/d/9EE6CD3E,,,0.0,picture.t9y3c.com,['qsh-alpha'],1,低層次父母，喜歡不停地「講道理」，而高層次父母，會做2件事 picture.t9y3c.com/d/9EE… 2 / 2,sweep_b1_hits.csv
2026-09-05_13-23-41,qsh-alpha,picture.t9y3c.com,avyvq1,2025-07-10,https://www.threads.com/@avyvq1/post/DL6C1VuTLRm,https://picture.t9y3c.com/d/EB8E3DFC,,,0.0,picture.t9y3c.com,['qsh-alpha'],1,層次很高的父母，會有的特征：四不管 picture.t9y3c.com/d/EB8… 2 / 2,sweep_b1_hits.csv
2026-09-05_13-23-41,qsh-alpha,picture.t9y3c.com,violet374546,2025-07-10,https://www.threads.com/@violet374546/post/DL6CXyGhrAj,https://picture.t9y3c.com/d/425BEE7A,,,0.0,picture.t9y3c.com,['qsh-alpha'],1,父母最頂級的自律，是克制糾正孩子的欲望 picture.t9y3c.com/d/425… 2 / 2,sweep_b1_hits.csv
2026-09-05_13-23-41,qsh-alpha,picture.t9y3c.com,violet374546,2025-07-09,https://www.threads.com/@violet374546/post/DL32mtsJ-09,https://picture.t9y3c.com/d/4A9,,,0.0,picture.t9y3c.com,['qsh-alpha'],1,為什麼父母付出越多，孩子越不知感恩？專家嘆：因為你少做到這7點 picture.t9y3c.com/d/4A9… 2 / 2,sweep_b1_hits.csv
2026-09-05_13-23-41,qsh-alpha,picture.t9y3c.com,violet374546,2025-07-08,https://www.threads.com/@violet374546/post/DL0576rBkHX,https://picture.t9y3c.com/d/EB20DE97,,,0.0,picture.t9y3c.com,['qsh-alpha'],1,「我有6個孩子，5個是博士，經驗就10句話」：照著做，你就超過了90%的父母 picture.t9y3c.com/d/EB2… 2 / 2,sweep_b1_hits.csv
2026-09-05_13-23-41,qsh-alpha,picture.t9y3c.com,violet374546,2025-07-07,https://www.threads.com/@violet374546/post/DLyTPLAhE_9,https://picture.t9y3c.com/d/52AB9B75,,,0.0,picture.t9y3c.com,['qsh-alpha'],1,家長的5種「壞」習慣，容易養出愛頂嘴的孩子，中的趕緊改 picture.t9y3c.com/d/52A… 2 / 2,sweep_b1_hits.csv
2026-09-05_13-23-41,qsh-alpha,picture.t9y3c.com,violet374546,2025-07-06,https://www.threads.com/@violet374546/post/DLw0xgLJKrj,https://picture.t9y3c.com/d/E49EE9DC,,,0.0,picture.t9y3c.com,['qsh-alpha'],1,孩子一言不合發脾氣摔東西，不打不罵不哄，給他一個「概念」就好 picture.t9y3c.com/d/E49… 2 / 2,sweep_b1_hits.csv
2026-09-05_13-23-41,qsh-alpha,picture.t9y3c.com,violet374546,2025-07-05,https://www.threads.com/@violet374546/post/DLtL_7Wh2k8,https://picture.t9y3c.com/d/BD091977,,,0.0,picture.t9y3c.com,['qsh-alpha'],1,媽強迫孩子午睡3年，換來孩子身高損6cm，提醒：家長別再犯錯了 picture.t9y3c.com/d/BD0… 2 / 2,sweep_b1_hits.csv
2026-09-05_13-23-41,qsh-alpha,picture.t9y3c.com,violet374546,2025-07-04,https://www.threads.com/@violet374546/post/DLsDGO9xUr3,https://picture.t9y3c.com/d/B4464404,,,0.0,picture.t9y3c.com,['qsh-alpha'],1,發現一個奇怪的現象：越是無能的父母，越喜歡對孩子說這3句話，而優秀的父母卻很少說 picture.t9y3c.com/d/B44… 2 / 2,sweep_b1_hits.csv
2026-09-05_13-23-41,qsh-alpha,picture.t9y3c.com,violet374546,2025-07-03,https://www.threads.com/@violet374546/post/DLoUg4MxeLB,https://picture.t9y3c.com/d/9A6,,,0.0,picture.t9y3c.com,['qsh-alpha'],1,資深班主任提醒：高一開學前，學霸都會做這3件事 picture.t9y3c.com/d/9A6… 2 / 2,sweep_b1_hits.csv
2026-09-05_13-23-41,qsh-alpha,picture.t9y3c.com,avyvq1,2025-07-03,https://www.threads.com/@avyvq1/post/DLoAgCcz_By,https://picture.t9y3c.com/d/8E88F7B2,,,0.0,picture.t9y3c.com,['qsh-alpha'],1,決定孩子命運的，從來不是大道理，而是小習慣 picture.t9y3c.com/d/8E8… 2 / 2,sweep_b1_hits.csv
2026-09-05_13-23-41,qsh-alpha,picture.t9y3c.com,violet374546,2025-07-02,https://www.threads.com/@violet374546/post/DLldSAlBv2H,https://picture.t9y3c.com/d/1E270AAA,,,0.0,picture.t9y3c.com,['qsh-alpha'],1,父母是如何一步一步破壞孩子專注力的？看看你有沒有中招，現在改還來得及 picture.t9y3c.com/d/1E2… 2 / 2,sweep_b1_hits.csv
2026-09-05_13-23-41,qsh-alpha,picture.t9y3c.com,avyvq1,2025-07-02,https://www.threads.com/@avyvq1/post/DLlbPVqTl7y,https://picture.t9y3c.com/d/A4DB5780,,,0.0,picture.t9y3c.com,['qsh-alpha'],1,「頂嘴」與「不頂嘴」的孩子，20年后差距明顯，父母別不在意 picture.t9y3c.com/d/A4D… 2 / 2,sweep_b1_hits.csv
2026-09-05_13-23-41,qsh-alpha,picture.t9y3c.com,violet374546,2025-07-01,https://www.threads.com/@violet374546/post/DLkEqG1JL-9,https://picture.t9y3c.com/d/51BB11DD,,,0.0,picture.t9y3c.com,['qsh-alpha'],1,「兒子，千萬別把妻子當親人」這位爸爸的3句話，點醒了無數人 picture.t9y3c.com/d/51B… 2 / 2,sweep_b1_hits.csv
2026-09-05_13-23-41,qsh-alpha,picture.t9y3c.com,avyvq1,2025-07-01,https://www.threads.com/@avyvq1/post/DLi4EnOz_zy,https://picture.t9y3c.com/d/73C644DD,,,0.0,picture.t9y3c.com,['qsh-alpha'],1,應采兒：哪有什麼天生乖巧，所有的孩子都是被「暗示」出來的 picture.t9y3c.com/d/73C… 2 / 2,sweep_b1_hits.csv
2026-09-05_13-23-41,qsh-alpha,picture.t9y3c.com,violet374546,2025-06-30,https://www.threads.com/@violet374546/post/DLgTtVuh-6u,https://picture.t9y3c.com/d/B1E2E37D,,,0.0,picture.t9y3c.com,['qsh-alpha'],1,李玫瑾：7個教養方法，幫你教出善良和尊重別人的孩子 picture.t9y3c.com/d/B1E… 2 / 2,sweep_b1_hits.csv
2026-09-05_13-23-41,qsh-alpha,picture.t9y3c.com,avyvq1,2025-06-30,https://www.threads.com/@avyvq1/post/DLgTfazzZ1x,https://picture.t9y3c.com/d/3A0,,,0.0,picture.t9y3c.com,['qsh-alpha'],1,普通家庭的隱形殺手：壓迫窒息的說話方式，正在慢慢毀掉你的孩子 picture.t9y3c.com/d/3A0… 2 / 2,sweep_b1_hits.csv
2026-09-05_13-23-41,qsh-alpha,picture.t9y3c.com,avyvq1,2025-06-29,https://www.threads.com/@avyvq1/post/DLdu3ZLzbT2,https://picture.t9y3c.com/d/0C5,,,0.0,picture.t9y3c.com,['qsh-alpha'],1,想培養一個情緒穩定的孩子 ，一定要多說這5句話，多數的家長都不知道 picture.t9y3c.com/d/0C5… 2 / 2,sweep_b1_hits.csv
2026-09-05_13-23-41,qsh-alpha,picture.t9y3c.com,violet374546,2025-06-29,https://www.threads.com/@violet374546/post/DLdtyQeBXzx,https://picture.t9y3c.com/d/C4189D22,,,0.0,picture.t9y3c.com,['qsh-alpha'],1,孩子沒考好，父母別再說「沒關系」，學霸父母會說這3句話 picture.t9y3c.com/d/C41… 2 / 2,sweep_b1_hits.csv
2026-09-05_13-23-41,qsh-alpha,picture.t9y3c.com,violet374546,2025-06-28,https://www.threads.com/@violet374546/post/DLcOTsdJu5r,https://picture.t9y3c.com/d/28234BB6,,,0.0,picture.t9y3c.com,['qsh-alpha'],1,最失敗的暑假教育：一個心軟的媽媽，養出一個不自律的娃 picture.t9y3c.com/d/282… 2 / 2,sweep_b1_hits.csv
2026-09-05_13-23-41,qsh-alpha,picture.t9y3c.com,avyvq1,2025-06-28,https://www.threads.com/@avyvq1/post/DLbfaBPzDbm,https://picture.t9y3c.com/d/D6CC6814,,,0.0,picture.t9y3c.com,['qsh-alpha'],1,當兒女不尊重你，不拿你當回事，別生氣，也別講道理，請這樣做 picture.t9y3c.com/d/D6C… 2 / 2,sweep_b1_hits.csv
2026-09-05_13-23-41,qsh-alpha,picture.t9y3c.com,violet374546,2025-06-26,https://www.threads.com/@violet374546/post/DLWnNrVpmIn,https://picture.t9y3c.com/d/F22A1D5A,,,0.0,picture.t9y3c.com,['qsh-alpha'],1,班主任提醒：考試前，聰明家長最該做這5件事，孩子想考差都難 picture.t9y3c.com/d/F22… 2 / 2,sweep_b1_hits.csv
2026-09-05_13-23-41,qsh-alpha,picture.t9y3c.com,avyvq1,2025-06-25,https://www.threads.com/@avyvq1/post/DLUpx_6TRBl,https://picture.t9y3c.com/d/02205DEF,,,0.0,picture.t9y3c.com,['qsh-alpha'],1,越沒本事的父母，越喜歡在3件事上裝「大方」，苦的卻是孩子 picture.t9y3c.com/d/022… 2 / 2,sweep_b1_hits.csv
2026-09-05_13-23-41,qsh-alpha,picture.t9y3c.com,violet374546,2025-06-25,https://www.threads.com/@violet374546/post/DLTbg4AhylM,https://picture.t9y3c.com/d/A2BB7CF6,,,0.0,picture.t9y3c.com,['qsh-alpha'],1,這樣和你的兒子說話，將來一定很優秀，早了解早受益 picture.t9y3c.com/d/A2B… 2 / 2,sweep_b1_hits.csv
2026-09-05_13-23-41,qsh-alpha,picture.t9y3c.com,violet374546,2025-06-24,https://www.threads.com/@violet374546/post/DLQ7AU_JzXa,https://picture.t9y3c.com/d/A9FEA0BF,,,0.0,picture.t9y3c.com,['qsh-alpha'],1,當有人「批評」你的孩子，如何智慧回應？你態度和做法，會影響他一生 picture.t9y3c.com/d/A9F… 2 / 2,sweep_b1_hits.csv
2026-09-05_13-23-41,qsh-alpha,picture.t9y3c.com,avyvq1,2025-06-24,https://www.threads.com/@avyvq1/post/DLQ2AO2TlSM,https://picture.t9y3c.com/d/E7F34690,,,0.0,picture.t9y3c.com,['qsh-alpha'],1,獨自睡覺，和跟父母一起睡的孩子，長大後的區別，聰明家長不可不知 picture.t9y3c.com/d/E7F… 2 / 2,sweep_b1_hits.csv
2026-09-05_13-23-41,qsh-alpha,picture.t9y3c.com,violet374546,2025-06-23,https://www.threads.com/@violet374546/post/DLOSUkNhWCM,https://picture.t9y3c.com/d/27F330A9,,,0.0,picture.t9y3c.com,['qsh-alpha'],1,「媽媽，為什麼要讀書？」這位媽媽的回答太好了 picture.t9y3c.com/d/27F… 2 / 2,sweep_b1_hits.csv
2026-09-05_13-23-41,qsh-alpha,picture.t9y3c.com,avyvq1,2025-06-23,https://www.threads.com/@avyvq1/post/DLOPnQAzuRF,https://picture.t9y3c.com/d/BB4,,,0.0,picture.t9y3c.com,['qsh-alpha'],1,沒有儀式感的家庭，養不出有幸福感的孩子，這3個危害，將來很難補救 picture.t9y3c.com/d/BB4… 2 / 2,sweep_b1_hits.csv
2026-09-05_13-23-41,qsh-alpha,picture.t9y3c.com,violet374546,2025-06-22,https://www.threads.com/@violet374546/post/DLLsMeOh8bA,https://picture.t9y3c.com/d/352F8C4A,,,0.0,picture.t9y3c.com,['qsh-alpha'],1,子女有沒有「出息」，從「吃飯」就可以看出來，父母別不當回事 picture.t9y3c.com/d/352… 2 / 2,sweep_b1_hits.csv
2026-09-05_13-23-41,qsh-alpha,picture.t9y3c.com,avyvq1,2025-06-22,https://www.threads.com/@avyvq1/post/DLLrSHgzvYJ,https://picture.t9y3c.com/d/8D6CCF24,,,0.0,picture.t9y3c.com,['qsh-alpha'],1,一個媽媽最大的悲哀，就是輕易向別人透露「子女這2件隱私」 picture.t9y3c.com/d/8D6… 2 / 2,sweep_b1_hits.csv
2026-09-05_13-23-41,qsh-alpha,picture.t9y3c.com,violet374546,2025-06-21,https://www.threads.com/@violet374546/post/DLJGtmnhQb3,https://picture.t9y3c.com/d/1E1C02A9,,,0.0,picture.t9y3c.com,['qsh-alpha'],1,6歲前，千萬別逼孩子做這4件事，會成為他一生的陰影，越早知道越好 picture.t9y3c.com/d/1E1… 2 / 2,sweep_b1_hits.csv
2026-09-05_13-23-41,qsh-alpha,picture.t9y3c.com,avyvq1,2025-06-21,https://www.threads.com/@avyvq1/post/DLJFkArzReI,https://picture.t9y3c.com/d/1D0,,,0.0,picture.t9y3c.com,['qsh-alpha'],1,做父母的，千萬別把孩子的福報，給提前用光了 picture.t9y3c.com/d/1D0… 2 / 2,sweep_b1_hits.csv
2026-09-05_13-23-41,qsh-alpha,picture.t9y3c.com,avyvq1,2025-06-20,https://www.threads.com/@avyvq1/post/DLHUqvCTlT4,https://picture.t9y3c.com/d/45D4E88E,,,0.0,picture.t9y3c.com,['qsh-alpha'],1,孩子任性沒法管？其實你是不知道運用「魚缸法則」，孩子家長相處都輕松 picture.t9y3c.com/d/45D… 2 / 2,sweep_b1_hits.csv
2026-09-05_13-23-41,qsh-alpha,picture.t9y3c.com,violet374546,2025-06-20,https://www.threads.com/@violet374546/post/DLGiexaBoEG,https://picture.t9y3c.com/d/A3B,,,0.0,picture.t9y3c.com,['qsh-alpha'],1,孩子強烈感受到被愛的10個瞬間，中3個以上，說明你做父母很成功 picture.t9y3c.com/d/A3B… 2 / 2,sweep_b1_hits.csv
2026-09-05_13-23-41,qsh-alpha,picture.t9y3c.com,violet374546,2025-06-19,https://www.threads.com/@violet374546/post/DLD-BxnBTwo,https://picture.t9y3c.com/d/C7A,,,0.0,picture.t9y3c.com,['qsh-alpha'],1,幼稚園第一天開學，不哭的孩子往往出自這3類家庭，希望你家在其中 picture.t9y3c.com/d/C7A… 2 / 2,sweep_b1_hits.csv
2026-09-05_13-23-41,qsh-alpha,picture.t9y3c.com,avyvq1,2025-06-19,https://www.threads.com/@avyvq1/post/DLD8sK2z_Sc,https://picture.t9y3c.com/d/F4963178,,,0.0,picture.t9y3c.com,['qsh-alpha'],1,「媽媽，我怕」！6個月到5歲孩子「害怕清單」：娃娃總說害怕，你的回答很重要 picture.t9y3c.com/d/F49… 2 / 2,sweep_b1_hits.csv
2026-09-05_13-23-41,qsh-alpha,picture.t9y3c.com,avyvq1,2025-06-18,https://www.threads.com/@avyvq1/post/DLBZawkTTtG,https://picture.t9y3c.com/d/5648CDAC,,,0.0,picture.t9y3c.com,['qsh-alpha'],1,教出思維靈活的孩子，我的秘訣是經常問這4句話，你也可以試試 picture.t9y3c.com/d/564… 2 / 2,sweep_b1_hits.csv
2026-09-05_13-23-41,qsh-alpha,picture.t9y3c.com,violet374546,2025-06-18,https://www.threads.com/@violet374546/post/DLBZW4UhZhc,https://picture.t9y3c.com/d/DEBF5997,,,0.0,picture.t9y3c.com,['qsh-alpha'],1,「頂嘴」與「不頂嘴」的孩子，20年后差距明顯，父母別不在意 picture.t9y3c.com/d/DEB… 2 / 2,sweep_b1_hits.csv
2026-09-05_13-23-41,qsh-alpha,picture.t9y3c.com,violet374546,2025-06-17,https://www.threads.com/@violet374546/post/DK-0OaghgsB,https://picture.t9y3c.com/d/04F,,,0.0,picture.t9y3c.com,['qsh-alpha'],1,有3個特點的孩子，是隱形學霸，一年級就能看出，家長別埋沒了 picture.t9y3c.com/d/04F… 2 / 2,sweep_b1_hits.csv
2026-09-05_13-23-41,qsh-alpha,picture.t9y3c.com,avyvq1,2025-06-17,https://www.threads.com/@avyvq1/post/DK-znmkzA4S,https://picture.t9y3c.com/d/9F48FC0B,,,0.0,picture.t9y3c.com,['qsh-alpha'],1,父母是如何一步一步破壞孩子專注力的？看看你有沒有中招，現在改還來得及 picture.t9y3c.com/d/9F4… 2 / 2,sweep_b1_hits.csv
2026-09-05_13-23-41,qsh-alpha,picture.t9y3c.com,violet374546,2025-06-16,https://www.threads.com/@violet374546/post/DK9O1ZTJjFm,https://picture.t9y3c.com/d/7B0AE085,,,0.0,picture.t9y3c.com,['qsh-alpha'],1,我的孩子只對我兇，他在別人面前都很乖，看完原因，心就這樣被治愈了 picture.t9y3c.com/d/7B0… 2 / 2,sweep_b1_hits.csv
2026-09-05_13-23-41,qsh-alpha,picture.t9y3c.com,avyvq1,2025-06-16,https://www.threads.com/@avyvq1/post/DK8P4U9zUGI,https://picture.t9y3c.com/d/24498448,,,0.0,picture.t9y3c.com,['qsh-alpha'],1,不給買就摔碎！霸氣媽媽整治熊孩子的「10分鐘教育」全網狂贊：值得學習 picture.t9y3c.com/d/244… 2 / 2,sweep_b1_hits.csv
2026-09-05_13-23-41,qsh-alpha,picture.t9y3c.com,violet374546,2025-06-15,https://www.threads.com/@violet374546/post/DK6Cb6nJDko,https://picture.t9y3c.com/d/5D8C20FA,,,0.0,picture.t9y3c.com,['qsh-alpha'],1,可怕的14歲，恐怖的17歲，與青春期孩子相處，牢記3個「慢半拍」 picture.t9y3c.com/d/5D8… 2 / 2,sweep_b1_hits.csv
2026-09-05_13-23-41,qsh-alpha,picture.t9y3c.com,avyvq1,2025-06-15,https://www.threads.com/@avyvq1/post/DK5sM4rzd4n,https://picture.t9y3c.com/d/53B5C976,,,0.0,picture.t9y3c.com,['qsh-alpha'],1,做一個「不掃興」的媽媽，孩子才能情緒穩定，多說這些話，影響孩子一生 picture.t9y3c.com/d/53B… 2 / 2,sweep_b1_hits.csv
2026-09-05_13-23-41,qsh-alpha,picture.t9y3c.com,violet374546,2025-06-14,https://www.threads.com/@violet374546/post/DK4BeS8JAAH,https://picture.t9y3c.com/d/2492800D,,,0.0,picture.t9y3c.com,['qsh-alpha'],1,學霸可能不比你聰明，但比你會學習：分享3個高效學習方法，成績瞬間逆襲 picture.t9y3c.com/d/249… 2 / 2,sweep_b1_hits.csv
2026-09-05_13-23-41,qsh-alpha,picture.t9y3c.com,avyvq1,2025-06-14,https://www.threads.com/@avyvq1/post/DK33gHwTWZH,https://picture.t9y3c.com/d/6F9EBA59,,,0.0,picture.t9y3c.com,['qsh-alpha'],1,別再問孩子「今天作業多嗎？」 學會4問3不問，讓孩子更樂意和你交流 picture.t9y3c.com/d/6F9… 2 / 2,sweep_b1_hits.csv
2026-09-05_13-23-41,qsh-alpha,picture.t9y3c.com,avyvq1,2025-06-13,https://www.threads.com/@avyvq1/post/DK0gz4DThC3,https://picture.t9y3c.com/d/D69AD366,,,0.0,picture.t9y3c.com,['qsh-alpha'],1,媽媽是什麼性格，孩子就是什麼命，這3種媽媽「很可怕」，希望你不是 picture.t9y3c.com/d/D69… 2 / 2,sweep_b1_hits.csv
2026-09-05_13-23-41,qsh-alpha,picture.t9y3c.com,violet374546,2025-06-13,https://www.threads.com/@violet374546/post/DK0fqt4BgBs,https://picture.t9y3c.com/d/7EC,,,0.0,picture.t9y3c.com,['qsh-alpha'],1,把女兒從沉迷手機的邊緣拉回來：這一招真的管用，起初我也不信！ picture.t9y3c.com/d/7EC… 2 / 2,sweep_b1_hits.csv
2026-09-05_13-23-41,qsh-alpha,picture.t9y3c.com,violet374546,2025-06-12,https://www.threads.com/@violet374546/post/DKx8XNChIcZ,https://picture.t9y3c.com/d/7C34A03F,,,0.0,picture.t9y3c.com,['qsh-alpha'],1,三種顏色是抑郁色，如果孩子喜歡，一定要警惕 picture.t9y3c.com/d/7C3… 2 / 2,sweep_b1_hits.csv
2026-09-05_13-23-41,qsh-alpha,picture.t9y3c.com,avyvq1,2025-06-12,https://www.threads.com/@avyvq1/post/DKx7kXITuCN,https://picture.t9y3c.com/d/5ECF34D3,,,0.0,picture.t9y3c.com,['qsh-alpha'],1,李玫瑾：孩子玩手機上癮，家長牢記「3個需求6個步驟」，越早擺脫越好 picture.t9y3c.com/d/5EC… 2 / 2,sweep_b1_hits.csv
2026-09-05_13-23-41,qsh-alpha,picture.t9y3c.com,avyvq1,2025-06-11,https://www.threads.com/@avyvq1/post/DKv82UVTt_7,https://picture.t9y3c.com/d/DF73F9FB,,,0.0,picture.t9y3c.com,['qsh-alpha'],1,養女兒，一定要在這4件事上下狠心，用全力 picture.t9y3c.com/d/DF7… 2 / 2,sweep_b1_hits.csv
2026-09-05_13-23-41,qsh-alpha,picture.t9y3c.com,violet374546,2025-06-11,https://www.threads.com/@violet374546/post/DKvf-vQp56c,https://picture.t9y3c.com/d/81A4AE5D,,,0.0,picture.t9y3c.com,['qsh-alpha'],1,孩子被欺負時，低層次父母替孩子說「沒關係」，高情商父母這樣做 picture.t9y3c.com/d/81A… 2 / 2,sweep_b1_hits.csv
2026-09-05_13-23-41,qsh-alpha,picture.t9y3c.com,avyvq1,2025-06-10,https://www.threads.com/@avyvq1/post/DKt7NKJToFu,https://picture.t9y3c.com/d/FFA9DCB5,,,0.0,picture.t9y3c.com,['qsh-alpha'],1,這樣和你的兒子說話，將來一定很優秀，早了解早受益 picture.t9y3c.com/d/FFA… 2 / 2,sweep_b1_hits.csv
2026-09-05_13-23-41,qsh-alpha,picture.t9y3c.com,violet374546,2025-06-10,https://www.threads.com/@violet374546/post/DKszqprh0BW,https://picture.t9y3c.com/d/023EBF2E,,,0.0,picture.t9y3c.com,['qsh-alpha'],1,"長大后「孝順」的孩子 , 從小就沒有3個特征 , 爸媽別誤以為娃「不懂事、不聰明」 picture.t9y3c.com/d/023… 2 / 2",sweep_b1_hits.csv
2026-09-05_13-23-41,qsh-alpha,picture.t9y3c.com,violet374546,2025-06-09,https://www.threads.com/@violet374546/post/DKrPGCHJqdd,https://picture.t9y3c.com/d/F8D7BB4F,,,0.0,picture.t9y3c.com,['qsh-alpha'],1,不論你的孩子有多大，能讓情緒變得穩定的4句話，記得常對他們說 picture.t9y3c.com/d/F8D… 2 / 2,sweep_b1_hits.csv
2026-09-05_13-23-41,qsh-alpha,picture.t9y3c.com,avyvq1,2025-06-09,https://www.threads.com/@avyvq1/post/DKqNLVDTolK,https://picture.t9y3c.com/d/126FB46A,,,0.0,picture.t9y3c.com,['qsh-alpha'],1,「我有6個孩子，5個是博士，經驗就10句話」：照著做，你就超過了90%的父母 picture.t9y3c.com/d/126… 2 / 2,sweep_b1_hits.csv
2026-09-05_13-23-41,qsh-alpha,picture.t9y3c.com,violet374546,2025-06-08,https://www.threads.com/@violet374546/post/DKozPu_pYGt,https://picture.t9y3c.com/d/FDFAE1F5,,,0.0,picture.t9y3c.com,['qsh-alpha'],1,一個媽媽最大的悲哀，就是輕易向別人透露「子女這2件隱私」 picture.t9y3c.com/d/FDF… 2 / 2,sweep_b1_hits.csv
2026-09-05_13-23-41,qsh-alpha,picture.t9y3c.com,avyvq1,2025-06-08,https://www.threads.com/@avyvq1/post/DKnnmfxzNNZ,https://picture.t9y3c.com/d/F945748F,,,0.0,picture.t9y3c.com,['qsh-alpha'],1,幾歲入園最合適？年齡不是衡量的標準，有這3個表現就可以送 picture.t9y3c.com/d/F94… 2 / 2,sweep_b1_hits.csv
2026-09-05_13-23-41,qsh-alpha,picture.t9y3c.com,avyvq1,2025-06-07,https://www.threads.com/@avyvq1/post/DKljpaZTqTQ,https://picture.t9y3c.com/d/641991F1,,,0.0,picture.t9y3c.com,['qsh-alpha'],1,子女有沒有「出息」，從「吃飯」就可以看出來，父母別不當回事 picture.t9y3c.com/d/641… 2 / 2,sweep_b1_hits.csv
2026-09-05_13-23-41,qsh-alpha,picture.t9y3c.com,violet374546,2025-06-07,https://www.threads.com/@violet374546/post/DKlDJ3dBMEd,https://picture.t9y3c.com/d/108C694C,,,0.0,picture.t9y3c.com,['qsh-alpha'],1,起床靠催，作業靠盯，頂撞大人，不愛學習，根本原因不在孩子，而在父母！ picture.t9y3c.com/d/108… 2 / 2,sweep_b1_hits.csv
2026-09-05_13-23-41,qsh-alpha,picture.t9y3c.com,violet374546,2025-06-06,https://www.threads.com/@violet374546/post/DKjxMxOpFl4,https://picture.t9y3c.com/d/F6971E63,,,0.0,picture.t9y3c.com,['qsh-alpha'],1,2-7歲孩子哭鬧，這6句話比吼100句管用，不打不罵讓孩子懂事聽話 picture.t9y3c.com/d/F69… 2 / 2,sweep_b1_hits.csv
2026-09-05_13-23-41,qsh-alpha,picture.t9y3c.com,avyvq1,2025-06-06,https://www.threads.com/@avyvq1/post/DKigZK9Txs1,https://picture.t9y3c.com/d/C3E26716,,,0.0,picture.t9y3c.com,['qsh-alpha'],1,最佳帶娃人選不是親媽！研究發現：這人帶娃，孩子更聰明 picture.t9y3c.com/d/C3E… 2 / 2,sweep_b1_hits.csv
2026-09-05_13-23-41,qsh-alpha,picture.t9y3c.com,avyvq1,2025-06-05,https://www.threads.com/@avyvq1/post/DKg_yCgTK40,https://picture.t9y3c.com/d/3C140D65,,,0.0,picture.t9y3c.com,['qsh-alpha'],1,如果有兒子，一定記住訓練他的大格局，這位媽媽總結的非常好 picture.t9y3c.com/d/3C1… 2 / 2,sweep_b1_hits.csv
2026-09-05_13-23-41,qsh-alpha,picture.t9y3c.com,violet374546,2025-06-05,https://www.threads.com/@violet374546/post/DKgPgHmJAMW,https://picture.t9y3c.com/d/9A52F921,,,0.0,picture.t9y3c.com,['qsh-alpha'],1,對孩子大吼大叫，導致他變得內向、膽小，可通過這3種補救方法 picture.t9y3c.com/d/9A5… 2 / 2,sweep_b1_hits.csv
2026-09-05_13-23-41,qsh-alpha,picture.t9y3c.com,avyvq1,2025-06-04,https://www.threads.com/@avyvq1/post/DKdVyxpTlmC,https://picture.t9y3c.com/d/9AB20A9E,,,0.0,picture.t9y3c.com,['qsh-alpha'],1,發現一個奇怪的現象：越是無能的父母，越喜歡對孩子說這3句話，而優秀的父母卻很少說 picture.t9y3c.com/d/9AB… 2 / 2,sweep_b1_hits.csv
2026-09-05_13-23-41,qsh-alpha,picture.t9y3c.com,violet374546,2025-06-04,https://www.threads.com/@violet374546/post/DKdVZO5BTeC,https://picture.t9y3c.com/d/E3495EBF,,,0.0,picture.t9y3c.com,['qsh-alpha'],1,教出思維靈活的孩子，我的秘訣是經常問這4句話，你也可以試試 picture.t9y3c.com/d/E34… 2 / 2,sweep_b1_hits.csv
2026-09-05_13-23-41,qsh-alpha,picture.t9y3c.com,violet374546,2025-06-03,https://www.threads.com/@violet374546/post/DKaxiOwBng5,https://picture.t9y3c.com/d/13C3D4B4,,,0.0,picture.t9y3c.com,['qsh-alpha'],1,孩子身上有3個特征，是典型的「聰明相」，占一個都覺得很幸運 picture.t9y3c.com/d/13C… 2 / 2,sweep_b1_hits.csv
2026-09-05_13-23-41,qsh-alpha,picture.t9y3c.com,avyvq1,2025-06-03,https://www.threads.com/@avyvq1/post/DKavYWsTcO0,https://picture.t9y3c.com/d/EB203CE9,,,0.0,picture.t9y3c.com,['qsh-alpha'],1,孩子總喜歡找媽媽，不是因為不夠獨立，其實是有3種情況 picture.t9y3c.com/d/EB2… 2 / 2,sweep_b1_hits.csv
2026-09-05_13-23-41,qsh-alpha,picture.t9y3c.com,violet374546,2025-06-02,https://www.threads.com/@violet374546/post/DKZIsdUJcox,https://picture.t9y3c.com/d/EC6F0D38,,,0.0,picture.t9y3c.com,['qsh-alpha'],1,陪讀6年，一位學霸家長的經驗：學會這5個監督方法，孩子自主學習，妥妥的學霸 picture.t9y3c.com/d/EC6… 2 / 2,sweep_b1_hits.csv
2026-09-05_13-23-41,qsh-alpha,picture.t9y3c.com,avyvq1,2025-06-02,https://www.threads.com/@avyvq1/post/DKYNOp8zAh_,https://picture.t9y3c.com/d/2F98E743,,,0.0,picture.t9y3c.com,['qsh-alpha'],1,有3個特點的孩子，是隱形學霸，一年級就能看出，家長別埋沒了 picture.t9y3c.com/d/2F9… 2 / 2,sweep_b1_hits.csv
2026-09-05_13-23-41,qsh-alpha,picture.t9y3c.com,avyvq1,2025-06-01,https://www.threads.com/@avyvq1/post/DKWANEhT4qN,https://picture.t9y3c.com/d/E3B,,,0.0,picture.t9y3c.com,['qsh-alpha'],1,孩子沉迷手機，這位媽媽定的15條手機使用家規，值得所有家長借鑒！ picture.t9y3c.com/d/E3B… 2 / 2,sweep_b1_hits.csv
2026-09-05_13-23-41,qsh-alpha,picture.t9y3c.com,violet374546,2025-06-01,https://www.threads.com/@violet374546/post/DKVmynLhhcj,https://picture.t9y3c.com/d/D91DDF0D,,,0.0,picture.t9y3c.com,['qsh-alpha'],1,怎樣培養一個性格良好的孩子？六歲前是關鍵期，這3點很重要 picture.t9y3c.com/d/D91… 2 / 2,sweep_b1_hits.csv
2026-09-05_13-23-41,qsh-alpha,picture.t9y3c.com,violet374546,2025-05-31,https://www.threads.com/@violet374546/post/DKT9FExJJbm,https://picture.t9y3c.com/d/73D,,,0.0,picture.t9y3c.com,['qsh-alpha'],1,哈佛校長：經常帶孩子旅行，孩子的優秀看得見，思維和格局不一般 picture.t9y3c.com/d/73D… 2 / 2,sweep_b1_hits.csv
2026-09-05_13-23-41,qsh-alpha,picture.t9y3c.com,avyvq1,2025-05-31,https://www.threads.com/@avyvq1/post/DKT8ofpzTra,https://picture.t9y3c.com/d/601,,,0.0,picture.t9y3c.com,['qsh-alpha'],1,合格的父母，從來不在小事上消耗孩子，特別是這7件事 picture.t9y3c.com/d/601… 2 / 2,sweep_b1_hits.csv
2026-09-05_13-23-41,qsh-alpha,picture.t9y3c.com,avyvq1,2025-05-30,https://www.threads.com/@avyvq1/post/DKRuPb4zr6f,https://picture.t9y3c.com/d/2EFCCE7E,,,0.0,picture.t9y3c.com,['qsh-alpha'],1,大學聯考后，我研究了100個學霸，驚訝的發現：他們的父母從小就做對了3件小事 picture.t9y3c.com/d/2EF… 2 / 2,sweep_b1_hits.csv
2026-09-05_13-23-41,qsh-alpha,picture.t9y3c.com,violet374546,2025-05-30,https://www.threads.com/@violet374546/post/DKQqF24Jabk,https://picture.t9y3c.com/d/C606824F,,,0.0,picture.t9y3c.com,['qsh-alpha'],1,醫科七傑｜花蓮高中100%錄取，再揮滿貫全壘打：學霸90%都有這4個好習慣 picture.t9y3c.com/d/C60… 2 / 2,sweep_b1_hits.csv
2026-09-05_13-23-41,qsh-alpha,picture.t9y3c.com,avyvq1,2025-05-29,https://www.threads.com/@avyvq1/post/DKOicQTzZeW,https://picture.t9y3c.com/d/27E,,,0.0,picture.t9y3c.com,['qsh-alpha'],1,寶媽別當著「孩子面換衣服」，尤其是家有「男孩子」，對孩子影響很大 picture.t9y3c.com/d/27E… 2 / 2,sweep_b1_hits.csv
2026-09-05_13-23-41,qsh-alpha,picture.t9y3c.com,avyvq1,2025-01-31,https://www.threads.com/@avyvq1/post/DFeIODnTSyq,https://picture.t9y3c.com/d/2A606582,,,0.0,picture.t9y3c.com,['qsh-alpha'],1,家長的5種「壞」習慣，容易養出愛頂嘴的孩子，中的趕緊改 picture.t9y3c.com/d/2A6… 2 / 2,sweep_b1_hits.csv
2026-09-05_13-23-41,qsh-alpha,picture.t9y3c.com,violet374546,2025-01-31,https://www.threads.com/@violet374546/post/DFeHE45T9Ct,https://picture.t9y3c.com/d/122,,,0.0,picture.t9y3c.com,['qsh-alpha'],1,選擇親家時，一定要留意對方家庭的這4個細節，才是真的為兒女著想 picture.t9y3c.com/d/122… 2 / 2,sweep_b1_hits.csv
2026-09-05_13-23-41,qsh-alpha,picture.t9y3c.com,avyvq1,2025-01-30,https://www.threads.com/@avyvq1/post/DFcQvQ2v8I0,https://picture.t9y3c.com/d/071,,,0.0,picture.t9y3c.com,['qsh-alpha'],1,寶寶奶粉到底喝到多大？不是3歲也不是5歲，很多媽媽都停早了 picture.t9y3c.com/d/071… 2 / 2,sweep_b1_hits.csv
2026-09-05_13-23-41,qsh-alpha,picture.t9y3c.com,violet374546,2025-01-30,https://www.threads.com/@violet374546/post/DFbgPa6zb9g,https://picture.t9y3c.com/d/B523C657,,,0.0,picture.t9y3c.com,['qsh-alpha'],1,最佳帶娃人選不是親媽！研究發現：這人帶娃，孩子更聰明 picture.t9y3c.com/d/B52… 2 / 2,sweep_b1_hits.csv
2026-09-05_13-23-41,qsh-alpha,picture.t9y3c.com,avyvq1,2025-01-29,https://www.threads.com/@avyvq1/post/DFY9DE1z-mD,https://picture.t9y3c.com/d/C9B26A56,,,0.0,picture.t9y3c.com,['qsh-alpha'],1,2-7歲孩子哭鬧，這6句話比吼100句管用，不打不罵讓孩子懂事聽話 picture.t9y3c.com/d/C9B… 2 / 2,sweep_b1_hits.csv
2026-09-05_13-23-41,qsh-alpha,picture.t9y3c.com,avyvq1,2025-01-28,https://www.threads.com/@avyvq1/post/DFXXLnRvrbI,https://picture.t9y3c.com/d/A8B95628,,,0.0,picture.t9y3c.com,['qsh-alpha'],1,「媽媽，萬一我沒考上好的大學怎麼辦？」媽媽的回答，堪稱范本 picture.t9y3c.com/d/A8B… 2 / 2,sweep_b1_hits.csv
2026-09-05_13-23-41,qsh-alpha,picture.t9y3c.com,violet374546,2025-01-28,https://www.threads.com/@violet374546/post/DFWhmyvz8T8,https://picture.t9y3c.com/d/BAC3876E,,,0.0,picture.t9y3c.com,['qsh-alpha'],1,6歲前，千萬別逼孩子做這4件事，會成為他一生的陰影 picture.t9y3c.com/d/BAC… 2 / 2,sweep_b1_hits.csv
2026-09-05_13-23-41,qsh-alpha,picture.t9y3c.com,violet374546,2025-01-27,https://www.threads.com/@violet374546/post/DFT1CLbz8tN,https://picture.t9y3c.com/d/CD6D67D8,,,0.0,picture.t9y3c.com,['qsh-alpha'],1,孩子總喜歡找媽媽，不是因為不夠獨立，其實是有3種情況 picture.t9y3c.com/d/CD6… 2 / 2,sweep_b1_hits.csv
2026-09-05_13-23-41,qsh-alpha,picture.t9y3c.com,avyvq1,2025-01-27,https://www.threads.com/@avyvq1/post/DFT0pR7TJxS,https://picture.t9y3c.com/d/0FF32CDD,,,0.0,picture.t9y3c.com,['qsh-alpha'],1,為何孩子被媽媽吼哭，也要伸手找媽媽抱？原因讓人心疼 picture.t9y3c.com/d/0FF… 2 / 2,sweep_b1_hits.csv
2026-09-05_13-23-41,qsh-alpha,picture.t9y3c.com,violet374546,2025-01-26,https://www.threads.com/@violet374546/post/DFRnuztTA6U,https://picture.t9y3c.com/d/A39ED1B9,,,0.0,picture.t9y3c.com,['qsh-alpha'],1,「父母與孩子的關係是一場漸行漸遠的修行...」 弘一法師渡人無數的「10句話」句句有深意👇 picture.t9y3c.com/d/A39… 2 / 2,sweep_b1_hits.csv
2026-09-05_13-23-41,qsh-alpha,picture.t9y3c.com,violet374546,2025-01-25,https://www.threads.com/@violet374546/post/DFPEyk1zX2W,https://picture.t9y3c.com/d/156446CA,,,0.0,picture.t9y3c.com,['qsh-alpha'],1,做一個「不掃興」的媽媽，孩子才能情緒穩定，多說這些話，影響孩子一生 picture.t9y3c.com/d/156… 2 / 2,sweep_b1_hits.csv
2026-09-05_13-23-41,qsh-alpha,picture.t9y3c.com,avyvq1,2025-01-25,https://www.threads.com/@avyvq1/post/DFOpgGFzdWt,https://picture.t9y3c.com/d/7CF9D037,,,0.0,picture.t9y3c.com,['qsh-alpha'],1,「兒子，千萬別把妻子當親人」這位爸爸的3句話，點醒了無數人 picture.t9y3c.com/d/7CF… 2 / 2,sweep_b1_hits.csv
2026-09-05_13-23-41,qsh-alpha,picture.t9y3c.com,violet374546,2025-01-24,https://www.threads.com/@violet374546/post/DFM3Gp2TI70,https://picture.t9y3c.com/d/B167B3E3,,,0.0,picture.t9y3c.com,['qsh-alpha'],1,低層次父母，喜歡不停地「講道理」，而高層次父母，會做2件事 picture.t9y3c.com/d/B16… 2 / 2,sweep_b1_hits.csv
2026-09-05_13-23-41,qsh-alpha,picture.t9y3c.com,avyvq1,2025-01-24,https://www.threads.com/@avyvq1/post/DFMFZhgThf3,https://picture.t9y3c.com/d/C9DED64A,,,0.0,picture.t9y3c.com,['qsh-alpha'],1,可怕的14歲，恐怖的17歲，與青春期孩子相處，牢記3個「慢半拍」 picture.t9y3c.com/d/C9D… 2 / 2,sweep_b1_hits.csv
2026-09-05_13-23-41,qsh-alpha,picture.t9y3c.com,avyvq1,2025-01-23,https://www.threads.com/@avyvq1/post/DFKjOAgP7RO,https://picture.t9y3c.com/d/8F43D499,,,0.0,picture.t9y3c.com,['qsh-alpha'],1,為什麼父母付出越多，孩子越不知感恩？專家嘆：因為你少做到這7點 picture.t9y3c.com/d/8F4… 2 / 2,sweep_b1_hits.csv
2026-09-05_13-23-41,qsh-alpha,picture.t9y3c.com,violet374546,2025-01-23,https://www.threads.com/@violet374546/post/DFKDjV2T76M,https://picture.t9y3c.com/d/18A488E0,,,0.0,picture.t9y3c.com,['qsh-alpha'],1,大學聯考后，我研究了100個學霸，驚訝的發現：他們的父母從小就做對了3件小事 picture.t9y3c.com/d/18A… 2 / 2,sweep_b1_hits.csv
2026-09-05_13-23-41,qsh-alpha,picture.t9y3c.com,avyvq1,2025-01-22,https://www.threads.com/@avyvq1/post/DFIRxSevv8f,https://picture.t9y3c.com/d/26FBDB69,,,0.0,picture.t9y3c.com,['qsh-alpha'],1,孩子沒考好，父母別再說「沒關系」，學霸父母會說這3句話 picture.t9y3c.com/d/26F… 2 / 2,sweep_b1_hits.csv
2026-09-05_13-23-41,qsh-alpha,picture.t9y3c.com,violet374546,2025-01-22,https://www.threads.com/@violet374546/post/DFG649ezTwz,https://picture.t9y3c.com/d/F8F23898,,,0.0,picture.t9y3c.com,['qsh-alpha'],1,「媽媽，為什麼放假了也不讓我玩手機？」這位媽媽的回答，堪稱人生教科書 picture.t9y3c.com/d/F8F… 2 / 2,sweep_b1_hits.csv
2026-09-05_13-23-41,qsh-alpha,picture.t9y3c.com,avyvq1,2025-01-21,https://www.threads.com/@avyvq1/post/DFFhpcrvWx0,https://picture.t9y3c.com/d/BF0F083E,,,0.0,picture.t9y3c.com,['qsh-alpha'],1,李玫瑾：培養自律的孩子，堅持「6做7不做」，90%的父母后悔沒早點看 picture.t9y3c.com/d/BF0… 2 / 2,sweep_b1_hits.csv
2026-09-05_13-23-41,qsh-alpha,picture.t9y3c.com,violet374546,2025-01-21,https://www.threads.com/@violet374546/post/DFFZKCzzpr5,https://picture.t9y3c.com/d/A16F08BC,,,0.0,picture.t9y3c.com,['qsh-alpha'],1,養女兒，一定要在這4件事上下狠心，用全力 picture.t9y3c.com/d/A16… 2 / 2,sweep_b1_hits.csv
2026-09-05_13-23-41,qsh-alpha,picture.t9y3c.com,avyvq1,2025-01-20,https://www.threads.com/@avyvq1/post/DFDQVqEzHdr,https://picture.t9y3c.com/d/C85C4218,,,0.0,picture.t9y3c.com,['qsh-alpha'],1,讓男孩，成長為一個有擔當的人！4件事媽媽早知道早受益 picture.t9y3c.com/d/C85… 2 / 2,sweep_b1_hits.csv
2026-09-05_13-23-41,qsh-alpha,picture.t9y3c.com,violet374546,2025-01-20,https://www.threads.com/@violet374546/post/DFC8JA_TyJo,https://picture.t9y3c.com/d/46CB056D,,,0.0,picture.t9y3c.com,['qsh-alpha'],1,做父母的，千萬別把孩子的福報，給提前用光了 picture.t9y3c.com/d/46C… 2 / 2,sweep_b1_hits.csv
2026-09-05_13-23-41,qsh-alpha,picture.t9y3c.com,violet374546,2025-01-19,https://www.threads.com/@violet374546/post/DFAC-ztzIWd,https://picture.t9y3c.com/d/5CC7CDCB,,,0.0,picture.t9y3c.com,['qsh-alpha'],1,寶寶奶粉到底喝到多大？不是3歲也不是5歲，很多媽媽都停早了 picture.t9y3c.com/d/5CC… 2 / 2,sweep_b1_hits.csv
2026-09-05_13-23-41,qsh-alpha,picture.t9y3c.com,avyvq1,2025-01-19,https://www.threads.com/@avyvq1/post/DE_Ni6YTiHA,https://picture.t9y3c.com/d/71EBE02D,,,0.0,picture.t9y3c.com,['qsh-alpha'],1,后悔現在才知道，孩子最大的幸福，是小時候父母允許做這8件事 picture.t9y3c.com/d/71E… 2 / 2,sweep_b1_hits.csv
2026-09-05_13-23-41,qsh-alpha,picture.t9y3c.com,avyvq1,2025-01-18,https://www.threads.com/@avyvq1/post/DE9n4L4Pfmn,https://picture.t9y3c.com/d/3B772753,,,0.0,picture.t9y3c.com,['qsh-alpha'],1,父母越沒本事，往往越喜歡把幾句話掛嘴邊，孩子也跟著遭殃 picture.t9y3c.com/d/3B7… 2 / 2,sweep_b1_hits.csv
2026-09-05_13-23-41,qsh-alpha,picture.t9y3c.com,violet374546,2025-01-18,https://www.threads.com/@violet374546/post/DE9IeaRTNah,https://picture.t9y3c.com/d/A72ACB27,,,0.0,picture.t9y3c.com,['qsh-alpha'],1,孩子「最佳認字年齡」，非2歲也非5歲，這年齡段識字量更易爆發 picture.t9y3c.com/d/A72… 2 / 2,sweep_b1_hits.csv
2026-09-05_13-23-41,qsh-alpha,roadstert.com,jbn03297,2026-09-07,https://www.threads.com/@jbn03297/post/Dc_RatenSQ-,https://roadstert.com/d/380DC30D,,,0.0,roadstert.com,['qsh-alpha'],1,20年前，美國一個水族館圈養大白鯊198天，為何最后只能放生了 roadstert.com/d/380… 2 / 2,sweep_b1_hits.csv
2026-09-05_13-23-41,qsh-alpha,roadstert.com,jbn03297,2026-09-07,https://www.threads.com/@jbn03297/post/Dc-49JPnUvP,https://roadstert.com/d/35A7CE25,,,3.0,roadstert.com,['qsh-alpha'],1,火場獲救后，懷孕杜賓犬一步步走向消防員，那個吻讓全場紅了眼 roadstert.com/d/35A… 2 / 2,sweep_b1_hits.csv
2026-09-05_13-23-41,qsh-alpha,roadstert.com,qhw39489,2026-09-07,https://www.threads.com/@qhw39489/post/Dc-uF2TD2cB,https://roadstert.com/d/567E4A45,,,0.0,roadstert.com,['qsh-alpha'],1,為什麼酒店做的白切雞那麼好吃？教你這個詳細步驟，口感滑嫩鮮香 roadstert.com/d/567… 2 / 2,sweep_b1_hits.csv
2026-09-05_13-23-41,qsh-alpha,roadstert.com,arrietlinor3235,2026-09-07,https://www.threads.com/@arrietlinor3235/post/Dc-aqb9kTFe,https://roadstert.com/d/EA4F6977,,,0.0,roadstert.com,['qsh-alpha'],1,「25年最火韓劇」收視：未知的首爾第2 、靈指第7、第一殺瘋了！ roadstert.com/d/EA4… 2 / 2,sweep_b1_hits.csv
2026-09-05_13-23-41,qsh-alpha,roadstert.com,hia153866,2026-09-07,https://www.threads.com/@hia153866/post/Dc-WBcEHWjm,https://roadstert.com/d/3BE26E51,,,0.0,roadstert.com,['qsh-alpha'],1,胰腺癌：從確診到死亡僅僅3個月，提醒：4個癥狀，可能是胰腺在求救 roadstert.com/d/3BE… 2 / 2,sweep_b1_hits.csv
2026-09-05_13-23-41,qsh-alpha,roadstert.com,qhw39489,2026-09-07,https://www.threads.com/@qhw39489/post/Dc-Rx-ED9uo,https://roadstert.com/d/5E06C2A9,,,1.0,roadstert.com,['qsh-alpha'],1,這道蒜蓉排骨真的太好吃了，香嫩多汁，蒜香四溢！我一個人能吃一盤 roadstert.com/d/5E0… 2 / 2,sweep_b1_hits.csv
2026-09-05_13-23-41,qsh-alpha,roadstert.com,jbn03297,2026-09-07,https://www.threads.com/@jbn03297/post/Dc-EV1VnVDu,https://roadstert.com/d/CD57208F,,,0.0,roadstert.com,['qsh-alpha'],1,越來越多人家里不買熱水器了，現在都流行用它替代，省電又省空間 roadstert.com/d/CD5… 2 / 2,sweep_b1_hits.csv
2026-09-05_13-23-41,qsh-alpha,roadstert.com,arrietlinor3235,2026-09-07,https://www.threads.com/@arrietlinor3235/post/Dc92m9fE6hG,https://roadstert.com/d/A3A51E3F,,,0.0,roadstert.com,['qsh-alpha'],1,李帝勳主演《模範計程車3》首播創2025年紀錄！瞬間收視飆至12.2%，網友反應卻褒貶不一 roadstert.com/d/A3A… 2 / 2,sweep_b1_hits.csv
2026-09-05_13-23-41,qsh-alpha,roadstert.com,jbn03297,2026-09-06,https://www.threads.com/@jbn03297/post/Dc8xmb-nW1a,https://roadstert.com/d/89319390,,,1.0,roadstert.com,['qsh-alpha'],1,遛彎撞見愁眉小狗！泰迪縮在籠角耷拉臉，單手托回家時渾身發抖太揪心 roadstert.com/d/893… 2 / 2,sweep_b1_hits.csv
2026-09-05_13-23-41,qsh-alpha,roadstert.com,hia153866,2026-09-06,https://www.threads.com/@hia153866/post/Dc8laZ2HcUm,https://roadstert.com/d/8579BB29,,,0.0,roadstert.com,['qsh-alpha'],1,90歲腫瘤專家：最好的抗癌運動是它！不是散步和跑步 roadstert.com/d/857… 2 / 2,sweep_b1_hits.csv
2026-09-05_13-23-41,qsh-alpha,roadstert.com,arrietlinor3235,2026-09-06,https://www.threads.com/@arrietlinor3235/post/Dc8bdMDHQN-,https://roadstert.com/d/A7C9434C,,,0.0,roadstert.com,['qsh-alpha'],1,這部古裝魂穿劇笑到打鳴！是下飯劇沒錯，奇幻逗趣卻又凄美，第一集已笑瘋 roadstert.com/d/A7C… 2 / 2,sweep_b1_hits.csv
2026-09-05_13-23-41,qsh-alpha,roadstert.com,hia153866,2026-09-06,https://www.threads.com/@hia153866/post/Dc8DVmmEXi2,https://roadstert.com/d/2B96E690,,,0.0,roadstert.com,['qsh-alpha'],1,「新血壓標準」公布了，不再是120/80mmHg，高血壓患者要了解 roadstert.com/d/2B9… 2 / 2,sweep_b1_hits.csv
2026-09-05_13-23-41,qsh-alpha,roadstert.com,jbn03297,2026-09-06,https://www.threads.com/@jbn03297/post/Dc7eWDrnXAZ,https://roadstert.com/d/1F4909EF,,,0.0,roadstert.com,['qsh-alpha'],1,驚見野外兔子頭上長滿「黑色觸手」，專家警告：遠離！看到也不要碰 roadstert.com/d/1F4… 2 / 2,sweep_b1_hits.csv
2026-09-05_13-23-41,qsh-alpha,roadstert.com,qhw39489,2026-09-05,https://www.threads.com/@qhw39489/post/Dc6L4DXmy9N,https://roadstert.com/d/4CEB617D,,,0.0,roadstert.com,['qsh-alpha'],1,奶奶教我做紅燒蘿卜，鮮美多汁，比紅燒肉還好吃，滿口留香還暖胃！ roadstert.com/d/4CE… 2 / 2,sweep_b1_hits.csv
2026-09-05_13-23-41,qsh-alpha,roadstert.com,jbn03297,2026-09-05,https://www.threads.com/@jbn03297/post/Dc6D9xQHcA8,https://roadstert.com/d/DB00F0C2,,,1.0,roadstert.com,['qsh-alpha'],1,礁石灘躺著個灰包袱！海豹脖子被塑料袋勒出血，黑亮眼睛淌淚哀求太揪心 roadstert.com/d/DB0… 2 / 2,sweep_b1_hits.csv
2026-09-05_13-23-41,qsh-alpha,roadstert.com,arrietlinor3235,2026-09-05,https://www.threads.com/@arrietlinor3235/post/Dc6BIhmHSzl,https://roadstert.com/d/768840A3,,,0.0,roadstert.com,['qsh-alpha'],1,李帝勳主演《模範計程車3》首播創2025年紀錄！瞬間收視飆至12.2%，網友反應卻褒貶不一 roadstert.com/d/768… 2 / 2,sweep_b1_hits.csv
2026-09-05_13-23-41,qsh-alpha,roadstert.com,jbn03297,2026-09-05,https://www.threads.com/@jbn03297/post/Dc5lEMvkQdJ,https://roadstert.com/d/C5B88E3B,,,0.0,roadstert.com,['qsh-alpha'],1,流浪貓上門求收養，家貓不讓進，被拒2次后委屈極了，結局太意外 roadstert.com/d/C5B… 2 / 2,sweep_b1_hits.csv
2026-09-05_13-23-41,qsh-alpha,roadstert.com,jbn03297,2026-09-05,https://www.threads.com/@jbn03297/post/Dc5QjXfkUzZ,https://roadstert.com/d/5481AC27,,,0.0,roadstert.com,['qsh-alpha'],1,家門口撿到「詭異怪鳥」！她狂拍片炫「小雞吃米圖」走進現實...眼尖網友急刷：快上交！這隻罰很重 roadstert.com/d/548… 2 / 2,sweep_b1_hits.csv
2026-09-05_13-23-41,qsh-alpha,roadstert.com,arrietlinor3235,2026-09-05,https://www.threads.com/@arrietlinor3235/post/Dc5Nok3kftx,https://roadstert.com/d/48468E9F,,,0.0,roadstert.com,['qsh-alpha'],1,李到晛太會挑劇本了 ！這角色根本演技封神，不是狗血親情劇，也不是苦情催淚彈，但從第一集就淚崩！ roadstert.com/d/484… 2 / 2,sweep_b1_hits.csv
2026-09-05_13-23-41,qsh-alpha,roadstert.com,hia153866,2026-09-05,https://www.threads.com/@hia153866/post/Dc4srNskxTL,https://roadstert.com/d/D803DD8A,,,0.0,roadstert.com,['qsh-alpha'],1,亞洲第一蔬菜！抗氧化力比番薯葉好十倍！能增強記憶力「降血糖」功效超好 roadstert.com/d/D80… 2 / 2,sweep_b1_hits.csv
2026-09-05_13-23-41,qsh-alpha,roadstert.com,jbn03297,2026-09-04,https://www.threads.com/@jbn03297/post/Dc3n1sWE7Cn,https://roadstert.com/d/EB23E6C6,,,0.0,roadstert.com,['qsh-alpha'],1,撿來的狗總縮在陽台角落！叫它不應摸它就躲，卻在半夜偷偷扒我舊毛衣，紅繩在脖子上晃得人心疼 roadstert.com/d/EB2… 2 / 2,sweep_b1_hits.csv
2026-09-05_13-23-41,qsh-alpha,roadstert.com,jbn03297,2026-09-04,https://www.threads.com/@jbn03297/post/Dc3SH-Fky4T,https://roadstert.com/d/4B8C241F,,,0.0,roadstert.com,['qsh-alpha'],1,消防栓后窸窣響！蹲下來驚見巴掌大毛球，三色毛攪成沒揉勻的線團，歪倒時肚皮貼地，小身子抖得像片楊樹葉 roadstert.com/d/4B8… 2 / 2,sweep_b1_hits.csv
2026-09-05_13-23-41,qsh-alpha,roadstert.com,arrietlinor3235,2026-09-04,https://www.threads.com/@arrietlinor3235/post/Dc2o7Mxkbbd,https://roadstert.com/d/38065AFD,,,0.0,roadstert.com,['qsh-alpha'],1,「25年最火韓劇」收視：未知的首爾第2 、靈指第7、第一殺瘋了！ roadstert.com/d/380… 2 / 2,sweep_b1_hits.csv
2026-09-05_13-23-41,qsh-alpha,roadstert.com,qhw39489,2026-09-04,https://www.threads.com/@qhw39489/post/Dc2milwDyiT,https://roadstert.com/d/7940F014,,,0.0,roadstert.com,['qsh-alpha'],1,別再做水煮蝦了！蝦這麼做真的太好吃了，做法超簡單 roadstert.com/d/794… 2 / 2,sweep_b1_hits.csv
2026-09-05_13-23-41,qsh-alpha,roadstert.com,jbn03297,2026-09-04,https://www.threads.com/@jbn03297/post/Dc2VnRzE6DB,https://roadstert.com/d/F3F8CF4E,,,0.0,roadstert.com,['qsh-alpha'],1,超暖畫面！阿嬤背柴步履蹣跚，狗狗秒衝「搶扛重擔」感動眾人，網笑：想讓我兒子拜這只狗為師 roadstert.com/d/F3F… 2 / 2,sweep_b1_hits.csv
2026-09-05_13-23-41,qsh-alpha,roadstert.com,hia153866,2026-09-04,https://www.threads.com/@hia153866/post/Dc2HiYBkzF6,https://roadstert.com/d/BC011610,,,0.0,roadstert.com,['qsh-alpha'],1,睡覺時腿抽筋，別再以為只是「缺鈣」！提醒：3種疾病你要關注 roadstert.com/d/BC0… 2 / 2,sweep_b1_hits.csv
2026-09-05_13-23-41,qsh-alpha,roadstert.com,jbn03297,2026-09-03,https://www.threads.com/@jbn03297/post/Dc1E7uGk2XQ,https://roadstert.com/d/AA271759,,,0.0,roadstert.com,['qsh-alpha'],1,公園長椅旁的小可憐！沖人喵喵叫不跑，瘦得能摸骨頭，帶回家洗澡時，圓眼睛瞅得我心都化了 roadstert.com/d/AA2… 2 / 2,sweep_b1_hits.csv
2026-09-05_13-23-41,qsh-alpha,roadstert.com,arrietlinor3235,2026-09-03,https://www.threads.com/@arrietlinor3235/post/Dc08LZiE_hY,https://roadstert.com/d/06292638,,,0.0,roadstert.com,['qsh-alpha'],1,樸信惠攜全新角色強勢回歸！臥底的雙面人生+荒誕喜劇，狠狠期待了！ roadstert.com/d/062… 2 / 2,sweep_b1_hits.csv
2026-09-05_13-23-41,qsh-alpha,roadstert.com,jbn03297,2026-09-03,https://www.threads.com/@jbn03297/post/Dc0ZKJNkcOC,https://roadstert.com/d/50F04136,,,0.0,roadstert.com,['qsh-alpha'],1,橘貓被綁在柱子上，繩子纏在一起，小貓不停地喘著粗氣，解開繩子的瞬間牠一個動作暖化好心人 roadstert.com/d/50F… 2 / 2,sweep_b1_hits.csv
2026-09-05_13-23-41,qsh-alpha,roadstert.com,qhw39489,2026-09-03,https://www.threads.com/@qhw39489/post/Dc0Oo-SD6gy,https://roadstert.com/d/096D8E54,,,0.0,roadstert.com,['qsh-alpha'],1,這麼做真的太費米飯了！鮮香滑嫩的肉末豆腐抱蛋，營養又補鈣 roadstert.com/d/096… 2 / 2,sweep_b1_hits.csv
2026-09-05_13-23-41,qsh-alpha,roadstert.com,qhw39489,2026-09-03,https://www.threads.com/@qhw39489/post/Dc0Ac-PD0co,https://roadstert.com/d/D24320D9,,,0.0,roadstert.com,['qsh-alpha'],1,超簡單的醬臥雞蛋蒸蝦仁，鮮美Q彈，雞蛋超滑嫩！低卡又美味，快試試 roadstert.com/d/D24… 2 / 2,sweep_b1_hits.csv
2026-09-05_13-23-41,qsh-alpha,roadstert.com,arrietlinor3235,2026-09-03,https://www.threads.com/@arrietlinor3235/post/Dcz-uRHE9NM,https://roadstert.com/d/780E7148,,,0.0,roadstert.com,['qsh-alpha'],1,韓劇瘋了？這都敢拍？！現實比我們想象的還要更黑暗，讓人毛骨悚然 roadstert.com/d/780… 2 / 2,sweep_b1_hits.csv
2026-09-05_13-23-41,qsh-alpha,roadstert.com,jbn03297,2026-09-03,https://www.threads.com/@jbn03297/post/Dcz0VlwE-Nz,https://roadstert.com/d/229FA2C1,,,1.0,roadstert.com,['qsh-alpha'],1,下班喂完流浪貓想走，它突然抱緊電單車桿！本想騎車直接走，卻被它的反應暖到心 roadstert.com/d/229… 2 / 2,sweep_b1_hits.csv
2026-09-05_13-23-41,qsh-alpha,roadstert.com,hia153866,2026-09-03,https://www.threads.com/@hia153866/post/Dczf_uRE0j9,https://roadstert.com/d/8F7A6064,,,0.0,roadstert.com,['qsh-alpha'],1,嘴破發燒！女童照X光「驚見肺部白一半」呼吸急喘，送醫「不到12小時就走了」專家搖頭：輕忽變重癥 roadstert.com/d/8F7… 2 / 2,sweep_b1_hits.csv
2026-09-05_13-23-41,qsh-alpha,roadstert.com,jbn03297,2026-09-02,https://www.threads.com/@jbn03297/post/DcyccwWkxnd,https://roadstert.com/d/34A55DCB,,,0.0,roadstert.com,['qsh-alpha'],1,晨跑在樹上發現一個「無毛幼崽」，心善將其帶回照顧，一周后被「它的樣子」驚住了！ roadstert.com/d/34A… 2 / 2,sweep_b1_hits.csv
2026-09-05_13-23-41,qsh-alpha,roadstert.com,jbn03297,2026-09-02,https://www.threads.com/@jbn03297/post/DcyKgh5k8gO,https://roadstert.com/d/AE42C9D8,,,1.0,roadstert.com,['qsh-alpha'],1,鍋爐房里生活的流浪貓，渾身臟兮兮，沒人投喂，靠撿垃圾為生，看到結局淚目了 roadstert.com/d/AE4… 2 / 2,sweep_b1_hits.csv
2026-09-05_13-23-41,qsh-alpha,roadstert.com,arrietlinor3235,2026-09-02,https://www.threads.com/@arrietlinor3235/post/Dcx_sdHEy1B,https://roadstert.com/d/A16A693D,,,0.0,roadstert.com,['qsh-alpha'],1,這部劇堪稱韓劇be美學天花板！真實歷史事件改編！演員0片酬出演，只有四集，卻哭了3個小時 roadstert.com/d/A16… 2 / 2,sweep_b1_hits.csv
2026-09-05_13-23-41,qsh-alpha,roadstert.com,jbn03297,2026-09-02,https://www.threads.com/@jbn03297/post/Dcx0MTokexJ,https://roadstert.com/d/2C81AB5E,,,0.0,roadstert.com,['qsh-alpha'],1,海豚媽媽疼得直拍水！小李戴著手套托住小海豚，指尖觸到它的瞬間，珍珠含淚蹭他手背，人類成了救命稻草！ roadstert.com/d/2C8… 2 / 2,sweep_b1_hits.csv
2026-09-05_13-23-41,qsh-alpha,roadstert.com,arrietlinor3235,2026-09-02,https://www.threads.com/@arrietlinor3235/post/DcxsubYEXZJ,https://roadstert.com/d/671C5299,,,0.0,roadstert.com,['qsh-alpha'],1,8.3分的奇幻懸疑佳作！無限流+重生+復仇，驚悚又刺激，熬夜連刷八集根本不夠看！ roadstert.com/d/671… 2 / 2,sweep_b1_hits.csv
2026-09-05_13-23-41,qsh-alpha,roadstert.com,qhw39489,2026-09-01,https://www.threads.com/@qhw39489/post/DcvtSKfj3TN,https://roadstert.com/d/5BD40E51,,,0.0,roadstert.com,['qsh-alpha'],1,南瓜和番茄是絕配！有幸在親戚家吃到一次，驚艷到我了！簡單一做，上桌湯汁都不剩 roadstert.com/d/5BD… 2 / 2,sweep_b1_hits.csv
2026-09-05_13-23-41,qsh-alpha,roadstert.com,jbn03297,2026-09-01,https://www.threads.com/@jbn03297/post/DcvYUtUE-LO,https://roadstert.com/d/A478D812,,,0.0,roadstert.com,['qsh-alpha'],1,男子野外撿到「不明生物」幼崽，帶回家精心照顧4個月后，他淚流滿面 roadstert.com/d/A47… 2 / 2,sweep_b1_hits.csv
2026-09-05_13-23-41,qsh-alpha,roadstert.com,hia153866,2026-09-01,https://www.threads.com/@hia153866/post/DcvUt_RHZuj,https://roadstert.com/d/31B18F01,,,1.0,roadstert.com,['qsh-alpha'],1,綠豆加它一起煮，是肝臟解毒劑！堅持喝3天，排出體內肝毒，腰骨腿腳不痛了，身體越來越強壯 roadstert.com/d/31B… 2 / 2,sweep_b1_hits.csv
2026-09-05_13-23-41,qsh-alpha,roadstert.com,arrietlinor3235,2026-09-01,https://www.threads.com/@arrietlinor3235/post/DcvSOuOE6lk,https://roadstert.com/d/85166C36,,,0.0,roadstert.com,['qsh-alpha'],1,第一集就十分驚艷，Netflix又一部新劇爆了 roadstert.com/d/851… 2 / 2,sweep_b1_hits.csv
2026-09-05_13-23-41,qsh-alpha,roadstert.com,qhw39489,2026-09-01,https://www.threads.com/@qhw39489/post/DcupUuqj_Q1,https://roadstert.com/d/78E09812,,,0.0,roadstert.com,['qsh-alpha'],1,大魚大肉吃膩了！試試這道白菜燒豆腐，做法簡單，好吃又下飯 roadstert.com/d/78E… 2 / 2,sweep_b1_hits.csv
2026-09-05_13-23-41,qsh-alpha,roadstert.com,jbn03297,2026-09-01,https://www.threads.com/@jbn03297/post/Dcul8POE2dc,https://roadstert.com/d/93CE1928,,,0.0,roadstert.com,['qsh-alpha'],1,主人心梗離世后，貓咪守著舊褲子三天不進食！鼻尖蹭褲腰的瞬間讓人淚崩 roadstert.com/d/93C… 2 / 2,sweep_b1_hits.csv
2026-09-05_13-23-41,qsh-alpha,roadstert.com,jbn03297,2026-08-31,https://www.threads.com/@jbn03297/post/DctKXC-k4n1,https://roadstert.com/d/B55D9ABE,,,5.0,roadstert.com,['qsh-alpha'],1,垃圾桶旁撿到一隻柯基，30多度的暴曬，路人好心帶去醫院，第三天用一個動作暖哭所有人 roadstert.com/d/B55… 2 / 2,sweep_b1_hits.csv
2026-09-05_13-23-41,qsh-alpha,roadstert.com,arrietlinor3235,2026-08-31,https://www.threads.com/@arrietlinor3235/post/DctI_K6kxkw,https://roadstert.com/d/193A924E,,,0.0,roadstert.com,['qsh-alpha'],1,一口氣刷完8集，Netflix這部劇集又爆了！ roadstert.com/d/193… 2 / 2,sweep_b1_hits.csv
2026-09-05_13-23-41,qsh-alpha,roadstert.com,qhw39489,2026-08-31,https://www.threads.com/@qhw39489/post/Dcsl-3bD3X9,https://roadstert.com/d/BA8FF7CA,,,2.0,roadstert.com,['qsh-alpha'],1,這個涼拌三文魚真的太過癮了！酸辣開胃巨好吃，清清爽爽一點也不膩 roadstert.com/d/BA8… 2 / 2,sweep_b1_hits.csv
2026-09-05_13-23-41,qsh-alpha,roadstert.com,jbn03297,2026-08-31,https://www.threads.com/@jbn03297/post/DcsgC57kw_m,https://roadstert.com/d/65402CA4,,,0.0,roadstert.com,['qsh-alpha'],1,屏東萬丹綠鬣蜥超氾濫！農民快瘋了，1晚抓百隻超恐怖畫面曝 roadstert.com/d/654… 2 / 2,sweep_b1_hits.csv
2026-09-05_13-23-41,qsh-alpha,roadstert.com,arrietlinor3235,2026-08-31,https://www.threads.com/@arrietlinor3235/post/DcsVZxkk_se,https://roadstert.com/d/341F6854,,,0.0,roadstert.com,['qsh-alpha'],1,給今年韓國懸疑劇排個名，你旁觀的罪第8，親愛的 X第4，第1封神 roadstert.com/d/341… 2 / 2,sweep_b1_hits.csv
2026-09-05_13-23-41,qsh-alpha,roadstert.com,arrietlinor3235,2026-08-31,https://www.threads.com/@arrietlinor3235/post/DcrwUzzk4a7,https://roadstert.com/d/24A380A6,,,0.0,roadstert.com,['qsh-alpha'],1,給今年韓國懸疑劇排個名，你旁觀的罪第8，親愛的 X第4，第1封神 roadstert.com/d/24A… 2 / 2,sweep_b1_hits.csv
2026-09-05_13-23-41,qsh-alpha,roadstert.com,jbn03297,2026-08-30,https://www.threads.com/@jbn03297/post/DcqjVUBkx_B,https://roadstert.com/d/5D41197C,,,1.0,roadstert.com,['qsh-alpha'],1,鸚鵡養成干尸！女主人痛哭流涕，獸醫曝「致命疏失」網怒轟：無知害命 roadstert.com/d/5D4… 2 / 2,sweep_b1_hits.csv
2026-09-05_13-23-41,qsh-alpha,roadstert.com,jbn03297,2026-08-30,https://www.threads.com/@jbn03297/post/DcqL_L-nThn,https://roadstert.com/d/C89A89B6,,,3.0,roadstert.com,['qsh-alpha'],1,去年冬天撿到一隻流浪狗，因主人搬家被丟棄，遇好心人用棉襖裹住它，沒想到看到它的後背瞬間鼻酸 roadstert.com/d/C89… 2 / 2,sweep_b1_hits.csv
2026-09-05_13-23-41,qsh-alpha,roadstert.com,arrietlinor3235,2026-08-30,https://www.threads.com/@arrietlinor3235/post/Dcp_zKNEbOt,https://roadstert.com/d/B16469C2,,,0.0,roadstert.com,['qsh-alpha'],1,《親愛的X》熱播，「三金」結局令人唏噓 roadstert.com/d/B16… 2 / 2,sweep_b1_hits.csv
2026-09-05_13-23-41,qsh-alpha,roadstert.com,qhw39489,2026-08-30,https://www.threads.com/@qhw39489/post/Dcp9zLxD4Bg,https://roadstert.com/d/595A698B,,,0.0,roadstert.com,['qsh-alpha'],1,免揉麵！這款「香蔥恰巴塔」香到讓人站不穩，簡單易上手 roadstert.com/d/595… 2 / 2,sweep_b1_hits.csv
2026-09-05_13-23-41,qsh-alpha,roadstert.com,arrietlinor3235,2026-08-30,https://www.threads.com/@arrietlinor3235/post/DcphllLkxh7,https://roadstert.com/d/8A814A53,,,1.0,roadstert.com,['qsh-alpha'],1,金世正第一部古裝劇殺瘋了！古裝版《秘密花園》，男女主靈魂互換，第一集就笑到停不下來 roadstert.com/d/8A8… 2 / 2,sweep_b1_hits.csv
2026-09-05_13-23-41,qsh-alpha,roadstert.com,arrietlinor3235,2026-08-30,https://www.threads.com/@arrietlinor3235/post/DcpOtFgE1-K,https://roadstert.com/d/9199B22C,,,0.0,roadstert.com,['qsh-alpha'],1,劇王重磅回歸！直接韓劇年度視冠！原汁原味原配方，一集根本不夠看！ roadstert.com/d/919… 2 / 2,sweep_b1_hits.csv
2026-09-05_13-23-41,qsh-alpha,roadstert.com,jbn03297,2026-08-29,https://www.threads.com/@jbn03297/post/DcoEt-tk6Yj,https://roadstert.com/d/421AD68C,,,2.0,roadstert.com,['qsh-alpha'],1,男子發現「狗狗」落水，本想上前營救，仔細一看卻嚇出一身冷汗！ roadstert.com/d/421… 2 / 2,sweep_b1_hits.csv
2026-09-05_13-23-41,qsh-alpha,roadstert.com,qhw39489,2026-08-29,https://www.threads.com/@qhw39489/post/Dcnd2umD6DM,https://roadstert.com/d/6EDD61CB,,,0.0,roadstert.com,['qsh-alpha'],1,我爸珍藏十年的平底鍋神作！茄子煎出焦糖邊，淋上秘製醬料香辣下飯 roadstert.com/d/6ED… 2 / 2,sweep_b1_hits.csv
2026-09-05_13-23-41,qsh-alpha,roadstert.com,jbn03297,2026-08-29,https://www.threads.com/@jbn03297/post/DcnY29ukYP2,https://roadstert.com/d/2EAD869B,,,1.0,roadstert.com,['qsh-alpha'],1,主人周末加班，貓咪用爪爪拉住主人襪子不讓走，網友被萌到缺氧：快請假陪牠啦～ roadstert.com/d/2EA… 2 / 2,sweep_b1_hits.csv
2026-09-05_13-23-41,qsh-alpha,roadstert.com,arrietlinor3235,2026-08-29,https://www.threads.com/@arrietlinor3235/post/DcnWzKokwKV,https://roadstert.com/d/8785F39E,,,0.0,roadstert.com,['qsh-alpha'],1,主演加起來251歲！韓國電影再次「封神」，太療愈好哭，全網零差評 roadstert.com/d/878… 2 / 2,sweep_b1_hits.csv
2026-09-05_13-23-41,qsh-alpha,roadstert.com,arrietlinor3235,2026-08-29,https://www.threads.com/@arrietlinor3235/post/Dcm3joZE4KJ,https://roadstert.com/d/9293443E,,,0.0,roadstert.com,['qsh-alpha'],1,笑著笑著就哭了的神作！5分鐘就能入戲，被讚韓版《歡樂頌》 roadstert.com/d/929… 2 / 2,sweep_b1_hits.csv
2026-09-05_13-23-41,qsh-alpha,roadstert.com,qhw39489,2026-08-29,https://www.threads.com/@qhw39489/post/Dcm2Qs1jydq,https://roadstert.com/d/EDD09F9F,,,0.0,roadstert.com,['qsh-alpha'],1,香到鄰居敲門的黑椒牛肉燜面！牛肉嫩滑醬汁濃稠，每根面條都掛滿靈魂黑椒汁 roadstert.com/d/EDD… 2 / 2,sweep_b1_hits.csv
2026-09-05_13-23-41,qsh-alpha,roadstert.com,arrietlinor3235,2026-08-29,https://www.threads.com/@arrietlinor3235/post/DcmoG3Ik-13,https://roadstert.com/d/F2C5DD16,,,0.0,roadstert.com,['qsh-alpha'],1,媽呀！Netflix新劇！許光漢勇闖韓娛！首部韓劇迷暈韓國人 roadstert.com/d/F2C… 2 / 2,sweep_b1_hits.csv
2026-09-05_13-23-41,qsh-alpha,roadstert.com,jbn03297,2026-08-28,https://www.threads.com/@jbn03297/post/DclkeQSk8yM,https://roadstert.com/d/D3DFADE2,,,1.0,roadstert.com,['qsh-alpha'],1,落單北極熊幼崽主動向人求助，混到一份「包吃包住」的好「工作」 roadstert.com/d/D3D… 2 / 2,sweep_b1_hits.csv
2026-09-05_13-23-41,qsh-alpha,roadstert.com,arrietlinor3235,2026-08-28,https://www.threads.com/@arrietlinor3235/post/DclBHC2k63l,https://roadstert.com/d/6618E581,,,0.0,roadstert.com,['qsh-alpha'],1,一集一個鬼！一集死一個！村里沒一個活人！我一口氣看兩季！ roadstert.com/d/661… 2 / 2,sweep_b1_hits.csv
2026-09-05_13-23-41,qsh-alpha,roadstert.com,qhw39489,2026-08-28,https://www.threads.com/@qhw39489/post/DckplD9jx74,https://roadstert.com/d/FD05F4F0,,,0.0,roadstert.com,['qsh-alpha'],1,雞蛋蝦仁抱豆腐巨好吃，有幸在親戚家吃過一回，被驚艷到了！ roadstert.com/d/FD0… 2 / 2,sweep_b1_hits.csv
2026-09-05_13-23-41,qsh-alpha,roadstert.com,hia153866,2026-08-28,https://www.threads.com/@hia153866/post/Dckkh1kE2se,https://roadstert.com/d/7A2F8B4B,,,0.0,roadstert.com,['qsh-alpha'],1,醋泡黑豆太厲害了，老公堅持了一段時間，頭髮黑了，睡眠好了，腰不酸腿不疼，感覺輕鬆多了 roadstert.com/d/7A2… 2 / 2,sweep_b1_hits.csv
2026-09-05_13-23-41,qsh-alpha,roadstert.com,qhw39489,2026-08-28,https://www.threads.com/@qhw39489/post/DckSi8Wj5Y2,https://roadstert.com/d/81FA48A0,,,0.0,roadstert.com,['qsh-alpha'],1,這個番茄玉米排骨湯太鮮美了，好喝到一滴湯汁都不剩！ roadstert.com/d/81F… 2 / 2,sweep_b1_hits.csv
2026-09-05_13-23-41,qsh-alpha,roadstert.com,jbn03297,2026-08-27,https://www.threads.com/@jbn03297/post/Dciu8LUk7Ad,https://roadstert.com/d/ACC6BB68,,,2.0,roadstert.com,['qsh-alpha'],1,主人搬家將狗狗綁在樹下挨餓，瘦成皮包骨頭讓人心痛！ roadstert.com/d/ACC… 2 / 2,sweep_b1_hits.csv
2026-09-05_13-23-41,qsh-alpha,roadstert.com,jbn03297,2026-08-27,https://www.threads.com/@jbn03297/post/DcibtvLExzR,https://roadstert.com/d/4EB17248,,,2.0,roadstert.com,['qsh-alpha'],1,兵哥哥洪水中救下瀕死橘貓，5年后偶遇…貓第一眼就認出了他！ roadstert.com/d/4EB… 2 / 2,sweep_b1_hits.csv
2026-09-05_13-23-41,qsh-alpha,roadstert.com,arrietlinor3235,2026-08-27,https://www.threads.com/@arrietlinor3235/post/Dch7A2VE1Z_,https://roadstert.com/d/0AAE52AC,,,0.0,roadstert.com,['qsh-alpha'],1,比《黑暗榮耀》更狠！一口氣刷完，全員大亂鬥，後勁大到緩不過來！ roadstert.com/d/0AA… 2 / 2,sweep_b1_hits.csv
2026-09-05_13-23-41,qsh-alpha,roadstert.com,qhw39489,2026-08-27,https://www.threads.com/@qhw39489/post/Dchx_T1j9T_,https://roadstert.com/d/0B084065,,,0.0,roadstert.com,['qsh-alpha'],1,南瓜青豆肉沫豆腐湯好好喝！湯汁清爽解膩，南瓜煮得軟糯巨香！ roadstert.com/d/0B0… 2 / 2,sweep_b1_hits.csv
2026-09-05_13-23-41,qsh-alpha,roadstert.com,jbn03297,2026-08-27,https://www.threads.com/@jbn03297/post/Dchs2crk5tA,https://roadstert.com/d/734207E9,,,0.0,roadstert.com,['qsh-alpha'],1,40頭鯨魚集體擱淺！數百人沖進海里抬鯨魚，小孩都舉著桶潑水，第一次見這場面腿都軟了 roadstert.com/d/734… 2 / 2,sweep_b1_hits.csv
2026-09-05_13-23-41,qsh-alpha,roadstert.com,arrietlinor3235,2026-08-27,https://www.threads.com/@arrietlinor3235/post/Dchg649k5m0,https://roadstert.com/d/D5A41E1A,,,0.0,roadstert.com,['qsh-alpha'],1,一口氣刷完8集，詛咒+災難+超自然，Netflix這部劇集又爆了！ roadstert.com/d/D5A… 2 / 2,sweep_b1_hits.csv
2026-09-05_13-23-41,qsh-alpha,roadstert.com,arrietlinor3235,2026-08-26,https://www.threads.com/@arrietlinor3235/post/DcgWwzyE8ln,https://roadstert.com/d/FC399A62,,,0.0,roadstert.com,['qsh-alpha'],1,25年豆瓣最高分的韓國愛情劇，一吻爆炸第8，靈指第2，第一殺瘋了 roadstert.com/d/FC3… 2 / 2,sweep_b1_hits.csv
2026-09-05_13-23-41,qsh-alpha,roadstert.com,jbn03297,2026-08-26,https://www.threads.com/@jbn03297/post/Dcf7-65k7d9,https://roadstert.com/d/3E24E0D5,,,0.0,roadstert.com,['qsh-alpha'],1,雪夜高燒的護林員，被貍花貓叼來野兔救命：這道爪印里藏著3里地的血路，跨物種的交情讓人感動 roadstert.com/d/3E2… 2 / 2,sweep_b1_hits.csv
2026-09-05_13-23-41,qsh-alpha,roadstert.com,jbn03297,2026-08-26,https://www.threads.com/@jbn03297/post/Dcfof_zE23c,https://roadstert.com/d/59A97B13,,,2.0,roadstert.com,['qsh-alpha'],1,遞面包時它盯了我半分鐘！斷尾貓踮腳挪過來的樣子，后腿外撇看得人心疼 roadstert.com/d/59A… 2 / 2,sweep_b1_hits.csv
2026-09-05_13-23-41,qsh-alpha,roadstert.com,arrietlinor3235,2026-08-26,https://www.threads.com/@arrietlinor3235/post/DcfSyQhE9gl,https://roadstert.com/d/0B0605D1,,,0.0,roadstert.com,['qsh-alpha'],1,直接笑到淩晨四點！ 每一集都笑到我肚子痛！根本停不下來啊！ roadstert.com/d/0B0… 2 / 2,sweep_b1_hits.csv
2026-09-05_13-23-41,qsh-alpha,roadstert.com,arrietlinor3235,2026-08-26,https://www.threads.com/@arrietlinor3235/post/Dce73oeE5vY,https://roadstert.com/d/EBCFF836,,,0.0,roadstert.com,['qsh-alpha'],1,又挖到一部下飯好劇！雖土但甜！「偽人妻 × 高冷組長」張基龍：吻戲超多的 ～ roadstert.com/d/EBC… 2 / 2,sweep_b1_hits.csv
2026-09-05_13-23-41,qsh-alpha,roadstert.com,jbn03297,2026-08-25,https://www.threads.com/@jbn03297/post/DcdmYVtk3e3,https://roadstert.com/d/730F7266,,,1.0,roadstert.com,['qsh-alpha'],1,毛毛雨中叼著牽引繩「邊走邊哭」，女孩心疼：它已經被放棄兩次了！ roadstert.com/d/730… 2 / 2,sweep_b1_hits.csv
2026-09-05_13-23-41,qsh-alpha,roadstert.com,arrietlinor3235,2026-08-25,https://www.threads.com/@arrietlinor3235/post/DccXsrIEybD,https://roadstert.com/d/4F660CC9,,,0.0,roadstert.com,['qsh-alpha'],1,低開高走，節奏快到飛起！一集十次反轉，二十個爆點，看得人喘不過氣的「高能爽劇」，看完爽爆了 roadstert.com/d/4F6… 2 / 2,sweep_b1_hits.csv
2026-09-05_13-23-41,qsh-alpha,roadstert.com,arrietlinor3235,2026-08-24,https://www.threads.com/@arrietlinor3235/post/DcbCL9Tk0q_,https://roadstert.com/d/FEC1C6D8,,,0.0,roadstert.com,['qsh-alpha'],1,Netflix新劇速遞！IU和金泰亨末日世界裡的羅曼史，太催淚~ roadstert.com/d/FEC… 2 / 2,sweep_b1_hits.csv
2026-09-05_13-23-41,qsh-alpha,roadstert.com,jbn03297,2026-08-24,https://www.threads.com/@jbn03297/post/DcasTPJk-bq,https://roadstert.com/d/23BB3821,,,1.0,roadstert.com,['qsh-alpha'],1,翻車魚究竟有多蠢，被吃掉一半身體竟然還活著，這種生物的本領超乎想象！ roadstert.com/d/23B… 2 / 2,sweep_b1_hits.csv
2026-09-05_13-23-41,qsh-alpha,roadstert.com,jbn03297,2026-08-24,https://www.threads.com/@jbn03297/post/DcaULm5E9Wk,https://roadstert.com/d/44032831,,,0.0,roadstert.com,['qsh-alpha'],1,阿公柴堆撿回破碎鳥蛋！歷經數日竟真「孵出小鳥」，得知其品種名后他欣喜若狂 roadstert.com/d/440… 2 / 2,sweep_b1_hits.csv
2026-09-05_13-23-41,qsh-alpha,roadstert.com,arrietlinor3235,2026-08-24,https://www.threads.com/@arrietlinor3235/post/DcaFgSIk_N9,https://roadstert.com/d/4FBE2924,,,0.0,roadstert.com,['qsh-alpha'],1,韓國真的太敢拍了！一口氣看完脊背發涼、毛孔炸裂！看完不敢獨處的懸疑神作！ roadstert.com/d/4FB… 2 / 2,sweep_b1_hits.csv
2026-09-05_13-23-41,qsh-alpha,roadstert.com,jbn03297,2026-08-24,https://www.threads.com/@jbn03297/post/DcZ_lPVky-S,https://roadstert.com/d/37C418F2,,,0.0,roadstert.com,['qsh-alpha'],1,沙堆里拱出灰毛團！異瞳小貓嘴叼沙礫發抖，藍眼望人時睫毛掛著土粒，誰看了不心疼 roadstert.com/d/37C… 2 / 2,sweep_b1_hits.csv
2026-09-05_13-23-41,qsh-alpha,roadstert.com,qhw39489,2026-08-24,https://www.threads.com/@qhw39489/post/DcZ-vFzj36e,https://roadstert.com/d/34DBE63A,,,0.0,roadstert.com,['qsh-alpha'],1,微波蝦仁蛋豆腐｜5分鐘搞定高蛋白減脂餐！嫩滑如布丁，醬汁一拌香到靈魂出竅！ roadstert.com/d/34D… 2 / 2,sweep_b1_hits.csv
2026-09-05_13-23-41,qsh-alpha,roadstert.com,jbn03297,2026-08-23,https://www.threads.com/@jbn03297/post/DcYrH-fE9LE,https://roadstert.com/d/CC3ED1A7,,,0.0,roadstert.com,['qsh-alpha'],1,綠毛怪！她養小龍蝦1年「完全沒喂食」竟和烏龜活到現在，網「解釋其原由」並怒轟：你太殘忍 roadstert.com/d/CC3… 2 / 2,sweep_b1_hits.csv
2026-09-05_13-23-41,qsh-alpha,roadstert.com,jbn03297,2026-08-23,https://www.threads.com/@jbn03297/post/DcYWRIGk3Kr,https://roadstert.com/d/67FE9709,,,1.0,roadstert.com,['qsh-alpha'],1,航班上的 「小英雄」！三隻救援犬曾赴土耳其救災，如今機艙裡乖巧得讓人淚目 roadstert.com/d/67F… 2 / 2,sweep_b1_hits.csv
2026-09-05_13-23-41,qsh-alpha,roadstert.com,qhw39489,2026-08-23,https://www.threads.com/@qhw39489/post/DcYWCAfD3U9,https://roadstert.com/d/21F3A05A,,,0.0,roadstert.com,['qsh-alpha'],1,巨掉秤又好吃的蝦仁蔬菜沙拉！附油醋汁配方 roadstert.com/d/21F… 2 / 2,sweep_b1_hits.csv
2026-09-05_13-23-41,qsh-alpha,roadstert.com,jbn03297,2026-08-23,https://www.threads.com/@jbn03297/post/DcX6HXlE1FQ,https://roadstert.com/d/DE51E689,,,0.0,roadstert.com,['qsh-alpha'],1,2021年，人們發現了一頭被繩索纏繞的鯨魚，它在海里掙扎了5個月，看到結局全網難過 roadstert.com/d/DE5… 2 / 2,sweep_b1_hits.csv
2026-09-05_13-23-41,qsh-alpha,roadstert.com,qhw39489,2026-08-23,https://www.threads.com/@qhw39489/post/DcXdKqTj29f,https://roadstert.com/d/8DBB191E,,,0.0,roadstert.com,['qsh-alpha'],1,孜然肥牛｜香到鄰居報警的秒空神菜！焦香肥牛+燒烤料+香菜，三樣食材搞定夜市王牌！ roadstert.com/d/8DB… 2 / 2,sweep_b1_hits.csv
2026-09-05_13-23-41,qsh-alpha,roadstert.com,arrietlinor3235,2026-08-23,https://www.threads.com/@arrietlinor3235/post/DcXM9-rk_wX,https://roadstert.com/d/8252114D,,,0.0,roadstert.com,['qsh-alpha'],1,主演加起來251歲！韓國電影再次「封神」，太療愈好哭，全網零差評 roadstert.com/d/825… 2 / 2,sweep_b1_hits.csv
2026-09-05_13-23-41,qsh-alpha,roadstert.com,jbn03297,2026-08-22,https://www.threads.com/@jbn03297/post/DcWKMT2k42y,https://roadstert.com/d/19D64B16,,,1.0,roadstert.com,['qsh-alpha'],1,孩子在做作業，老師進書房輔導，打開門被嚇一大跳，寵物太小眾！ roadstert.com/d/19D… 2 / 2,sweep_b1_hits.csv
2026-09-05_13-23-41,qsh-alpha,roadstert.com,qhw39489,2026-08-22,https://www.threads.com/@qhw39489/post/DcV6-hXD8t4,https://roadstert.com/d/43310060,,,0.0,roadstert.com,['qsh-alpha'],1,這個法式蒜香烤南瓜太好吃了！后悔沒早點發現，蒜香濃郁，軟糯咸香，做法簡單 roadstert.com/d/433… 2 / 2,sweep_b1_hits.csv
2026-09-05_13-23-41,qsh-alpha,roadstert.com,jbn03297,2026-08-22,https://www.threads.com/@jbn03297/post/DcV5BqrkydY,https://roadstert.com/d/75F8EE01,,,0.0,roadstert.com,['qsh-alpha'],1,海洋館里的虎鯨有多慘！水池只夠翻身，堅持表演53年終于能回家！ roadstert.com/d/75F… 2 / 2,sweep_b1_hits.csv
2026-09-05_13-23-41,qsh-alpha,roadstert.com,arrietlinor3235,2026-08-22,https://www.threads.com/@arrietlinor3235/post/DcVtWkXE4HR,https://roadstert.com/d/4118816C,,,0.0,roadstert.com,['qsh-alpha'],1,🆘媽耶，真實事件改編，比變態還變態「李準/金智媛」一集入坑 roadstert.com/d/411…,sweep_b1_hits.csv
2026-09-05_13-23-41,qsh-alpha,roadstert.com,jbn03297,2026-08-22,https://www.threads.com/@jbn03297/post/DcU3eauE4kQ,https://roadstert.com/d/E4C814C1,,,2.0,roadstert.com,['qsh-alpha'],1,陪伴自己八年的狗狗大黃生病了，奶奶用竹簍背著牠去醫院，來往的路人看見大黃的表情，都很心疼 roadstert.com/d/E4C… 2 / 2,sweep_b1_hits.csv
2026-09-05_13-23-41,qsh-alpha,roadstert.com,arrietlinor3235,2026-08-22,https://www.threads.com/@arrietlinor3235/post/DcUrsU0E4bK,https://roadstert.com/d/17DB478B,,,0.0,roadstert.com,['qsh-alpha'],1,8.3分的奇幻懸疑佳作！無限流+重生+復仇，驚悚又刺激，熬夜連刷八集根本不夠看！ roadstert.com/d/17D… 2 / 2,sweep_b1_hits.csv
2026-09-05_13-23-41,qsh-alpha,roadstert.com,jbn03297,2026-08-21,https://www.threads.com/@jbn03297/post/DcTmV1Wk1nV,https://roadstert.com/d/137FBE2B,,,0.0,roadstert.com,['qsh-alpha'],1,垃圾桶旁撿到寶！偶遇會笑小橘貓，用腦袋頂我幫使勁、扒門縫哄人，這誰能不心疼 roadstert.com/d/137… 2 / 2,sweep_b1_hits.csv
2026-09-05_13-23-41,qsh-alpha,roadstert.com,arrietlinor3235,2026-08-21,https://www.threads.com/@arrietlinor3235/post/DcSrYDmk_e4,https://roadstert.com/d/DFFFB267,,,0.0,roadstert.com,['qsh-alpha'],1,又挖到一部下飯好劇！雖土但甜！「偽人妻 × 高冷組長」張基龍：吻戲超多的 ～ roadstert.com/d/DFF… 2 / 2,sweep_b1_hits.csv
2026-09-05_13-23-41,qsh-alpha,roadstert.com,jbn03297,2026-08-21,https://www.threads.com/@jbn03297/post/DcSWQtdE9JL,https://roadstert.com/d/1C5CBB7F,,,4.0,roadstert.com,['qsh-alpha'],1,"十年光陰換你一聲呼喚！退役導盲犬認出\""第一個媽媽\""瞬間淚崩：我等到白毛了 roadstert.com/d/1C5… 2 / 2",sweep_b1_hits.csv
2026-09-05_13-23-41,qsh-alpha,roadstert.com,jbn03297,2026-08-20,https://www.threads.com/@jbn03297/post/DcQ1nbhE5Ar,https://roadstert.com/d/14E71AA9,,,1.0,roadstert.com,['qsh-alpha'],1,能催眠鯊魚的女人？幫鯊魚拔出一次魚鉤后，受傷鯊魚都會去找她！ roadstert.com/d/14E… 2 / 2,sweep_b1_hits.csv
2026-09-05_13-23-41,qsh-alpha,roadstert.com,qhw39489,2026-08-20,https://www.threads.com/@qhw39489/post/DcQkRc8j_bC,https://roadstert.com/d/A73F4B9C,,,0.0,roadstert.com,['qsh-alpha'],1,雞蛋這麼做比茶葉蛋都好吃！香嫩入味，做了一大盆都沒夠吃！ roadstert.com/d/A73… 2 / 2,sweep_b1_hits.csv
2026-09-05_13-23-41,qsh-alpha,roadstert.com,jbn03297,2026-08-20,https://www.threads.com/@jbn03297/post/DcQf5q0k2Zb,https://roadstert.com/d/2B8AF692,,,1.0,roadstert.com,['qsh-alpha'],1,婆婆非要養菜場撿回的臟土狗，我賭它 「撐不過一周」，深夜看見它的一個動作，立刻暖化我 roadstert.com/d/2B8… 2 / 2,sweep_b1_hits.csv
2026-09-05_13-23-41,qsh-alpha,roadstert.com,qhw39489,2026-08-20,https://www.threads.com/@qhw39489/post/DcQNUhGD34g,https://roadstert.com/d/81D23ADF,,,0.0,roadstert.com,['qsh-alpha'],1,茄子最簡單好吃的做法！不用油炸，一樣軟爛入味，太費米飯了！ roadstert.com/d/81D… 2 / 2,sweep_b1_hits.csv
2026-09-05_13-23-41,qsh-alpha,roadstert.com,arrietlinor3235,2026-08-20,https://www.threads.com/@arrietlinor3235/post/DcP4EzmEz_X,https://roadstert.com/d/8C74B36C,,,0.0,roadstert.com,['qsh-alpha'],1,李帝勳主演《模範計程車3》首播創2025年紀錄！瞬間收視飆至12.2%，網友反應卻褒貶不一 roadstert.com/d/8C7… 2 / 2,sweep_b1_hits.csv
2026-09-05_13-23-41,qsh-alpha,roadstert.com,arrietlinor3235,2026-08-20,https://www.threads.com/@arrietlinor3235/post/DcPb1lGE8eg,https://roadstert.com/d/BC119A18,,,0.0,roadstert.com,['qsh-alpha'],1,給今年韓國懸疑劇排個名，你旁觀的罪第8，親愛的 X第4，第1封神 roadstert.com/d/BC1… 2 / 2,sweep_b1_hits.csv
2026-09-05_13-23-41,qsh-alpha,roadstert.com,jbn03297,2026-08-19,https://www.threads.com/@jbn03297/post/DcOT6UIk8Uc,https://roadstert.com/d/37196BBE,,,2.0,roadstert.com,['qsh-alpha'],1,救援站撤場剩下黑狗狗，鏟子超人心疼哭：怎麼可以只有你沒有家 roadstert.com/d/371… 2 / 2,sweep_b1_hits.csv
2026-09-05_13-23-41,qsh-alpha,roadstert.com,arrietlinor3235,2026-08-19,https://www.threads.com/@arrietlinor3235/post/DcOQ_pqE_SW,https://roadstert.com/d/CBA9C7C1,,,0.0,roadstert.com,['qsh-alpha'],1,韓國真的太敢拍了！一口氣看完脊背發涼、毛孔炸裂！看完不敢獨處的懸疑神作！ roadstert.com/d/CBA… 2 / 2,sweep_b1_hits.csv
2026-09-05_13-23-41,qsh-alpha,roadstert.com,jbn03297,2026-08-19,https://www.threads.com/@jbn03297/post/DcNjVI2kxbJ,https://roadstert.com/d/93709DCD,,,1.0,roadstert.com,['qsh-alpha'],1,街口鞋盒里！兩只奶貓扒著盒邊叫，粉裙小姐姐舉牌：無償，但請一定愛它，綠毛男伸手被拒 roadstert.com/d/937… 2 / 2,sweep_b1_hits.csv
2026-09-05_13-23-41,qsh-alpha,roadstert.com,hia153866,2026-08-19,https://www.threads.com/@hia153866/post/DcNhsxyEzbT,https://roadstert.com/d/4040CB19,,,0.0,roadstert.com,['qsh-alpha'],1,1克可殺死1萬人！19歲小伙誤當「食物」吃了20多顆，直接送去ICU roadstert.com/d/404… 2 / 2,sweep_b1_hits.csv
2026-09-05_13-23-41,qsh-alpha,roadstert.com,jbn03297,2026-08-19,https://www.threads.com/@jbn03297/post/DcNMf_Vk6yx,https://roadstert.com/d/26E99899,,,0.0,roadstert.com,['qsh-alpha'],1,老釣手第一次慌！拉起「四肢怪魚」驚喊變異...內行人淡定曝其來歷：大驚小怪 roadstert.com/d/26E… 2 / 2,sweep_b1_hits.csv
2026-09-05_13-23-41,qsh-alpha,roadstert.com,qhw39489,2026-08-19,https://www.threads.com/@qhw39489/post/DcNIvR_D_vE,https://roadstert.com/d/73078F8E,,,2.0,roadstert.com,['qsh-alpha'],1,低估了「洋蔥蘋果水」的威力，女兒喝了2碗，就真的好了 roadstert.com/d/730… 2 / 2,sweep_b1_hits.csv
2026-09-05_13-23-41,qsh-alpha,roadstert.com,arrietlinor3235,2026-08-19,https://www.threads.com/@arrietlinor3235/post/DcM8MSTE9lh,https://roadstert.com/d/2837B08D,,,0.0,roadstert.com,['qsh-alpha'],1,金世正第一部古裝劇殺瘋了！古裝版《秘密花園》，男女主靈魂互換，第一集就笑到停不下來 roadstert.com/d/283… 2 / 2,sweep_b1_hits.csv
2026-09-05_13-23-41,qsh-alpha,roadstert.com,qhw39489,2026-08-18,https://www.threads.com/@qhw39489/post/DcLxARED41-,https://roadstert.com/d/B39D4C92,,,0.0,roadstert.com,['qsh-alpha'],1,這配方一般人都不知道！醬汁濃郁的照燒雞腿，外焦里嫩，滑嫩多汁，配米飯太香了 roadstert.com/d/B39… 2 / 2,sweep_b1_hits.csv
2026-09-05_13-23-41,qsh-alpha,roadstert.com,arrietlinor3235,2026-08-18,https://www.threads.com/@arrietlinor3235/post/DcLJ3aOE_xs,https://roadstert.com/d/BEB6406B,,,0.0,roadstert.com,['qsh-alpha'],1,媽呀！Netflix新劇！許光漢勇闖韓娛！首部韓劇迷暈韓國人 roadstert.com/d/BEB… 2 / 2,sweep_b1_hits.csv
2026-09-05_13-23-41,qsh-alpha,roadstert.com,jbn03297,2026-08-18,https://www.threads.com/@jbn03297/post/DcKzjLbk6r1,https://roadstert.com/d/B1EF4077,,,1.0,roadstert.com,['qsh-alpha'],1,雨夜被「怪物浪浪」尾隨到家！拆開牠的舊項圈...竟藏著一張讓人鼻酸的病例 roadstert.com/d/B1E… 2 / 2,sweep_b1_hits.csv
2026-09-05_13-23-41,qsh-alpha,roadstert.com,jbn03297,2026-08-17,https://www.threads.com/@jbn03297/post/DcJH6t8E9G8,https://roadstert.com/d/92321507,,,1.0,roadstert.com,['qsh-alpha'],1,被趕出門的比熊守在門口不肯走，王阿姨的舉動，讓我看濕了眼眶 roadstert.com/d/923… 2 / 2,sweep_b1_hits.csv
2026-09-05_13-23-41,qsh-alpha,roadstert.com,jbn03297,2026-08-17,https://www.threads.com/@jbn03297/post/DcIpXJLk8E7,https://roadstert.com/d/4E49CD38,,,1.0,roadstert.com,['qsh-alpha'],1,趕集被小狗盯出心軟，60 元帶它回家：它蹭手暖腳又叼墊，老狗都把它摟進懷里 roadstert.com/d/4E4… 2 / 2,sweep_b1_hits.csv
2026-09-05_13-23-41,qsh-alpha,roadstert.com,jbn03297,2026-08-17,https://www.threads.com/@jbn03297/post/DcISMAIE72B,https://roadstert.com/d/25701876,,,0.0,roadstert.com,['qsh-alpha'],1,「這隻貓我們不收…」90歲屋主離世，貓獨守空屋不肯走！鄰居一個暖心舉動逼哭萬人 roadstert.com/d/257… 2 / 2,sweep_b1_hits.csv
2026-09-05_13-23-41,qsh-alpha,roadstert.com,jbn03297,2026-08-16,https://www.threads.com/@jbn03297/post/DcGiQ8HE1Ax,https://roadstert.com/d/D11D2D6F,,,1.0,roadstert.com,['qsh-alpha'],1,小奶狗偷吃1個包子，竟被早餐鋪老闆往死裡打！我出手救下後...隔天發生的事暖哭全鋪人 roadstert.com/d/D11… 2 / 2,sweep_b1_hits.csv
2026-09-05_13-23-41,qsh-alpha,roadstert.com,qhw39489,2026-08-16,https://www.threads.com/@qhw39489/post/DcGHngEDyE8,https://roadstert.com/d/0E8F5264,,,0.0,roadstert.com,['qsh-alpha'],1,這個蝦仁豆腐菌菇湯太好喝了，湯汁鮮美濃郁，口感嫩滑，做法超簡單 roadstert.com/d/0E8… 2 / 2,sweep_b1_hits.csv
2026-09-05_13-23-41,qsh-alpha,roadstert.com,jbn03297,2026-08-16,https://www.threads.com/@jbn03297/post/DcF3sWREzng,https://roadstert.com/d/4A9B2D30,,,1.0,roadstert.com,['qsh-alpha'],1,兩副面孔！轉身就碎念回頭秒裝乖，網抓包笑噴：當面一套，背后一套 roadstert.com/d/4A9… 2 / 2,sweep_b1_hits.csv
2026-09-05_13-23-41,qsh-alpha,roadstert.com,arrietlinor3235,2026-08-16,https://www.threads.com/@arrietlinor3235/post/DcFLZ0iE3_8,https://roadstert.com/d/ECCF7100,,,0.0,roadstert.com,['qsh-alpha'],1,李帝勳主演《模範計程車3》首播創2025年紀錄！瞬間收視飆至12.2%，網友反應卻褒貶不一 roadstert.com/d/ECC… 2 / 2,sweep_b1_hits.csv
2026-09-05_13-23-41,qsh-alpha,roadstert.com,arrietlinor3235,2026-08-15,https://www.threads.com/@arrietlinor3235/post/DcENQy0k293,https://roadstert.com/d/6924CDD9,,,0.0,roadstert.com,['qsh-alpha'],1,「25年最火韓劇」收視：未知的首爾第2 、靈指第7、第一殺瘋了！ roadstert.com/d/692… 2 / 2,sweep_b1_hits.csv
2026-09-05_13-23-41,qsh-alpha,roadstert.com,qhw39489,2026-08-15,https://www.threads.com/@qhw39489/post/DcECIa_m900,https://roadstert.com/d/28338920,,,0.0,roadstert.com,['qsh-alpha'],1,豆腐炒秋葵，嘎嘎香！給肉都不換，上桌秒光 roadstert.com/d/283… 2 / 2,sweep_b1_hits.csv
2026-09-05_13-23-41,qsh-alpha,roadstert.com,jbn03297,2026-08-15,https://www.threads.com/@jbn03297/post/DcD7ERVE-J7,https://roadstert.com/d/B5870AE9,,,3.0,roadstert.com,['qsh-alpha'],1,太催淚了！便利店監控拍到凌晨五點，瘦骨嶙峋的三花貓死死咬住雞胸肉，店員追到巷尾，眼前的一幕讓他心酸 roadstert.com/d/B58… 2 / 2,sweep_b1_hits.csv
2026-09-05_13-23-41,qsh-alpha,roadstert.com,jbn03297,2026-08-15,https://www.threads.com/@jbn03297/post/DcDdMmmkyc2,https://roadstert.com/d/7F44F76E,,,1.0,roadstert.com,['qsh-alpha'],1,網友怒噴「熒光紅狗子」是虐狗，真相曝光后笑翻：主人比狗還慘！ roadstert.com/d/7F4… 2 / 2,sweep_b1_hits.csv
2026-09-05_13-23-41,qsh-alpha,roadstert.com,hia153866,2026-08-15,https://www.threads.com/@hia153866/post/DcCpyTrk-2K,https://roadstert.com/d/C1D4EDFB,,,0.0,roadstert.com,['qsh-alpha'],1,68歲阿伯每天晚上含一片薑入睡，一個星期後變化非常很大！千萬別不當一回事！ roadstert.com/d/C1D… 2 / 2,sweep_b1_hits.csv
2026-09-05_13-23-41,qsh-alpha,roadstert.com,qhw39489,2026-08-14,https://www.threads.com/@qhw39489/post/DcBZCpeG0l2,https://roadstert.com/d/E0DE3D4A,,,0.0,roadstert.com,['qsh-alpha'],1,綠豆和它一起煮，是天然「 刮油冠軍 」，常吃口不臭了，小肚子沒了，失眠好了 roadstert.com/d/E0D… 2 / 2,sweep_b1_hits.csv
2026-09-05_13-23-41,qsh-alpha,roadstert.com,arrietlinor3235,2026-08-14,https://www.threads.com/@arrietlinor3235/post/DcA2xX9k8yA,https://roadstert.com/d/1FF8372A,,,0.0,roadstert.com,['qsh-alpha'],1,劇王重磅回歸！直接韓劇年度視冠！原汁原味原配方，一集根本不夠看！ roadstert.com/d/1FF… 2 / 2,sweep_b1_hits.csv
2026-09-05_13-23-41,qsh-alpha,roadstert.com,arrietlinor3235,2026-08-14,https://www.threads.com/@arrietlinor3235/post/DcAlmuRkwCK,https://roadstert.com/d/5C1B600C,,,0.0,roadstert.com,['qsh-alpha'],1,低開高走，節奏快到飛起！一集十次反轉，二十個爆點，看得人喘不過氣的「高能爽劇」，看完爽爆了 roadstert.com/d/5C1… 2 / 2,sweep_b1_hits.csv
2026-09-05_13-23-41,qsh-alpha,roadstert.com,jbn03297,2026-08-14,https://www.threads.com/@jbn03297/post/DcAkvnkEwz0,https://roadstert.com/d/3EDCE969,,,1.0,roadstert.com,['qsh-alpha'],1,工地門口驚見揪心畫面！流浪狗緊扒摩托車不放，眾人勸放棄… 結局卻暖哭萬人 roadstert.com/d/3ED… 2 / 2,sweep_b1_hits.csv
2026-09-05_13-23-41,qsh-alpha,roadstert.com,qhw39489,2026-08-14,https://www.threads.com/@qhw39489/post/DcASR87D2lV,https://roadstert.com/d/4EE8356C,,,0.0,roadstert.com,['qsh-alpha'],1,把蘋果在鍋里蒸一蒸，每年我都會這樣做，老祖宗方法，太厲害了 ！ roadstert.com/d/4EE… 2 / 2,sweep_b1_hits.csv
2026-09-05_13-23-41,qsh-alpha,roadstert.com,arrietlinor3235,2026-08-13,https://www.threads.com/@arrietlinor3235/post/Db-Ij9PE87Q,https://roadstert.com/d/6F0FB553,,,0.0,roadstert.com,['qsh-alpha'],1,Netflix新劇速遞！IU和金泰亨末日世界裡的羅曼史，太催淚~ roadstert.com/d/6F0… 2 / 2,sweep_b1_hits.csv
2026-09-05_13-23-41,qsh-alpha,roadstert.com,jbn03297,2026-08-13,https://www.threads.com/@jbn03297/post/Db-GrGWE9Xc,https://roadstert.com/d/EC7652F6,,,1.0,roadstert.com,['qsh-alpha'],1,台北搬家時小黃受驚走失，三月后終于尋回，沒想到牠轉頭離開，房東一句話讓我紅了眼 roadstert.com/d/EC7… 2 / 2,sweep_b1_hits.csv
2026-09-05_13-23-41,qsh-alpha,roadstert.com,qhw39489,2026-08-13,https://www.threads.com/@qhw39489/post/Db9pysoD_6i,https://roadstert.com/d/7932DDC5,,,0.0,roadstert.com,['qsh-alpha'],1,酸甜開胃鮮掉眉！自制蝦滑Q彈爆汁，番茄濃湯裹滿粉絲一口入魂 roadstert.com/d/793… 2 / 2,sweep_b1_hits.csv
2026-09-05_13-23-41,qsh-alpha,roadstert.com,arrietlinor3235,2026-08-13,https://www.threads.com/@arrietlinor3235/post/Db9f9rdExmw,https://roadstert.com/d/15FFE9EB,,,0.0,roadstert.com,['qsh-alpha'],1,一口氣刷完8集，Netflix這部劇集又爆了！ roadstert.com/d/15F… 2 / 2,sweep_b1_hits.csv
2026-09-05_13-23-41,qsh-alpha,roadstert.com,qhw39489,2026-08-12,https://www.threads.com/@qhw39489/post/Db8RY48m7s6,https://roadstert.com/d/4236F320,,,0.0,roadstert.com,['qsh-alpha'],1,這道珍珠糯米丸子，鮮香無比，做完全家人搶著吃！ roadstert.com/d/423… 2 / 2,sweep_b1_hits.csv
2026-09-05_13-23-41,qsh-alpha,roadstert.com,jbn03297,2026-08-12,https://www.threads.com/@jbn03297/post/Db8N6OikyJh,https://roadstert.com/d/20319529,,,0.0,roadstert.com,['qsh-alpha'],1,犟種小貓氣鼓鼓站立，貓咪進化論背后的秘密，讓網友紛紛驚嘆笑翻 roadstert.com/d/203… 2 / 2,sweep_b1_hits.csv
2026-09-05_13-23-41,qsh-alpha,roadstert.com,jbn03297,2026-08-12,https://www.threads.com/@jbn03297/post/Db7jbH_E-I2,https://roadstert.com/d/A61E58E4,,,0.0,roadstert.com,['qsh-alpha'],1,被趕出門的比熊守在門口不肯走，王阿姨的舉動，讓我看濕了眼眶 roadstert.com/d/A61… 2 / 2,sweep_b1_hits.csv
2026-09-05_13-23-41,qsh-alpha,roadstert.com,jbn03297,2026-08-12,https://www.threads.com/@jbn03297/post/Db7IIVME7oS,https://roadstert.com/d/5121852E,,,0.0,roadstert.com,['qsh-alpha'],1,貓跟我走半條街，我喊它卻不敢動，直到遞出罐頭，它 「喵」 得人心一酸 roadstert.com/d/512… 2 / 2,sweep_b1_hits.csv
2026-09-05_13-23-41,qsh-alpha,roadstert.com,hia153866,2026-08-12,https://www.threads.com/@hia153866/post/Db64VijE5Nc,https://roadstert.com/d/8399F58F,,,0.0,roadstert.com,['qsh-alpha'],1,「痛風」一定要吃2種蔬菜！輕鬆「排出尿酸」很有感 roadstert.com/d/839… 2 / 2,sweep_b1_hits.csv
2026-09-05_13-23-41,qsh-alpha,roadstert.com,arrietlinor3235,2026-08-12,https://www.threads.com/@arrietlinor3235/post/Db62RttE9H_,https://roadstert.com/d/DC03B125,,,0.0,roadstert.com,['qsh-alpha'],1,樸信惠攜全新角色強勢回歸！臥底的雙面人生+荒誕喜劇，狠狠期待了！ roadstert.com/d/DC0… 2 / 2,sweep_b1_hits.csv
2026-09-05_13-23-41,qsh-alpha,roadstert.com,jbn03297,2026-08-11,https://www.threads.com/@jbn03297/post/Db5yYoDk9wO,https://roadstert.com/d/3910D233,,,1.0,roadstert.com,['qsh-alpha'],1,小區遇口炎流浪貓，省城拔牙救回后，服藥 80 天仍有紅腫，用這招讓它乖乖配合 roadstert.com/d/391… 2 / 2,sweep_b1_hits.csv
2026-09-05_13-23-41,qsh-alpha,roadstert.com,arrietlinor3235,2026-08-11,https://www.threads.com/@arrietlinor3235/post/Db5v_Fsk3um,https://roadstert.com/d/31269F29,,,0.0,roadstert.com,['qsh-alpha'],1,八年過去了，韓國最好的恐怖片還是它！ roadstert.com/d/312… 2 / 2,sweep_b1_hits.csv
2026-09-05_13-23-41,qsh-alpha,roadstert.com,jbn03297,2026-08-11,https://www.threads.com/@jbn03297/post/Db5gni0E3nu,https://roadstert.com/d/B2A3A1A8,,,3.0,roadstert.com,['qsh-alpha'],1,一窩可愛小奶狗竟也被拋棄，無法獲取到食物的它們，餓得只能吃樹葉 roadstert.com/d/B2A… 2 / 2,sweep_b1_hits.csv
2026-09-05_13-23-41,qsh-alpha,roadstert.com,qhw39489,2026-08-11,https://www.threads.com/@qhw39489/post/Db5UM2VDwmv,https://roadstert.com/d/FADDF6A1,,,1.0,roadstert.com,['qsh-alpha'],1,吃豬腳就和客家人學！傳統做法，軟爛好吃易脫骨太香了，3斤都不夠吃 roadstert.com/d/FAD… 2 / 2,sweep_b1_hits.csv
2026-09-05_13-23-41,qsh-alpha,sarahtalkshow.com,bikulov.petr,2024-11-06,https://www.threads.com/@bikulov.petr/post/DCBkpANCpK9,http://sarahtalkshow.com/doc_Nzl1MzF2QU5XbnloVjRpaHZxb1krUT09,,,185.0,sarahtalkshow.com,['qsh-alpha'],1,Heroic Pit Bulls Save the Day! Man’s New Shelter Dogs Chase Off Attackers ❤️🔥 sarahtalkshow.com/doc_N…,sweep_b1_hits.csv
2026-09-05_13-23-41,qsh-alpha,sarahtalkshow.com,junyan5858,2024-11-06,https://www.threads.com/@junyan5858/post/DCBje98o1l4,http://sarahtalkshow.com/doc_SFFjd1hUcDBmaGV5emJudXJzN1RHdz09,,,4.0,sarahtalkshow.com,['qsh-alpha'],1,‘Ex.tinct’ Leopard Spotted In Taiwan For The First Time Seen Since 1983! sarahtalkshow.com/doc_S…  2 / 2,sweep_b1_hits.csv
2026-09-05_13-23-41,qsh-alpha,sarahtalkshow.com,junyan5858,2024-11-06,https://www.threads.com/@junyan5858/post/DCBjXPGoD2P,http://sarahtalkshow.com/doc_U1N0TDkvR2ZFV2dTMWhtbXZUN3dmZz09,,,0.0,sarahtalkshow.com,['qsh-alpha'],1,"""Humanzee' was grown in a lab before scientists euthanized it after realizing the consequences🐒... sarahtalkshow.com/doc_U…  2 / 2",sweep_b1_hits.csv
2026-09-05_13-23-41,qsh-alpha,sarahtalkshow.com,bikulov.petr,2024-11-06,https://www.threads.com/@bikulov.petr/post/DCBiaURiDKP,http://sarahtalkshow.com/doc_dDI1VDIzSDVxczlUN09KRzFaVnQzZz09,,,9.0,sarahtalkshow.com,['qsh-alpha'],1,"32 Years in the Sky, One Last Goodbye ❤️: Jeff Fell’s Emotional Final Flight Leaves Passengers in Tears sarahtalkshow.com/doc_d…  2 / 2",sweep_b1_hits.csv
2026-09-05_13-23-41,qsh-alpha,sarahtalkshow.com,ivanovivanebe,2024-11-05,https://www.threads.com/@ivanovivanebe/post/DB-y3WtJ8W0,http://sarahtalkshow.com/doc_Tld2K2ZRZ2o5WlExS2ZueDVWK0NYdz09,,,5.0,sarahtalkshow.com,['qsh-alpha'],1,Dad was Dragged Online for Leashing His Quintuplets——but He's Making No Apologies😡Would you do the same? sarahtalkshow.com/doc_T…,sweep_b1_hits.csv
2026-09-05_13-23-41,qsh-alpha,sarahtalkshow.com,bikulov.petr,2024-11-05,https://www.threads.com/@bikulov.petr/post/DB-3fmCRM6m,http://sarahtalkshow.com/doc_Tld2K2ZRZ2o5WlJRblBLU084c3BWQT09,,,1.0,sarahtalkshow.com,['qsh-alpha'],1,Read Details➡️ 🔗: sarahtalkshow.com/doc_T…  2 / 2,sweep_b1_hits.csv
2026-09-05_13-23-41,qsh-alpha,sarahtalkshow.com,ivanovivanebe,2024-11-04,https://www.threads.com/@ivanovivanebe/post/DB8WO6iJi0b,https://sarahtalkshow.com/doc_U,,,0.0,sarahtalkshow.com,['qsh-alpha'],1,Beloved pet and internetsensation 'Peanut theSquirrel' is euthanized afterbeing seized by NY state sarahtalkshow.com/doc_U…,sweep_b1_hits.csv
2026-09-05_13-23-41,qsh-alpha,sarahtalkshow.com,ivanovivanebe,2024-11-04,https://www.threads.com/@ivanovivanebe/post/DB8TVWlqs5u,http://sarahtalkshow.com/doc_cU03UmNubFpyc29Tb3FTZUlJMkIwQT09,,,0.0,sarahtalkshow.com,['qsh-alpha'],1,Read Here➡️ 🔗:Man Lived His Whole Life Without Ever Knowing What a Woman Looked Like sarahtalkshow.com/doc_c…  2 / 2,sweep_b1_hits.csv
2026-09-05_13-23-41,qsh-alpha,sarahtalkshow.com,ivanovivanebe,2024-11-04,https://www.threads.com/@ivanovivanebe/post/DB8RZMjKuic,https://sarahtalkshow.com/doc_c,,,0.0,sarahtalkshow.com,['qsh-alpha'],1,Real reason why one AirPod always dies faster than the other sarahtalkshow.com/doc_c…,sweep_b1_hits.csv
2026-09-05_13-23-41,qsh-alpha,sarahtalkshow.com,ivanovivanebe,2024-11-04,https://www.threads.com/@ivanovivanebe/post/DB8Rf_vKjv3,http://sarahtalkshow.com/doc_cU03UmNubFpyc3FmVUFvYnRoYW0vQT09,,,0.0,sarahtalkshow.com,['qsh-alpha'],1,Real reason why one AirPod always dies faster than the other sarahtalkshow.com/doc_c…  2 / 2,sweep_b1_hits.csv
2026-09-05_13-23-41,qsh-alpha,sarahtalkshow.com,ivanovivanebe,2024-11-04,https://www.threads.com/@ivanovivanebe/post/DB8QNiQqEat,http://sarahtalkshow.com/doc_cU03UmNubFpyc3JPbllDSEt4MkhtZz09,,,0.0,sarahtalkshow.com,['qsh-alpha'],1,"Voyager 1 spacecraft reconnects with Earth from 24,000,000,000 kilometers away on transmitter not used in 43 years! sarahtalkshow.com/doc_c…  2 / 2",sweep_b1_hits.csv
2026-09-05_13-23-41,qsh-alpha,sarahtalkshow.com,ivanovivanebe,2024-11-04,https://www.threads.com/@ivanovivanebe/post/DB8OP6kqV-R,http://sarahtalkshow.com/doc_NThWSEFOeU5PM3dYdlIyQ3lXSDhEdz09,,,0.0,sarahtalkshow.com,['qsh-alpha'],1,Mount Fuji Has No Snow Due to ‘High Temperatures’ for First Time in 130 Years and It's a Very Bad Sign🌡️ sarahtalkshow.com/doc_N…  2 / 2,sweep_b1_hits.csv
2026-09-05_13-23-41,qsh-alpha,sarahtalkshow.com,ivanovivanebe,2024-11-04,https://www.threads.com/@ivanovivanebe/post/DB8OGFMqGOM,http://sarahtalkshow.com/doc_NThWSEFOeU5PM3pJRTZZTmRPTzhTUT09,,,2.0,sarahtalkshow.com,['qsh-alpha'],1,Footage of woman's head literally steaming from menopause has people saying 'every man needs to see this' sarahtalkshow.com/doc_N…  2 / 2,sweep_b1_hits.csv
2026-09-05_13-23-41,qsh-alpha,sarahtalkshow.com,ivanovivanebe,2024-11-01,https://www.threads.com/@ivanovivanebe/post/DB0miKSJaBN,http://sarahtalkshow.com/doc_NThWSEFOeU5PM3kydE91M0orajByQT09,,,1.0,sarahtalkshow.com,['qsh-alpha'],1,Heidi Klum 'Wins' Halloween After Unveiling Next-Level Costume!🎃🧙‍♀️ sarahtalkshow.com/doc_N…  2 / 2,sweep_b1_hits.csv
2026-09-05_13-23-41,qsh-alpha,sarahtalkshow.com,junyan5858,2024-11-01,https://www.threads.com/@junyan5858/post/DB0jx4dR0zT,http://sarahtalkshow.com/doc_SFFjd1hUcDBmaGV5emJudXJzN1RHdz09,,,4.0,sarahtalkshow.com,['qsh-alpha'],1,‘Ex.tinct’ Leopard Spotted In Taiwan For The First Time Seen Since 1983! sarahtalkshow.com/doc_S…  2 / 2,sweep_b1_hits.csv
2026-09-05_13-23-41,qsh-alpha,sarahtalkshow.com,bikulov.petr,2024-10-30,https://www.threads.com/@bikulov.petr/post/DBviFBhRs_O,http://sarahtalkshow.com/doc_Nzl1MzF2QU5XbnloVjRpaHZxb1krUT09,,,34.0,sarahtalkshow.com,['qsh-alpha'],1,Heroic Pit Bulls Save the Day! Man’s New Shelter Dogs Chase Off Attackers ❤️🔥 sarahtalkshow.com/doc_N…,sweep_b1_hits.csv
2026-09-05_13-23-41,qsh-alpha,sarahtalkshow.com,paul2756a,2024-10-30,https://www.threads.com/@paul2756a/post/DBwAriaBQAd,http://sarahtalkshow.com/doc_Nzl1MzF2QU5XbnlYWmJ0TXlSUG5XUT09,threads1205,,0.0,sarahtalkshow.com,['qsh-alpha'],1,"72-Year-Old Liam Neeson Admits Being “Madly in Love” with 57-Year-Old Pamela Anderson After Filming, She Responds！ sarahtalkshow.com/doc_N…  2 / 2",sweep_b1_hits.csv
2026-09-05_13-23-41,qsh-alpha,sarahtalkshow.com,ivanovivanebe,2024-10-30,https://www.threads.com/@ivanovivanebe/post/DBveGcYJ_IY,http://sarahtalkshow.com/doc_cElReDcyZlZ1Nmg4clZUWUVZR3UyQT09,,,1.0,sarahtalkshow.com,['qsh-alpha'],1,Outrageous Actions by Several Parents: Would You Intentionally Give Your Child Chicken Pox? sarahtalkshow.com/doc_c…,sweep_b1_hits.csv
2026-09-05_13-23-41,qsh-alpha,sarahtalkshow.com,ivanovivanebe,2024-10-30,https://www.threads.com/@ivanovivanebe/post/DBvgMqFOBD6,https://sarahtalkshow.com/doc_U,,,6.0,sarahtalkshow.com,['qsh-alpha'],1,"Conjoined Twin Abby Hensel Is Married, And Everyone Is Asking The Same Question😲 Read More Details➡️🔗： sarahtalkshow.com/doc_U…",sweep_b1_hits.csv
2026-09-05_13-23-41,qsh-alpha,sarahtalkshow.com,ivanovivanebe,2024-10-30,https://www.threads.com/@ivanovivanebe/post/DBvgV41pbU4,http://sarahtalkshow.com/doc_U1N0TDkvR2ZFV2o3dTQ4VjJCMzVLdz09,,,1.0,sarahtalkshow.com,['qsh-alpha'],1,"Conjoined Twin Abby Hensel Is Married, And Everyone Is Asking The Same Question😲 sarahtalkshow.com/doc_U…  2 / 2",sweep_b1_hits.csv
2026-09-05_13-23-41,qsh-alpha,sarahtalkshow.com,jyuhuai,2024-10-29,https://www.threads.com/@jyuhuai/post/DBtM7_NTj2W,http://sarahtalkshow.com/doc_Nzl1MzF2QU5XbnhOU2dGY1IxNjFGZz09,threads2399,,0.0,sarahtalkshow.com,['qsh-alpha'],1,"Shocking Mid-Air Murder💥🛫: Captain Leaves for Restroom, Co-Pilot Crashes Plane into Alps, Killing All 150 Onboard sarahtalkshow.com/doc_N…  2 / 2",sweep_b1_hits.csv
2026-09-05_13-23-41,qsh-alpha,sarahtalkshow.com,jyuhuai,2024-10-29,https://www.threads.com/@jyuhuai/post/DBtJhvVzWfR,http://sarahtalkshow.com/doc_dndXM2tydUtWMXdnUGx1Y0F6VjFqQT09,threads2399,,0.0,sarahtalkshow.com,['qsh-alpha'],1,"Poisoning Her Husband and Daughter, Changing Identities, and Escaping Jail—A True Crime Stranger Than Movies! sarahtalkshow.com/doc_d…  2 / 2",sweep_b1_hits.csv
2026-09-05_13-23-41,qsh-alpha,sarahtalkshow.com,jyuhuai,2024-10-29,https://www.threads.com/@jyuhuai/post/DBtGDE-zRV5,http://sarahtalkshow.com/doc_V2E3aTFRcTNZWFBsNzNkaFoydThtZz09,threads2399,,0.0,sarahtalkshow.com,['qsh-alpha'],1,A Mother's Nightmare: Woman Finds Her 19-Year-Old Daughter's Charred Remains in Store's Bakery Oven😰 sarahtalkshow.com/doc_V…  2 / 2,sweep_b1_hits.csv
2026-09-05_13-23-41,qsh-alpha,sarahtalkshow.com,junyan5858,2024-10-29,https://www.threads.com/@junyan5858/post/DBs-f_mT2aH,http://sarahtalkshow.com/doc_Nzl1MzF2QU5XbnloVjRpaHZxb1krUT09,,,16.0,sarahtalkshow.com,['qsh-alpha'],1,Heroic Pit Bulls Save the Day! Man’s New Shelter Dogs Chase Off Attackers ❤️🔥 sarahtalkshow.com/doc_N…  2 / 2,sweep_b1_hits.csv
2026-09-05_13-23-41,qsh-alpha,sarahtalkshow.com,ivanovivanebe,2024-10-29,https://www.threads.com/@ivanovivanebe/post/DBs9SB0pPZU,https://sarahtalkshow.com/doc_U,,,3.0,sarahtalkshow.com,['qsh-alpha'],1,"""Humanzee' was grown in a lab before scientists euthanized it after realizing the consequences🐒... Tap for Details➡🔗： sarahtalkshow.com/doc_U…",sweep_b1_hits.csv
2026-09-05_13-23-41,qsh-alpha,sarahtalkshow.com,ivanovivanebe,2024-10-29,https://www.threads.com/@ivanovivanebe/post/DBs85OZPbCa,https://sarahtalkshow.com/doc_N,,,2.0,sarahtalkshow.com,['qsh-alpha'],1,Horrifying Tragic News! 🐻 Grizzly Bear Enthusiast Eaten Alive by Bear! 😱Tap for Details➡🔗： sarahtalkshow.com/doc_N…,sweep_b1_hits.csv
2026-09-05_13-23-41,qsh-alpha,sarahtalkshow.com,ivanovivanebe,2024-10-29,https://www.threads.com/@ivanovivanebe/post/DBs6gEKxS54,https://sarahtalkshow.com/doc_V,,,3.0,sarahtalkshow.com,['qsh-alpha'],1,I don't believe this actually happened...😞Discover the full story beyond the video➡🔗： sarahtalkshow.com/doc_V…,sweep_b1_hits.csv
2026-09-05_13-23-41,qsh-alpha,sarahtalkshow.com,n510197,2024-10-28,https://www.threads.com/@n510197/post/DBqW7thRMpM,http://sarahtalkshow.com/doc_MTFmZjRDREJxd3dhWGlDOTRmQ2Jpdz09,,,0.0,sarahtalkshow.com,['qsh-alpha'],1,New Clues Suggest Liam Payne May Have Been MURDERED in Buenos Aires Hotel Tragedy 🔥 sarahtalkshow.com/doc_M…  2 / 2,sweep_b1_hits.csv
2026-09-05_13-23-41,qsh-alpha,sarahtalkshow.com,bikulov.petr,2024-10-28,https://www.threads.com/@bikulov.petr/post/DBqUbrePXy8,http://sarahtalkshow.com/doc_aUVHSitESlRYK1JMVm9ZVDZ2eC9wQT09,,,1.0,sarahtalkshow.com,['qsh-alpha'],1,Heartfelt❤️:Son shares mother's moving letter 'forgiving trumpet debt' sarahtalkshow.com/doc_a…  2 / 2,sweep_b1_hits.csv
2026-09-05_13-23-41,qsh-alpha,sarahtalkshow.com,junyan5858,2024-10-28,https://www.threads.com/@junyan5858/post/DBqQ5_Gz-J5,https://sarahtalkshow.com/doc_a,,,5.0,sarahtalkshow.com,['qsh-alpha'],1,Human and Dolphin’s Love Across Species: Dolphin Sinks in Despair After Breakup 🐬❤️👩 animals Read More➡🔗： sarahtalkshow.com/doc_a…,sweep_b1_hits.csv
2026-09-05_13-23-41,qsh-alpha,sarahtalkshow.com,junyan5858,2024-10-28,https://www.threads.com/@junyan5858/post/DBqQ8qRTkzS,http://sarahtalkshow.com/doc_aUVHSitESlRYK1J3cDM3UEQvS3BmUT09,,,0.0,sarahtalkshow.com,['qsh-alpha'],1,Human and Dolphin’s Love Across Species: Dolphin Sinks in Despair After Breakup 🐬❤️👩 sarahtalkshow.com/doc_a…  2 / 2,sweep_b1_hits.csv
2026-09-05_13-23-41,qsh-alpha,sarahtalkshow.com,jyuhuai,2024-10-28,https://www.threads.com/@jyuhuai/post/DBqM5hQzl1c,http://sarahtalkshow.com/doc_NGhzekxyVXg0UDJKNnNUajdGSG5wdz09,,,0.0,sarahtalkshow.com,['qsh-alpha'],1,"Struggling Mom Leaves Apology Note Before Shooting Her 3 Toddlers, 2 Step kids & Herself sarahtalkshow.com/doc_N…  2 / 2",sweep_b1_hits.csv
2026-09-05_13-23-41,qsh-alpha,sarahtalkshow.com,jyuhuai,2024-10-25,https://www.threads.com/@jyuhuai/post/DBi3F_9zars,http://sarahtalkshow.com/doc_WnBCMElPMFhFNWVaRTQvYzhWUUhCQT09,,,0.0,sarahtalkshow.com,['qsh-alpha'],1,Famous Hollywood Actress Found Dead in Studio—Her Tragic Truth Is More Twisted Than Any of Her Works!  truecrime  Read More➡🔗： sarahtalkshow.com/doc_W…,sweep_b1_hits.csv
2026-09-05_13-23-41,qsh-alpha,sarahtalkshow.com,jyuhuai,2024-10-25,https://www.threads.com/@jyuhuai/post/DBi3GhYzHqP,http://sarahtalkshow.com/doc_WnBCMElPMFhFNWVaRTQvYzhWUUhCQT09,threads2399,,0.0,sarahtalkshow.com,['qsh-alpha'],1,Famous Hollywood Actress Found Dead in Studio—Her Tragic Truth Is More Twisted Than Any of Her Works! sarahtalkshow.com/doc_W…  2 / 2,sweep_b1_hits.csv
2026-09-05_13-23-41,qsh-alpha,sarahtalkshow.com,jyuhuai,2024-10-25,https://www.threads.com/@jyuhuai/post/DBi2qsXTSF4,https://sarahtalkshow.com/doc_N,,,0.0,sarahtalkshow.com,['qsh-alpha'],1,Woman Found “Melted” Into Couch After 12 Years of Neglect 😱  truecrime  Read More➡🔗： sarahtalkshow.com/doc_N…,sweep_b1_hits.csv
2026-09-05_13-23-41,qsh-alpha,sarahtalkshow.com,jyuhuai,2024-10-25,https://www.threads.com/@jyuhuai/post/DBi2rKtzWk6,http://sarahtalkshow.com/doc_NFZ1WXdqa0lSRkw4RWFvZENXT2hpQT09,threads2399,,0.0,sarahtalkshow.com,['qsh-alpha'],1,Woman Found “Melted” Into Couch After 12 Years of Neglect 😱 sarahtalkshow.com/doc_N…  2 / 2,sweep_b1_hits.csv
2026-09-05_13-23-41,qsh-alpha,sarahtalkshow.com,bikulov.petr,2024-10-25,https://www.threads.com/@bikulov.petr/post/DBipIJmRaIN,http://sarahtalkshow.com/doc_V2E3aTFRcTNZWE9YYzZLZ2lVZGo1dz09,,,3.0,sarahtalkshow.com,['qsh-alpha'],1,"On a 10-Hour Flight from Seoul to San Francisco,  a Mother Prepared Gifts for Over 200 Passengers Because ... HeartwarmingMoments  Read More➡🔗： sarahtalkshow.co",sweep_b1_hits.csv
2026-09-05_13-23-41,qsh-alpha,sarahtalkshow.com,ivanovivanebe,2024-10-25,https://www.threads.com/@ivanovivanebe/post/DBik3FZxXrA,https://sarahtalkshow.com/doc_R,,,0.0,sarahtalkshow.com,['qsh-alpha'],1,14-Year-Old Boy KILLED HIMSELF After Forming Emotional Bond with AI Chatbot and Receiving Eerie Response😰 sarahtalkshow.com/doc_R…  2 / 2,sweep_b1_hits.csv
2026-09-05_13-23-41,qsh-alpha,sarahtalkshow.com,bikulov.petr,2024-10-25,https://www.threads.com/@bikulov.petr/post/DBii-kfvXjd,https://sarahtalkshow.com/doc_R,,,31.0,sarahtalkshow.com,['qsh-alpha'],1,A Brave Dog Who Saved A Mom And Kids From A House Fire 😭But...👀 HeartwarmingMoments  Read More➡🔗： sarahtalkshow.com/doc_R…,sweep_b1_hits.csv
2026-09-05_13-23-41,qsh-alpha,sarahtalkshow.com,ivanovivanebe,2024-10-24,https://www.threads.com/@ivanovivanebe/post/DBgy-wgyuRV,http://sarahtalkshow.com/doc_VFppMFA2TUNyQUlvcXlwMDdyMUtoQT09,threads2384,,0.0,sarahtalkshow.com,['qsh-alpha'],1,"""Enough is Enough!"" 10-Year-Old Boy's Death Exposes the Cruel Reality Behind School Bullying 😡 sarahtalkshow.com/doc_V…  2 / 2",sweep_b1_hits.csv
2026-09-05_13-23-41,qsh-alpha,sarahtalkshow.com,ivanovivanebe,2024-10-24,https://www.threads.com/@ivanovivanebe/post/DBgZWk2S1sK,http://sarahtalkshow.com/doc_MTFmZjRDREJxd3c1WGd3S2RmaFJUQT09,threads2384,,0.0,sarahtalkshow.com,['qsh-alpha'],1,A Mother's Final Shift: Single Mom of 3 Dies in Devastating Train Crash 😢 sarahtalkshow.com/doc_M…  2 / 2,sweep_b1_hits.csv
2026-09-05_13-23-41,qsh-alpha,sarahtalkshow.com,ivanovivanebe,2024-10-23,https://www.threads.com/@ivanovivanebe/post/DBd4X_2yZ8Y,http://sarahtalkshow.com/doc_dDI1VDIzSDVxczlHeGZ1Sm9BNk9FQT09,threads2384,,0.0,sarahtalkshow.com,['qsh-alpha'],1,"9-Year-Old Angel’s Bucket List Discovered After Her Tragic Passing, Full of Beautiful Dreams 😭 sarahtalkshow.com/doc_d…  2 / 2",sweep_b1_hits.csv
2026-09-05_13-23-41,qsh-alpha,sarahtalkshow.com,paul2756a,2024-10-23,https://www.threads.com/@paul2756a/post/DBcnWGZh1-t,http://sarahtalkshow.com/doc_REVUTGZxL0dFd1dEWGp0N1NaRGRldz09,threads1205,,0.0,sarahtalkshow.com,['qsh-alpha'],1,"After Nearly a Decade Together, Outlander Cast Spill Their True Feelings About Sam Heughan... And You Won't Believe What They Said sarahtalkshow.com/doc_R…",sweep_b1_hits.csv
2026-09-05_13-23-41,qsh-alpha,sarahtalkshow.com,jyuhuai,2024-10-23,https://www.threads.com/@jyuhuai/post/DBdx-xiTYbV,https://sarahtalkshow.com/doc_W,,,1.0,sarahtalkshow.com,['qsh-alpha'],1,Famous Hollywood Actress Found Dead in Studio—Her Tragic Truth Is More Twisted Than Any of Her Works!  Read More👉： sarahtalkshow.com/doc_W… Crimes,sweep_b1_hits.csv
2026-09-05_13-23-41,qsh-alpha,sarahtalkshow.com,jyuhuai,2024-10-23,https://www.threads.com/@jyuhuai/post/DBdx_TjzbhQ,http://sarahtalkshow.com/doc_WnBCMElPMFhFNWVaRTQvYzhWUUhCQT09,threads2399,,0.0,sarahtalkshow.com,['qsh-alpha'],1,Famous Hollywood Actress Found Dead in Studio—Her Tragic Truth Is More Twisted Than Any of Her Works! sarahtalkshow.com/doc_W…  2 / 2,sweep_b1_hits.csv
2026-09-05_13-23-41,qsh-alpha,sarahtalkshow.com,paul2756a,2024-10-22,https://www.threads.com/@paul2756a/post/DBbKKzShQRP,http://sarahtalkshow.com/doc_aEp6TlRWRFJRUmcyZHhndGQvY3llZz09,threads1205,,1.0,sarahtalkshow.com,['qsh-alpha'],1,Read 'Outlander' Star Sam Heughan's Sweet Reaction to Caitríona Balfe's Unexpected News sarahtalkshow.com/doc_a…  2 / 2,sweep_b1_hits.csv
2026-09-05_13-23-41,qsh-alpha,sarahtalkshow.com,ivanovivanebe,2024-10-22,https://www.threads.com/@ivanovivanebe/post/DBa0ua2JQP2,http://sarahtalkshow.com/doc_dDI1VDIzSDVxcytNOG4vRDV0ZVVTQT09,,,0.0,sarahtalkshow.com,['qsh-alpha'],1,"Tearful Scene😭: 5,000 Stand in the Rain Only to Help Save a 5-Year-Old Stranger Boy’s Life!! sarahtalkshow.com/doc_d…",sweep_b1_hits.csv
2026-09-05_13-23-41,qsh-alpha,sarahtalkshow.com,shaoqianglee,2024-10-22,https://www.threads.com/@shaoqianglee/post/DBat1RfP0Pg,http://sarahtalkshow.com/doc_M2cxc05TbGR6cmRPakpCdnVQbGpmdz09,,,0.0,sarahtalkshow.com,['qsh-alpha'],1,Shocking Twist: Diddy’s $10 Million Bet on Musk’s $44B Twitter Gamble – What’s His Plan? sarahtalkshow.com/doc_M…  2 / 2,sweep_b1_hits.csv
2026-09-05_13-23-41,qsh-alpha,uoovo.com,mariakeppel8,2026-06-03,https://www.threads.com/@mariakeppel8/post/DZHT7EAGx1J,https://uoovo.com/doc_Q3RYMS9CRkd4ZC8yZXhkVFdaRkxqQT09,,,0.0,uoovo.com,['qsh-alpha'],1,公獅子遭遇意外「孤獨」困境，放進母獅子群「治療」以為會幸福，飼養員隔天去看：攤上大事了呀 ！ uoovo.com/doc_Q…,sweep_b1_hits.csv
2026-09-05_13-23-41,qsh-alpha,wujfu.com,mariakeppel8,2026-06-03,https://www.threads.com/@mariakeppel8/post/DZHT7dvm9ef,https://wujfu.com/d/D7F11622,,,0.0,uoovo.com,[],0,快訊／大牙宣布離婚！終結5年婚姻「心死原因曝光」：不得不接受 wujfu.com/d/D7F… 2 / 2,sweep_b1_hits.csv
2026-09-05_13-23-41,qsh-alpha,uoovo.com,leealy796,2026-02-12,https://www.threads.com/@leealy796/post/DUpCz6iEoz8,https://uoovo.com/doc_WEJFc0dpVkpLNHdTSEcxdVhQdDFIQT09,threads9656,,0.0,uoovo.com,['qsh-alpha'],1,懷孕橘貓被男孩踢，好心人直接沖過去阻攔，沒想到它永遠失去了小貓，可男孩奶奶的話像冰錐扎心 uoovo.com/doc_W… 2 / 2,sweep_b1_hits.csv
2026-09-05_13-23-41,qsh-alpha,uoovo.com,zyy71687,2026-01-29,https://www.threads.com/@zyy71687/post/DUE8eaXEo_a,https://uoovo.com/doc_ZVRLNmNWaG9aSGsySjMweTdPU1dHZz09,threads7374,,0.0,uoovo.com,['qsh-alpha'],1,網友怒噴「熒光紅狗子」是虐狗，真相曝光后笑翻：主人比狗還慘！ uoovo.com/doc_Z… 2 / 2,sweep_b1_hits.csv
2026-09-05_13-23-41,qsh-alpha,uoovo.com,zyy71687,2026-01-27,https://www.threads.com/@zyy71687/post/DUAiu9vkd0z,https://uoovo.com/doc_VHBnZ201Wk1UY2IyczROc0p4eTgvZz09,threads7374,,0.0,uoovo.com,['qsh-alpha'],1,53歲女子竟養了800多只毛孩子，真實情況一言難盡 uoovo.com/doc_V… 2 / 2,sweep_b1_hits.csv
2026-09-05_13-23-41,qsh-alpha,uoovo.com,zyy71687,2026-01-26,https://www.threads.com/@zyy71687/post/DT-A2ZfEUzA,https://uoovo.com/doc_TGcwQWFLaUc3UlpodGZuMzNYV3Z2dz09,threads7374,,7.0,uoovo.com,['qsh-alpha'],1,享年55歲世界最老鸚鵡，臨終前對主人說了4個字，讓主人淚如雨下 uoovo.com/doc_T… 2 / 2,sweep_b1_hits.csv
2026-09-05_13-23-41,qsh-alpha,uoovo.com,zyy71687,2026-01-25,https://www.threads.com/@zyy71687/post/DT723eUkgFA,https://uoovo.com/doc_TGhyamdHQ0hBT3V4WTk2aHJNTm8wQT09,threads7374,,0.0,uoovo.com,['qsh-alpha'],1,路燈下傳來撕心喵叫！巴掌大的小貓啃著褲腿要吃的，四根貓條下肚，它竟抱著我腳踝晃尾巴 uoovo.com/doc_T… 2 / 2,sweep_b1_hits.csv
2026-09-05_13-23-41,qsh-alpha,uoovo.com,zyy71687,2026-01-25,https://www.threads.com/@zyy71687/post/DT7kI1kETjT,https://uoovo.com/doc_bXBaRkVBVW43V3NjT05QYVdVTm5aZz09,threads7374,,0.0,uoovo.com,['qsh-alpha'],1,恐怖的萬鱷之湖：一萬二千條鱷魚的烏托邦，沙漠潭中鱷魚從何而來 uoovo.com/doc_b… 2 / 2,sweep_b1_hits.csv
2026-09-05_13-23-41,qsh-alpha,uoovo.com,zyy71687,2026-01-21,https://www.threads.com/@zyy71687/post/DTxPNTuEfA8,https://uoovo.com/doc_VERIQmpodk5pM2h6eGJobWI3bjBGZz09,threads7374,,0.0,uoovo.com,['qsh-alpha'],1,毛骨悚然！一男子在野外河邊，發現一條在睡覺的大黑蛇，兩米長手腕粗，網友：像截黑木頭，千萬別碰！ uoovo.com/doc_V… 2 / 2,sweep_b1_hits.csv
2026-09-05_13-23-41,qsh-alpha,uoovo.com,zyy71687,2026-01-21,https://www.threads.com/@zyy71687/post/DTwTrNiEqO8,https://uoovo.com/doc_d0tlU1RrR21tZW1XZG9sR2VLQWJEdz09,threads7374,,0.0,uoovo.com,['qsh-alpha'],1,汪星人 MBTI 大揭秘：拉布拉多是 ESTJ，你家狗子的 「人格」 藏不住了 uoovo.com/doc_d… 2 / 2,sweep_b1_hits.csv
2026-09-05_13-23-41,qsh-alpha,uoovo.com,zyy71687,2026-01-19,https://www.threads.com/@zyy71687/post/DTsXlGCEl6d,https://uoovo.com/doc_UkovSm1wZjk4RzAvQ3Z6V0t3elBFQT09,threads7374,,0.0,uoovo.com,['qsh-alpha'],1,城郊老宅每年夏天來條蛇！黃紋發亮戴 「黑帽」，見人就扭身子像請安，爺爺說它是老鄰居 uoovo.com/doc_U… 2 / 2,sweep_b1_hits.csv
2026-09-05_13-23-41,qsh-alpha,uoovo.com,zyy71687,2026-01-19,https://www.threads.com/@zyy71687/post/DTrJiJ9Ehna,https://uoovo.com/doc_TDh1dHFiTEpLTGJJaVFYWnJYdnhUQT09,threads7374,,0.0,uoovo.com,['qsh-alpha'],1,暴雨夜，母狗蹲在台階上渾身濕透！用嘴拱腳邊小奶狗，盯著我嗚嗚叫的瞬間破防 uoovo.com/doc_T… 2 / 2,sweep_b1_hits.csv
2026-09-05_13-23-41,qsh-alpha,uoovo.com,zyy71687,2026-01-18,https://www.threads.com/@zyy71687/post/DToj2PAks8p,https://uoovo.com/doc_TjhVejVFRmY1Q252N3VGVGtWd3NzZz09,threads7374,,7.0,uoovo.com,['qsh-alpha'],1,藍貓媽媽難產離世，它冰涼的孩子要被扔！堅持守護了十天，終于等來小毛孩睜眼 uoovo.com/doc_T… 2 / 2,sweep_b1_hits.csv
2026-09-05_13-23-41,qsh-alpha,uoovo.com,zyy71687,2026-01-17,https://www.threads.com/@zyy71687/post/DTmy_LfEY-S,https://uoovo.com/doc_andpWjZGTUk0bWVPWEMzL09uWGdoZz09,threads7374,,3.0,uoovo.com,['qsh-alpha'],1,睜眼嚇一跳！床邊蹲著昨晚撿的流浪狗，尾巴掃著床單盯我，軟耳朵往手心蹭的瞬間心化了 uoovo.com/doc_a… 2 / 2,sweep_b1_hits.csv
2026-09-05_13-23-41,qsh-alpha,uoovo.com,zyy71687,2026-01-16,https://www.threads.com/@zyy71687/post/DTktjVpkgsO,https://uoovo.com/doc_VnZEb0REQ0pPOGRzUDJSZ055TTVaQT09,threads7374,,0.0,uoovo.com,['qsh-alpha'],1,野生黑雁受傷被帶到醫院做手術，其女友一路追來在診室外心急如焚，網友：比人類還重情義！ uoovo.com/doc_V… 2 / 2,sweep_b1_hits.csv
2026-09-05_13-23-41,qsh-alpha,uoovo.com,zyy71687,2026-01-16,https://www.threads.com/@zyy71687/post/DTkW2Y8EYSE,https://uoovo.com/doc_RlNCV0dmQ3JHLzZSdExYcG5TVHdLQT09,threads7374,,0.0,uoovo.com,['qsh-alpha'],1,去年冬天撿到一隻流浪狗，因主人搬家被丟棄，遇好心人用棉襖裹住它，沒想到看到它的後背瞬間鼻酸 uoovo.com/doc_R… 2 / 2,sweep_b1_hits.csv
2026-09-05_13-23-41,qsh-alpha,uoovo.com,zyy71687,2026-01-15,https://www.threads.com/@zyy71687/post/DThvGQjkVA_,https://uoovo.com/doc_UFBuZUpTaEovQStNVkdTSEZXVEZaQT09,threads7374,,0.0,uoovo.com,['qsh-alpha'],1,菜市場撿的小狗崽，洗得雪白下樓玩，臟母狗沖過來就不撒手，小狗舉動讓人鼻酸 uoovo.com/doc_U… 2 / 2,sweep_b1_hits.csv
2026-09-05_13-23-41,qsh-alpha,uoovo.com,zyy71687,2026-01-15,https://www.threads.com/@zyy71687/post/DThdkXYkZzq,https://uoovo.com/doc_cUZXWTdWclZaN09ZM3g2SUhMU3ZHUT09,threads7374,,0.0,uoovo.com,['qsh-alpha'],1,修鞋攤驚現 「鎖鏈蛇」，父女救援時蛇瘋狂扭動！放生后它鉆進草叢，后續太絕 uoovo.com/doc_c… 2 / 2,sweep_b1_hits.csv
2026-09-05_13-23-41,qsh-alpha,uoovo.com,zyy71687,2026-01-14,https://www.threads.com/@zyy71687/post/DTfNmYskdcl,https://uoovo.com/doc_cnliVzZURmlMY1NoalQybHc2Mmg4Zz09,threads7374,,0.0,uoovo.com,['qsh-alpha'],1,打針時暖到鼻酸！蔫貓往我胳肢窩鉆，針管扎進時沒咬沒抓，反倒舔我手背像說不疼 uoovo.com/doc_c… 2 / 2,sweep_b1_hits.csv
2026-09-05_13-23-41,qsh-alpha,uoovo.com,zyy71687,2026-01-14,https://www.threads.com/@zyy71687/post/DTeSBpekuoh,https://uoovo.com/doc_YWhjWFFERnk3OE5hVVpLUGNnSjRqUT09,threads7374,,0.0,uoovo.com,['qsh-alpha'],1,礁石灘躺著個灰包袱！海豹脖子被塑料袋勒出血，黑亮眼睛淌淚哀求太揪心 uoovo.com/doc_Y… 2 / 2,sweep_b1_hits.csv
2026-09-05_13-23-41,qsh-alpha,uoovo.com,zyy71687,2026-01-13,https://www.threads.com/@zyy71687/post/DTcpxdgEaO2,https://uoovo.com/doc_VEEyQlZWKzIrTGtSMEU5STc5SU5xdz09,threads7374,,0.0,uoovo.com,['qsh-alpha'],1,藍皮膚加水鑽白點，「世上最貴的蛇」，要價直逼1輛法拉利 uoovo.com/doc_V… 2 / 2,sweep_b1_hits.csv
2026-09-05_13-23-41,qsh-alpha,uoovo.com,zyy71687,2026-01-13,https://www.threads.com/@zyy71687/post/DTcCJu5kaVj,https://uoovo.com/doc_cnlVWGdGemtVZTlmMlFJS1B4REdKQT09,threads7374,,0.0,uoovo.com,['qsh-alpha'],1,喂流浪貓時三花突然蹭褲腿！軟乎乎叫著引路，舊紙箱里藍鈴鐺在晃，走近一看鼻子酸了 uoovo.com/doc_c… 2 / 2,sweep_b1_hits.csv
2026-09-05_13-23-41,qsh-alpha,uoovo.com,zyy71687,2026-01-12,https://www.threads.com/@zyy71687/post/DTZcTHmEfHF,https://uoovo.com/doc_cnZheHJjbE1vb21jWGpPRFEra0pVQT09,threads7374,,0.0,uoovo.com,['qsh-alpha'],1,女兒背書包撞開門！手忙腳亂掏側兜，求養花壇撿的小貓，剛滿月的小貓滿眼都是驚慌 uoovo.com/doc_c… 2 / 2,sweep_b1_hits.csv
2026-09-05_13-23-41,qsh-alpha,uoovo.com,zyy71687,2026-01-12,https://www.threads.com/@zyy71687/post/DTZGNtQEp6y,https://uoovo.com/doc_YzhCRHdkWnd4emFHbUE5VVl0VnhkZz09,threads7374,,2.0,uoovo.com,['qsh-alpha'],1,炒粉攤前手背被輕拍！黃狗前爪搭褲腿，尾巴夾得像蔫草，琥珀眼含著淚光瞅人 uoovo.com/doc_Y… 2 / 2,sweep_b1_hits.csv
2026-09-05_13-23-41,qsh-alpha,uoovo.com,zyy71687,2026-01-11,https://www.threads.com/@zyy71687/post/DTX28BCEq5b,https://uoovo.com/doc_QVE5R1JDT2h5L2hDQ29KbmI2Vlpwdz09,threads7374,,0.0,uoovo.com,['qsh-alpha'],1,太神秘！青海湖「水怪」多次現身，像鱉殼又像鯨背，見人便潛水底！ uoovo.com/doc_Q… 2 / 2,sweep_b1_hits.csv
2026-09-05_13-23-41,qsh-alpha,uoovo.com,zyy71687,2026-01-08,https://www.threads.com/@zyy71687/post/DTQJS8xktlj,https://uoovo.com/doc_bXJwd1NZdUhTSWNQZ1JIWkVUN09mUT09,threads7374,,0.0,uoovo.com,['qsh-alpha'],1,街口鞋盒里！兩只奶貓扒著盒邊叫，粉裙小姐姐舉牌：無償，但請一定愛它，綠毛男伸手被拒 uoovo.com/doc_b… 2 / 2,sweep_b1_hits.csv
2026-09-05_13-23-41,qsh-alpha,uoovo.com,zyy71687,2026-01-08,https://www.threads.com/@zyy71687/post/DTPahH9keTF,https://uoovo.com/doc_MDE5TWlNcWEyYVlyT3d3U0hUU2xjdz09,threads7374,,2.0,uoovo.com,['qsh-alpha'],1,盲犬拉布拉多被狠心賣給狗販子，一直努力求救，結果遇到了善良的小姑娘，大結局很暖心 uoovo.com/doc_M… 2 / 2,sweep_b1_hits.csv
2026-09-05_13-23-41,qsh-alpha,uoovo.com,zyy71687,2026-01-07,https://www.threads.com/@zyy71687/post/DTMm8sTEecW,https://uoovo.com/doc_NWdFSENSRWhSbE9MSjVkbTlCYXJhdz09,threads7374,,0.0,uoovo.com,['qsh-alpha'],1,冰池里她突然蜷成球！雙腿抽筋打旋下沉，意識模糊間，一道白影擺尾沖過來 uoovo.com/doc_N… 2 / 2,sweep_b1_hits.csv
2026-09-05_13-23-41,qsh-alpha,uoovo.com,zyy71687,2026-01-06,https://www.threads.com/@zyy71687/post/DTKmiwXkeD3,https://uoovo.com/doc_ekJYNlovbnFOcS96b2ZFK0cyazQ3QT09,threads7374,,0.0,uoovo.com,['qsh-alpha'],1,超市貓連偷 5 天腸，每次叼著就往廢屋跑，每天悄悄跟蹤，廢屋里的場景讓人眼眶發熱 uoovo.com/doc_e… 2 / 2,sweep_b1_hits.csv
2026-09-05_13-23-41,qsh-alpha,uoovo.com,zyy71687,2026-01-06,https://www.threads.com/@zyy71687/post/DTJvMVSEkPM,https://uoovo.com/doc_eUtFYlpaVzcxdmF2WkUralVlL0xWZz09,threads7374,,0.0,uoovo.com,['qsh-alpha'],1,台北搬家時小黃受驚走失，三月后終于尋回，沒想到牠轉頭離開，房東一句話讓我紅了眼 uoovo.com/doc_e… 2 / 2,sweep_b1_hits.csv
2026-09-05_13-23-41,qsh-alpha,uoovo.com,zyy71687,2026-01-05,https://www.threads.com/@zyy71687/post/DTILXEYEuqs,https://uoovo.com/doc_UFZtTGdncDZLMUtjMXJZbG0wUCtIQT09,threads7374,,0.0,uoovo.com,['qsh-alpha'],1,暖風機吹牠半小時！濕毛蓬松露雪白，它爪子搭著熱水瓶，像抓住救命稻草 uoovo.com/doc_U… 2 / 2,sweep_b1_hits.csv
2026-09-05_13-23-41,qsh-alpha,uoovo.com,zyy71687,2026-01-05,https://www.threads.com/@zyy71687/post/DTH2_wxkd_V,https://uoovo.com/doc_Yi85SXZheDRKb1E0T1dmdGZkaFowQT09,threads7374,,0.0,uoovo.com,['qsh-alpha'],1,飼育員認錯名字「下跪謝罪」，霸氣海豹舉起小手手：朕準了，退下 uoovo.com/doc_Y… 2 / 2,sweep_b1_hits.csv
2026-09-05_13-23-41,qsh-alpha,uoovo.com,zyy71687,2026-01-04,https://www.threads.com/@zyy71687/post/DTEjvRSElbt,https://uoovo.com/doc_SGdTQUVYVkVRUVEwRzZLQWFiUTNKdz09,threads7374,,0.0,uoovo.com,['qsh-alpha'],1,商場慘叫劃破音樂！黃影 「嗖」 地飛過來，摔在地上哼唧，前爪搭我鞋面，舔手背時委屈的像哭了 uoovo.com/doc_S… 2 / 2,sweep_b1_hits.csv
2026-09-05_13-23-41,qsh-alpha,uoovo.com,zyy71687,2026-01-03,https://www.threads.com/@zyy71687/post/DTDLpdVksI7,https://uoovo.com/doc_TkY3ZDVaelZLbE9QZ1JLQTBBcE5DUT09,threads7374,,1.0,uoovo.com,['qsh-alpha'],1,能催眠鯊魚的女人？幫鯊魚拔出一次魚鉤后，受傷鯊魚都會去找她！ uoovo.com/doc_T… 2 / 2,sweep_b1_hits.csv
2026-09-05_13-23-41,qsh-alpha,uoovo.com,zyy71687,2026-01-02,https://www.threads.com/@zyy71687/post/DS__u77kRYh,https://uoovo.com/doc_QXBGTGZmczlTVWlLZjl2ZVExU04zUT09,threads7374,,0.0,uoovo.com,['qsh-alpha'],1,攝影師森林驚見「毛茸茸小龍」神秘又帥氣！一查發現「奇特身份」網驚呆：神話是真的 uoovo.com/doc_Q… 2 / 2,sweep_b1_hits.csv
2026-09-05_13-23-41,qsh-alpha,uoovo.com,zyy71687,2026-01-02,https://www.threads.com/@zyy71687/post/DS_WYSsEgeg,https://uoovo.com/doc_MEpWVDRZOXJTUVJoSEkrRFhKcndpdz09,threads7374,,0.0,uoovo.com,['qsh-alpha'],1,貓咪喜歡「看窗外」，原來不是向往外面，而是「這些意思」，網友笑哭：錯怪它想離家出走 uoovo.com/doc_M… 2 / 2,sweep_b1_hits.csv
2026-09-05_13-23-41,qsh-alpha,uoovo.com,zyy71687,2026-01-01,https://www.threads.com/@zyy71687/post/DS95e3xkZ25,https://uoovo.com/doc_c2NlYXBaUWJrK015U0FtYWpGV3A0UT09,threads7374,,0.0,uoovo.com,['qsh-alpha'],1,看哭了！鏟屎官的貓為了治病，打了100多針，不忍心讓牠繼續痛苦，貓貓最后的眼神感動全網 uoovo.com/doc_c… 2 / 2,sweep_b1_hits.csv
2026-09-05_13-23-41,qsh-alpha,uoovo.com,zyy71687,2026-01-01,https://www.threads.com/@zyy71687/post/DS82eR8EmKQ,https://uoovo.com/doc_YjFRNmNRZDYzOVl5OUl6VzByTkUxZz09,threads7374,,0.0,uoovo.com,['qsh-alpha'],1,食堂門口蜷著團灰毛球！有人靠近它就縮著身子后退，等看到它的尾巴，在場的人紛紛淚目 uoovo.com/doc_Y… 2 / 2,sweep_b1_hits.csv
2026-09-05_13-23-41,qsh-alpha,uoovo.com,zyy71687,2025-12-31,https://www.threads.com/@zyy71687/post/DS6P3OOEg-y,https://uoovo.com/doc_dGZxNGx1UGNXVXFMK0FiOUdSMVRMQT09,threads7374,,0.0,uoovo.com,['qsh-alpha'],1,男子工地撿到只狗狗，帶回家洗干凈后才發現，狗狗模樣很奇怪！ uoovo.com/doc_d… 2 / 2,sweep_b1_hits.csv
2026-09-05_13-23-41,qsh-alpha,uoovo.com,zyy71687,2025-12-30,https://www.threads.com/@zyy71687/post/DS4IgdZCT7q,https://uoovo.com/doc_cTgrK3AyeGNYblVoQ29PRWdDWGhMUT09,threads7374,,0.0,uoovo.com,['qsh-alpha'],1,清晨七點它趴七樓拐！前主人上班必經路，頭擱爪子耳豎如天線，見人站起搖尾似期待 uoovo.com/doc_c… 2 / 2,sweep_b1_hits.csv
2026-09-05_13-23-41,qsh-alpha,uoovo.com,zyy71687,2025-12-29,https://www.threads.com/@zyy71687/post/DS1gl6qkTiM,https://uoovo.com/doc_eVBPMDdENHp3ZDdHa3M0VXlHRGRsZz09,threads7374,,0.0,uoovo.com,['qsh-alpha'],1,出門自駕遊，偶遇一隻棕色的「長毛怪」，按喇叭也不動，下車走進一看，眼睛酸了 uoovo.com/doc_e… 2 / 2,sweep_b1_hits.csv
2026-09-05_13-23-41,qsh-alpha,uoovo.com,zyy71687,2025-12-26,https://www.threads.com/@zyy71687/post/DSuV5wbkRIQ,https://uoovo.com/doc_b2UweVQ2WElLSWI2L0ZsbVVWWlVTUT09,threads7374,,0.0,uoovo.com,['qsh-alpha'],1,強颱來襲「浪貓站商場門口躲雨」，保全邀請牠們進室內打造專屬房間暫住，網友紛紛點讚：太有愛 uoovo.com/doc_b… 2 / 2,sweep_b1_hits.csv
2026-09-05_13-23-41,qsh-alpha,uoovo.com,zyy71687,2025-12-26,https://www.threads.com/@zyy71687/post/DSt6EwNEZiu,https://uoovo.com/doc_L1NqcDg3OSt3Z252SDQ4NVNIZFFMQT09,threads7374,,0.0,uoovo.com,['qsh-alpha'],1,小奶貓被丟路邊「一臉懵」，看到貓包上的紙條，網友瞬間怒了！ uoovo.com/doc_L… 2 / 2,sweep_b1_hits.csv
2026-09-05_13-23-41,qsh-alpha,uoovo.com,zyy71687,2025-12-25,https://www.threads.com/@zyy71687/post/DSrLCxpkXvD,https://uoovo.com/doc_RjRQVm95emxiblVycU5SQVVIOXZtdz09,threads7374,,1.0,uoovo.com,['qsh-alpha'],1,毛毛雨中叼著牽引繩「邊走邊哭」，女孩心疼：它已經被放棄兩次了！ uoovo.com/doc_R… 2 / 2,sweep_b1_hits.csv
2026-09-05_13-23-41,qsh-alpha,uoovo.com,zyy71687,2025-12-23,https://www.threads.com/@zyy71687/post/DSlndOMkjvE,https://uoovo.com/doc_eTNYK0ttVk1aSllDcXhzK28xSTZuZz09,threads7374,,0.0,uoovo.com,['qsh-alpha'],1,男子野外撿到「不明生物」幼崽，帶回家精心照顧4個月后，他淚流滿面 uoovo.com/doc_e… 2 / 2,sweep_b1_hits.csv
2026-09-05_13-23-41,qsh-alpha,uoovo.com,zyy71687,2025-12-22,https://www.threads.com/@zyy71687/post/DSjHF_rkn3F,https://uoovo.com/doc_eWFQMXlPS2tlR29lbmFGaUxOWVd4dz09,threads7374,,0.0,uoovo.com,['qsh-alpha'],1,關店前見瘦狗蹲門口！眼神無助像被丟的孩子，我剛說完一句話，它耳朵竟然顫了顫 uoovo.com/doc_e… 2 / 2,sweep_b1_hits.csv
2026-09-05_13-23-41,qsh-alpha,uoovo.com,zyy71687,2025-12-21,https://www.threads.com/@zyy71687/post/DSg8ZSbkRVj,https://uoovo.com/doc_eUdzUC9iVjVkbFVvQVloZnUvMWpyZz09,threads7374,,0.0,uoovo.com,['qsh-alpha'],1,小貓咪賞花竟變「小老虎」：路人一路偷笑，主人仔細一看哭笑不得，下一秒急抱沖獸醫院 uoovo.com/doc_e… 2 / 2,sweep_b1_hits.csv
2026-09-05_13-23-41,qsh-alpha,uoovo.com,zyy71687,2025-12-21,https://www.threads.com/@zyy71687/post/DSgdrtzEqTg,https://uoovo.com/doc_TXlyQ0ZGUzZadjhyTk5sbE9UbmR0QT09,threads7374,,0.0,uoovo.com,['qsh-alpha'],1,女潛水員幫一條鯊魚取下牙齒上的魚鉤，不久，鯊魚竟帶著一群鯊魚沖了過來...... uoovo.com/doc_T… 2 / 2,sweep_b1_hits.csv
2026-09-05_13-23-41,qsh-alpha,uoovo.com,zyy71687,2025-12-20,https://www.threads.com/@zyy71687/post/DSew34AkV9u,https://uoovo.com/doc_aWdDV21odXd1MFVpVnNjQjJXcEhVZz09,threads7374,,0.0,uoovo.com,['qsh-alpha'],1,晨跑在樹上發現一個「無毛幼崽」，心善將其帶回照顧，一周后被「它的樣子」驚住了！ uoovo.com/doc_a… 2 / 2,sweep_b1_hits.csv
2026-09-05_13-23-41,qsh-alpha,uoovo.com,zyy71687,2025-12-20,https://www.threads.com/@zyy71687/post/DSd8qx2khP6,https://uoovo.com/doc_ZmV2NlZaMElHU282THVPMlBIeTZpZz09,threads7374,,0.0,uoovo.com,['qsh-alpha'],1,公園長椅旁的小可憐！沖人喵喵叫不跑，瘦得能摸骨頭，帶回家洗澡時，圓眼睛瞅得我心都化了 uoovo.com/doc_Z… 2 / 2,sweep_b1_hits.csv
2026-09-05_13-23-41,qsh-alpha,uoovo.com,zyy71687,2025-12-19,https://www.threads.com/@zyy71687/post/DSb07UIEQ1N,https://uoovo.com/doc_cHQ3SnZ0MDNsVUYzV3ZrWnFFNHc0dz09,threads7374,,0.0,uoovo.com,['qsh-alpha'],1,墻根鐵鏈拴著團灰影！右耳缺了塊三角，舔人手腕帶血珠，它竟把小貓往陌生人腳邊推 uoovo.com/doc_c… 2 / 2,sweep_b1_hits.csv
2026-09-05_13-23-41,qsh-alpha,uoovo.com,zyy71687,2025-12-19,https://www.threads.com/@zyy71687/post/DSbTsh5kjbf,https://uoovo.com/doc_bGlSc1o3T1d4QTh2U0lvcFArRG52QT09,threads7374,,0.0,uoovo.com,['qsh-alpha'],1,落單北極熊幼崽主動向人求助，混到一份「包吃包住」的好「工作」 uoovo.com/doc_b… 2 / 2,sweep_b1_hits.csv
2026-09-05_13-23-41,qsh-alpha,uoovo.com,zyy71687,2025-12-17,https://www.threads.com/@zyy71687/post/DSXMXmakj-z,https://uoovo.com/doc_MStkODAvYkM3REFWaW9zUUdjY0txQT09,threads7374,,0.0,uoovo.com,['qsh-alpha'],1,撿來的狗總縮在陽台角落！叫它不應摸它就躲，卻在半夜偷偷扒我舊毛衣，紅繩在脖子上晃得人心疼 uoovo.com/doc_M… 2 / 2,sweep_b1_hits.csv
2026-09-05_13-23-41,qsh-alpha,uoovo.com,zyy71687,2025-12-13,https://www.threads.com/@zyy71687/post/DSMpoEskZlc,https://uoovo.com/doc_bFN5a3dYYkpiRVF3OTBGZGJzL0FCQT09,threads7374,,0.0,uoovo.com,['qsh-alpha'],1,小姐姐吐槽她家貓很能闖禍，一看監控沉默了：分分鐘沒了3萬塊！ uoovo.com/doc_b… 2 / 2,sweep_b1_hits.csv
2026-09-05_13-23-41,qsh-alpha,uoovo.com,zyy71687,2025-12-12,https://www.threads.com/@zyy71687/post/DSJSvJ4khco,https://uoovo.com/doc_YjZsQUNCOE1DbFYyb3d6L0p4OSt6Zz09,threads7374,,3.0,uoovo.com,['qsh-alpha'],1,基地門口的 「不速之客」：被扔在這的小狗，跟牠對視時，一個眼神讓人心碎 uoovo.com/doc_Y… 2 / 2,sweep_b1_hits.csv
2026-09-05_13-23-41,qsh-alpha,uoovo.com,zyy71687,2025-12-11,https://www.threads.com/@zyy71687/post/DSH5LbOks9v,https://uoovo.com/doc_eldqS2dBaDBJT0w3cmpSalk0NDNBdz09,threads7374,,0.0,uoovo.com,['qsh-alpha'],1,66塊買下 「丑貓」，它卻用爪子推回毛線團！媽媽摸著它的頭笑了，這緣分賺了 uoovo.com/doc_e… 2 / 2,sweep_b1_hits.csv
2026-09-05_13-23-41,qsh-alpha,uoovo.com,zyy71687,2025-12-09,https://www.threads.com/@zyy71687/post/DSCzws6Etwl,https://uoovo.com/doc_dkJLa21ibXpSQUo4dHJQRTJZaVM1dz09,threads7374,,0.0,uoovo.com,['qsh-alpha'],1,從沒見過！南韓山中驚現「像驢又像狗」動物，竟是1級瀕危物種 uoovo.com/doc_d… 2 / 2,sweep_b1_hits.csv
2026-09-05_13-23-41,qsh-alpha,uoovo.com,zyy71687,2025-12-09,https://www.threads.com/@zyy71687/post/DSCGImUEUqW,https://uoovo.com/doc_a09xNGE0RWhsVzVrVWdHL3E3d1IwQT09,threads7374,,0.0,uoovo.com,['qsh-alpha'],1,爸爸教貓爬梯子上床，結果第二天看到…網友：這貓是人教版的！ uoovo.com/doc_a… 2 / 2,sweep_b1_hits.csv
2026-09-05_13-23-41,qsh-alpha,uoovo.com,zyy71687,2025-12-08,https://www.threads.com/@zyy71687/post/DR_--BDkjyV,https://uoovo.com/doc_NmFnRmxXRWxOQXJxYmZnWUhIbWltUT09,threads7374,,0.0,uoovo.com,['qsh-alpha'],1,小姐姐每次加班后都在貓跟前罵老闆，結果…貓第一眼見到本人就開罵了！ uoovo.com/doc_N… 2 / 2,sweep_b1_hits.csv
2026-09-05_13-23-41,qsh-alpha,uoovo.com,zyy71687,2025-12-07,https://www.threads.com/@zyy71687/post/DR9qJP0EveY,https://uoovo.com/doc_U29qakhId2ZySGd5alo1VWpiTjBEUT09,threads7374,,0.0,uoovo.com,['qsh-alpha'],1,「台南蛇窟」狂抓12隻大蛇破紀錄，眼鏡蛇也來湊一腳 uoovo.com/doc_U… 2 / 2,sweep_b1_hits.csv
2026-09-05_13-23-41,qsh-alpha,uoovo.com,zyy71687,2025-12-07,https://www.threads.com/@zyy71687/post/DR8d2SEkuDV,https://uoovo.com/doc_OUFUZHlxWlFRblJNZjhmWkdVckx1UT09,threads7374,,0.0,uoovo.com,['qsh-alpha'],1,小貓開火把家炸了，被救時渾身黢黑超委屈，妹子震驚：我的白貓 uoovo.com/doc_O… 2 / 2,sweep_b1_hits.csv
2026-09-05_13-23-41,qsh-alpha,uoovo.com,zyy71687,2025-12-06,https://www.threads.com/@zyy71687/post/DR6oKE5EdTm,https://uoovo.com/doc_VXgyallNUFZlTW81bkdXNFc2aEpJUT09,threads7374,,0.0,uoovo.com,['qsh-alpha'],1,暴雨天，流浪狗叼來鄰居拖鞋拍門！渾身濕透卻只盯著我手里的碗，瞬間破防 uoovo.com/doc_V… 2 / 2,sweep_b1_hits.csv
2026-09-05_13-23-41,qsh-alpha,uoovo.com,zyy71687,2025-12-05,https://www.threads.com/@zyy71687/post/DR4SYnsEqpU,https://uoovo.com/doc_eS9HR0pVQWdSM1laYlRqaDI0TE9qUT09,threads7374,,0.0,uoovo.com,['qsh-alpha'],1,小貓為等姑娘，刮風下雨都蹲校門口！渾身濕透站不穩，姑娘這次抱著就不撒手 uoovo.com/doc_e… 2 / 2,sweep_b1_hits.csv
2026-09-05_13-23-41,qsh-alpha,uoovo.com,zyy71687,2025-12-05,https://www.threads.com/@zyy71687/post/DR3TfAiEuep,https://uoovo.com/doc_cTMxTTFSdkQ4MnlFYjR0R3YrUVBJZz09,threads7374,,0.0,uoovo.com,['qsh-alpha'],1,喊出 「湯圓」 的瞬間，小奶貓突然扒住我褲腿！養了15年的貓剛走，看見牠眼淚突然決堤 uoovo.com/doc_c… 2 / 2,sweep_b1_hits.csv
2026-09-05_13-23-41,qsh-alpha,uoovo.com,zyy71687,2025-12-04,https://www.threads.com/@zyy71687/post/DR15wYckj8G,https://uoovo.com/doc_ektJb0ZkSHkxUjVUSUVKd0kxdktQQT09,threads7374,,0.0,uoovo.com,['qsh-alpha'],1,太有靈性了！晚上加班回家，被平時喂養的流浪貓堵到家門口，看清它的眼神，直接帶回家 uoovo.com/doc_e… 2 / 2,sweep_b1_hits.csv
2026-09-05_13-23-41,qsh-alpha,uoovo.com,zyy71687,2025-12-04,https://www.threads.com/@zyy71687/post/DR1XuyGEfKs,https://uoovo.com/doc_RUpta3JzYWl2bXNKc0ZGdFRhUThudz09,threads7374,,0.0,uoovo.com,['qsh-alpha'],1,忠犬八公翻版！浪浪獨坐超商門口「等離世主人回來」 心碎身影曝光 uoovo.com/doc_R… 2 / 2,sweep_b1_hits.csv
2026-09-05_13-23-41,qsh-alpha,uoovo.com,zyy71687,2025-12-03,https://www.threads.com/@zyy71687/post/DRyLy-jEncS,https://uoovo.com/doc_RkRDb1FyTS85Zk9QV2VtYzVpbGNLdz09,threads7374,,0.0,uoovo.com,['qsh-alpha'],1,紙箱里啃發霉面包的金毛！暴雨夜被救時渾身濕透，誰能想到它將穿搜救犬馬甲，華麗轉身 uoovo.com/doc_R… 2 / 2,sweep_b1_hits.csv
2026-09-05_13-23-41,qsh-alpha,uoovo.com,zyy71687,2025-12-02,https://www.threads.com/@zyy71687/post/DRvmCHHkjc6,https://uoovo.com/doc_TEZGRUxEL21oT0dsd2UvZkE5ak4rZz09,threads7374,,0.0,uoovo.com,['qsh-alpha'],1,耳朵直接成蛇窩！耳朵鑽出「黃金異形巨蛇」，一碰咧嘴扭動，驚悚影片全都錄 uoovo.com/doc_T… 2 / 2,sweep_b1_hits.csv
2026-09-05_13-23-41,qsh-alpha,uoovo.com,zyy71687,2025-11-28,https://www.threads.com/@zyy71687/post/DRlQrRmElkk,https://uoovo.com/doc_Wm5ZMGRPRkQ3Q2wwTXdVZUcvMFVsQT09,threads7374,,0.0,uoovo.com,['qsh-alpha'],1,撿到「全身異色怪喵」！連洗15次澡才露出真面目，牠親人討抱志工淚崩 uoovo.com/doc_W… 2 / 2,sweep_b1_hits.csv
2026-09-05_13-23-41,qsh-alpha,uoovo.com,zyy71687,2025-11-27,https://www.threads.com/@zyy71687/post/DRjsrtNkkqa,https://uoovo.com/doc_Q25lVm1SL0Q0YU9LU0pEUjgzaVVCdz09,threads7374,,0.0,uoovo.com,['qsh-alpha'],1,師傅裝好貓門，拍片邀功給飼主「貓主子已經會用了！」，飼主傻眼：這隻不是我的貓啊～ uoovo.com/doc_Q… 2 / 2,sweep_b1_hits.csv
2026-09-05_13-23-41,qsh-alpha,uoovo.com,zyy71687,2025-11-27,https://www.threads.com/@zyy71687/post/DRisla1kohQ,https://uoovo.com/doc_VUxIVmZmelVXOGY0djUrdzlMeHU4QT09,threads7374,,0.0,uoovo.com,['qsh-alpha'],1,街角雨絲裹著寒氣！小奶狗濕成塊冰抹布，追著路人褲腳跑，蹭手時爪子抖不停，肋骨硌得人手心發疼 uoovo.com/doc_V… 2 / 2,sweep_b1_hits.csv
2026-09-05_13-23-41,qsh-alpha,uoovo.com,zyy71687,2025-11-26,https://www.threads.com/@zyy71687/post/DRg65J5kRbM,https://uoovo.com/doc_eE9ibVdoN1BhbHR3UFdyMGxIVmZWUT09,threads7374,,0.0,uoovo.com,['qsh-alpha'],1,推開院門被貓抱住腿，五年未見它竟記得舊疤，張阿姨一句話讓我紅了眼 uoovo.com/doc_e… 2 / 2,sweep_b1_hits.csv
2026-09-05_13-23-41,qsh-alpha,uoovo.com,zyy71687,2025-11-26,https://www.threads.com/@zyy71687/post/DRgEzehkqNM,https://uoovo.com/doc_UzdLTW9NaVQ1dStTbEFVd3pDeGd3UT09,threads7374,,0.0,uoovo.com,['qsh-alpha'],1,深海漁網裹著五十年老龜！骸骨前鰭仍保持劃水狀，背甲被漁網捆著，畫面刺痛人心 uoovo.com/doc_U… 2 / 2,sweep_b1_hits.csv
2026-09-05_13-23-41,qsh-alpha,uoovo.com,zyy71687,2025-11-25,https://www.threads.com/@zyy71687/post/DReh7jGEro8,https://uoovo.com/doc_VjZSa0dkaXRMWHhCL21VcFVnZHFpZz09,threads7374,,0.0,uoovo.com,['qsh-alpha'],1,雪夜高燒的護林員，被貍花貓叼來野兔救命：這道爪印里藏著3里地的血路，跨物種的交情讓人感動 uoovo.com/doc_V… 2 / 2,sweep_b1_hits.csv
2026-09-05_13-23-41,qsh-alpha,uoovo.com,zyy71687,2025-11-24,https://www.threads.com/@zyy71687/post/DRbmr_PEYfB,https://uoovo.com/doc_NHlEcjBsYUhHem1teTRyeEJkYzR4QT09,threads7374,,0.0,uoovo.com,['qsh-alpha'],1,垃圾桶旁撿到一隻柯基，30多度的暴曬，路人好心帶去醫院，第三天用一個動作暖哭所有人 uoovo.com/doc_N… 2 / 2,sweep_b1_hits.csv
2026-09-05_13-23-41,qsh-alpha,uoovo.com,zyy71687,2025-11-23,https://www.threads.com/@zyy71687/post/DRZUxNQEkA1,https://uoovo.com/doc_dWlYSGtBQnhIYlROa0JvRHFIVGZaQT09,threads7374,,0.0,uoovo.com,['qsh-alpha'],1,男子晚上回家在路邊發現一條小青蛇，小小的很可愛，隨手撿了起來帶回家，看到結局很暖心 uoovo.com/doc_d… 2 / 2,sweep_b1_hits.csv
2026-09-05_13-23-41,qsh-alpha,uoovo.com,zyy71687,2025-11-23,https://www.threads.com/@zyy71687/post/DRYcVwHErlc,https://uoovo.com/doc_OWtCZDY4aUtLU2VYeGticjhKYjFDQT09,threads7374,,0.0,uoovo.com,['qsh-alpha'],1,紙盒被風掀翻，四只奶狗滾落在地，狗媽媽盯著車影不肯挪步，看得人心頭一緊 uoovo.com/doc_O… 2 / 2,sweep_b1_hits.csv
2026-09-05_13-23-41,qsh-alpha,uoovo.com,zyy71687,2025-11-22,https://www.threads.com/@zyy71687/post/DRV0eHfEr7V,https://uoovo.com/doc_d04rTUVPQzg1bk9QQmZ4RHJkZEZtQT09,threads7374,,0.0,uoovo.com,['qsh-alpha'],1,5歲哈士奇不拆家不愛鬧「以為是天使」醫師檢查：是弱智，主人崩潰了 uoovo.com/doc_d… 2 / 2,sweep_b1_hits.csv
2026-09-05_13-23-41,qsh-alpha,uoovo.com,zyy71687,2025-11-21,https://www.threads.com/@zyy71687/post/DRUG6wvEsoM,https://uoovo.com/doc_QlhKRVBhREFWOW9GWG9BdVR5M1RGQT09,threads7374,,0.0,uoovo.com,['qsh-alpha'],1,鍋爐房里生活的流浪貓，渾身臟兮兮，沒人投喂，靠撿垃圾為生，看到結局淚目了 uoovo.com/doc_Q… 2 / 2,sweep_b1_hits.csv
2026-09-05_13-23-41,qsh-alpha,uoovo.com,zyy71687,2025-11-20,https://www.threads.com/@zyy71687/post/DRROPL9kYG9,https://uoovo.com/doc_NGZDNzZiN1VZZ0lmSnFsaytGNGV0QT09,threads7374,,0.0,uoovo.com,['qsh-alpha'],1,半夜視訊看哭！閨蜜送養的小狗蹲角落，滿碗狗糧不動，直勾勾盯著門口等她 uoovo.com/doc_N… 2 / 2,sweep_b1_hits.csv
2026-09-05_13-23-41,qsh-alpha,uoovo.com,zyy71687,2025-11-19,https://www.threads.com/@zyy71687/post/DRPEjW_kXH1,https://uoovo.com/doc_UUVDWUZDdXdFS0RGWkpYdWw0akZoUT09,threads7374,,0.0,uoovo.com,['qsh-alpha'],1,傳聞中的「水怪」水猴子，最危險的事情是拉屎，一半同類死在拉屎的路上 uoovo.com/doc_U… 2 / 2,sweep_b1_hits.csv
2026-09-05_13-23-41,qsh-alpha,uoovo.com,zyy71687,2025-11-19,https://www.threads.com/@zyy71687/post/DROdo9lEn7Y,https://uoovo.com/doc_S0NxNi9zNXZXK3Z1aHBoUjIxZit1UT09,threads7374,,0.0,uoovo.com,['qsh-alpha'],1,小區遇口炎流浪貓，省城拔牙救回后，服藥 80 天仍有紅腫，用這招讓它乖乖配合 uoovo.com/doc_S… 2 / 2,sweep_b1_hits.csv
2026-09-05_13-23-41,qsh-alpha,uoovo.com,zyy71687,2025-11-19,https://www.threads.com/@zyy71687/post/DROC573knQz,https://uoovo.com/doc_ZGhkc3JuNzRCVmlaS0tpdUg3dXFkZz09,threads7374,,0.0,uoovo.com,['qsh-alpha'],1,狗媽「一胎生9隻」網友狂讚！網友盯照片「1細節」抓包，結局「神反轉」笑翻 uoovo.com/doc_Z… 2 / 2,sweep_b1_hits.csv
2026-09-05_13-23-41,qsh-alpha,uoovo.com,zyy71687,2025-11-18,https://www.threads.com/@zyy71687/post/DRMQ4ogEUX4,https://uoovo.com/doc_NEtCcUVoQk9vMkFDQWIxckZBNkRadz09,threads7374,,0.0,uoovo.com,['qsh-alpha'],1,暴雨中車輪下驚現 4 團毛球！橘貓護著貍花發抖，他看一眼渾身發抖的毛孩們，最終做了一個暖心的決定 uoovo.com/doc_N… 2 / 2,sweep_b1_hits.csv
2026-09-05_13-23-41,qsh-alpha,uoovo.com,zyy71687,2025-11-18,https://www.threads.com/@zyy71687/post/DRLeVcmEky7,https://uoovo.com/doc_UHNDOUE3NWU0ckhLYjRROEh1aFRsUT09,threads7374,,0.0,uoovo.com,['qsh-alpha'],1,紅漆剝落的鐵門后！黃影撲上來扒褲腿，褪色紅繩勒進毛里，它眉心那撮白毛竟和九年前一樣 uoovo.com/doc_U… 2 / 2,sweep_b1_hits.csv
2026-09-05_13-23-41,qsh-alpha,uoovo.com,zyy71687,2025-11-17,https://www.threads.com/@zyy71687/post/DRJjKkgETZo,https://uoovo.com/doc_VFZCNnFmZGpmcEtLdXVDOHV3ZkJ2QT09,threads7374,,0.0,uoovo.com,['qsh-alpha'],1,奶奶病逝后，她養的狗狗也消失了，一直到奶奶燒三七那天，在奶奶的墳前發現了牠 uoovo.com/doc_V… 2 / 2,sweep_b1_hits.csv
2026-09-05_13-23-41,qsh-alpha,uoovo.com,zyy71687,2025-11-15,https://www.threads.com/@zyy71687/post/DRFEYf_EpT3,https://uoovo.com/doc_ZVRLNmNWaG9aSGsySjMweTdPU1dHZz09,threads7374,,0.0,uoovo.com,['qsh-alpha'],1,網友怒噴「熒光紅狗子」是虐狗，真相曝光后笑翻：主人比狗還慘！ uoovo.com/doc_Z… 2 / 2,sweep_b1_hits.csv
2026-09-05_13-23-41,qsh-alpha,uoovo.com,mariakeppel8,2025-11-15,https://www.threads.com/@mariakeppel8/post/DRDpOpdkoKy,https://uoovo.com/doc_Q3RYMS9CRkd4ZC8yZXhkVFdaRkxqQT09,,,0.0,uoovo.com,['qsh-alpha'],1,公獅子遭遇意外「孤獨」困境，放進母獅子群「治療」以為會幸福，飼養員隔天去看：攤上大事了呀 ！ uoovo.com/doc_Q…,sweep_b1_hits.csv
2026-09-05_13-23-41,qsh-alpha,wujfu.com,mariakeppel8,2025-11-15,https://www.threads.com/@mariakeppel8/post/DRDpPGTko_X,https://wujfu.com/d/60FD0A7B,,,0.0,uoovo.com,[],0,快訊／大牙宣布離婚！終結5年婚姻「心死原因曝光」：不得不接受 wujfu.com/d/60F… 2 / 2,sweep_b1_hits.csv
2026-09-05_13-23-41,qsh-alpha,uoovo.com,zyy71687,2025-11-14,https://www.threads.com/@zyy71687/post/DRBLu3Fkgta,https://uoovo.com/doc_VHBnZ201Wk1UY2IyczROc0p4eTgvZz09,threads7374,,0.0,uoovo.com,['qsh-alpha'],1,53歲女子竟養了800多只毛孩子，真實情況一言難盡 uoovo.com/doc_V… 2 / 2,sweep_b1_hits.csv
2026-09-05_13-23-41,qsh-alpha,uoovo.com,zyy71687,2025-11-13,https://www.threads.com/@zyy71687/post/DQ-sef7kr8L,https://uoovo.com/doc_TGcwQWFLaUc3UlpodGZuMzNYV3Z2dz09,threads7374,,0.0,uoovo.com,['qsh-alpha'],1,享年55歲世界最老鸚鵡，臨終前對主人說了4個字，讓主人淚如雨下 uoovo.com/doc_T… 2 / 2,sweep_b1_hits.csv
2026-09-05_13-23-41,qsh-alpha,uoovo.com,zyy71687,2025-11-12,https://www.threads.com/@zyy71687/post/DQ9OG2nEgOT,https://uoovo.com/doc_bXBaRkVBVW43V3NjT05QYVdVTm5aZz09,threads7374,,0.0,uoovo.com,['qsh-alpha'],1,恐怖的萬鱷之湖：一萬二千條鱷魚的烏托邦，沙漠潭中鱷魚從何而來 uoovo.com/doc_b… 2 / 2,sweep_b1_hits.csv
2026-09-05_13-23-41,qsh-alpha,uoovo.com,zyy71687,2025-11-12,https://www.threads.com/@zyy71687/post/DQ81QIBkXDl,https://uoovo.com/doc_TGhyamdHQ0hBT3V4WTk2aHJNTm8wQT09,threads7374,,0.0,uoovo.com,['qsh-alpha'],1,路燈下傳來撕心喵叫！巴掌大的小貓啃著褲腿要吃的，四根貓條下肚，它竟抱著我腳踝晃尾巴 uoovo.com/doc_T… 2 / 2,sweep_b1_hits.csv
2026-09-05_13-23-41,qsh-alpha,uoovo.com,zyy71687,2025-11-10,https://www.threads.com/@zyy71687/post/DQ3sppxEu_H,https://uoovo.com/doc_eklnY0lVdTd3Q3piaFBhQXN1aTB5Zz09,threads7374,,0.0,uoovo.com,['qsh-alpha'],1,心碎！虎鯨媽媽「頂寶寶屍體」不肯放手，小小身體還連著臍帶，心酸畫面曝光 uoovo.com/doc_e… 2 / 2,sweep_b1_hits.csv
2026-09-05_13-23-41,qsh-alpha,uoovo.com,zyy71687,2025-11-10,https://www.threads.com/@zyy71687/post/DQ27wHiElMC,https://uoovo.com/doc_Zi9vZlFOLzZ5WFpuY2ppeGVqcnBqQT09,threads7374,,0.0,uoovo.com,['qsh-alpha'],1,散步撿到兩只流浪狗，小白涼得像石頭，棕狗守著不挪窩，沒想到帶回家后竟有奇跡 uoovo.com/doc_Z… 2 / 2,sweep_b1_hits.csv
2026-09-05_13-23-41,qsh-alpha,uoovo.com,zyy71687,2025-11-09,https://www.threads.com/@zyy71687/post/DQ0v3QOESsb,https://uoovo.com/doc_d0tlU1RrR21tZW1XZG9sR2VLQWJEdz09,threads7374,,0.0,uoovo.com,['qsh-alpha'],1,汪星人 MBTI 大揭秘：拉布拉多是 ESTJ，你家狗子的 「人格」 藏不住了 uoovo.com/doc_d… 2 / 2,sweep_b1_hits.csv
2026-09-05_13-23-41,qsh-alpha,uoovo.com,zyy71687,2025-11-09,https://www.threads.com/@zyy71687/post/DQ0VTrQEu3W,https://uoovo.com/doc_VERIQmpodk5pM2h6eGJobWI3bjBGZz09,threads7374,,0.0,uoovo.com,['qsh-alpha'],1,毛骨悚然！一男子在野外河邊，發現一條在睡覺的大黑蛇，兩米長手腕粗，網友：像截黑木頭，千萬別碰！ uoovo.com/doc_V… 2 / 2,sweep_b1_hits.csv
2026-09-05_13-23-41,qsh-alpha,uoovo.com,zyy71687,2025-11-08,https://www.threads.com/@zyy71687/post/DQy1RmOEp5y,https://uoovo.com/doc_TDh1dHFiTEpLTGJJaVFYWnJYdnhUQT09,threads7374,,0.0,uoovo.com,['qsh-alpha'],1,暴雨夜，母狗蹲在台階上渾身濕透！用嘴拱腳邊小奶狗，盯著我嗚嗚叫的瞬間破防 uoovo.com/doc_T… 2 / 2,sweep_b1_hits.csv
2026-09-05_13-23-41,qsh-alpha,uoovo.com,leealy796,2025-11-08,https://www.threads.com/@leealy796/post/DQyYHlnEjuK,https://uoovo.com/doc_WEJFc0dpVkpLNHdTSEcxdVhQdDFIQT09,threads9656,,2.0,uoovo.com,['qsh-alpha'],1,懷孕橘貓被男孩踢，好心人直接沖過去阻攔，沒想到它永遠失去了小貓，可男孩奶奶的話像冰錐扎心 uoovo.com/doc_W…,sweep_b1_hits.csv
2026-09-05_13-23-41,qsh-alpha,uoovo.com,zyy71687,2025-11-07,https://www.threads.com/@zyy71687/post/DQv-5B4ksb8,https://uoovo.com/doc_TjhVejVFRmY1Q252N3VGVGtWd3NzZz09,threads7374,,0.0,uoovo.com,['qsh-alpha'],1,藍貓媽媽難產離世，它冰涼的孩子要被扔！堅持守護了十天，終于等來小毛孩睜眼 uoovo.com/doc_T… 2 / 2,sweep_b1_hits.csv
2026-09-05_13-23-41,qsh-alpha,uoovo.com,zyy71687,2025-11-07,https://www.threads.com/@zyy71687/post/DQvj_8UEot4,https://uoovo.com/doc_UkovSm1wZjk4RzAvQ3Z6V0t3elBFQT09,threads7374,,0.0,uoovo.com,['qsh-alpha'],1,城郊老宅每年夏天來條蛇！黃紋發亮戴 「黑帽」，見人就扭身子像請安，爺爺說它是老鄰居 uoovo.com/doc_U… 2 / 2,sweep_b1_hits.csv
2026-09-05_13-23-41,qsh-alpha,uoovo.com,zyy71687,2025-11-06,https://www.threads.com/@zyy71687/post/DQsq3C_kgQ1,https://uoovo.com/doc_andpWjZGTUk0bWVPWEMzL09uWGdoZz09,threads7374,,0.0,uoovo.com,['qsh-alpha'],1,睜眼嚇一跳！床邊蹲著昨晚撿的流浪狗，尾巴掃著床單盯我，軟耳朵往手心蹭的瞬間心化了 uoovo.com/doc_a… 2 / 2,sweep_b1_hits.csv
2026-09-05_13-23-41,qsh-alpha,uoovo.com,zyy71687,2025-11-05,https://www.threads.com/@zyy71687/post/DQrWVpmEp0l,https://uoovo.com/doc_VnZEb0REQ0pPOGRzUDJSZ055TTVaQT09,threads7374,,0.0,uoovo.com,['qsh-alpha'],1,野生黑雁受傷被帶到醫院做手術，其女友一路追來在診室外心急如焚，網友：比人類還重情義！ uoovo.com/doc_V… 2 / 2,sweep_b1_hits.csv
2026-09-05_13-23-41,qsh-alpha,uoovo.com,zyy71687,2025-11-05,https://www.threads.com/@zyy71687/post/DQqyeLmkQwy,https://uoovo.com/doc_M,,,0.0,uoovo.com,['qsh-alpha'],1,小烏龜20年前被塑料套卡住，身材變成「花生」，被救助后，醫生的話令人痛心！ uoovo.com/doc_M… 2 / 2,sweep_b1_hits.csv
2026-09-05_13-23-41,qsh-alpha,uoovo.com,mariakeppel8,2025-09-14,https://www.threads.com/@mariakeppel8/post/DOkKlY6kjIU,https://uoovo.com/doc_Q3RYMS9CRkd4ZC8yZXhkVFdaRkxqQT09,threads9603,,0.0,uoovo.com,['qsh-alpha'],1,公獅子遭遇意外「孤獨」困境，放進母獅子群「治療」以為會幸福，飼養員隔天去看：攤上大事了呀 ！ uoovo.com/doc_Q… 2 / 2,sweep_b1_hits.csv
2026-09-05_13-23-41,qsh-alpha,uoovo.com,summer_699,2025-04-14,https://www.threads.com/@summer_699/post/DIauaQGCgBr,https://uoovo.com/doc_Y1hDLzdQYXljM0Y4dUlQVTRXd3N4UT09,,,0.0,uoovo.com,['qsh-alpha'],1,男子撿到奇怪的巨蛋，孵化出來傻眼了，這腳也太大了吧！ uoovo.com/doc_Y…,sweep_b1_hits.csv
2026-09-05_13-23-41,qsh-alpha,uoovo.com,summer_699,2025-03-19,https://www.threads.com/@summer_699/post/DHXwDm_SPYq,https://uoovo.com/doc_Y1hDLzdQYXljM0Y4dUlQVTRXd3N4UT09,,,0.0,uoovo.com,['qsh-alpha'],1,男子撿到奇怪的巨蛋，孵化出來傻眼了，這腳也太大了吧！ uoovo.com/doc_Y…,sweep_b1_hits.csv
2026-09-05_13-23-41,qsh-alpha,uoovo.com,summer_699,2025-03-19,https://www.threads.com/@summer_699/post/DHXa0e6ywHB,https://uoovo.com/doc_WkZYSGxPSjNRS3BSdzlyMVhJZ1cwQT09,,,0.0,uoovo.com,['qsh-alpha'],1,狗語修煉手冊：狗狗常見的19種「身體語言」，鏟屎官必讀，讀懂毛孩的心！ uoovo.com/doc_W… 2 / 2,sweep_b1_hits.csv
2026-09-05_13-23-41,qsh-alpha,veltot.com,juliana551107,2026-08-29,https://www.threads.com/@juliana551107/post/DcnGk7VEw_E,https://veltot.com/doc_VFpVSW5vQTJKLzFUa2VXUHNpanpEQT09,threads11044,,0.0,veltot.com,['qsh-alpha'],1,這十部動漫讓我心尖發顫，最后一部的后勁太大了！ veltot.com/doc_V… 2 / 2,sweep_b1_hits.csv
2026-09-05_13-23-41,qsh-alpha,veltot.com,xian.nong,2026-08-21,https://www.threads.com/@xian.nong/post/DcSO-HgiXpv,https://veltot.com/doc_bHZIc2xhbUFBcDN3ZVl5MDhSdWd0dz09,,,0.0,veltot.com,['qsh-alpha'],1,男主由于神的失誤身亡轉生異世界，得到彌補的他在異世界直接飛起 veltot.com/doc_b… 2 / 2,sweep_b1_hits.csv
2026-09-05_13-23-41,qsh-alpha,veltot.com,juliana551107,2026-08-16,https://www.threads.com/@juliana551107/post/DcGQlVAk9s2,https://veltot.com/doc_VFpVSW5vQTJKLzFUa2VXUHNpanpEQT09,threads11044,,0.0,veltot.com,['qsh-alpha'],1,這十部動漫讓我心尖發顫，最后一部的后勁太大了！ veltot.com/doc_V… 2 / 2,sweep_b1_hits.csv
2026-09-05_13-23-41,qsh-alpha,veltot.com,juliana551107,2026-08-03,https://www.threads.com/@juliana551107/post/DbkITf2kyiR,https://veltot.com/doc_VFpVSW5vQTJKLzFUa2VXUHNpanpEQT09,threads11044,,0.0,veltot.com,['qsh-alpha'],1,這十部動漫讓我心尖發顫，最后一部的后勁太大了！ veltot.com/doc_V… 2 / 2,sweep_b1_hits.csv
2026-09-05_13-23-41,qsh-alpha,veltot.com,juliana551107,2026-07-20,https://www.threads.com/@juliana551107/post/DbATmGHE85X,https://veltot.com/doc_VFpVSW5vQTJKLzFUa2VXUHNpanpEQT09,threads11044,,0.0,veltot.com,['qsh-alpha'],1,這十部動漫讓我心尖發顫，最后一部的后勁太大了！ veltot.com/doc_V… 2 / 2,sweep_b1_hits.csv
2026-09-05_13-23-41,qsh-alpha,veltot.com,juliana551107,2026-07-07,https://www.threads.com/@juliana551107/post/DafKWt3E37i,https://veltot.com/doc_VFpVSW5vQTJKLzFUa2VXUHNpanpEQT09,threads11044,,0.0,veltot.com,['qsh-alpha'],1,這十部動漫讓我心尖發顫，最后一部的后勁太大了！ veltot.com/doc_V… 2 / 2,sweep_b1_hits.csv
2026-09-05_13-23-41,qsh-alpha,veltot.com,xian.nong,2026-06-20,https://www.threads.com/@xian.nong/post/DZydin1CbzQ,https://veltot.com/doc_bHZIc2xhbUFBcDN3ZVl5MDhSdWd0dz09,,,0.0,veltot.com,['qsh-alpha'],1,男主由于神的失誤身亡轉生異世界，得到彌補的他在異世界直接飛起 veltot.com/doc_b… 2 / 2,sweep_b1_hits.csv
2026-09-05_13-23-41,qsh-alpha,veltot.com,juliana551107,2026-06-11,https://www.threads.com/@juliana551107/post/DZbWWVrkzdd,https://veltot.com/doc_VFpVSW5vQTJKLzFUa2VXUHNpanpEQT09,threads11044,,0.0,veltot.com,['qsh-alpha'],1,這十部動漫讓我心尖發顫，最后一部的后勁太大了！ veltot.com/doc_V… 2 / 2,sweep_b1_hits.csv
2026-09-05_13-23-41,qsh-alpha,veltot.com,juliana551107,2026-05-29,https://www.threads.com/@juliana551107/post/DY6OppMEdkb,https://veltot.com/doc_VFpVSW5vQTJKLzFUa2VXUHNpanpEQT09,threads11044,,0.0,veltot.com,['qsh-alpha'],1,這十部動漫讓我心尖發顫，最后一部的后勁太大了！ veltot.com/doc_V… 2 / 2,sweep_b1_hits.csv
2026-09-05_13-23-41,qsh-alpha,veltot.com,juliana551107,2026-05-16,https://www.threads.com/@juliana551107/post/DYZBT56E45n,https://veltot.com/doc_VFpVSW5vQTJKLzFUa2VXUHNpanpEQT09,threads11044,,0.0,veltot.com,['qsh-alpha'],1,這十部動漫讓我心尖發顫，最后一部的后勁太大了！ veltot.com/doc_V… 2 / 2,sweep_b1_hits.csv
2026-09-05_13-23-41,qsh-alpha,veltot.com,juliana551107,2026-05-03,https://www.threads.com/@juliana551107/post/DX3xe3Qk3FC,https://veltot.com/doc_VFpVSW5vQTJKLzFUa2VXUHNpanpEQT09,threads11044,,0.0,veltot.com,['qsh-alpha'],1,這十部動漫讓我心尖發顫，最后一部的后勁太大了！ veltot.com/doc_V… 2 / 2,sweep_b1_hits.csv
2026-09-05_13-23-41,qsh-alpha,veltot.com,juliana551107,2026-04-20,https://www.threads.com/@juliana551107/post/DXWFwkBE2a4,https://veltot.com/doc_VFpVSW5vQTJKLzFUa2VXUHNpanpEQT09,threads11044,,0.0,veltot.com,['qsh-alpha'],1,這十部動漫讓我心尖發顫，最后一部的后勁太大了！ veltot.com/doc_V… 2 / 2,sweep_b1_hits.csv
2026-09-05_13-23-41,qsh-alpha,veltot.com,ccz73928,2026-04-14,https://www.threads.com/@ccz73928/post/DXGy_dEDmJs,https://veltot.com/doc_bHZIc2xhbUFBcDN3ZVl5MDhSdWd0dz09,,,0.0,veltot.com,['qsh-alpha'],1,男主由于神的失誤身亡轉生異世界，得到彌補的他在異世界直接飛起 veltot.com/doc_b… 2 / 2,sweep_b1_hits.csv
2026-09-05_13-23-41,qsh-alpha,veltot.com,juliana551107,2026-04-07,https://www.threads.com/@juliana551107/post/DW0Y62QE_4K,https://veltot.com/doc_VFpVSW5vQTJKLzFUa2VXUHNpanpEQT09,threads11044,,0.0,veltot.com,['qsh-alpha'],1,這十部動漫讓我心尖發顫，最后一部的后勁太大了！ veltot.com/doc_V… 2 / 2,sweep_b1_hits.csv
2026-09-05_13-23-41,qsh-alpha,veltot.com,juliana551107,2026-03-25,https://www.threads.com/@juliana551107/post/DWSiO6_k_6H,https://veltot.com/doc_VFpVSW5vQTJKLzFUa2VXUHNpanpEQT09,threads11044,,0.0,veltot.com,['qsh-alpha'],1,這十部動漫讓我心尖發顫，最后一部的后勁太大了！ veltot.com/doc_V… 2 / 2,sweep_b1_hits.csv
2026-09-05_13-23-41,qsh-alpha,veltot.com,xian.nong,2026-03-12,https://www.threads.com/@xian.nong/post/DVxnndwESHm,https://veltot.com/doc_bHZIc2xhbUFBcDN3ZVl5MDhSdWd0dz09,,,0.0,veltot.com,['qsh-alpha'],1,男主由于神的失誤身亡轉生異世界，得到彌補的他在異世界直接飛起 veltot.com/doc_b… 2 / 2,sweep_b1_hits.csv
2026-09-05_13-23-41,qsh-alpha,veltot.com,ccz73928,2026-02-06,https://www.threads.com/@ccz73928/post/DUaSz7VDy5K,https://veltot.com/doc_bHZIc2xhbUFBcDN3ZVl5MDhSdWd0dz09,,,0.0,veltot.com,['qsh-alpha'],1,男主由于神的失誤身亡轉生異世界，得到彌補的他在異世界直接飛起 veltot.com/doc_b… 2 / 2,sweep_b1_hits.csv
2026-09-05_13-23-41,qsh-alpha,veltot.com,xian.nong,2026-01-04,https://www.threads.com/@xian.nong/post/DTFA7W9EbJz,https://veltot.com/doc_bHZIc2xhbUFBcDN3ZVl5MDhSdWd0dz09,,,0.0,veltot.com,['qsh-alpha'],1,男主由于神的失誤身亡轉生異世界，得到彌補的他在異世界直接飛起 veltot.com/doc_b… 2 / 2,sweep_b1_hits.csv
2026-09-05_13-23-41,qsh-alpha,veltot.com,ccz73928,2025-12-01,https://www.threads.com/@ccz73928/post/DRt-ISBD3tL,https://veltot.com/doc_bHZIc2xhbUFBcDN3ZVl5MDhSdWd0dz09,,,0.0,veltot.com,['qsh-alpha'],1,男主由于神的失誤身亡轉生異世界，得到彌補的他在異世界直接飛起 veltot.com/doc_b… 2 / 2,sweep_b1_hits.csv
2026-09-05_13-23-41,qsh-alpha,veltot.com,xian.nong,2025-10-29,https://www.threads.com/@xian.nong/post/DQZHIcBiQzB,https://veltot.com/doc_bHZIc2xhbUFBcDN3ZVl5MDhSdWd0dz09,,,0.0,veltot.com,['qsh-alpha'],1,男主由于神的失誤身亡轉生異世界，得到彌補的他在異世界直接飛起 veltot.com/doc_b… 2 / 2,sweep_b1_hits.csv
2026-09-05_13-23-41,qsh-alpha,veltot.com,xian.nong,2025-09-25,https://www.threads.com/@xian.nong/post/DPA8ofikV3A,https://veltot.com/doc_b,,,1.0,veltot.com,['qsh-alpha'],1,男主由于神的失誤身亡轉生異世界，得到彌補的他在異世界直接飛起 veltot.com/doc_b… 2 / 2,sweep_b1_hits.csv
2026-09-05_13-23-41,qsh-alpha,wujfu.com,aimuhui,2026-09-07,https://www.threads.com/@aimuhui/post/Dc_V4YwnYnD,https://wujfu.com/d/ECF1C3D3,,,0.0,wujfu.com,['qsh-alpha'],1,心痛無比！地震后，父親用毛毯「背亡兒」艱難前行， 只為「1信念」讓全網破防 wujfu.com/d/ECF… 2 / 2,sweep_b1_hits.csv
2026-09-05_13-23-41,qsh-alpha,wujfu.com,dunaykin.igor,2026-09-07,https://www.threads.com/@dunaykin.igor/post/Dc-wgcEGy-0,https://wujfu.com/d/50C41A97,,,0.0,wujfu.com,['qsh-alpha'],1,宮爆蝦球｜酸甜酥脆宴客硬菜！復炸鎖汁+燈籠椒助攻，在家復刻川菜館頭牌！ wujfu.com/d/50C… 2 / 2,sweep_b1_hits.csv
2026-09-05_13-23-41,qsh-alpha,wujfu.com,hongjingru96,2026-09-07,https://www.threads.com/@hongjingru96/post/Dc-pP6DkRJA,https://wujfu.com/d/9293A798,,,0.0,wujfu.com,['qsh-alpha'],1,小戶型救星！地台床隔出獨立臥室，空間利用率飆升！ wujfu.com/d/929… 2 / 2,sweep_b1_hits.csv
2026-09-05_13-23-41,qsh-alpha,wujfu.com,lailinlin0916,2026-09-07,https://www.threads.com/@lailinlin0916/post/Dc-ntC2kQZ2,https://wujfu.com/d/F15DA38A,,,0.0,wujfu.com,['qsh-alpha'],1,90后夫婦住28坪老宅：不上班，過隱居的田園生活，悠閑自在，羨慕 wujfu.com/d/F15… 2 / 2,sweep_b1_hits.csv
2026-09-05_13-23-41,qsh-alpha,wujfu.com,liuyuqing929,2026-09-07,https://www.threads.com/@liuyuqing929/post/Dc-iCfWnXcO,https://wujfu.com/d/30FC2D4E,,,0.0,wujfu.com,['qsh-alpha'],1,三寶媽裝修洗衣房：「洗曬、收納」一次完成，不再捧衣到處跑，超省力！ wujfu.com/d/30F… 2 / 2,sweep_b1_hits.csv
2026-09-05_13-23-41,qsh-alpha,wujfu.com,zhuxiaowu3,2026-09-07,https://www.threads.com/@zhuxiaowu3/post/Dc-hSFtAd5d,https://wujfu.com/d/2441CFE6,,,0.0,wujfu.com,['qsh-alpha'],1,摩羯座真正愛的是這三個星座，在一起堪稱完美！ wujfu.com/d/244… 2 / 2,sweep_b1_hits.csv
2026-09-05_13-23-41,qsh-alpha,wujfu.com,linpingyuan1,2026-09-07,https://www.threads.com/@linpingyuan1/post/Dc-Q3BKlFqm,https://wujfu.com/d/0AB74F05,,,0.0,wujfu.com,['qsh-alpha'],1,真的不能給小孩太多錢！ 向太談向佑自責：慈母多敗兒 wujfu.com/d/0AB… 2 / 2,sweep_b1_hits.csv
2026-09-05_13-23-41,qsh-alpha,wujfu.com,hongrong74,2026-09-07,https://www.threads.com/@hongrong74/post/Dc-QW3fHbYz,https://wujfu.com/d/BA0ADD3F,,,0.0,wujfu.com,['qsh-alpha'],1,90后女孩買下8坪小宅獨居，因太會布置而走紅，一個人住太爽了 wujfu.com/d/BA0… 2 / 2,sweep_b1_hits.csv
2026-09-05_13-23-41,qsh-alpha,wujfu.com,zhuxiaowu3,2026-09-07,https://www.threads.com/@zhuxiaowu3/post/Dc-Ju8uAce9,https://wujfu.com/d/7492E663,,,0.0,wujfu.com,['qsh-alpha'],1,天生癡情，一生只愛一個人的星座top4，一輩子心裡只有你 wujfu.com/d/749… 2 / 2,sweep_b1_hits.csv
2026-09-05_13-23-41,qsh-alpha,wujfu.com,liuyuqing929,2026-09-07,https://www.threads.com/@liuyuqing929/post/Dc-H3EgHWgX,https://wujfu.com/d/E11BB8D3,,,0.0,wujfu.com,['qsh-alpha'],1,小臥室也可以空間極致利用！帶你揭秘「未來5年」將會流行的小臥室佈局，「空間不受限」動線更合理 wujfu.com/d/E11… 2 / 2,sweep_b1_hits.csv
2026-09-05_13-23-41,qsh-alpha,wujfu.com,rosewhittier6,2026-09-07,https://www.threads.com/@rosewhittier6/post/Dc9-7w4Hcjk,https://wujfu.com/d/819F91F6,,,0.0,wujfu.com,['qsh-alpha'],1,掉髮元兇找到了！研究發現「常喝2大飲品」落髮機率大增，多補充「一關鍵營養」保住頭髮 wujfu.com/d/819… 2 / 2,sweep_b1_hits.csv
2026-09-05_13-23-41,qsh-alpha,wujfu.com,lailinlin0916,2026-09-07,https://www.threads.com/@lailinlin0916/post/Dc91qhFE7VQ,https://wujfu.com/d/8F02F54C,,,0.0,wujfu.com,['qsh-alpha'],1,很多人裝插座都被誤導了，這11處堪稱「家家都錯」！ wujfu.com/d/8F0… 2 / 2,sweep_b1_hits.csv
2026-09-05_13-23-41,qsh-alpha,wujfu.com,liuyuqing929,2026-09-07,https://www.threads.com/@liuyuqing929/post/Dc9zWPkk4oZ,https://wujfu.com/d/80BB5900,,,0.0,wujfu.com,['qsh-alpha'],1,被年輕人的「收納思路」驚呆了！一分錢不花，家里就井井有條 wujfu.com/d/80B… 2 / 2,sweep_b1_hits.csv
2026-09-05_13-23-41,qsh-alpha,wujfu.com,hongrong74,2026-09-07,https://www.threads.com/@hongrong74/post/Dc9xzUJkwxu,https://wujfu.com/d/1B9F0DCB,,,0.0,wujfu.com,['qsh-alpha'],1,最無用的6個節儉行為！全是「貧窮家庭」的通病，中3條以上的趕緊改 wujfu.com/d/1B9… 2 / 2,sweep_b1_hits.csv
2026-09-05_13-23-41,qsh-alpha,wujfu.com,hongrong74,2026-09-06,https://www.threads.com/@hongrong74/post/Dc8LqeakaRy,https://wujfu.com/d/8BADBEE6,,,0.0,wujfu.com,['qsh-alpha'],1,後續在這裡 wujfu.com/d/8BA…  2 / 2,sweep_b1_hits.csv
2026-09-05_13-23-41,qsh-alpha,wujfu.com,hongjingru96,2026-09-06,https://www.threads.com/@hongjingru96/post/Dc8KziRERNo,https://wujfu.com/d/4922F6D9,,,0.0,wujfu.com,['qsh-alpha'],1,後續在這裡 wujfu.com/d/492…  2 / 2,sweep_b1_hits.csv
2026-09-05_13-23-41,qsh-alpha,wujfu.com,liuyuqing929,2026-09-06,https://www.threads.com/@liuyuqing929/post/Dc8ArV8Ebj9,https://wujfu.com/d/73FCAB9E,,,0.0,wujfu.com,['qsh-alpha'],1,後續在這裡 wujfu.com/d/73F… 2 / 2,sweep_b1_hits.csv
2026-09-05_13-23-41,qsh-alpha,wujfu.com,hongrong74,2026-09-06,https://www.threads.com/@hongrong74/post/Dc8AKaOkTjg,https://wujfu.com/d/336BB436,,,0.0,wujfu.com,['qsh-alpha'],1,後續在這裡！ wujfu.com/d/336… 2 / 2,sweep_b1_hits.csv
2026-09-05_13-23-41,qsh-alpha,wujfu.com,dunaykin.igor,2026-09-06,https://www.threads.com/@dunaykin.igor/post/Dc79FKxkWyi,https://wujfu.com/d/3C3BD2F1,,,0.0,wujfu.com,['qsh-alpha'],1,香煎三文魚太好吃了！外焦內嫩，跟著做零失誤！ wujfu.com/d/3C3… 2 / 2,sweep_b1_hits.csv
2026-09-05_13-23-41,qsh-alpha,wujfu.com,zhuxiaowu3,2026-09-06,https://www.threads.com/@zhuxiaowu3/post/Dc7yiExAcao,https://wujfu.com/d/9DEED423,,,0.0,wujfu.com,['qsh-alpha'],1,心裡乾淨的四大星座，不害人、不奸詐 wujfu.com/d/9DE… 2 / 2,sweep_b1_hits.csv
2026-09-05_13-23-41,qsh-alpha,wujfu.com,lailinlin0916,2026-09-06,https://www.threads.com/@lailinlin0916/post/Dc7u0yPkWjc,https://wujfu.com/d/A9E7AE7B,,,0.0,wujfu.com,['qsh-alpha'],1,後續在這裡~ wujfu.com/d/A9E… 2 / 2,sweep_b1_hits.csv
2026-09-05_13-23-41,qsh-alpha,wujfu.com,dunaykin.igor,2026-09-06,https://www.threads.com/@dunaykin.igor/post/Dc7u0D6EYWz,https://wujfu.com/d/80DABD54,,,0.0,wujfu.com,['qsh-alpha'],1,蒜香黑椒雙暴擊！牛肉粒嫩到爆汁，蒜瓣綿密似土豆的神級搭配！ wujfu.com/d/80D… 2 / 2,sweep_b1_hits.csv
2026-09-05_13-23-41,qsh-alpha,wujfu.com,lailinlin0916,2026-09-06,https://www.threads.com/@lailinlin0916/post/Dc7nGXHEeFq,https://wujfu.com/d/895F03E6,,,0.0,wujfu.com,['qsh-alpha'],1,僅花 11 萬，貨櫃華麗轉身，15㎡空間成超贊 「迷你別墅」 wujfu.com/d/895… 2 / 2,sweep_b1_hits.csv
2026-09-05_13-23-41,qsh-alpha,wujfu.com,aimuhui,2026-09-06,https://www.threads.com/@aimuhui/post/Dc7d6l3HTqS,https://wujfu.com/d/99D7E73D,,,0.0,wujfu.com,['qsh-alpha'],1,捨命也要救人！幼稚園老師「衝回濃煙車」緊抱4孩走了　30年忌日「竹聯幫也敬佩」：是真正英雄 wujfu.com/d/99D… 2 / 2,sweep_b1_hits.csv
2026-09-05_13-23-41,qsh-alpha,wujfu.com,lailinlin0916,2026-09-06,https://www.threads.com/@lailinlin0916/post/Dc7SrD_E8D1,https://wujfu.com/d/666CED32,,,0.0,wujfu.com,['qsh-alpha'],1,女子「一無所有」的家火了，因全屋家徒四壁而走紅，太干凈了！ wujfu.com/d/666… 2 / 2,sweep_b1_hits.csv
2026-09-05_13-23-41,qsh-alpha,wujfu.com,mariakeppel8,2026-09-06,https://www.threads.com/@mariakeppel8/post/Dc7NCiIj35v,https://wujfu.com/d/BD54F923,,,0.0,wujfu.com,['qsh-alpha'],1,她生5男8女，40歲守寡，一手培養「13個博士」，教子經只有15個字 wujfu.com/d/BD5… 2 / 2,sweep_b1_hits.csv
2026-09-05_13-23-41,qsh-alpha,wujfu.com,dunaykin.igor,2026-09-05,https://www.threads.com/@dunaykin.igor/post/Dc6NojqGyw4,https://wujfu.com/d/D6F50992,,,0.0,wujfu.com,['qsh-alpha'],1,干鍋包菜最忌直接下鍋炒，教你我最拿手的做法，咸香脆嫩，入味爽口，好吃下飯 wujfu.com/d/D6F… 2 / 2,sweep_b1_hits.csv
2026-09-05_13-23-41,qsh-alpha,wujfu.com,mariakeppel8,2026-09-05,https://www.threads.com/@mariakeppel8/post/Dc51ZTZI2Vp,https://wujfu.com/d/E2FD063F,,,8.0,wujfu.com,['qsh-alpha'],1,天道盟「鐵霸」深夜被捕！黑道人生起底，「驚人內幕」曝光 wujfu.com/d/E2F… 2 / 2,sweep_b1_hits.csv
2026-09-05_13-23-41,qsh-alpha,wujfu.com,aimuhui,2026-09-05,https://www.threads.com/@aimuhui/post/Dc5tZE0HYWD,https://wujfu.com/d/5E2B356B,,,0.0,wujfu.com,['qsh-alpha'],1,屏東少女圓夢有床了！200位義工自願南下免費打造22坪新家，一走進去她激動哭了：我終于可以好好睡覺 wujfu.com/d/5E2… 2 / 2,sweep_b1_hits.csv
2026-09-05_13-23-41,qsh-alpha,wujfu.com,hongrong74,2026-09-05,https://www.threads.com/@hongrong74/post/Dc5nYi2kX23,https://wujfu.com/d/FACF5980,,,0.0,wujfu.com,['qsh-alpha'],1,回到鄉下老家「改造240坪」農村自建房，歷時3年「變全村最美景點」屋內裝潢更驚艷! wujfu.com/d/FAC… 2 / 2,sweep_b1_hits.csv
2026-09-05_13-23-41,qsh-alpha,wujfu.com,zhuxiaowu3,2026-09-05,https://www.threads.com/@zhuxiaowu3/post/Dc5fEpZgc2c,https://wujfu.com/d/BFEAA91D,,,0.0,wujfu.com,['qsh-alpha'],1,最寵老婆的三大星座男，永遠把老婆放在第一位 wujfu.com/d/BFE… 2 / 2,sweep_b1_hits.csv
2026-09-05_13-23-41,qsh-alpha,wujfu.com,lailinlin0916,2026-09-05,https://www.threads.com/@lailinlin0916/post/Dc5Jg7ekQrk,https://wujfu.com/d/C0F170ED,,,0.0,wujfu.com,['qsh-alpha'],1,我這2年的變化：家電不再買貴的，家居用品盡量「斷舍離」 wujfu.com/d/C0F… 2 / 2,sweep_b1_hits.csv
2026-09-05_13-23-41,qsh-alpha,wujfu.com,zhuxiaowu3,2026-09-05,https://www.threads.com/@zhuxiaowu3/post/Dc5CG-cAbG1,https://wujfu.com/d/DBE70653,,,0.0,wujfu.com,['qsh-alpha'],1,忍人所不能忍，最能忍的星座TOP4，第一名是忍者神龜 wujfu.com/d/DBE… 2 / 2,sweep_b1_hits.csv
2026-09-05_13-23-41,qsh-alpha,wujfu.com,hongjingru96,2026-09-05,https://www.threads.com/@hongjingru96/post/Dc5CDAVkRtc,https://wujfu.com/d/3590F4FF,,,0.0,wujfu.com,['qsh-alpha'],1,陽台裝對了才叫黃金1㎡！8種「爆改方案+避坑指南」附實拍圖，看完直接抄作業 wujfu.com/d/359… 2 / 2,sweep_b1_hits.csv
2026-09-05_13-23-41,qsh-alpha,wujfu.com,lailinlin0916,2026-09-05,https://www.threads.com/@lailinlin0916/post/Dc4ukCjHd-6,https://wujfu.com/d/D7BDE8E3,,,0.0,wujfu.com,['qsh-alpha'],1,三寶媽裝修洗衣房：「洗曬、收納」一次完成，不再捧衣到處跑，超省力！ wujfu.com/d/D7B… 2 / 2,sweep_b1_hits.csv
2026-09-05_13-23-41,qsh-alpha,wujfu.com,hongjingru96,2026-09-05,https://www.threads.com/@hongjingru96/post/Dc4sVPcEzDq,https://wujfu.com/d/092AB19C,,,0.0,wujfu.com,['qsh-alpha'],1,"逃離城市去深山隱居，6年開荒3,630 坪，她獨自建造了一處世外桃源 wujfu.com/d/092… 2 / 2",sweep_b1_hits.csv
2026-09-05_13-23-41,qsh-alpha,wujfu.com,linpingyuan1,2026-09-04,https://www.threads.com/@linpingyuan1/post/Dc3T7SikgPa,https://wujfu.com/d/B615AD1F,,,0.0,wujfu.com,['qsh-alpha'],1,宋伊人慘了！新戲慘遭換角，網友發起「抵制運動」痛罵：抵制！拒看！ wujfu.com/d/B61… 2 / 2,sweep_b1_hits.csv
2026-09-05_13-23-41,qsh-alpha,wujfu.com,dunaykin.igor,2026-09-04,https://www.threads.com/@dunaykin.igor/post/Dc3Oj53CWE4,https://wujfu.com/d/9FD2458D,,,0.0,wujfu.com,['qsh-alpha'],1,土豆泥和青菜一起炒，軟糯可口，口感清脆，做法簡單，味道絕了 wujfu.com/d/9FD… 2 / 2,sweep_b1_hits.csv
2026-09-05_13-23-41,qsh-alpha,wujfu.com,hongjingru96,2026-09-04,https://www.threads.com/@hongjingru96/post/Dc281nHEf6v,https://wujfu.com/d/A2B002CC,,,0.0,wujfu.com,['qsh-alpha'],1,她隱居鄉村小屋，屋外花草環繞，屋內烹飪作畫，把生活過成一首詩 wujfu.com/d/A2B… 2 / 2,sweep_b1_hits.csv
2026-09-05_13-23-41,qsh-alpha,wujfu.com,rosewhittier6,2026-09-04,https://www.threads.com/@rosewhittier6/post/Dc2XrFTEz95,https://wujfu.com/d/1E809FD0,,,0.0,wujfu.com,['qsh-alpha'],1,譚敦慈認證：滷肉「加這一水果」半小時就軟爛！ 取代糖還更健康 wujfu.com/d/1E8… 2 / 2,sweep_b1_hits.csv
2026-09-05_13-23-41,qsh-alpha,wujfu.com,zhuxiaowu3,2026-09-04,https://www.threads.com/@zhuxiaowu3/post/Dc2RTB9AQMC,https://wujfu.com/d/1FEADF32,,,0.0,wujfu.com,['qsh-alpha'],1,一旦冷戰，就代表關係結束的三大星座，天秤座上榜 wujfu.com/d/1FE… 2 / 2,sweep_b1_hits.csv
2026-09-05_13-23-41,qsh-alpha,wujfu.com,zhuxiaowu3,2026-09-03,https://www.threads.com/@zhuxiaowu3/post/Dc0S4i3ICks,https://wujfu.com/d/B7765228,,,0.0,wujfu.com,['qsh-alpha'],1,最容易「日久生情」的三個星座，越相處越深愛，甚至離不開對方 wujfu.com/d/B77… 2 / 2,sweep_b1_hits.csv
2026-09-05_13-23-41,qsh-alpha,wujfu.com,zhuxiaowu3,2026-09-03,https://www.threads.com/@zhuxiaowu3/post/Dc0ILtRIMOt,https://wujfu.com/d/7B4F4A2F,,,0.0,wujfu.com,['qsh-alpha'],1,一旦不愛了，就會變絕情，從此形同陌路的三個星座！ wujfu.com/d/7B4… 2 / 2,sweep_b1_hits.csv
2026-09-05_13-23-41,qsh-alpha,wujfu.com,mariakeppel8,2026-09-03,https://www.threads.com/@mariakeppel8/post/Dczfc0mEkVO,https://wujfu.com/d/1A0C9584,,,0.0,wujfu.com,['qsh-alpha'],1,2億天價重建南鯤鯓牌樓！一切皆可換，唯獨保留「它」 wujfu.com/d/1A0… 2 / 2,sweep_b1_hits.csv
2026-09-05_13-23-41,qsh-alpha,wujfu.com,linpingyuan1,2026-09-02,https://www.threads.com/@linpingyuan1/post/Dcxy9SjEgSj,https://wujfu.com/d/AECF71F2,,,0.0,wujfu.com,['qsh-alpha'],1,有種「較量」叫張碧晨和華晨宇，孩子6歲了才發現，魔高一尺道高一丈 wujfu.com/d/AEC… 2 / 2,sweep_b1_hits.csv
2026-09-05_13-23-41,qsh-alpha,wujfu.com,dunaykin.igor,2026-09-02,https://www.threads.com/@dunaykin.igor/post/DcxtRqeEW35,https://wujfu.com/d/353EB6F8,,,1.0,wujfu.com,['qsh-alpha'],1,紅燒豬蹄配方，軟軟糯糯，配上大米飯可真是太美味了 wujfu.com/d/353… 2 / 2,sweep_b1_hits.csv
2026-09-05_13-23-41,qsh-alpha,wujfu.com,aimuhui,2026-09-02,https://www.threads.com/@aimuhui/post/DcxJBPsE8HW,https://wujfu.com/d/9B8A345D,,,0.0,wujfu.com,['qsh-alpha'],1,門口出現3雙鞋！她進去超商「目睹眼前一幕」瞬間懂了，網揪出「1細節」暖哭4萬人：最乾淨的修養 wujfu.com/d/9B8… 2 / 2,sweep_b1_hits.csv
2026-09-05_13-23-41,qsh-alpha,wujfu.com,liuyuqing929,2026-09-02,https://www.threads.com/@liuyuqing929/post/Dcw9mphk4XF,https://wujfu.com/d/E7AF6BDF,,,0.0,wujfu.com,['qsh-alpha'],1,陽台裝對了才叫黃金1㎡！8種「爆改方案+避坑指南」附實拍圖，看完直接抄作業 wujfu.com/d/E7A… 2 / 2,sweep_b1_hits.csv
2026-09-05_13-23-41,qsh-alpha,wujfu.com,dunaykin.igor,2026-09-01,https://www.threads.com/@dunaykin.igor/post/DcvvXbWG_CW,https://wujfu.com/d/398A33FB,,,0.0,wujfu.com,['qsh-alpha'],1,蒜香撲鼻的蒜蓉粉絲娃娃菜，簡單蒸一蒸，鮮到湯汁都舔干凈 wujfu.com/d/398… 2 / 2,sweep_b1_hits.csv
2026-09-05_13-23-41,qsh-alpha,wujfu.com,linpingyuan1,2026-09-01,https://www.threads.com/@linpingyuan1/post/DcvX4ZLEs5o,https://wujfu.com/d/9DB43D5B,,,15.0,wujfu.com,['qsh-alpha'],1,劉亦菲北京被偶遇！頭髮油膩很隨性，個子高腿很細，真人又瘦又美 wujfu.com/d/9DB… 2 / 2,sweep_b1_hits.csv
2026-09-05_13-23-41,qsh-alpha,wujfu.com,zhuxiaowu3,2026-09-01,https://www.threads.com/@zhuxiaowu3/post/DcuZ-mqAaiL,https://wujfu.com/d/E63EE272,,,0.0,wujfu.com,['qsh-alpha'],1,分手後不會打擾你，卻忍不住偷偷關注你的3大星座 wujfu.com/d/E63… 2 / 2,sweep_b1_hits.csv
2026-09-05_13-23-41,qsh-alpha,wujfu.com,zhuxiaowu3,2026-08-31,https://www.threads.com/@zhuxiaowu3/post/DcsSAPxoOW-,https://wujfu.com/d/40FDFCAA,,,0.0,wujfu.com,['qsh-alpha'],1,越心痛，反而越鎮定冷靜的3個星座，極度沉默就是極度的悲傷 wujfu.com/d/40F… 2 / 2,sweep_b1_hits.csv
2026-09-05_13-23-41,qsh-alpha,wujfu.com,dunaykin.igor,2026-08-31,https://www.threads.com/@dunaykin.igor/post/DcsFqNgiQLj,https://wujfu.com/d/D51C2E39,,,1.0,wujfu.com,['qsh-alpha'],1,巨簡單的日常涼拌雞腿蝦做法！蝦肉巨鮮嫩，饞哭了！ wujfu.com/d/D51… 2 / 2,sweep_b1_hits.csv
2026-09-05_13-23-41,qsh-alpha,wujfu.com,aimuhui,2026-08-31,https://www.threads.com/@aimuhui/post/Dcr1C1ak6Vc,https://wujfu.com/d/2940F712,,,0.0,wujfu.com,['qsh-alpha'],1,男子下班「撿22萬現金」，好心報警「將錢歸還」，失主卻說少了5萬！ wujfu.com/d/294… 2 / 2,sweep_b1_hits.csv
2026-09-05_13-23-41,qsh-alpha,wujfu.com,dunaykin.igor,2026-08-30,https://www.threads.com/@dunaykin.igor/post/DcqY7GXCTu7,https://wujfu.com/d/3C48D4D7,,,0.0,wujfu.com,['qsh-alpha'],1,都去做這道黃瓜拌豆腐，黃瓜清爽解膩，豆腐嫩滑入味，香辣過癮，低卡又美味！ wujfu.com/d/3C4… 2 / 2,sweep_b1_hits.csv
2026-09-05_13-23-41,qsh-alpha,wujfu.com,linpingyuan1,2026-08-30,https://www.threads.com/@linpingyuan1/post/DcqHWmjEiy7,https://wujfu.com/d/5EFD2EE4,,,0.0,wujfu.com,['qsh-alpha'],1,韓星紅毯眼前一黑！孫藝珍不仙了，玄彬像被牛舔了，宋慧喬演都不演了！ wujfu.com/d/5EF… 2 / 2,sweep_b1_hits.csv
2026-09-05_13-23-41,qsh-alpha,wujfu.com,zhuxiaowu3,2026-08-30,https://www.threads.com/@zhuxiaowu3/post/Dcp4dqtICTZ,https://wujfu.com/d/033E617E,,,0.0,wujfu.com,['qsh-alpha'],1,最溫柔的三大星座，她們發脾氣才更可怕！ wujfu.com/d/033… 2 / 2,sweep_b1_hits.csv
2026-09-05_13-23-41,qsh-alpha,wujfu.com,zhuxiaowu3,2026-08-30,https://www.threads.com/@zhuxiaowu3/post/DcpnMXfIJj2,https://wujfu.com/d/78D5265D,,,0.0,wujfu.com,['qsh-alpha'],1,千萬不要和四個星座分手，她們越變越好 wujfu.com/d/78D… 2 / 2,sweep_b1_hits.csv
2026-09-05_13-23-41,qsh-alpha,wujfu.com,ccz73928,2026-08-30,https://www.threads.com/@ccz73928/post/DcpOqWkD67I,https://wujfu.com/d/EAB34F45,,,1.0,wujfu.com,['qsh-alpha'],1,二次元必看OTAKU的動漫番劇，錯過一個你就虧大了 wujfu.com/d/EAB… 2 / 2,sweep_b1_hits.csv
2026-09-05_13-23-41,qsh-alpha,wujfu.com,aimuhui,2026-08-30,https://www.threads.com/@aimuhui/post/DcpMeQbk5jP,https://wujfu.com/d/D5EF7340,,,0.0,wujfu.com,['qsh-alpha'],1,39歲單親媽猝逝！獨留小四兒「抱冰櫃無助」哭喊：媽媽起來，「沒錢替母下葬」盼各界伸出援手 wujfu.com/d/D5E… 2 / 2,sweep_b1_hits.csv
2026-09-05_13-23-41,qsh-alpha,wujfu.com,dunaykin.igor,2026-08-29,https://www.threads.com/@dunaykin.igor/post/Dcn-Q__iZQt,https://wujfu.com/d/D208DF4A,,,0.0,wujfu.com,['qsh-alpha'],1,自打知道這個配方…我再也沒去過烤肉店！！ wujfu.com/d/D20… 2 / 2,sweep_b1_hits.csv
2026-09-05_13-23-41,qsh-alpha,wujfu.com,hongrong74,2026-08-29,https://www.threads.com/@hongrong74/post/DcnpFMKETd-,https://wujfu.com/d/F055C7F8,,,0.0,wujfu.com,['qsh-alpha'],1,小戶型救星！地台床隔出獨立臥室，空間利用率飆升！ wujfu.com/d/F05… 2 / 2,sweep_b1_hits.csv
2026-09-05_13-23-41,qsh-alpha,wujfu.com,dunaykin.igor,2026-08-29,https://www.threads.com/@dunaykin.igor/post/Dcm4_ICGxMx,https://wujfu.com/d/B11616BC,,,1.0,wujfu.com,['qsh-alpha'],1,豆腐絲這樣拌太絕了，做法超簡單，爽口入味，百吃不厭~ wujfu.com/d/B11… 2 / 2,sweep_b1_hits.csv
2026-09-05_13-23-41,qsh-alpha,wujfu.com,aimuhui,2026-08-29,https://www.threads.com/@aimuhui/post/Dcm2yMHk7eY,https://wujfu.com/d/04A44252,,,0.0,wujfu.com,['qsh-alpha'],1,屏東少女圓夢有床了！200位義工自願南下免費打造22坪新家，一走進去她激動哭了：我終于可以好好睡覺 wujfu.com/d/04A… 2 / 2,sweep_b1_hits.csv
2026-09-05_13-23-41,qsh-alpha,wujfu.com,mariakeppel8,2026-08-28,https://www.threads.com/@mariakeppel8/post/Dclpacam7_l,https://wujfu.com/d/A9B8C7CF,,,0.0,wujfu.com,['qsh-alpha'],1,台灣爆發1病毒「傳染力極強」！目前已7人死亡「無疫苗可打」 wujfu.com/d/A9B… 2 / 2,sweep_b1_hits.csv
2026-09-05_13-23-41,qsh-alpha,wujfu.com,dunaykin.igor,2026-08-28,https://www.threads.com/@dunaykin.igor/post/DcldpD0CVDJ,https://wujfu.com/d/41E9E128,,,0.0,wujfu.com,['qsh-alpha'],1,這個沙拉我吃一輩子都不膩！巨好吃掉秤！！！ wujfu.com/d/41E… 2 / 2,sweep_b1_hits.csv
2026-09-05_13-23-41,qsh-alpha,wujfu.com,dunaykin.igor,2026-08-28,https://www.threads.com/@dunaykin.igor/post/Dck7rPAEZXT,https://wujfu.com/d/7659C172,,,0.0,wujfu.com,['qsh-alpha'],1,荷包蛋娃娃菜豆腐湯，湯汁好鮮甜！清爽解膩，做法超簡單 wujfu.com/d/765… 2 / 2,sweep_b1_hits.csv
2026-09-05_13-23-41,qsh-alpha,wujfu.com,rosewhittier6,2026-08-28,https://www.threads.com/@rosewhittier6/post/DckysLdkyCM,https://wujfu.com/d/A0EE3C99,,,0.0,wujfu.com,['qsh-alpha'],1,90歲腫瘤專家：最好的抗癌運動是它！不是散步和跑步 wujfu.com/d/A0E… 2 / 2,sweep_b1_hits.csv
2026-09-05_13-23-41,qsh-alpha,wujfu.com,aimuhui,2026-08-28,https://www.threads.com/@aimuhui/post/DckTGueE_aj,https://wujfu.com/d/8DA1C6F5,,,0.0,wujfu.com,['qsh-alpha'],1,衝火場救女童！消防員1星期後「智力退化成3歲」，妻痛哭「他拿下防毒面罩」網哽咽：致敬英雄 wujfu.com/d/8DA… 2 / 2,sweep_b1_hits.csv
2026-09-05_13-23-41,qsh-alpha,wujfu.com,lailinlin0916,2026-08-28,https://www.threads.com/@lailinlin0916/post/DckIdkRE5DE,https://wujfu.com/d/51E828C5,,,0.0,wujfu.com,['qsh-alpha'],1,小臥室也可以空間極致利用！帶你揭秘「未來5年」將會流行的小臥室佈局，「空間不受限」動線更合理 wujfu.com/d/51E… 2 / 2,sweep_b1_hits.csv
2026-09-05_13-23-41,qsh-alpha,wujfu.com,linpingyuan1,2026-08-27,https://www.threads.com/@linpingyuan1/post/DciqFpbmxt4,https://wujfu.com/d/2ACA584C,,,0.0,wujfu.com,['qsh-alpha'],1,《唐詭3》10位美女顏值排名，公主沒上榜，喜君墊底，第1名太驚豔！ wujfu.com/d/2AC… 2 / 2,sweep_b1_hits.csv
2026-09-05_13-23-41,qsh-alpha,wujfu.com,zhuxiaowu3,2026-08-27,https://www.threads.com/@zhuxiaowu3/post/Dch330xoEmq,https://wujfu.com/d/A87AF818,,,0.0,wujfu.com,['qsh-alpha'],1,一旦生了氣，就會無視對方的三大星座，他們太冷暴力 wujfu.com/d/A87… 2 / 2,sweep_b1_hits.csv
2026-09-05_13-23-41,qsh-alpha,wujfu.com,dunaykin.igor,2026-08-27,https://www.threads.com/@dunaykin.igor/post/DchuNmbia7p,https://wujfu.com/d/03B74C74,,,1.0,wujfu.com,['qsh-alpha'],1,這蘿卜牛腩煲的配方夠我吹一輩子！牛腩軟爛入味，蘿卜鮮嫩爆汁，真的很絕！ wujfu.com/d/03B… 2 / 2,sweep_b1_hits.csv
2026-09-05_13-23-41,qsh-alpha,wujfu.com,aimuhui,2026-08-27,https://www.threads.com/@aimuhui/post/DchhsVtk6z5,https://wujfu.com/d/F62A229E,,,0.0,wujfu.com,['qsh-alpha'],1,19歲男孩堅強到讓人心痛！靠跑外送還債樂觀喊：我有學上，有阿嬤 wujfu.com/d/F62… 2 / 2,sweep_b1_hits.csv
2026-09-05_13-23-41,qsh-alpha,wujfu.com,ccz73928,2026-08-27,https://www.threads.com/@ccz73928/post/DcheFqMD2zc,https://wujfu.com/d/E9510523,,,0.0,wujfu.com,['qsh-alpha'],1,校園愛情冷門番絕了！高冷學霸×笨蛋天才的爆甜戀愛！ wujfu.com/d/E95… 2 / 2,sweep_b1_hits.csv
2026-09-05_13-23-41,qsh-alpha,wujfu.com,dunaykin.igor,2026-08-26,https://www.threads.com/@dunaykin.igor/post/DcgKG23CQii,https://wujfu.com/d/8A2AF353,,,1.0,wujfu.com,['qsh-alpha'],1,椒鹽蒜香排骨，做法簡單，外酥里嫩！好吃到停不下來 wujfu.com/d/8A2… 2 / 2,sweep_b1_hits.csv
2026-09-05_13-23-41,qsh-alpha,wujfu.com,linpingyuan1,2026-08-26,https://www.threads.com/@linpingyuan1/post/Dcf88hnG0dr,https://wujfu.com/d/AA2FFC2D,,,0.0,wujfu.com,['qsh-alpha'],1,才宣佈年底辦演唱會！45歲蔡依林「證實罹患1惡疾」醫生警告：「恐中風、心肌梗塞」 wujfu.com/d/AA2… 2 / 2,sweep_b1_hits.csv
2026-09-05_13-23-41,qsh-alpha,wujfu.com,aimuhui,2026-08-26,https://www.threads.com/@aimuhui/post/DcfwT4Rk-sc,https://wujfu.com/d/D4A46C61,,,0.0,wujfu.com,['qsh-alpha'],1,門口出現3雙鞋！她進去超商「目睹眼前一幕」瞬間懂了，網揪出「1細節」暖哭4萬人：最乾淨的修養 wujfu.com/d/D4A… 2 / 2,sweep_b1_hits.csv
2026-09-05_13-23-41,qsh-alpha,wujfu.com,dunaykin.igor,2026-08-26,https://www.threads.com/@dunaykin.igor/post/DcfLFb4myu-,https://wujfu.com/d/ABD6907A,,,1.0,wujfu.com,['qsh-alpha'],1,皮薄餡足的家常肉蛋薄餅！喧軟勁道，吃上一口超滿足，超簡單快學！ wujfu.com/d/ABD… 2 / 2,sweep_b1_hits.csv
2026-09-05_13-23-41,qsh-alpha,wujfu.com,hongjingru96,2026-08-26,https://www.threads.com/@hongjingru96/post/Dce9lYqk__h,https://wujfu.com/d/11CE8A94,,,0.0,wujfu.com,['qsh-alpha'],1,陽台裝對了才叫黃金1㎡！8種「爆改方案+避坑指南」附實拍圖，看完直接抄作業 wujfu.com/d/11C… 2 / 2,sweep_b1_hits.csv
2026-09-05_13-23-41,qsh-alpha,wujfu.com,lailinlin0916,2026-08-26,https://www.threads.com/@lailinlin0916/post/Dce5zu-E1Kx,https://wujfu.com/d/209F151D,,,0.0,wujfu.com,['qsh-alpha'],1,朋友的「斷舍離」新家火了，全屋傢俱不超過8件，清新又敞亮！ wujfu.com/d/209… 2 / 2,sweep_b1_hits.csv
2026-09-05_13-23-41,qsh-alpha,wujfu.com,aimuhui,2026-08-25,https://www.threads.com/@aimuhui/post/Dcd581fk832,https://wujfu.com/d/9978DB7C,,,0.0,wujfu.com,['qsh-alpha'],1,領第一份薪水回家「買手機給媽媽」，女兒返程意外瞥見「一封信」，網讚：看完我也哭了 wujfu.com/d/997… 2 / 2,sweep_b1_hits.csv
2026-09-05_13-23-41,qsh-alpha,wujfu.com,linpingyuan1,2026-08-25,https://www.threads.com/@linpingyuan1/post/DcdY8-pkrFW,https://wujfu.com/d/DAC16011,,,2.0,wujfu.com,['qsh-alpha'],1,香港知名天後患乳癌怕死，絕不吃預製菜，孫兒因腦癌至今不能說話 wujfu.com/d/DAC… 2 / 2,sweep_b1_hits.csv
2026-09-05_13-23-41,qsh-alpha,wujfu.com,dunaykin.igor,2026-08-25,https://www.threads.com/@dunaykin.igor/post/DcdQQ2YkSwN,https://wujfu.com/d/780E2A6F,,,0.0,wujfu.com,['qsh-alpha'],1,這才是「韭菜盒子」的正確做法，不揉面不搟面，薄皮大餡太香了，上桌秒光！ wujfu.com/d/780… 2 / 2,sweep_b1_hits.csv
2026-09-05_13-23-41,qsh-alpha,wujfu.com,dunaykin.igor,2026-08-25,https://www.threads.com/@dunaykin.igor/post/DcckfXriTy2,https://wujfu.com/d/ECE5989E,,,2.0,wujfu.com,['qsh-alpha'],1,答應我，一定要試試這個炒河粉！油潤噴香，怎麼都吃不膩 wujfu.com/d/ECE… 2 / 2,sweep_b1_hits.csv
2026-09-05_13-23-41,qsh-alpha,wujfu.com,dunaykin.igor,2026-08-24,https://www.threads.com/@dunaykin.igor/post/Dca983bCS6c,https://wujfu.com/d/BDD3AFAC,,,0.0,wujfu.com,['qsh-alpha'],1,我愿稱之為涼拌黃瓜天花板！沒人能拒絕這個吃法，太愛了 wujfu.com/d/BDD… 2 / 2,sweep_b1_hits.csv
2026-09-05_13-23-41,qsh-alpha,wujfu.com,aimuhui,2026-08-24,https://www.threads.com/@aimuhui/post/DcaTPUbE63Q,https://wujfu.com/d/DAC60184,,,0.0,wujfu.com,['qsh-alpha'],1,買不起球鞋！11歲女孩「膠布纏腳當鞋」還畫NIKE勾勾，忍痛奪3金牌「球鞋廠商得知後」結局太感人 wujfu.com/d/DAC… 2 / 2,sweep_b1_hits.csv
2026-09-05_13-23-41,qsh-alpha,wujfu.com,dunaykin.igor,2026-08-24,https://www.threads.com/@dunaykin.igor/post/DcaAklYiQB4,https://wujfu.com/d/7F27C14E,,,0.0,wujfu.com,['qsh-alpha'],1,糖醋櫻桃肉｜酸甜酥脆一口淪陷！雞胸肉的神仙吃法，外酥里嫩爆汁絕了！ wujfu.com/d/7F2… 2 / 2,sweep_b1_hits.csv
2026-09-05_13-23-41,qsh-alpha,wujfu.com,aimuhui,2026-08-24,https://www.threads.com/@aimuhui/post/DcZvuUQEwHl,https://wujfu.com/d/55738EA0,,,0.0,wujfu.com,['qsh-alpha'],1,高中生慶生「包下半個火鍋店」唱歌超大聲！女學生「突起身舉動」萬人暖推：台灣教育還有救 wujfu.com/d/557… 2 / 2,sweep_b1_hits.csv
2026-09-05_13-23-41,qsh-alpha,wujfu.com,aimuhui,2026-08-23,https://www.threads.com/@aimuhui/post/DcYtnQ_ky1T,https://wujfu.com/d/C1581F33,,,0.0,wujfu.com,['qsh-alpha'],1,捨命也要救人！幼稚園老師「衝回濃煙車」緊抱4孩走了　30年忌日「竹聯幫也敬佩」：是真正英雄 wujfu.com/d/C15… 2 / 2,sweep_b1_hits.csv
2026-09-05_13-23-41,qsh-alpha,wujfu.com,rosewhittier6,2026-08-23,https://www.threads.com/@rosewhittier6/post/DcX8sLWk0wt,https://wujfu.com/d/DA5CAE23,,,0.0,wujfu.com,['qsh-alpha'],1,生薑加綠豆太厲害了，不出2周，膝蓋不疼了，滑膜炎積液也緩解了 wujfu.com/d/DA5… 2 / 2,sweep_b1_hits.csv
2026-09-05_13-23-41,qsh-alpha,wujfu.com,lailinlin0916,2026-08-23,https://www.threads.com/@lailinlin0916/post/DcXWwKFE_om,https://wujfu.com/d/445D805B,,,0.0,wujfu.com,['qsh-alpha'],1,陽台裝對了才叫黃金1㎡！8種「爆改方案+避坑指南」附實拍圖，看完直接抄作業 wujfu.com/d/445… 2 / 2,sweep_b1_hits.csv
2026-09-05_13-23-41,qsh-alpha,wujfu.com,dunaykin.igor,2026-08-22,https://www.threads.com/@dunaykin.igor/post/DcVwDyJCQ_R,https://wujfu.com/d/DD558852,,,0.0,wujfu.com,['qsh-alpha'],1,醬香豆腐雞蛋，真的巨好吃！豆腐巨嫩滑，香辣好吃巨絕，做法超簡單 wujfu.com/d/DD5… 2 / 2,sweep_b1_hits.csv
2026-09-05_13-23-41,qsh-alpha,wujfu.com,hongjingru96,2026-08-22,https://www.threads.com/@hongjingru96/post/DcVUjFIE6pU,https://wujfu.com/d/9081C7EA,,,0.0,wujfu.com,['qsh-alpha'],1,朋友的「斷舍離」新家火了，全屋傢俱不超過8件，清新又敞亮！ wujfu.com/d/908… 2 / 2,sweep_b1_hits.csv
2026-09-05_13-23-41,qsh-alpha,wujfu.com,zhuxiaowu3,2026-08-22,https://www.threads.com/@zhuxiaowu3/post/DcVIASSIFts,https://wujfu.com/d/3D2F53D9,,,0.0,wujfu.com,['qsh-alpha'],1,分手後不會打擾你，卻忍不住偷偷關注你的3大星座 wujfu.com/d/3D2… 2 / 2,sweep_b1_hits.csv
2026-09-05_13-23-41,qsh-alpha,wujfu.com,zhuxiaowu3,2026-08-22,https://www.threads.com/@zhuxiaowu3/post/DcU50dzFF7N,https://wujfu.com/d/66E66F30,,,0.0,wujfu.com,['qsh-alpha'],1,有了新歡，立馬就能放下舊愛的三大星座，很善變，很多情！ wujfu.com/d/66E… 2 / 2,sweep_b1_hits.csv
2026-09-05_13-23-41,qsh-alpha,wujfu.com,dunaykin.igor,2026-08-22,https://www.threads.com/@dunaykin.igor/post/DcU23gCiZO5,https://wujfu.com/d/D67F1048,,,0.0,wujfu.com,['qsh-alpha'],1,大蒜中倒入雪碧，原來飯店的糖蒜都是這樣腌的，酸甜脆爽超好吃 wujfu.com/d/D67… 2 / 2,sweep_b1_hits.csv
2026-09-05_13-23-41,qsh-alpha,wujfu.com,linpingyuan1,2026-08-22,https://www.threads.com/@linpingyuan1/post/DcU0kj2G5kI,https://wujfu.com/d/767580A4,,,0.0,wujfu.com,['qsh-alpha'],1,天王也會老！張學友64歲近照曝光！外貌變化引粉絲心疼！ wujfu.com/d/767… 2 / 2,sweep_b1_hits.csv
2026-09-05_13-23-41,qsh-alpha,wujfu.com,dunaykin.igor,2026-08-21,https://www.threads.com/@dunaykin.igor/post/DcTE5f_lKgX,https://wujfu.com/d/58DEFBFC,,,1.0,wujfu.com,['qsh-alpha'],1,南瓜加豆腐這樣做真是絕配，一次就愛上了，口感綿密鮮鹹好喝！一次能喝兩大碗 wujfu.com/d/58D… 2 / 2,sweep_b1_hits.csv
2026-09-05_13-23-41,qsh-alpha,wujfu.com,hongrong74,2026-08-21,https://www.threads.com/@hongrong74/post/DcSwhm8E5kp,https://wujfu.com/d/57EFACCC,,,0.0,wujfu.com,['qsh-alpha'],1,小臥室也可以空間極致利用！帶你揭秘「未來5年」將會流行的小臥室佈局，「空間不受限」動線更合理 wujfu.com/d/57E… 2 / 2,sweep_b1_hits.csv
2026-09-05_13-23-41,qsh-alpha,wujfu.com,aimuhui,2026-08-21,https://www.threads.com/@aimuhui/post/DcStF5IkwA8,https://wujfu.com/d/55D02E3E,,,0.0,wujfu.com,['qsh-alpha'],1,台南買4個便當270元！她打開嚇愣，老闆道歉：「菜很貴」 wujfu.com/d/55D… 2 / 2,sweep_b1_hits.csv
2026-09-05_13-23-41,qsh-alpha,wujfu.com,dunaykin.igor,2026-08-21,https://www.threads.com/@dunaykin.igor/post/DcSp8MjkmrX,https://wujfu.com/d/6E072765,,,0.0,wujfu.com,['qsh-alpha'],1,免揉麵！這款「香蔥恰巴塔」香到讓人站不穩，簡單易上手 wujfu.com/d/6E0… 2 / 2,sweep_b1_hits.csv
2026-09-05_13-23-41,qsh-alpha,wujfu.com,linpingyuan1,2026-08-21,https://www.threads.com/@linpingyuan1/post/DcSSMKCklIL,https://wujfu.com/d/5C3434F4,,,0.0,wujfu.com,['qsh-alpha'],1,丁一宇送別李順載，靈堂前哭的泣不成聲，河智苑為李順載誦唸悼詞 wujfu.com/d/5C3… 2 / 2,sweep_b1_hits.csv
2026-09-05_13-23-41,qsh-alpha,wujfu.com,aimuhui,2026-08-21,https://www.threads.com/@aimuhui/post/DcSOXVYEx43,https://wujfu.com/d/A313D950,,,0.0,wujfu.com,['qsh-alpha'],1,感謝人間菩薩！陳樹菊「選在媽媽59年忌日」再捐天價金額：兩手空空又如何，我只是把賺到的錢再拿出來 wujfu.com/d/A31… 2 / 2,sweep_b1_hits.csv
2026-09-05_13-23-41,qsh-alpha,wujfu.com,lailinlin0916,2026-08-21,https://www.threads.com/@lailinlin0916/post/DcSE1lmk1e7,https://wujfu.com/d/03735716,,,0.0,wujfu.com,['qsh-alpha'],1,僅花 11 萬，貨櫃華麗轉身，15㎡空間成超贊 「迷你別墅」 wujfu.com/d/037… 2 / 2,sweep_b1_hits.csv
2026-09-05_13-23-41,qsh-alpha,wujfu.com,zhuxiaowu3,2026-08-21,https://www.threads.com/@zhuxiaowu3/post/DcSDJmMAZcq,https://wujfu.com/d/819551EE,,,0.0,wujfu.com,['qsh-alpha'],1,一旦不開心，就特別安靜的三大星座 wujfu.com/d/819… 2 / 2,sweep_b1_hits.csv
2026-09-05_13-23-41,qsh-alpha,wujfu.com,dunaykin.igor,2026-08-20,https://www.threads.com/@dunaykin.igor/post/DcQ8ZftCWX7,https://wujfu.com/d/CD927ECC,,,0.0,wujfu.com,['qsh-alpha'],1,上桌秒光！我家連吃三天的韭菜雞蛋餅，皮薄餡多秘訣公開，保證一做就成功 wujfu.com/d/CD9… 2 / 2,sweep_b1_hits.csv
2026-09-05_13-23-41,qsh-alpha,wujfu.com,aimuhui,2026-08-20,https://www.threads.com/@aimuhui/post/DcQsALVk0jT,https://wujfu.com/d/E14DAC7A,,,0.0,wujfu.com,['qsh-alpha'],1,完全沒生意！駝背爺爺「路邊擺攤賣甜點」苦等客人上門「累到忍不住打瞌睡」網號召消費 wujfu.com/d/E14… 2 / 2,sweep_b1_hits.csv
2026-09-05_13-23-41,qsh-alpha,wujfu.com,linpingyuan1,2026-08-20,https://www.threads.com/@linpingyuan1/post/DcQLU2Kktmt,https://wujfu.com/d/DEFC272D,,,0.0,wujfu.com,['qsh-alpha'],1,李順載告別儀式：韓國總統送花圈，李昇基宋承憲現身悼念，金英玉哭成淚人 wujfu.com/d/DEF… 2 / 2,sweep_b1_hits.csv
2026-09-05_13-23-41,qsh-alpha,wujfu.com,zhuxiaowu3,2026-08-20,https://www.threads.com/@zhuxiaowu3/post/DcP6gIvoA4A,https://wujfu.com/d/022757E7,,,0.0,wujfu.com,['qsh-alpha'],1,最溫柔的三大星座，她們發脾氣才更可怕！ wujfu.com/d/022… 2 / 2,sweep_b1_hits.csv
2026-09-05_13-23-41,qsh-alpha,wujfu.com,rosewhittier6,2026-08-19,https://www.threads.com/@rosewhittier6/post/DcOIwLDExoG,https://wujfu.com/d/182FEC98,,,0.0,wujfu.com,['qsh-alpha'],1,菠菜和它一起煮，勝過吃補藥！眼睛明亮視力好，老花眼、血脂膽固醇全都降了 wujfu.com/d/182… 2 / 2,sweep_b1_hits.csv
2026-09-05_13-23-41,qsh-alpha,wujfu.com,zhuxiaowu3,2026-08-19,https://www.threads.com/@zhuxiaowu3/post/DcNzzA2oAJy,https://wujfu.com/d/E8BD3262,,,0.0,wujfu.com,['qsh-alpha'],1,「就想在你身邊陪著你~」愛你就會賴上你的3個星座，一輩子纏著你，不放手 wujfu.com/d/E8B… 2 / 2,sweep_b1_hits.csv
2026-09-05_13-23-41,qsh-alpha,wujfu.com,dunaykin.igor,2026-08-19,https://www.threads.com/@dunaykin.igor/post/DcNc8U1kaj3,https://wujfu.com/d/B4BFD3EB,,,0.0,wujfu.com,['qsh-alpha'],1,豆腐金針菇這麼做巨好吃！麻辣鮮香，鮮美多汁，低卡低脂，快試試！ wujfu.com/d/B4B… 2 / 2,sweep_b1_hits.csv
2026-09-05_13-23-41,qsh-alpha,wujfu.com,hongrong74,2026-08-19,https://www.threads.com/@hongrong74/post/DcNav2DkzmE,https://wujfu.com/d/A07DEF60,,,0.0,wujfu.com,['qsh-alpha'],1,陽台裝對了才叫黃金1㎡！8種「爆改方案+避坑指南」附實拍圖，看完直接抄作業 wujfu.com/d/A07… 2 / 2,sweep_b1_hits.csv
2026-09-05_13-23-41,qsh-alpha,wujfu.com,hongjingru96,2026-08-19,https://www.threads.com/@hongjingru96/post/DcNNcYgE8QL,https://wujfu.com/d/B1AE3A28,,,0.0,wujfu.com,['qsh-alpha'],1,回到鄉下老家「改造240坪」農村自建房，歷時3年「變全村最美景點」屋內裝潢更驚艷! wujfu.com/d/B1A… 2 / 2,sweep_b1_hits.csv
2026-09-05_13-23-41,qsh-alpha,wujfu.com,dunaykin.igor,2026-08-19,https://www.threads.com/@dunaykin.igor/post/DcNG7UWiVcy,https://wujfu.com/d/4B53AF72,,,0.0,wujfu.com,['qsh-alpha'],1,媽媽做的番茄雞蛋面魚，茄汁超濃鬱，酸酸甜甜還Q彈，飽腹感好強！ wujfu.com/d/4B5… 2 / 2,sweep_b1_hits.csv
2026-09-05_13-23-41,qsh-alpha,wujfu.com,linpingyuan1,2026-08-19,https://www.threads.com/@linpingyuan1/post/DcNGmOEkoJt,https://wujfu.com/d/7E848780,,,0.0,wujfu.com,['qsh-alpha'],1,一場頒獎典禮，人情冷暖、江湖地位，在周潤發身上體現得淋漓盡致 wujfu.com/d/7E8… 2 / 2,sweep_b1_hits.csv
2026-09-05_13-23-41,qsh-alpha,wujfu.com,dunaykin.igor,2026-08-18,https://www.threads.com/@dunaykin.igor/post/DcLRJBRiTyX,https://wujfu.com/d/36E6485A,,,0.0,wujfu.com,['qsh-alpha'],1,比肉還香的青椒炒土豆片！巨下飯！大人小孩都愛吃 wujfu.com/d/36E… 2 / 2,sweep_b1_hits.csv
2026-09-05_13-23-41,qsh-alpha,wujfu.com,linpingyuan1,2026-08-18,https://www.threads.com/@linpingyuan1/post/DcLKQylEvy4,https://wujfu.com/d/885C1378,,,0.0,wujfu.com,['qsh-alpha'],1,這些香港演員竟是真阿sir！陳惠敏曾在懲教署當獄警，最厲害的是陳欣健，從「見習督察」升至「警司」 wujfu.com/d/885… 2 / 2,sweep_b1_hits.csv
2026-09-05_13-23-41,qsh-alpha,wujfu.com,dunaykin.igor,2026-08-18,https://www.threads.com/@dunaykin.igor/post/DcK8MdTEcLE,https://wujfu.com/d/472EAB8E,,,0.0,wujfu.com,['qsh-alpha'],1,感覺以前的雞腿都白吃了，這個蔥油燜雞真的太好吃了，滿屋飄香！ wujfu.com/d/472… 2 / 2,sweep_b1_hits.csv
2026-09-05_13-23-41,qsh-alpha,wujfu.com,zhuxiaowu3,2026-08-18,https://www.threads.com/@zhuxiaowu3/post/DcK4I7zIOT4,https://wujfu.com/d/4E6921F9,,,0.0,wujfu.com,['qsh-alpha'],1,最深藏不露的4大星座，明明很聰明，卻喜歡裝傻 wujfu.com/d/4E6… 2 / 2,sweep_b1_hits.csv
2026-09-05_13-23-41,qsh-alpha,wujfu.com,liuyuqing929,2026-08-18,https://www.threads.com/@liuyuqing929/post/DcKSP0Pk0o7,https://wujfu.com/d/F80F7B29,,,0.0,wujfu.com,['qsh-alpha'],1,小臥室也可以空間極致利用！帶你揭秘「未來5年」將會流行的小臥室佈局，「空間不受限」動線更合理 wujfu.com/d/F80… 2 / 2,sweep_b1_hits.csv
2026-09-05_13-23-41,qsh-alpha,wujfu.com,linpingyuan1,2026-08-17,https://www.threads.com/@linpingyuan1/post/DcJLWRwElQS,https://wujfu.com/d/F0D2368C,,,0.0,wujfu.com,['qsh-alpha'],1,周潤發也沒想到，古天樂會因香港火災後一特殊舉動，實現口碑暴漲 wujfu.com/d/F0D… 2 / 2,sweep_b1_hits.csv
2026-09-05_13-23-41,qsh-alpha,wujfu.com,dunaykin.igor,2026-08-17,https://www.threads.com/@dunaykin.igor/post/DcJGO8iiQij,https://wujfu.com/d/058C7413,,,0.0,wujfu.com,['qsh-alpha'],1,鮮美低脂的冬瓜雞腿煲真的是太香了，巨掉秤！鮮美嫩滑，湯汁濃鬱 wujfu.com/d/058… 2 / 2,sweep_b1_hits.csv
2026-09-05_13-23-41,qsh-alpha,wujfu.com,mariakeppel8,2026-08-17,https://www.threads.com/@mariakeppel8/post/DcJCInsI3Nv,https://wujfu.com/d/1024FBA3,,,0.0,wujfu.com,['qsh-alpha'],1,泰國最美「人妖皇后」！富商花重金娶回家稱：不生娃也沒關係，多年後「現狀」全網看呆 wujfu.com/d/102… 2 / 2,sweep_b1_hits.csv
2026-09-05_13-23-41,qsh-alpha,wujfu.com,aimuhui,2026-08-17,https://www.threads.com/@aimuhui/post/DcJBvNJk84E,https://wujfu.com/d/301A711A,,,0.0,wujfu.com,['qsh-alpha'],1,放棄台大被當笑話！學霸選清華冷門系，15年後「超狂成就」讓全台閉嘴：當初的選擇終獲回報 wujfu.com/d/301… 2 / 2,sweep_b1_hits.csv
2026-09-05_13-23-41,qsh-alpha,wujfu.com,zhuxiaowu3,2026-08-17,https://www.threads.com/@zhuxiaowu3/post/DcIhZy6AXG3,https://wujfu.com/d/76F9B3B9,,,0.0,wujfu.com,['qsh-alpha'],1,一旦生了氣，就會無視對方的三大星座，他們太冷暴力 wujfu.com/d/76F… 2 / 2,sweep_b1_hits.csv
2026-09-05_13-23-41,qsh-alpha,wujfu.com,dunaykin.igor,2026-08-17,https://www.threads.com/@dunaykin.igor/post/DcIAv3UCePM,https://wujfu.com/d/74B13312,,,0.0,wujfu.com,['qsh-alpha'],1,雞腿別再煮著吃了，試試這樣做！蔥香濃鬱，鮮嫩多汁，好吃到舔盤子！ wujfu.com/d/74B… 2 / 2,sweep_b1_hits.csv
2026-09-05_13-23-41,qsh-alpha,wujfu.com,rosewhittier6,2026-08-17,https://www.threads.com/@rosewhittier6/post/DcHu_0mk140,https://wujfu.com/d/D2C1ADCB,,,0.0,wujfu.com,['qsh-alpha'],1,脂肪肝最怕1種運動！每天3分鐘「脂肪消的快」勝過走路3千米　堅持下去「改善血液循環」還防心梗 wujfu.com/d/D2C… 2 / 2,sweep_b1_hits.csv
2026-09-05_13-23-41,qsh-alpha,wujfu.com,liuyuqing929,2026-08-17,https://www.threads.com/@liuyuqing929/post/DcHty6hk9-l,https://wujfu.com/d/7ABBDE27,,,0.0,wujfu.com,['qsh-alpha'],1,90后夫婦住28坪老宅：不上班，過隱居的田園生活，悠閑自在，羨慕 wujfu.com/d/7AB… 2 / 2,sweep_b1_hits.csv
2026-09-05_13-23-41,qsh-alpha,wujfu.com,lailinlin0916,2026-08-16,https://www.threads.com/@lailinlin0916/post/DcGLtlvE6Rn,https://wujfu.com/d/68F4C660,,,0.0,wujfu.com,['qsh-alpha'],1,陽台裝對了才叫黃金1㎡！8種「爆改方案+避坑指南」附實拍圖，看完直接抄作業 wujfu.com/d/68F… 2 / 2,sweep_b1_hits.csv
2026-09-05_13-23-41,qsh-alpha,wujfu.com,mariakeppel8,2026-08-15,https://www.threads.com/@mariakeppel8/post/DcFHWZTIx4H,https://wujfu.com/d/40A0D624,,,0.0,wujfu.com,['qsh-alpha'],1,中年女人肚子有肉就別再上衣塞褲腰了！學日本主婦這樣穿，不美算我輸 wujfu.com/d/40A… 2 / 2,sweep_b1_hits.csv
2026-09-05_13-23-41,qsh-alpha,wujfu.com,dunaykin.igor,2026-08-15,https://www.threads.com/@dunaykin.igor/post/DcD0Mb_m4-j,https://wujfu.com/d/D5FC7376,,,1.0,wujfu.com,['qsh-alpha'],1,番茄娃娃菜粉絲煲，巨好吃，湯汁茄香濃鬱，酸酸的清爽解膩！ wujfu.com/d/D5F… 2 / 2,sweep_b1_hits.csv
2026-09-05_13-23-41,qsh-alpha,wujfu.com,lailinlin0916,2026-08-15,https://www.threads.com/@lailinlin0916/post/DcDeUBPk5Ye,https://wujfu.com/d/19625870,,,0.0,wujfu.com,['qsh-alpha'],1,小臥室也可以空間極致利用！帶你揭秘「未來5年」將會流行的小臥室佈局，「空間不受限」動線更合理 wujfu.com/d/196… 2 / 2,sweep_b1_hits.csv
2026-09-05_13-23-41,qsh-alpha,wujfu.com,dunaykin.igor,2026-08-15,https://www.threads.com/@dunaykin.igor/post/DcC3YFSiUcr,https://wujfu.com/d/1E5AA8C4,,,1.0,wujfu.com,['qsh-alpha'],1,這道素菜比肉還好吃，營養豐富，醬香濃鬱！ wujfu.com/d/1E5… 2 / 2,sweep_b1_hits.csv
2026-09-05_13-23-41,qsh-alpha,wujfu.com,rosewhittier6,2026-08-15,https://www.threads.com/@rosewhittier6/post/DcCkCJYE7uK,https://wujfu.com/d/1145EFA5,,,0.0,wujfu.com,['qsh-alpha'],1,一劑治結石最好的方子，排石化石，比手術刀更鋒利 wujfu.com/d/114… 2 / 2,sweep_b1_hits.csv
2026-09-05_13-23-41,qsh-alpha,wujfu.com,dunaykin.igor,2026-08-14,https://www.threads.com/@dunaykin.igor/post/DcBXWhsCZ2s,https://wujfu.com/d/87A73EDC,,,0.0,wujfu.com,['qsh-alpha'],1,醬香濃郁的辣椒炒豆腐泡，豆泡一口瀑汁，香辣入味，給肉都不換 wujfu.com/d/87A… 2 / 2,sweep_b1_hits.csv
2026-09-05_13-23-41,qsh-alpha,wujfu.com,zhuxiaowu3,2026-08-14,https://www.threads.com/@zhuxiaowu3/post/DcAB-D_gQLO,https://wujfu.com/d/F902D800,,,0.0,wujfu.com,['qsh-alpha'],1,最容易「日久生情」的三個星座，越相處越深愛，甚至離不開對方 wujfu.com/d/F90… 2 / 2,sweep_b1_hits.csv
2026-09-05_13-23-41,qsh-alpha,wujfu.com,ccz73928,2026-08-13,https://www.threads.com/@ccz73928/post/Db-m-vuD2SR,https://wujfu.com/d/6C69FDF8,,,0.0,wujfu.com,['qsh-alpha'],1,推薦5部高分番劇，必看神作！必看！ wujfu.com/d/6C6… 2 / 2,sweep_b1_hits.csv
2026-09-05_13-23-41,qsh-alpha,wujfu.com,dunaykin.igor,2026-08-13,https://www.threads.com/@dunaykin.igor/post/Db-l0QVm_Ji,https://wujfu.com/d/3695AB16,,,0.0,wujfu.com,['qsh-alpha'],1,酸爽開胃驚艷四座的秘制腌綠蘿卜！香料熬汁古法新做，宴客涼菜封神之作 wujfu.com/d/369… 2 / 2,sweep_b1_hits.csv
2026-09-05_13-23-41,qsh-alpha,wujfu.com,zhuxiaowu3,2026-08-13,https://www.threads.com/@zhuxiaowu3/post/Db-KjXsG9ae,https://wujfu.com/d/C97A9E63,,,0.0,wujfu.com,['qsh-alpha'],1,一旦對你失望了，餘生不再打擾的三大星座 wujfu.com/d/C97… 2 / 2,sweep_b1_hits.csv
2026-09-05_13-23-41,qsh-alpha,wujfu.com,hongrong74,2026-08-13,https://www.threads.com/@hongrong74/post/Db-GwlgkxYZ,https://wujfu.com/d/031FB283,,,0.0,wujfu.com,['qsh-alpha'],1,陽台裝對了才叫黃金1㎡！8種「爆改方案+避坑指南」附實拍圖，看完直接抄作業 wujfu.com/d/031… 2 / 2,sweep_b1_hits.csv
2026-09-05_13-23-41,qsh-alpha,wujfu.com,linpingyuan1,2026-08-13,https://www.threads.com/@linpingyuan1/post/Db9pOxNm2oN,https://wujfu.com/d/4AB51EEC,,,0.0,wujfu.com,['qsh-alpha'],1,胡歌首次公開談二胎，更偏心女兒引發熱議，得知真相後讓黑粉沉默 wujfu.com/d/4AB… 2 / 2,sweep_b1_hits.csv
2026-09-05_13-23-41,qsh-alpha,wujfu.com,zhuxiaowu3,2026-08-13,https://www.threads.com/@zhuxiaowu3/post/Db9epzsCVz5,https://wujfu.com/d/D73A33EE,,,0.0,wujfu.com,['qsh-alpha'],1,一定要把握的三個星座，因為他是全世界對你最癡心的人，絕對不會背叛你 wujfu.com/d/D73… 2 / 2,sweep_b1_hits.csv
2026-09-05_13-23-41,qsh-alpha,wujfu.com,dunaykin.igor,2026-08-12,https://www.threads.com/@dunaykin.igor/post/Db7jexmkXyy,https://wujfu.com/d/98DB8939,,,1.0,wujfu.com,['qsh-alpha'],1,肉沫土豆這也太下飯了！直接拌著米飯連吃3碗，香辣入味停不下來 wujfu.com/d/98D… 2 / 2,sweep_b1_hits.csv
2026-09-05_13-23-41,qsh-alpha,wujfu.com,dunaykin.igor,2026-08-12,https://www.threads.com/@dunaykin.igor/post/Db7EKUbiWLG,https://wujfu.com/d/11885149,,,0.0,wujfu.com,['qsh-alpha'],1,這道口蘑蘆筍炒蝦太好吃了！！吃的干凈真的會瘦！ wujfu.com/d/118… 2 / 2,sweep_b1_hits.csv
2026-09-05_13-23-41,qsh-alpha,wujfu.com,aimuhui,2026-08-11,https://www.threads.com/@aimuhui/post/Db5kvMGkw8B,https://wujfu.com/d/6D2CAEEE,,,0.0,wujfu.com,['qsh-alpha'],1,追隨白沙屯媽祖！勇腳伯走百公里「雙腳纏滿繃帶」苦撐，娘娘不忍心「親自下聖旨」他哽咽接受 wujfu.com/d/6D2… 2 / 2,sweep_b1_hits.csv
2026-09-05_13-23-41,qsh-alpha,wujfu.com,dunaykin.igor,2026-08-11,https://www.threads.com/@dunaykin.igor/post/Db5WuEwCfWl,https://wujfu.com/d/3D2607FE,,,1.0,wujfu.com,['qsh-alpha'],1,芹菜炒粉條太絕了，超級下飯！粉條柔潤嫩滑，芹菜入味 wujfu.com/d/3D2… 2 / 2,sweep_b1_hits.csv
2026-09-05_13-23-41,qsh-alpha,wujfu.com,aimuhui,2026-08-11,https://www.threads.com/@aimuhui/post/Db5IMBUE6Fq,https://wujfu.com/d/72F1B598,,,0.0,wujfu.com,['qsh-alpha'],1,快訊／衝花蓮救災！他連干8天「中秋夜過世」往生布下「遺體左腳沒穿鞋」死因曝光 wujfu.com/d/72F… 2 / 2,sweep_b1_hits.csv
2026-09-05_13-23-41,qsh-alpha,wujfu.com,dunaykin.igor,2026-08-11,https://www.threads.com/@dunaykin.igor/post/Db4g1SQiQzD,https://wujfu.com/d/7F4789F4,,,1.0,wujfu.com,['qsh-alpha'],1,超好吃的包菜蝦滑餅！鮮甜美味，蝦滑Q彈，低卡又飽腹！ wujfu.com/d/7F4… 2 / 2,sweep_b1_hits.csv
2026-09-05_13-23-41,qsh-beta,picelse.com,yangji8500,2026-09-06,https://www.threads.com/@yangji8500/post/Dc9XanEE_vn,https://picelse.com/pic245114.html?utm_term=8842,,8842,0.0,picelse.com,['qsh-beta'],1,五熊判決書全曝光！聽到結果當場淚崩，正式揮別台灣：這就是代價 picelse.com/pic24… 2 / 2,sweep_b1_hits.csv
2026-09-05_13-23-41,qsh-beta,picelse.com,cpsoqt,2026-09-06,https://www.threads.com/@cpsoqt/post/Dc7wwHyE7PF,https://picelse.com/pic245236.html?utm_term=1127,,1127,0.0,picelse.com,['qsh-beta'],1,快訊／又要炸到停班停課？氣象署急發大雨特報 picelse.com/pic24… 2 / 2,sweep_b1_hits.csv
2026-09-05_13-23-41,qsh-beta,picelse.com,cpsoqt,2026-09-05,https://www.threads.com/@cpsoqt/post/Dc5-0VRE_dD,https://picelse.com/pic245104.html?utm_term=1127,,1127,0.0,picelse.com,['qsh-beta'],1,土城深夜3死命案，一家四口只剩父女活命！爸醫院崩潰：頂樓還有遺體 picelse.com/pic24… 2 / 2,sweep_b1_hits.csv
2026-09-05_13-23-41,qsh-beta,picelse.com,cpsoqt,2026-09-05,https://www.threads.com/@cpsoqt/post/Dc5OyjIk9zg,https://picelse.com/pic245114.html?utm_term=1127,,1127,0.0,picelse.com,['qsh-beta'],1,五熊判決曝光、當場淚崩了！正式和台灣說再見，這就是亂潑油的下場 picelse.com/pic24… 2 / 2,sweep_b1_hits.csv
2026-09-05_13-23-41,qsh-beta,picelse.com,jedsonzieyyh,2026-09-04,https://www.threads.com/@jedsonzieyyh/post/Dc26UmGAeRZ,https://picelse.com/pic244848.html?utm_term=8842,,8842,0.0,picelse.com,['qsh-beta'],1,街頭巧遇大咖夫妻檔！51歲女神「素顏仙氣突破天際」　陪入學「17歲兒是頂尖學霸」當李安學弟 picelse.com/pic24… 2 / 2,sweep_b1_hits.csv
2026-09-05_13-23-41,qsh-beta,picelse.com,lp000000082026,2026-09-04,https://www.threads.com/@lp000000082026/post/Dc2GxBUEmN9,https://picelse.com/pic244932.html?utm_term=9510,,9510,0.0,picelse.com,['qsh-beta'],1,財運、事業、感情、好運一次看 picelse.com/pic24… 2 / 2,sweep_b1_hits.csv
2026-09-05_13-23-41,qsh-beta,picelse.com,lp00000014,2026-09-04,https://www.threads.com/@lp00000014/post/Dc2GTLcklXA,https://picelse.com/pic244932.html?utm_term=9510,,9510,0.0,picelse.com,['qsh-beta'],1,財運、事業、感情、好運一次看 picelse.com/pic24… 2 / 2,sweep_b1_hits.csv
2026-09-05_13-23-41,qsh-beta,picelse.com,yangji8500,2026-09-02,https://www.threads.com/@yangji8500/post/DcyihA3FMYK,https://picelse.com/pic188050.html?utm_term=8842,,8842,0.0,picelse.com,['qsh-beta'],1,從頭笑到尾！11 張校園奇葩穿搭，看到第 4 張忍不住了：同學認真的嗎 picelse.com/pic18… 2 / 2,sweep_b1_hits.csv
2026-09-05_13-23-41,qsh-beta,picelse.com,lp000000012026,2026-09-01,https://www.threads.com/@lp000000012026/post/DcwBbrSE2pK,https://picelse.com/pic244164.html?utm_term=9510,,9510,0.0,picelse.com,['qsh-beta'],1,9月事業運最強的3個生肖 2026 picelse.com/pic24… 2 / 2,sweep_b1_hits.csv
2026-09-05_13-23-41,qsh-beta,picelse.com,cpsoqt,2026-08-30,https://www.threads.com/@cpsoqt/post/Dcp1H2qkwMW,https://picelse.com/pic244260.html?utm_term=1127,,1127,0.0,picelse.com,['qsh-beta'],1,快訊／大雷雨「狂炸3縣市」！季風槽來勢洶洶「連3天暴雨地區曝光」 picelse.com/pic24… 2 / 2,sweep_b1_hits.csv
2026-09-05_13-23-41,qsh-beta,picelse.com,cpsoqt,2026-08-27,https://www.threads.com/@cpsoqt/post/Dciml_ok2HK,https://picelse.com/pic243817.html?utm_term=1127,,1127,1.0,picelse.com,['qsh-beta'],1,快訊／在日拘留中突發錯愕訊息！再見了五熊... picelse.com/pic24… 2 / 2,sweep_b1_hits.csv
2026-09-05_13-23-41,qsh-beta,picelse.com,jedsonzieyyh,2026-08-27,https://www.threads.com/@jedsonzieyyh/post/DciF2VxgcTB,https://picelse.com/pic243813.html?utm_term=8842,,8842,0.0,picelse.com,['qsh-beta'],1,快訊／週五恐颱風假！ 最新「暴風圈侵襲率」出爐 颱風路徑又變了 picelse.com/pic24… 2 / 2,sweep_b1_hits.csv
2026-09-05_13-23-41,qsh-beta,picelse.com,cpsoqt,2026-08-26,https://www.threads.com/@cpsoqt/post/DcffAdlEyyo,https://picelse.com/pic243677.html?utm_term=1127,,1127,88.0,picelse.com,['qsh-beta'],1,高鐵站務員「因長得太帥」丟了飯碗！跑去當演員「1年後近況驚呆」 picelse.com/pic24… 2 / 2,sweep_b1_hits.csv
2026-09-05_13-23-41,qsh-beta,picelse.com,cpsoqt,2026-08-25,https://www.threads.com/@cpsoqt/post/DcdQkdtE_nQ,https://picelse.com/pic243577.html?utm_term=1127,,1127,7.0,picelse.com,['qsh-beta'],1,台中猛鬼兇宅！法師拿女鬼沒轍「連奪6條命」屋主嚇崩潰 最後決定「永遠不再出租」：不想害人 picelse.com/pic24… 2 / 2,sweep_b1_hits.csv
2026-09-05_13-23-41,qsh-beta,picelse.com,lp00000014,2026-08-25,https://www.threads.com/@lp00000014/post/DccjclnGuQC,https://picelse.com/pic243404.html?utm_term=9510,,9510,0.0,picelse.com,['qsh-beta'],1,熬出頭了！9月前這幾個生肖強勢翻身，橫財、貴人一起到！ picelse.com/pic24… 2 / 2,sweep_b1_hits.csv
2026-09-05_13-23-41,qsh-beta,picelse.com,cpsoqt,2026-08-24,https://www.threads.com/@cpsoqt/post/DcaztcKE7Lf,https://picelse.com/pic243433.html?utm_term=1127,,1127,0.0,picelse.com,['qsh-beta'],1,秦楊無收入7年，為賺錢下跪黃西田，破產賠1億與妻小租屋活命太心酸 picelse.com/pic24… 2 / 2,sweep_b1_hits.csv
2026-09-05_13-23-41,qsh-beta,picelse.com,cpsoqt,2026-08-23,https://www.threads.com/@cpsoqt/post/DcYfy-GE5Mj,https://picelse.com/pic243289.html?utm_term=1127,,1127,0.0,picelse.com,['qsh-beta'],1,沙德爾今晚升強颱「高機率侵台」！專家驚見「台灣旁邊還有一個」最新路徑曝光 picelse.com/pic24… 2 / 2,sweep_b1_hits.csv
2026-09-05_13-23-41,qsh-beta,picelse.com,cpsoqt,2026-08-22,https://www.threads.com/@cpsoqt/post/DcVjVwekxfO,https://picelse.com/pic243157.html?utm_term=1127,,1127,0.0,picelse.com,['qsh-beta'],1,快訊／高市政府「首度執行死刑」！殘忍人魔「釀5死10傷」今伏法 picelse.com/pic24… 2 / 2,sweep_b1_hits.csv
2026-09-05_13-23-41,qsh-beta,picelse.com,cpsoqt,2026-08-20,https://www.threads.com/@cpsoqt/post/DcQeVw9k1ED,https://picelse.com/pic242815.html?utm_term=1127,,1127,0.0,picelse.com,['qsh-beta'],1,快訊／準颱風估已達中台，不排除備用台！ picelse.com/pic24… 2 / 2,sweep_b1_hits.csv
2026-09-05_13-23-41,qsh-beta,picelse.com,yangji8500,2026-08-16,https://www.threads.com/@yangji8500/post/DcFxYgSFAhl,https://picelse.com/pic239919.html?utm_term=8842,,8842,157.0,picelse.com,['qsh-beta'],1,被爆逼強行關係！陳建州玩超大「坐大腿」照片流出，美眉簇擁畫面曝 picelse.com/pic23… 2 / 2,sweep_b1_hits.csv
2026-09-05_13-23-41,qsh-beta,picelse.com,yangji8500,2026-08-15,https://www.threads.com/@yangji8500/post/DcDRVeSlCrI,https://picelse.com/pic98412.html?utm_term=8842,,8842,6.0,picelse.com,['qsh-beta'],1,假戲真做！八點檔夫妻突宣布閃婚，單膝跪下戴戒指，最萌身高差曝光 picelse.com/pic98… 2 / 2,sweep_b1_hits.csv
2026-09-05_13-23-41,qsh-beta,picelse.com,kennyng5291,2026-08-15,https://www.threads.com/@kennyng5291/post/DcDPXjpo2u7,https://picelse.com/pic228993.html?utm_term=8842,,8842,0.0,picelse.com,['qsh-beta'],1,女大生撞死女警！ 魚頭上胡瓜節目玩遊戲，被瓜哥神預言、畫面翻出.. picelse.com/pic22… 2 / 2,sweep_b1_hits.csv
2026-09-05_13-23-41,qsh-beta,picelse.com,cpsoqt,2026-08-15,https://www.threads.com/@cpsoqt/post/DcDOliDEzTM,https://picelse.com/pic242103.html?utm_term=1127,,1127,0.0,picelse.com,['qsh-beta'],1,以為拍戲太累！米可白連3天出血「拖半天才就醫」 詳細檢查「被判要動3手術」崩潰：高出我預算 picelse.com/pic24… 2 / 2,sweep_b1_hits.csv
2026-09-05_13-23-41,qsh-beta,picelse.com,cpsoqt,2026-08-14,https://www.threads.com/@cpsoqt/post/DcBBSpBk3g6,https://picelse.com/pic241931.html?utm_term=1127,,1127,22.0,picelse.com,['qsh-beta'],1,這就是老虎隊4番！李灝宇第1打席就開轟，得點+紀錄全來了... picelse.com/pic24… 2 / 2,sweep_b1_hits.csv
2026-09-05_13-23-41,qsh-beta,picelse.com,yangji8500,2026-08-13,https://www.threads.com/@yangji8500/post/Db9sQYwFOBx,https://picelse.com/pic241776.html?utm_term=8842,,8842,112.0,picelse.com,['qsh-beta'],1,最新畫面曝！阿北持刀狂攻 1 分鐘… 監視器鐵證還原真相 picelse.com/pic24… 2 / 2,sweep_b1_hits.csv
2026-09-05_13-23-41,qsh-beta,picelse.com,kaobeiahxi101,2026-08-11,https://www.threads.com/@kaobeiahxi101/post/Db5PgU5IJrq,https://picelse.com/pic199073.html?utm_term=8842,,8842,0.0,picelse.com,['qsh-beta'],1,突發，杜詩梅！麻辣鮮師再傳心碎訊息... picelse.com/pic19… 2 / 2,sweep_b1_hits.csv
2026-09-05_13-23-41,qsh-beta,picelse.com,yangji8500,2026-08-10,https://www.threads.com/@yangji8500/post/Db2tTkelLUY,https://picelse.com/pic241187.html?utm_term=8842,,8842,0.0,picelse.com,['qsh-beta'],1,首談X侵犯舊愛！林依晨罕曝內幕「交往時遭強迫」認了痛苦掙扎：明明知道不對勁... picelse.com/pic24… 2 / 2,sweep_b1_hits.csv
2026-09-05_13-23-41,qsh-beta,picelse.com,lp00000014,2026-08-07,https://www.threads.com/@lp00000014/post/DbvnxXilK3U,https://picelse.com/pic239093.html?utm_term=9510,,9510,0.0,picelse.com,['qsh-beta'],1,8月事業運最強的4個生肖，看看有沒有你！ 2026 picelse.com/pic23… 2 / 2,sweep_b1_hits.csv
2026-09-05_13-23-41,qsh-beta,picelse.com,lp000000082026,2026-08-07,https://www.threads.com/@lp000000082026/post/DbvnQ8-kuWw,https://picelse.com/pic239093.html?utm_term=9510,,9510,0.0,picelse.com,['qsh-beta'],1,8月事業運最強的4個生肖，看看有沒有你！ 2026 picelse.com/pic23… 2 / 2,sweep_b1_hits.csv
2026-09-05_13-23-41,qsh-beta,picelse.com,lp000000042026,2026-08-07,https://www.threads.com/@lp000000042026/post/Dbvmc6mk5Tj,https://picelse.com/pic239093.html?utm_term=9510,,9510,0.0,picelse.com,['qsh-beta'],1,8月事業運最強的4個生肖，看看有沒有你！ 2026 picelse.com/pic23… 2 / 2,sweep_b1_hits.csv
2026-09-05_13-23-41,qsh-beta,picelse.com,lp00000014,2026-08-06,https://www.threads.com/@lp00000014/post/Dbs27LzFNkH,https://picelse.com/pic240725.html?utm_term=9510,,9510,0.0,picelse.com,['qsh-beta'],1,三生肖要注意！2026下半年運勢提點！ picelse.com/pic24… 2 / 2,sweep_b1_hits.csv
2026-09-05_13-23-41,qsh-beta,picelse.com,cpsoqt,2026-08-05,https://www.threads.com/@cpsoqt/post/DbqBsEpE_ps,https://picelse.com/pic240541.html?utm_term=1127,,1127,0.0,picelse.com,['qsh-beta'],1,一哥背後的女人！黃少祺「低調牽手17年嬌妻」曝光 為愛息影「曾是青春女團偶像」專心相夫教子 picelse.com/pic24… 2 / 2,sweep_b1_hits.csv
2026-09-05_13-23-41,qsh-beta,picelse.com,cpsoqt,2026-08-04,https://www.threads.com/@cpsoqt/post/Dbn-7f5k0QJ,https://picelse.com/pic240519.html?utm_term=1127,,1127,0.0,picelse.com,['qsh-beta'],1,翻蔣經國日記驚見「蔣萬安身世之謎」？蔣友青爆粗口狂罵：沒辦法理解... picelse.com/pic24… 2 / 2,sweep_b1_hits.csv
2026-09-05_13-23-41,qsh-beta,picelse.com,lp000000012026,2026-08-03,https://www.threads.com/@lp000000012026/post/DblO-1nE-Yf,https://picelse.com/pic239095.html?utm_term=9510,,9510,0.0,picelse.com,['qsh-beta'],1,8月偏財最強的3個生肖，財運大爆發！2026 picelse.com/pic23… 2 / 2,sweep_b1_hits.csv
2026-09-05_13-23-41,qsh-beta,picelse.com,cpsoqt,2026-08-03,https://www.threads.com/@cpsoqt/post/DbkpEiiE0TN,https://picelse.com/pic240218.html?utm_term=1127,,1127,0.0,picelse.com,['qsh-beta'],1,我32歲乳癌二期，妹妹27歲已是三期B，醫師追問後才發現我們洗澡後都做「這件事」！ picelse.com/pic24… 2 / 2,sweep_b1_hits.csv
2026-09-05_13-23-41,qsh-beta,picelse.com,kkme124412026,2026-08-02,https://www.threads.com/@kkme124412026/post/DbiZXswlOwT,https://picelse.com/pic230396.html?utm_term=8842,,8842,1.0,picelse.com,['qsh-beta'],1,捷運遇兩年輕男生渾身塵土縮角落！瞥見腳邊紅安全帽，她心下一嘆：後半輩子不好過了 picelse.com/pic23… 2 / 2,sweep_b1_hits.csv
2026-09-05_13-23-41,qsh-beta,picelse.com,cpsoqt,2026-08-02,https://www.threads.com/@cpsoqt/post/Dbhq3_vk5SK,https://picelse.com/pic240043.html?utm_term=1127,,1127,0.0,picelse.com,['qsh-beta'],1,快訊／最強颱風要來了？白海豚「暴風圈再擴大」侵犯台機率曝光 picelse.com/pic24… 2 / 2,sweep_b1_hits.csv
2026-09-05_13-23-41,qsh-beta,picelse.com,yangji8500,2026-07-31,https://www.threads.com/@yangji8500/post/DbcLoMKj928,https://picelse.com/pic239494.html?utm_term=8842,,8842,1.0,picelse.com,['qsh-beta'],1,前妻改嫁李玉璽！張兆志痛哭揭被離婚真相：是她的身體先說不愛了 picelse.com/pic23… 2 / 2,sweep_b1_hits.csv
2026-09-05_13-23-41,qsh-beta,picelse.com,cpsoqt,2026-07-29,https://www.threads.com/@cpsoqt/post/DbYDA1pk6Zh,https://picelse.com/pic239462.html?utm_term=1127,,1127,0.0,picelse.com,['qsh-beta'],1,謝賢遺產風波反轉僅5天，張柏芝小兒子身世曝光，是我們誤會了 picelse.com/pic23… 2 / 2,sweep_b1_hits.csv
2026-09-05_13-23-41,qsh-beta,picelse.com,kkme124412026,2026-07-25,https://www.threads.com/@kkme124412026/post/DbNo6xcFAl9,https://picelse.com/pic157172.html?utm_term=8842,,8842,5.0,picelse.com,['qsh-beta'],1,從此江湖再無他！影壇空前葬禮，八位大佬抬棺相送，逝者身分曝光全場肅立 picelse.com/pic15… 2 / 2,sweep_b1_hits.csv
2026-09-05_13-23-41,qsh-beta,picelse.com,yangji8500,2026-07-24,https://www.threads.com/@yangji8500/post/DbLx_IBDxGD,https://picelse.com/pic238632.html?utm_term=8842,,8842,6.0,picelse.com,['qsh-beta'],1,桃園這條路超陰！他騎車載女友，驚見後面跟著「靈異機車」，仔細一看當場崩潰哭整路：是抓交替 picelse.com/pic23… 2 / 2,sweep_b1_hits.csv
2026-09-05_13-23-41,qsh-beta,picelse.com,kennyng5291,2026-07-23,https://www.threads.com/@kennyng5291/post/DbIBUhPH229,https://picelse.com/pic238495.html?utm_term=8842,,8842,9.0,picelse.com,['qsh-beta'],1,痛心快訊！27 名大學生相約屏東遊玩，驚傳死亡意外，緊急搜救 7 小時後宣告不治 picelse.com/pic23… 2 / 2,sweep_b1_hits.csv
2026-09-05_13-23-41,qsh-beta,picelse.com,kkme124412026,2026-07-22,https://www.threads.com/@kkme124412026/post/DbE-6ZWEl_E,https://picelse.com/pic101237.html?utm_term=8842,,8842,0.0,picelse.com,['qsh-beta'],1,背負父親的標籤 20 年！白曉燕命案兇嫌陳進興的兩個兒子，如今過得怎樣？ picelse.com/pic10… 2 / 2,sweep_b1_hits.csv
2026-09-05_13-23-41,qsh-beta,picelse.com,ooooe113,2026-07-21,https://www.threads.com/@ooooe113/post/DbClF_sD5Ix,https://picelse.com/pic23,,,0.0,picelse.com,['qsh-beta'],1,現場畫面令人震驚!!!!!! 快訊 /11歲男童偷開皮卡車 衝撞僧侶隊伍 8人當場死亡 picelse.com/pic23…,sweep_b1_hits.csv
2026-09-05_13-23-41,qsh-beta,picelse.com,anime_thenews_,2026-07-18,https://www.threads.com/@anime_thenews_/post/Da8BoiKEmsj,https://picelse.com/pic219156.html?utm_term=8901,,8901,1.0,picelse.com,['qsh-beta'],1,飛機上大媽霸佔女學生商務艙座位，找大媽理論卻被怒扇3耳光，女孩沒鬧，飛機起飛10分鐘後大媽崩潰了 picelse.com/pic21… 2 / 2,sweep_b1_hits.csv
2026-09-05_13-23-41,qsh-beta,picelse.com,yangji8500,2026-07-17,https://www.threads.com/@yangji8500/post/Da6caopD0Rx,https://picelse.com/pic237594.html?utm_term=8842,,8842,51.0,picelse.com,['qsh-beta'],1,50 刀慘案已夠駭人！沒想到陽明交大教授夫妻的住家更離奇，整屋密密麻麻貼滿錫箔紙，警方勘查後都說不尋常 picelse.com/pic23… 2 / 2,sweep_b1_hits.csv
2026-09-05_13-23-41,qsh-beta,picelse.com,kkme124412026,2026-07-17,https://www.threads.com/@kkme124412026/post/Da46UC8knek,https://picelse.com/pic237286.html?utm_term=8842,,8842,55.0,picelse.com,['qsh-beta'],1,拒絕繼承20億遺產！竹聯幫太子爺「陳楚河」棄黑從演「向華強禮讓三分」導演見了都畢恭畢敬 picelse.com/pic23… 2 / 2,sweep_b1_hits.csv
2026-09-05_13-23-41,qsh-beta,picelse.com,ooooe113,2026-07-16,https://www.threads.com/@ooooe113/post/Da2yzn5j41K,https://picelse.com/pic23,,,1.0,picelse.com,['qsh-beta'],1,台東玄濟宮又惹議！尬電師父「鯊魚劍狂砍背」滴血讓信眾入喉 縣政府出手了 台東玄濟宮又惹議！尬電師父「鯊魚劍狂砍背」滴血讓信眾入喉 縣政府出手了 picelse.com/pic23…,sweep_b1_hits.csv
2026-09-05_13-23-41,qsh-beta,picelse.com,kpopd_aily21,2026-07-15,https://www.threads.com/@kpopd_aily21/post/Da07f1iEyxw,https://picelse.com/pic236951.html?utm_term=8842,,8842,17.0,picelse.com,['qsh-beta'],1,合作過《鬼怪》《觸及真心》劉仁娜李棟旭！劉仁娜終於坦言兩人的關係！韓網「真的太配了」！ picelse.com/pic23… 2 / 2,sweep_b1_hits.csv
2026-09-05_13-23-41,qsh-beta,picelse.com,yunghuiwong,2026-07-14,https://www.threads.com/@yunghuiwong/post/DaxdSrWlP4w,https://picelse.com/pic236757.html?utm_term=3863,,3863,0.0,picelse.com,['qsh-beta'],1,picelse.com/pic23… 2 / 2,sweep_b1_hits.csv
2026-09-05_13-23-41,qsh-beta,picelse.com,kennyng5291,2026-07-13,https://www.threads.com/@kennyng5291/post/DawG6cHn1Ff,https://picelse.com/pic236757.html?utm_term=8842,,8842,1.0,picelse.com,['qsh-beta'],1,把警告當耳邊風！50 人集體走上老舊吊橋，下一秒橋體應聲斷裂，驚險畫面讓人冷汗直流 picelse.com/pic23… 2 / 2,sweep_b1_hits.csv
2026-09-05_13-23-41,qsh-beta,picelse.com,kaobeiahxi101,2026-07-12,https://www.threads.com/@kaobeiahxi101/post/DaskWoTINfc,https://picelse.com/pic166584.html?utm_term=8842,,8842,0.0,picelse.com,['qsh-beta'],1,震驚！才剛回家，雲林29歲男「遭爸媽、弟弟掏嘴身亡」 picelse.com/pic16… 2 / 2,sweep_b1_hits.csv
2026-09-05_13-23-41,qsh-beta,picelse.com,kkme124412026,2026-07-09,https://www.threads.com/@kkme124412026/post/DalpH9kkv-b,https://picelse.com/pic235734.html?utm_term=8842,,8842,0.0,picelse.com,['qsh-beta'],1,新竹74歲老人山上失蹤，十三年後被找到，卻不肯走，進入洞口後眾人愣住 picelse.com/pic23… 2 / 2,sweep_b1_hits.csv
2026-09-05_13-23-41,qsh-beta,picelse.com,kennyng5291,2026-07-09,https://www.threads.com/@kennyng5291/post/DajSf69n_l1,https://picelse.com/pic236090.html?utm_term=8842,,8842,7.0,picelse.com,['qsh-beta'],1,登報公開攤牌！3 姐妹列 7 點指控郭台銘，要求親自出面說明，第 7 點內容讓全網震驚 picelse.com/pic23… 2 / 2,sweep_b1_hits.csv
2026-09-05_13-23-41,qsh-beta,picelse.com,kennyng5291,2026-07-06,https://www.threads.com/@kennyng5291/post/DacXaNLn80U,https://picelse.com/pic234608.html?utm_term=8842,,8842,31.0,picelse.com,['qsh-beta'],1,曾馨瑩沉痛發文！揭開被好友背叛的內幕，嘆「女人何苦為難女人」引全網共鳴 picelse.com/pic23… 2 / 2,sweep_b1_hits.csv
2026-09-05_13-23-41,qsh-beta,picelse.com,yangji8500,2026-07-03,https://www.threads.com/@yangji8500/post/DaU6MyRlIXr,https://picelse.com/pic235044.html?utm_term=8842,,8842,1.0,picelse.com,['qsh-beta'],1,突發慘劇！11 歲男童駕皮卡失控衝撞僧侶行列，釀 8 死重大事故 picelse.com/pic23… 2 / 2,sweep_b1_hits.csv
2026-09-05_13-23-41,qsh-beta,picelse.com,kpopbreaking2026,2026-07-03,https://www.threads.com/@kpopbreaking2026/post/DaUJzdmE3hq,https://picelse.com/pic234882.html?utm_term=8842,,8842,0.0,picelse.com,['qsh-beta'],1,帶著遺憾離世？只留下《鐵拳教育》和兒子，金武烈淚別多年夥伴，韓網心疼：這痛難以言喻 picelse.com/pic23… 2 / 2,sweep_b1_hits.csv
2026-09-05_13-23-41,qsh-beta,picelse.com,kpopd_aily21,2026-07-01,https://www.threads.com/@kpopd_aily21/post/DaQeCbak9_q,https://picelse.com/pic234526.html?utm_term=8842,,8842,0.0,picelse.com,['qsh-beta'],1,同團不同命？孝利秀帶動復出熱潮，唯獨 Sunny 消失螢光幕，缺席聚會近況揭曉 picelse.com/pic23… 2 / 2,sweep_b1_hits.csv
2026-09-05_13-23-41,qsh-beta,picelse.com,kpopbreaking2026,2026-06-30,https://www.threads.com/@kpopbreaking2026/post/DaNdkOjk5wy,https://picelse.com/pic233101.html?utm_term=8842,,8842,1.0,picelse.com,['qsh-beta'],1,又惹議？池藝恩錄影《RM》行徑引眾怒，遭韓網瘋狂批評，一句話點破：終於懂宋智孝 picelse.com/pic23… 2 / 2,sweep_b1_hits.csv
2026-09-05_13-23-41,qsh-beta,picelse.com,kaobeiahxi101,2026-06-29,https://www.threads.com/@kaobeiahxi101/post/DaLdykYEuSN,https://picelse.com/pic185896.html?utm_term=8842,,8842,0.0,picelse.com,['qsh-beta'],1,快訊／超震撼畫面！員工冒險擋泥流護店，全聯正式給出重大回應 picelse.com/pic18… 2 / 2,sweep_b1_hits.csv
2026-09-05_13-23-41,qsh-beta,picelse.com,kkme124412026,2026-06-29,https://www.threads.com/@kkme124412026/post/DaLO5GhkiMr,https://picelse.com/pic234183.html?utm_term=8842,,8842,0.0,picelse.com,['qsh-beta'],1,花65萬越南娶親！屏東男崩潰「老婆直接落跑了」，網一看「甜蜜合照」搖頭：不跑才怪 picelse.com/pic23… 2 / 2,sweep_b1_hits.csv
2026-09-05_13-23-41,qsh-beta,picelse.com,kpopdailylife_22,2026-06-28,https://www.threads.com/@kpopdailylife_22/post/DaIPj1wkbww,https://picelse.com/pic128924.html?utm_term=8901,,8901,0.0,picelse.com,['qsh-beta'],1,39歲宋仲基自曝「海外試戲」全遭淘汰！吐露自身困境不被理解：不適合的圈子別硬闖 picelse.com/pic12… 2 / 2,sweep_b1_hits.csv
2026-09-05_13-23-41,qsh-beta,picelse.com,kpopdailylife_22,2026-06-28,https://www.threads.com/@kpopdailylife_22/post/DaH0Jg2CTJ1,https://picelse.com/pic122234.html?utm_term=8901,,8901,0.0,picelse.com,['qsh-beta'],1,柯以柔貼臉男友慶生大方閃瞎眾人！前夫郭宗坤隔空吐11字超酸 picelse.com/pic12… 2 / 2,sweep_b1_hits.csv
2026-09-05_13-23-41,qsh-beta,picelse.com,kpopdailylife_22,2026-06-28,https://www.threads.com/@kpopdailylife_22/post/DaHRJibk9zV,https://picelse.com/pic195888.html?utm_term=8901,,8901,0.0,picelse.com,['qsh-beta'],1,剛決裂金曲歌王！他突發文「求集氣」悲吐：住加護病房搶救，深夜「再發悼念文」已請葬儀社了 picelse.com/pic19… 2 / 2,sweep_b1_hits.csv
2026-09-05_13-23-41,qsh-beta,picelse.com,kpopd_aily21,2026-06-27,https://www.threads.com/@kpopd_aily21/post/DaF8N45k69J,https://picelse.com/pic234034.html?utm_term=8842,,8842,0.0,picelse.com,['qsh-beta'],1,IU 前男友、相差 11 歲的張基河！最新戀情曝光再掀爭議，韓網驚喊：真沒想到會是她 picelse.com/pic23… 2 / 2,sweep_b1_hits.csv
2026-09-05_13-23-41,qsh-beta,picelse.com,kpopdailylife_22,2026-06-27,https://www.threads.com/@kpopdailylife_22/post/DaEotbck5y2,https://picelse.com/pic176886.html?utm_term=8901,,8901,0.0,picelse.com,['qsh-beta'],1,53歲郁方大兒子「驚傳全身癱軟」出事了！她崩潰曝原因：「可以這樣的嗎？」 picelse.com/pic17… 2 / 2,sweep_b1_hits.csv
2026-09-05_13-23-41,qsh-beta,picelse.com,kpopdailylife_22,2026-06-26,https://www.threads.com/@kpopdailylife_22/post/DaDRgISkwJw,https://picelse.com/pic165322.html?utm_term=8901,,8901,1.0,picelse.com,['qsh-beta'],1,曾寶儀和初戀現身靈堂！同居19年「未婚未育」，男友頭髮已花白 picelse.com/pic16… 2 / 2,sweep_b1_hits.csv
2026-09-05_13-23-41,qsh-beta,picelse.com,kpopdailylife_22,2026-06-26,https://www.threads.com/@kpopdailylife_22/post/DaCsyE-k5Ec,https://picelse.com/pic194527.html?utm_term=8901,,8901,0.0,picelse.com,['qsh-beta'],1,才挺過尪偷吃謝忻！阿翔老婆突「無預警深夜離開」10歲兒急得紅眼眶：離婚了 picelse.com/pic19… 2 / 2,sweep_b1_hits.csv
2026-09-05_13-23-41,qsh-beta,picelse.com,kpopdailylife_22,2026-06-26,https://www.threads.com/@kpopdailylife_22/post/DaB_ajVk_UX,https://picelse.com/pic204234.html?utm_term=8901,,8901,0.0,picelse.com,['qsh-beta'],1,錯愕！34歲無尊突發中風消息，男星曝阿喜已做好準備！ picelse.com/pic20… 2 / 2,sweep_b1_hits.csv
2026-09-05_13-23-41,qsh-beta,picelse.com,kpopd_aily21,2026-06-25,https://www.threads.com/@kpopd_aily21/post/DZ_XAvVE-5m,https://picelse.com/pic233534.html?utm_term=8842,,8842,3.0,picelse.com,['qsh-beta'],1,《我的王室死對頭》林智妍才剛爆火！男友李到晛也官宣新喜訊！韓網「現役最強CP了」 picelse.com/pic23… 2 / 2,sweep_b1_hits.csv
2026-09-05_13-23-41,qsh-beta,picelse.com,kpopdailylife_22,2026-06-24,https://www.threads.com/@kpopdailylife_22/post/DZ-KRsJEwah,https://picelse.com/pic206997.html?utm_term=8901,,8901,0.0,picelse.com,['qsh-beta'],1,高凌風29歲兒結婚了！另一半「竟是超帥男星」　席開18桌「男男婚禮現場曝光」 picelse.com/pic20… 2 / 2,sweep_b1_hits.csv
2026-09-05_13-23-41,qsh-beta,picelse.com,yangji8500,2026-06-24,https://www.threads.com/@yangji8500/post/DZ9bbwqlJFa,https://picelse.com/pic168143.html?utm_term=8842,,8842,0.0,picelse.com,['qsh-beta'],1,昔日歌者今模樣大變！58 歲台灣男歌手患病 4 個月成白髮翁，妻子提前安排後事 picelse.com/pic16… 2 / 2,sweep_b1_hits.csv
2026-09-05_13-23-41,qsh-beta,picelse.com,yangji8500,2026-06-23,https://www.threads.com/@yangji8500/post/DZ7jRi4FJtR,https://picelse.com/pic233076.html?utm_term=8842,,8842,0.0,picelse.com,['qsh-beta'],1,以為是大明星！60 歲民進黨大將年輕帥照被挖出，網全被帥翻：兒子也超好看 picelse.com/pic23… 2 / 2,sweep_b1_hits.csv
2026-09-05_13-23-41,qsh-beta,picelse.com,yangji8500,2026-06-20,https://www.threads.com/@yangji8500/post/DZzAZhSk6np,https://picelse.com/pic232643.html?utm_term=8842,,8842,1.0,picelse.com,['qsh-beta'],1,為豪門生3子卻拒之門外！37歲資深女星「牽手新戀情」　男方「身分遭起底」網淚：這才是真愛 picelse.com/pic23… 2 / 2,sweep_b1_hits.csv
2026-09-05_13-23-41,qsh-beta,picelse.com,lp000000012026,2026-06-18,https://www.threads.com/@lp000000012026/post/DZu6_BsjHVb,https://picelse.com/pic23,,,2.0,picelse.com,['qsh-beta'],1,端午節後財運翻身的5個生肖 picelse.com/pic23…,sweep_b1_hits.csv
2026-09-05_13-23-41,qsh-beta,picelse.com,yangji8500,2026-06-18,https://www.threads.com/@yangji8500/post/DZuNIdpFP6C,https://picelse.com/pic210251.html?utm_term=8842,,8842,0.0,picelse.com,['qsh-beta'],1,前妻再婚李玉璽！張兆志痛哭揭「被離婚」真相：「她的身體提的」逼我放手... picelse.com/pic21… 2 / 2,sweep_b1_hits.csv
2026-09-05_13-23-41,qsh-beta,picelse.com,anime_thenews_,2026-06-18,https://www.threads.com/@anime_thenews_/post/DZuEludks9c,https://picelse.com/pic219156.html?utm_term=8901,,8901,1.0,picelse.com,['qsh-beta'],1,飛機上大媽霸佔女學生商務艙座位，找大媽理論卻被怒扇3耳光，女孩沒鬧，飛機起飛10分鐘後大媽崩潰了 picelse.com/pic21… 2 / 2,sweep_b1_hits.csv
2026-09-05_13-23-41,qsh-beta,picelse.com,kpopd_aily21,2026-06-17,https://www.threads.com/@kpopd_aily21/post/DZr5k3Ak2PI,https://picelse.com/pic231799.html?utm_term=8842,,8842,0.0,picelse.com,['qsh-beta'],1,《鐵拳教育》爆火之際！金武烈夫婦心碎告別最愛夥伴，韓網不捨：真的太心痛了 picelse.com/pic23… 2 / 2,sweep_b1_hits.csv
2026-09-05_13-23-41,qsh-beta,picelse.com,kpopbreaking2026,2026-06-16,https://www.threads.com/@kpopbreaking2026/post/DZpMT2dEzOC,https://picelse.com/pic232107.html?utm_term=8842,,8842,0.0,picelse.com,['qsh-beta'],1,與鄭敬淏合作爆火！高我星一句意味深長的話，意外揭露他與秀英不結婚的原因，還牽出業界噁心內幕 picelse.com/pic23… 2 / 2,sweep_b1_hits.csv
2026-09-05_13-23-41,qsh-beta,picelse.com,kpopd_aily21,2026-06-16,https://www.threads.com/@kpopd_aily21/post/DZoWDEuE9Fk,https://picelse.com/pic231746.html?utm_term=8842,,8842,1.0,picelse.com,['qsh-beta'],1,從死對頭變戀人？許楠儁傳與《我的王室死對頭》搭檔戲外生情 全網意外！ picelse.com/pic23… 2 / 2,sweep_b1_hits.csv
2026-09-05_13-23-41,qsh-beta,picelse.com,yangji8500,2026-06-15,https://www.threads.com/@yangji8500/post/DZnM6Rxj4wp,https://picelse.com/pic137226.html?utm_term=8842,,8842,6.0,picelse.com,['qsh-beta'],1,工作中接死訊！阿雅得知好友意外離世崩潰痛哭，下秒忍淚上工模樣讓人心疼 picelse.com/pic13… 2 / 2,sweep_b1_hits.csv
2026-09-05_13-23-41,qsh-beta,picelse.com,lp000000042026,2026-06-15,https://www.threads.com/@lp000000042026/post/DZlwRj4EwTg,https://picelse.com/pic231825.html?utm_term=8134,,8134,0.0,picelse.com,['qsh-beta'],1,端午節拜地基主，千萬不能用「這種供品」，否則氣走你家守護神，全家都遭殃！ picelse.com/pic23… 2 / 2,sweep_b1_hits.csv
2026-09-05_13-23-41,qsh-beta,picelse.com,lp000000082026,2026-06-13,https://www.threads.com/@lp000000082026/post/DZhpqmtElmR,https://picelse.com/pic231229.html?utm_term=9510,,9510,0.0,picelse.com,['qsh-beta'],1,憑第一直覺選一個卦象 測出你最近正在變好的地方 picelse.com/pic23… 2 / 2,sweep_b1_hits.csv
2026-09-05_13-23-41,qsh-beta,picelse.com,lp000000042026,2026-06-13,https://www.threads.com/@lp000000042026/post/DZhoySdkxb_,https://picelse.com/pic231229.html?utm_term=9510,,9510,0.0,picelse.com,['qsh-beta'],1,憑第一直覺選一個卦象 測出你最近正在變好的地方 picelse.com/pic23… 2 / 2,sweep_b1_hits.csv
2026-09-05_13-23-41,qsh-beta,picelse.com,lp000000012026,2026-06-13,https://www.threads.com/@lp000000012026/post/DZhodZPk1ke,https://picelse.com/pic231229.html?utm_term=9510,,9510,0.0,picelse.com,['qsh-beta'],1,憑第一直覺選一個卦象 測出你最近正在變好的地方 picelse.com/pic23… 2 / 2,sweep_b1_hits.csv
2026-09-05_13-23-41,qsh-beta,luckyelse.com,shixiaoqi6554,2025-12-23,https://www.threads.com/@shixiaoqi6554/post/DSl35rLk-yo,https://luckyelse.com/pic201041.html?utm_term=8427,,8427,0.0,luckyelse.com,['qsh-beta'],1,警證實已有多人受傷... luckyelse.com/pic20… 2 / 2,sweep_b1_hits.csv
2026-09-05_13-23-41,qsh-beta,luckyelse.com,shixiaoqi6554,2025-12-23,https://www.threads.com/@shixiaoqi6554/post/DSllfv-D8Rg,https://luckyelse.com/pic200852.html?utm_term=8427,,8427,0.0,luckyelse.com,['qsh-beta'],1,張文抖音帳號找到了... luckyelse.com/pic20… 2 / 2,sweep_b1_hits.csv
2026-09-05_13-23-41,qsh-beta,luckyelse.com,chew8313,2025-12-24,https://www.threads.com/@chew8313/post/DSoUv34E3q8,https://luckyelse.com/pic201276.html?utm_term=8427,,8427,0.0,luckyelse.com,['qsh-beta'],1,快訊/高雄出事了！ luckyelse.com/pic20… 2 / 2,sweep_b1_hits.csv
2026-09-05_13-23-41,qsh-beta,luckyelse.com,haha123zx,2026-01-10,https://www.threads.com/@haha123zx/post/DTUqvvZkQMw,https://luckyelse.com/pic20,,,0.0,luckyelse.com,['qsh-beta'],1,"還沒開始呢就忍不住了！,這面下得太好吃了！ luckyelse.com/pic20…",sweep_b1_hits.csv
2026-09-05_13-23-41,qsh-beta,luckyelse.com,haha123zx,2026-01-10,https://www.threads.com/@haha123zx/post/DTUZ5kEEfPl,https://luckyelse.com/pic20,,,0.0,luckyelse.com,['qsh-beta'],1,"來到瑜伽教室,結果進去才發現是「防騙模擬考場」 luckyelse.com/pic20…",sweep_b1_hits.csv
2026-09-05_13-23-41,qsh-beta,luckyelse.com,haha123zx,2026-01-23,https://www.threads.com/@haha123zx/post/DT3F2LoAWnM,https://luckyelse.com/pic20,,,1.0,luckyelse.com,['qsh-beta'],1,迷上了上門按摩的太太，忘記了老公的存在 luckyelse.com/pic20…,sweep_b1_hits.csv
2026-09-05_13-23-41,qsh-beta,luckyelse.com,haha123zx,2026-01-11,https://www.threads.com/@haha123zx/post/DTXGPs_kX3a,https://luckyelse.com/pic20,,,0.0,luckyelse.com,['qsh-beta'],1,兼職主婦和小自己一輪的打工男大學生們溫泉 luckyelse.com/pic20…,sweep_b1_hits.csv
2026-09-05_13-23-41,qsh-beta,luckyelse.com,keatcek000003,2026-01-18,https://www.threads.com/@keatcek000003/post/DTpzxtXjg5G,https://luckyelse.com/pic20,,,0.0,luckyelse.com,['qsh-beta'],1,丈夫出差要我照顧好孩子，一直打電話來 luckyelse.com/pic20… 1 / 2,sweep_b1_hits.csv
2026-09-05_13-23-41,qsh-beta,luckyelse.com,haha123zx,2026-01-11,https://www.threads.com/@haha123zx/post/DTXGfvoEUYw,https://luckyelse.com/pic20,,,1.0,luckyelse.com,['qsh-beta'],1,溫柔文系女大學生，想體驗一下非日常生活就隨性來了東京 luckyelse.com/pic20…,sweep_b1_hits.csv
2026-09-05_13-23-41,qsh-beta,luckyelse.com,haha123zx,2026-01-18,https://www.threads.com/@haha123zx/post/DToqWg9gTZp,https://luckyelse.com/pic20,,,0.0,luckyelse.com,['qsh-beta'],1,她說下個月要結婚了...於是約了第一次也是最後一次店外約會 luckyelse.com/pic20…,sweep_b1_hits.csv
2026-09-05_13-23-41,qsh-beta,luckyelse.com,haha123zx,2026-01-18,https://www.threads.com/@haha123zx/post/DTpg1n2kbjt,https://luckyelse.com/pic20,,,2.0,luckyelse.com,['qsh-beta'],1,繫上安全帶出發兜風！放鬆聊著理想約會的樣子 luckyelse.com/pic20…,sweep_b1_hits.csv
2026-09-05_13-23-41,qsh-beta,luckyelse.com,haha123zx,2026-01-07,https://www.threads.com/@haha123zx/post/DTMzDNeEW1L,https://luckyelse.com/pic20,,,0.0,luckyelse.com,['qsh-beta'],1,兩人的夢想是讓老公成為受認可的能面師。每天都在師傅神宮寺門下刻苦製作 luckyelse.com/pic20…,sweep_b1_hits.csv
2026-09-05_13-23-41,qsh-beta,luckyelse.com,haha123zx,2026-01-08,https://www.threads.com/@haha123zx/post/DTPAV1KAT_w,https://luckyelse.com/pic20,,,0.0,luckyelse.com,['qsh-beta'],1,閨蜜來家裡玩，可愛得要命... luckyelse.com/pic20…,sweep_b1_hits.csv
2026-09-05_13-23-41,qsh-beta,luckyelse.com,haha123zx,2026-01-22,https://www.threads.com/@haha123zx/post/DTy8JP8gb9S,https://luckyelse.com/pic20,,,0.0,luckyelse.com,['qsh-beta'],1,照顧好你們，也是我的KPI。 luckyelse.com/pic20…,sweep_b1_hits.csv
2026-09-05_13-23-41,qsh-beta,luckyelse.com,haha123zx,2026-01-11,https://www.threads.com/@haha123zx/post/DTXGcs2kV5j,https://luckyelse.com/pic20,,,0.0,luckyelse.com,['qsh-beta'],1,治癒系天使，沒錯就是你們想的治癒 luckyelse.com/pic20…,sweep_b1_hits.csv
2026-09-05_13-23-41,qsh-beta,luckyelse.com,haha123zx,2026-01-12,https://www.threads.com/@haha123zx/post/DTaNrK7EZTC,https://luckyelse.com/pic20,,,0.0,luckyelse.com,['qsh-beta'],1,人見人愛的美女教師不為人知的另一面 luckyelse.com/pic20…,sweep_b1_hits.csv
2026-09-05_13-23-41,qsh-beta,luckyelse.com,haha123zx,2026-01-10,https://www.threads.com/@haha123zx/post/DTUa2qGkVcM,https://luckyelse.com/pic20,,,0.0,luckyelse.com,['qsh-beta'],1,發現男友在外面補習后，女友徹底覺醒了！ luckyelse.com/pic20…,sweep_b1_hits.csv
2026-09-05_13-23-41,qsh-beta,luckyelse.com,haha123zx,2024-12-26,https://www.threads.com/@haha123zx/post/DEB48v0PTBE,https://luckyelse.com/pic12,,,0.0,luckyelse.com,['qsh-beta'],1,亞洲第一女DJ！前凸后翹漫畫身材！簡直絕了！ luckyelse.com/pic12…,sweep_b1_hits.csv
2026-09-05_13-23-41,qsh-beta,luckyelse.com,haha123zx,2024-12-27,https://www.threads.com/@haha123zx/post/DEF0S5aTxCz,https://luckyelse.com/pic124162.html?utm_term=8752,,8752,0.0,luckyelse.com,['qsh-beta'],1,前凸后翹！島國極品網紅，大燈閃瞎眼！ luckyelse.com/pic12…,sweep_b1_hits.csv
2026-09-05_13-23-41,qsh-beta,luckyelse.com,haha123zx,2026-01-11,https://www.threads.com/@haha123zx/post/DTXlg4xkVoP,https://luckyelse.com/pic20,,,0.0,luckyelse.com,['qsh-beta'],1,夏天到海邊處搭訕可愛的比基尼妹子！ luckyelse.com/pic20…,sweep_b1_hits.csv
2026-09-05_13-23-41,qsh-beta,luckyelse.com,haha123zx,2026-01-27,https://www.threads.com/@haha123zx/post/DT_7GPCARlR,https://luckyelse.com/pic20,,,0.0,luckyelse.com,['qsh-beta'],1,"單親媽媽的姊姊要出差,拜託我照顧姪女幾天 luckyelse.com/pic20…",sweep_b1_hits.csv
2026-09-05_13-23-41,qsh-beta,luckyelse.com,haha123zx,2024-12-27,https://www.threads.com/@haha123zx/post/DEF0U_rTOed,https://luckyelse.com/pic123890.html?utm_term=8752,,8752,0.0,luckyelse.com,['qsh-beta'],1,韓國極品健身教練！前凸后翹大長腿！身材太頂了！ luckyelse.com/pic12…,sweep_b1_hits.csv
2026-09-05_13-23-41,qsh-beta,luckyelse.com,haha123zx,2024-12-27,https://www.threads.com/@haha123zx/post/DEF0P04zcUi,https://luckyelse.com/pic124414.html?utm_term=8752,,8752,0.0,luckyelse.com,['qsh-beta'],1,看完這個36D頂級韓模，再去上班 luckyelse.com/pic12…,sweep_b1_hits.csv
2026-09-05_13-23-41,qsh-beta,luckyelse.com,haha123zx,2024-12-27,https://www.threads.com/@haha123zx/post/DEFzQsAydWw,https://luckyelse.com/pic12,,,0.0,luckyelse.com,['qsh-beta'],1,極品韓國網紅模特！38F傲人身材，又大又圓，真的頂不住 luckyelse.com/pic12…,sweep_b1_hits.csv
2026-09-05_13-23-41,qsh-beta,luckyelse.com,haha123zx,2024-12-27,https://www.threads.com/@haha123zx/post/DEFzWlizPI2,https://luckyelse.com/pic12,,,0.0,luckyelse.com,['qsh-beta'],1,寶島極品模特！前凸后翹火辣身材！霍華德淪陷了！ luckyelse.com/pic12…,sweep_b1_hits.csv
2026-09-05_13-23-41,qsh-beta,luckyelse.com,haha123zx,2024-12-27,https://www.threads.com/@haha123zx/post/DEF0Kjfz37m,https://luckyelse.com/pic124692.html?utm_term=8752,,8752,0.0,luckyelse.com,['qsh-beta'],1,韓國「最美運動員」！前凸后翹漫畫身材！微胖界天花板！ luckyelse.com/pic12…,sweep_b1_hits.csv
2026-09-05_13-23-41,qsh-beta,luckyelse.com,haha123zx,2024-12-26,https://www.threads.com/@haha123zx/post/DEBsKrjPh3-,https://luckyelse.com/pic12,,,0.0,luckyelse.com,['qsh-beta'],1,王心凌「迷你裙上縮透光光」畫面遭瘋傳！小粉紅嗆：都40多歲了誰要看 luckyelse.com/pic12…,sweep_b1_hits.csv
2026-09-05_13-23-41,qsh-beta,luckyelse.com,haha123zx,2026-01-26,https://www.threads.com/@haha123zx/post/DT9VAK9gdms,https://luckyelse.com/pic20,,,0.0,luckyelse.com,['qsh-beta'],1,鄰居的到訪，在先生航班起飛之後 luckyelse.com/pic20…,sweep_b1_hits.csv
2026-09-05_13-23-41,qsh-beta,luckyelse.com,haha123zx,2026-01-26,https://www.threads.com/@haha123zx/post/DT9U5FHAe9p,https://luckyelse.com/pic20,,,0.0,luckyelse.com,['qsh-beta'],1,是她掉的？還是我上鉤了？ luckyelse.com/pic20…,sweep_b1_hits.csv
2026-09-05_13-23-41,qsh-beta,luckyelse.com,haha123zx,2026-01-19,https://www.threads.com/@haha123zx/post/DTrMteAgfyw,https://luckyelse.com/pic20,,,0.0,luckyelse.com,['qsh-beta'],1,"對初次見面的大叔們也溫柔相待,簡直是完美女神 luckyelse.com/pic20…",sweep_b1_hits.csv
2026-09-05_13-23-41,qsh-beta,luckyelse.com,haha123zx,2026-01-11,https://www.threads.com/@haha123zx/post/DTXGZwBkWFJ,https://luckyelse.com/pic20,,,0.0,luckyelse.com,['qsh-beta'],1,私人健身房經營者，她極度迷戀金錢和名聲 luckyelse.com/pic20…,sweep_b1_hits.csv
2026-09-05_13-23-41,qsh-beta,luckyelse.com,haha123zx,2026-01-10,https://www.threads.com/@haha123zx/post/DTUqmbUEUx6,https://luckyelse.com/pic20,,,0.0,luckyelse.com,['qsh-beta'],1,本來打算和男友一起參加。竟然要和討厭的宅男配對 luckyelse.com/pic20…,sweep_b1_hits.csv
2026-09-05_13-23-41,qsh-beta,luckyelse.com,haha123zx,2025-12-01,https://www.threads.com/@haha123zx/post/DRtxrINkRY7,https://luckyelse.com/pic19,,,0.0,luckyelse.com,['qsh-beta'],1,我在工作中遇到一位姐姐，她在我失戀后擁抱我 luckyelse.com/pic19…,sweep_b1_hits.csv
2026-09-05_13-23-41,qsh-beta,luckyelse.com,haha123zx,2026-01-07,https://www.threads.com/@haha123zx/post/DTMycTxjweF,https://luckyelse.com/pic20,,,0.0,luckyelse.com,['qsh-beta'],1,"她順從、乖巧、絕對服從,擁有彷彿從二次元走出來 luckyelse.com/pic20…",sweep_b1_hits.csv
2026-09-05_13-23-41,qsh-beta,luckyelse.com,keatcek000003,2026-01-24,https://www.threads.com/@keatcek000003/post/DT4mFZZgfCO,https://luckyelse.com/pic20,,,0.0,luckyelse.com,['qsh-beta'],1,每當兔子休息時，員工們都蠢蠢欲動 luckyelse.com/pic20… 1 / 2,sweep_b1_hits.csv
2026-09-05_13-23-41,qsh-beta,luckyelse.com,haha123zx,2026-01-10,https://www.threads.com/@haha123zx/post/DTUZuLtkYOs,https://luckyelse.com/pic20,,,2.0,luckyelse.com,['qsh-beta'],1,"完全配合我的時間,一叫就飛奔過來 luckyelse.com/pic20…",sweep_b1_hits.csv
2026-09-05_13-23-41,qsh-beta,luckyelse.com,turnerhugheshughes,2026-02-21,https://www.threads.com/@turnerhugheshughes/post/DVBq0PnAdbM,https://luckyelse.com/video865500.html?utm_term=8958,,8958,9.0,luckyelse.com,['qsh-beta'],1,三兒子正面照曝光太驚人！全家移民真相終於瞞不住，兒子怒曝父親趙建銘真面目，48歲陳幸妤活成這樣太心酸 luckyelse.com/video… 2 / 2,sweep_b1_hits.csv
2026-09-05_13-23-41,qsh-beta,luckyelse.com,haha123zx,2026-01-18,https://www.threads.com/@haha123zx/post/DToqZknAQDy,https://luckyelse.com/pic20,,,0.0,luckyelse.com,['qsh-beta'],1,最近青梅竹馬的她不來學校變成了繭居族，為了勸說她 luckyelse.com/pic20…,sweep_b1_hits.csv
2026-09-05_13-23-41,qsh-beta,luckyelse.com,haha123zx,2026-01-10,https://www.threads.com/@haha123zx/post/DTUawRbERL9,https://luckyelse.com/pic20,,,0.0,luckyelse.com,['qsh-beta'],1,她態度冷淡到讓我徹底抓狂。我最討厭吵鬧的女人 luckyelse.com/pic20…,sweep_b1_hits.csv
2026-09-05_13-23-41,qsh-beta,luckyelse.com,haha123zx,2026-01-19,https://www.threads.com/@haha123zx/post/DTrM0l2ga-P,https://luckyelse.com/pic20,,,1.0,luckyelse.com,['qsh-beta'],1,不舒服去了保健室，發現青梅竹馬的里真正在翹課休息。 luckyelse.com/pic20…,sweep_b1_hits.csv
2026-09-05_13-23-41,qsh-beta,luckyelse.com,haha123zx,2026-01-27,https://www.threads.com/@haha123zx/post/DT_67piAfW0,https://luckyelse.com/pic20,,,0.0,luckyelse.com,['qsh-beta'],1,美女姐姐代表登場！這位絕世美女化身你的女友 luckyelse.com/pic20…,sweep_b1_hits.csv
2026-09-05_13-23-41,qsh-beta,luckyelse.com,haha123zx,2026-01-11,https://www.threads.com/@haha123zx/post/DTXleCxEbhN,https://luckyelse.com/pic20,,,0.0,luckyelse.com,['qsh-beta'],1,這家便利店都是辣妹店員 luckyelse.com/pic20…,sweep_b1_hits.csv
2026-09-05_13-23-41,qsh-beta,luckyelse.com,haha123zx,2026-01-26,https://www.threads.com/@haha123zx/post/DT9VC2JgfYx,https://luckyelse.com/pic20,,,0.0,luckyelse.com,['qsh-beta'],1,當傳單上的號碼，接通了另一個世界 luckyelse.com/pic20…,sweep_b1_hits.csv
2026-09-05_13-23-41,qsh-beta,luckyelse.com,haha123zx,2026-01-24,https://www.threads.com/@haha123zx/post/DT4Nsz7EQxQ,https://luckyelse.com/pic20,,,0.0,luckyelse.com,['qsh-beta'],1,起因是老公挪用公款被開除，我別無選擇只能踏入夜世界 luckyelse.com/pic20…,sweep_b1_hits.csv
2026-09-05_13-23-41,qsh-beta,luckyelse.com,haha123zx,2026-01-24,https://www.threads.com/@haha123zx/post/DT4Np_QkdSF,https://luckyelse.com/pic20,,,0.0,luckyelse.com,['qsh-beta'],1,她的聽診器，能聽見心跳的謊言 luckyelse.com/pic20…,sweep_b1_hits.csv
2026-09-05_13-23-41,qsh-beta,luckyelse.com,haha123zx,2026-01-18,https://www.threads.com/@haha123zx/post/DTpgrMkEYDn,https://luckyelse.com/pic20,,,0.0,luckyelse.com,['qsh-beta'],1,"炎熱的夏天,汗流浹背停不下來 luckyelse.com/pic20…",sweep_b1_hits.csv
2026-09-05_13-23-41,qsh-beta,luckyelse.com,haha123zx,2026-01-08,https://www.threads.com/@haha123zx/post/DTPAidqAV3L,https://luckyelse.com/pic20,,,0.0,luckyelse.com,['qsh-beta'],1,感謝這場雨，讓我對好鄰居有了全新的理解 luckyelse.com/pic20…,sweep_b1_hits.csv
2026-09-05_13-23-41,qsh-beta,luckyelse.com,haha123zx,2026-01-24,https://www.threads.com/@haha123zx/post/DT4NxvAEfXZ,https://luckyelse.com/pic20,,,0.0,luckyelse.com,['qsh-beta'],1,我一直藏著一個秘密，所謂的戴帽子願望。 luckyelse.com/pic20…,sweep_b1_hits.csv
2026-09-05_13-23-41,qsh-beta,luckyelse.com,keatcek000003,2026-01-18,https://www.threads.com/@keatcek000003/post/DTp2f2UFPKh,https://luckyelse.com/pic20,,,0.0,luckyelse.com,['qsh-beta'],1,我都幫你搬東西了，你不請我進去喝杯水？ luckyelse.com/pic20… 1 / 2,sweep_b1_hits.csv
2026-09-05_13-23-41,qsh-beta,luckyelse.com,haha123zx,2026-01-19,https://www.threads.com/@haha123zx/post/DTrMwyHgZ5i,https://luckyelse.com/pic20,,,0.0,luckyelse.com,['qsh-beta'],1,沒朋友的後輩女同事喝醉後留宿我家 luckyelse.com/pic20…,sweep_b1_hits.csv
2026-09-05_13-23-41,qsh-beta,luckyelse.com,haha123zx,2026-01-24,https://www.threads.com/@haha123zx/post/DT4NvStkST-,https://luckyelse.com/pic20,,,0.0,luckyelse.com,['qsh-beta'],1,太太在結婚紀念日提出想拍紀念照。她說人生就這麼一次 luckyelse.com/pic20…,sweep_b1_hits.csv
2026-09-05_13-23-41,qsh-beta,luckyelse.com,haha123zx,2026-01-18,https://www.threads.com/@haha123zx/post/DTpgzA4EV4R,https://luckyelse.com/pic20,,,0.0,luckyelse.com,['qsh-beta'],1,突然造訪在便利商店打工的女友！明明有客人卻在店內 luckyelse.com/pic20…,sweep_b1_hits.csv
2026-09-05_13-23-41,qsh-beta,luckyelse.com,haha123zx,2026-01-13,https://www.threads.com/@haha123zx/post/DTdJpAeAfl7,https://luckyelse.com/pic20,,,1.0,luckyelse.com,['qsh-beta'],1,本該進不來的門禁系統被男人們輕鬆破解。 luckyelse.com/pic20…,sweep_b1_hits.csv
2026-09-05_13-23-41,qsh-beta,luckyelse.com,haha123zx,2026-01-10,https://www.threads.com/@haha123zx/post/DTUZ9MEkQBt,https://luckyelse.com/pic20,,,0.0,luckyelse.com,['qsh-beta'],1,老爸再婚後我突然多了個年輕的I牌照繼母。 luckyelse.com/pic20…,sweep_b1_hits.csv
2026-09-05_13-23-41,qsh-beta,luckyelse.com,haha123zx,2026-01-21,https://www.threads.com/@haha123zx/post/DTwXyRhgXYg,https://luckyelse.com/pic20,,,0.0,luckyelse.com,['qsh-beta'],1,"為了不讓過去被發現,戴著口罩在便利店低調打工 luckyelse.com/pic20…",sweep_b1_hits.csv
2026-09-05_13-23-41,qsh-beta,luckyelse.com,haha123zx,2026-01-08,https://www.threads.com/@haha123zx/post/DTPAvS2AYzY,https://luckyelse.com/pic20,,,0.0,luckyelse.com,['qsh-beta'],1,公公的拿手絕活讓兒媳讚嘆不已 luckyelse.com/pic20…,sweep_b1_hits.csv
2026-09-05_13-23-41,qsh-beta,luckyelse.com,haha123zx,2026-01-27,https://www.threads.com/@haha123zx/post/DT_7BFRge6y,https://luckyelse.com/pic20,,,0.0,luckyelse.com,['qsh-beta'],1,在同學會結束後搭訕一男一女！提出任務後讓兩人獨處會發生什麼事呢？ luckyelse.com/pic20…,sweep_b1_hits.csv
2026-09-05_13-23-41,qsh-beta,luckyelse.com,haha123zx,2026-01-08,https://www.threads.com/@haha123zx/post/DTPANtdgaWQ,https://luckyelse.com/pic20,,,2.0,luckyelse.com,['qsh-beta'],1,本以為是幸福的開始。但遲遲沒有結果 luckyelse.com/pic20…,sweep_b1_hits.csv
2026-09-05_13-23-41,qsh-beta,luckyelse.com,haha123zx,2026-01-12,https://www.threads.com/@haha123zx/post/DTZNStFAYM_,https://luckyelse.com/pic20,,,2.0,luckyelse.com,['qsh-beta'],1,"好友突然說要結婚了,這是最後一次見面... luckyelse.com/pic20…",sweep_b1_hits.csv
2026-09-05_13-23-41,qsh-beta,luckyelse.com,haha123zx,2026-01-19,https://www.threads.com/@haha123zx/post/DTrM3VwgUTQ,https://luckyelse.com/pic20,,,0.0,luckyelse.com,['qsh-beta'],1,返鄉時和鄰居家的青梅竹馬小彌生重逢，她已經不是當年的小丫頭 luckyelse.com/pic20…,sweep_b1_hits.csv
2026-09-05_13-23-41,qsh-beta,luckyelse.com,haha123zx,2026-01-19,https://www.threads.com/@haha123zx/post/DTrM6B2AZE0,https://luckyelse.com/pic20,,,1.0,luckyelse.com,['qsh-beta'],1,啥也幹不了的鄉下啦！汗水止不住地滴落 luckyelse.com/pic20…,sweep_b1_hits.csv
2026-09-05_13-23-41,qsh-beta,luckyelse.com,haha123zx,2026-01-23,https://www.threads.com/@haha123zx/post/DT1dxh8gU1M,https://luckyelse.com/pic20,,,0.0,luckyelse.com,['qsh-beta'],1,12人4小時大精選 luckyelse.com/pic20…,sweep_b1_hits.csv
2026-09-05_13-23-41,qsh-beta,luckyelse.com,haha123zx,2026-01-23,https://www.threads.com/@haha123zx/post/DT3F6LeAVHc,https://luckyelse.com/pic20,,,0.0,luckyelse.com,['qsh-beta'],1,睜眼發現躺在我身邊是冤家同事 luckyelse.com/pic20…,sweep_b1_hits.csv
2026-09-05_13-23-41,qsh-beta,luckyelse.com,haha123zx,2026-01-21,https://www.threads.com/@haha123zx/post/DTwX2LFgTbH,https://luckyelse.com/pic20,,,0.0,luckyelse.com,['qsh-beta'],1,"當年霸凌我的女同學,在送外賣 luckyelse.com/pic20…",sweep_b1_hits.csv
2026-09-05_13-23-41,qsh-beta,luckyelse.com,haha123zx,2026-01-11,https://www.threads.com/@haha123zx/post/DTXGjIskfaT,https://luckyelse.com/pic20,,,0.0,luckyelse.com,['qsh-beta'],1,兒媳和亡妻長得一模一樣 luckyelse.com/pic20…,sweep_b1_hits.csv
2026-09-05_13-23-41,qsh-beta,luckyelse.com,kpopnews1999,2025-12-23,https://www.threads.com/@kpopnews1999/post/DSlqRQ7Di8D,https://luckyelse.com/pic201045.html?utm_term=8427,,8427,0.0,luckyelse.com,['qsh-beta'],1,律師解答了 luckyelse.com/pic20… 2 / 2,sweep_b1_hits.csv
2026-09-05_13-23-41,qsh-beta,luckyelse.com,haha123zx,2026-01-23,https://www.threads.com/@haha123zx/post/DT3FyduAZmF,https://luckyelse.com/pic20,,,1.0,luckyelse.com,['qsh-beta'],1,叫外賣結果送餐的是女兒好友！？ luckyelse.com/pic20…,sweep_b1_hits.csv
2026-09-05_13-23-41,qsh-beta,luckyelse.com,chew8313,2025-12-23,https://www.threads.com/@chew8313/post/DSlmLF1E5e4,https://luckyelse.com/pic201076.html?utm_term=8427,,8427,0.0,luckyelse.com,['qsh-beta'],1,張文台中保全生涯僅2個月就結束，鄰憶超毛往事… luckyelse.com/pic20… 2 / 2,sweep_b1_hits.csv
2026-09-05_13-23-41,qsh-beta,luckyelse.com,haha123zx,2026-01-22,https://www.threads.com/@haha123zx/post/DTy8L4mgYY9,https://luckyelse.com/pic20,,,1.0,luckyelse.com,['qsh-beta'],1,在鄰里協會，我成了「那個讓所有人羨慕的別人家太太」 luckyelse.com/pic20…,sweep_b1_hits.csv
2026-09-05_13-23-41,qsh-beta,luckyelse.com,kpopnews1999,2026-01-03,https://www.threads.com/@kpopnews1999/post/DTB9P4jAYYT,https://luckyelse.com/pic203076.html?utm_term=8427,,8427,0.0,luckyelse.com,['qsh-beta'],1,韓媒爆朴娜萊在車上發生O行為造成心理創傷！韓網扒出過去與知名男星傳出O行為的爆料！韓網「現在一看不會是真的吧」 luckyelse.com/pic20… 2 / 2,sweep_b1_hits.csv
2026-09-05_13-23-41,qsh-beta,luckyelse.com,haha123zx,2026-01-10,https://www.threads.com/@haha123zx/post/DTUqpcHkeao,https://luckyelse.com/pic20,,,0.0,luckyelse.com,['qsh-beta'],1,滿分甜笑讓人融化，看到男人反應時那期待的小表情又可愛！ luckyelse.com/pic20…,sweep_b1_hits.csv
2026-09-05_13-23-41,qsh-beta,luckyelse.com,haha123zx,2026-01-12,https://www.threads.com/@haha123zx/post/DTZNPQnAfu3,https://luckyelse.com/pic20,,,1.0,luckyelse.com,['qsh-beta'],1,正煩惱是否該放棄格鬥生涯，人人稱羨的舉牌女郎當面羞辱嘲諷我 luckyelse.com/pic20…,sweep_b1_hits.csv
2026-09-05_13-23-41,qsh-beta,luckyelse.com,haha123zx,2026-01-08,https://www.threads.com/@haha123zx/post/DTPAZs4AXIR,https://luckyelse.com/pic20,,,1.0,luckyelse.com,['qsh-beta'],1,"為了幫助被裁員的老公,她把家裡一間房改造成美容沙龍開始營業 luckyelse.com/pic20…",sweep_b1_hits.csv
2026-09-05_13-23-41,qsh-beta,luckyelse.com,haha123zx,2026-01-22,https://www.threads.com/@haha123zx/post/DTy9M-4gZ4v,https://luckyelse.com/pic20,,,1.0,luckyelse.com,['qsh-beta'],1,車壞在鄉野，是緣分讓我遇見你 luckyelse.com/pic20…,sweep_b1_hits.csv
2026-09-05_13-23-41,qsh-beta,luckyelse.com,chew8313,2025-12-22,https://www.threads.com/@chew8313/post/DSkQ_RyDISt,https://luckyelse.com/pic56234.html?utm_term=8427,,8427,0.0,luckyelse.com,['qsh-beta'],1,才剛「激·凸」！許藍方再曬照露「驚人視角」 網一看嗨翻 luckyelse.com/pic56… 2 / 2,sweep_b1_hits.csv
2026-09-05_13-23-41,qsh-beta,luckyelse.com,haha123zx,2026-01-27,https://www.threads.com/@haha123zx/post/DT_6-g0AX_g,https://luckyelse.com/pic20,,,0.0,luckyelse.com,['qsh-beta'],1,醒來發現身邊躺著的是一直暗戀的女同事 luckyelse.com/pic20…,sweep_b1_hits.csv
2026-09-05_13-23-41,qsh-beta,luckyelse.com,haha123zx,2026-01-12,https://www.threads.com/@haha123zx/post/DTZNVlkgXLZ,https://luckyelse.com/pic20,,,0.0,luckyelse.com,['qsh-beta'],1,"冷美人青梅竹馬拜託我,教導她學習 luckyelse.com/pic20…",sweep_b1_hits.csv
2026-09-05_13-23-41,qsh-beta,luckyelse.com,haha123zx,2026-01-12,https://www.threads.com/@haha123zx/post/DTZNEjOgUyN,https://luckyelse.com/pic20,,,0.0,luckyelse.com,['qsh-beta'],1,"哥哥把妹妹當成替代品,讓她乖乖當自己專屬 luckyelse.com/pic20…",sweep_b1_hits.csv
2026-09-05_13-23-41,qsh-beta,luckyelse.com,haha123zx,2026-01-16,https://www.threads.com/@haha123zx/post/DTj7PTxEXUG,https://luckyelse.com/pic20,,,0.0,luckyelse.com,['qsh-beta'],1,獨居的我家被班上4個女生當成據點，結果我珍藏發現了！ luckyelse.com/pic20…,sweep_b1_hits.csv
2026-09-05_13-23-41,qsh-beta,luckyelse.com,haha123zx,2026-01-11,https://www.threads.com/@haha123zx/post/DTXlkytEZ-d,https://luckyelse.com/pic20,,,0.0,luckyelse.com,['qsh-beta'],1,漫長的住院生活悶得發慌，某天大哥帶著嫂子來探病 luckyelse.com/pic20…,sweep_b1_hits.csv
2026-09-05_13-23-41,qsh-beta,luckyelse.com,kpopnews1999,2026-02-15,https://www.threads.com/@kpopnews1999/post/DUwnsKEAQW1,https://luckyelse.com/video759769.html?utm_term=8427,,8427,0.0,luckyelse.com,['qsh-beta'],1,淘寶仙女裙，風一吹變透明 luckyelse.com/video… 2 / 2,sweep_b1_hits.csv
2026-09-05_13-23-41,qsh-beta,luckyelse.com,haha123zx,2026-01-16,https://www.threads.com/@haha123zx/post/DTjarVBgWse,https://luckyelse.com/pic20,,,0.0,luckyelse.com,['qsh-beta'],1,"姐姐要嫁人了婚禮前最後一天,沒想到繼父和我想法一樣 luckyelse.com/pic20…",sweep_b1_hits.csv
2026-09-05_13-23-41,qsh-beta,luckyelse.com,haha123zx,2026-01-11,https://www.threads.com/@haha123zx/post/DTXGTENEYI2,https://luckyelse.com/pic20,,,0.0,luckyelse.com,['qsh-beta'],1,"和老公分居準備離婚,為了存離婚後的生活費決定 luckyelse.com/pic20…",sweep_b1_hits.csv
2026-09-05_13-23-41,qsh-beta,luckyelse.com,haha123zx,2026-01-20,https://www.threads.com/@haha123zx/post/DTtwy4lAa4U,https://luckyelse.com/pic20,,,0.0,luckyelse.com,['qsh-beta'],1,欸，還沒完吧？人家還想繼續玩呢！ luckyelse.com/pic20…,sweep_b1_hits.csv
2026-09-05_13-23-41,qsh-beta,luckyelse.com,kpopnews1999,2025-12-24,https://www.threads.com/@kpopnews1999/post/DSoTH4jEXU_,https://luckyelse.com/pic201260.html?utm_term=8427,,8427,0.0,luckyelse.com,['qsh-beta'],1,至今無妻無子！51歲主持一哥「遭母親看護報復」工作停擺，被拍到「暴瘦上街買菜」現況令人心疼... luckyelse.com/pic20… 2 / 2,sweep_b1_hits.csv
2026-09-05_13-23-41,qsh-beta,luckyelse.com,haha123zx,2026-01-14,https://www.threads.com/@haha123zx/post/DTfkvkSAUyr,https://luckyelse.com/pic20,,,1.0,luckyelse.com,['qsh-beta'],1,陪叔母踏上親戚旅行。多年未見的她依舊 luckyelse.com/pic20…,sweep_b1_hits.csv
2026-09-05_13-23-41,qsh-beta,luckyelse.com,haha123zx,2026-01-20,https://www.threads.com/@haha123zx/post/DTtwwQHgRn-,https://luckyelse.com/pic20,,,0.0,luckyelse.com,['qsh-beta'],1,錯過末班車借住上司家 小惡魔女下屬徹夜 luckyelse.com/pic20…,sweep_b1_hits.csv
2026-09-05_13-23-41,qsh-beta,luckyelse.com,haha123zx,2026-01-12,https://www.threads.com/@haha123zx/post/DTaNj4qEf4P,https://luckyelse.com/pic20,,,0.0,luckyelse.com,['qsh-beta'],1,職場女性半中半外 咖啡店店員篇 luckyelse.com/pic20…,sweep_b1_hits.csv
2026-09-05_13-23-41,qsh-beta,luckyelse.com,haha123zx,2026-01-23,https://www.threads.com/@haha123zx/post/DT1d2f6gRAn,https://luckyelse.com/pic20,,,0.0,luckyelse.com,['qsh-beta'],1,經紀人來夫妻家拜訪時對仁美一見鍾情... luckyelse.com/pic20…,sweep_b1_hits.csv
2026-09-05_13-23-41,qsh-beta,luckyelse.com,haha123zx,2026-01-19,https://www.threads.com/@haha123zx/post/DTrM81cgZfb,https://luckyelse.com/pic20,,,0.0,luckyelse.com,['qsh-beta'],1,"兒子在泳池玩,我和遊泳教練 luckyelse.com/pic20…",sweep_b1_hits.csv
2026-09-05_13-23-41,qsh-beta,luckyelse.com,ericcheww,2025-12-22,https://www.threads.com/@ericcheww/post/DSjz5a3E-Ft,https://luckyelse.com/pic200907.html?utm_term=8427,,8427,0.0,luckyelse.com,['qsh-beta'],1,快訊／母校發聲！虎科大公開恐怖校友張文「在校表現」令人意外 luckyelse.com/pic20… 2 / 2,sweep_b1_hits.csv
2026-09-05_13-23-41,qsh-beta,luckyelse.com,haha123zx,2026-01-14,https://www.threads.com/@haha123zx/post/DTeUKLLAbBj,https://luckyelse.com/pic20,,,0.0,luckyelse.com,['qsh-beta'],1,蠢老婆跑了 ，媽登門道歉代替女兒幫忙做家務 luckyelse.com/pic20…,sweep_b1_hits.csv
2026-09-05_13-23-41,qsh-beta,luckyelse.com,shixiaoqi6554,2026-02-25,https://www.threads.com/@shixiaoqi6554/post/DVLBEXaDy74,https://luckyelse.com/pic208848.html?utm_term=8427,,8427,0.0,luckyelse.com,['qsh-beta'],1,《單身即地獄5》崔美娜秀母親親曝超狂身世背景！身上精品破3億！韓網「難怪這麼任性」 luckyelse.com/pic20… 2 / 2,sweep_b1_hits.csv
2026-09-05_13-23-41,qsh-beta,luckyelse.com,kpopnews1999,2026-02-10,https://www.threads.com/@kpopnews1999/post/DUkfIBwEVtw,https://luckyelse.com/pic50422.html?utm_term=8427,,8427,0.0,luckyelse.com,['qsh-beta'],1,古力娜扎拍戲竟真空？原來這些大明星拍戲也真空上陣，女星真空拍戲大PK luckyelse.com/pic50… 2 / 2,sweep_b1_hits.csv
2026-09-05_13-23-41,qsh-beta,luckyelse.com,haha123zx,2026-01-22,https://www.threads.com/@haha123zx/post/DTy8nWjAdTd,https://luckyelse.com/pic20,,,0.0,luckyelse.com,['qsh-beta'],1,兄弟你放心遠行，車和江湖，我們都替你接著 luckyelse.com/pic20…,sweep_b1_hits.csv
2026-09-05_13-23-41,qsh-beta,luckyelse.com,kpopnews1999,2026-02-26,https://www.threads.com/@kpopnews1999/post/DVNEDidgSOT,https://luckyelse.com/video549594.html?utm_term=8427,,8427,0.0,luckyelse.com,['qsh-beta'],1,29歲李子森近況曝光，真實身家太驚人，難怪杜忻恬那麼喜歡他#李子森 #杜忻恬 #我愛冰冰秀 #大嘴娛記 luckyelse.com/video… 2 / 2,sweep_b1_hits.csv
2026-09-05_13-23-41,qsh-beta,luckyelse.com,ericcheww,2026-01-03,https://www.threads.com/@ericcheww/post/DTB9W1Ik6TZ,https://luckyelse.com/pic202974.html?utm_term=8427,,8427,0.0,luckyelse.com,['qsh-beta'],1,還在和SM打官司的EXO-CBX雪上加霜！韓媒曝現在又被現公司背刺！連泰民都被牽扯到！韓網「一步錯步步錯」 luckyelse.com/pic20… 2 / 2,sweep_b1_hits.csv
2026-09-05_13-23-41,family-01,cocovn.net,turnerhugheshughes,2026-03-19,https://www.threads.com/@turnerhugheshughes/post/DWD3qV4geIB,https://cocovn.net/video881171.html?utm_term=8958,,8958,2.0,cocovn.net,['family-01'],1,羅蘭含淚公開兒子身世！與胡楓真實關係終於瞞不住，88歲秘密入院交代後事內幕曝光 cocovn.net/video…,sweep_b1_hits.csv
2026-09-05_13-23-41,family-01,cocovn.net,chew8313,2026-02-25,https://www.threads.com/@chew8313/post/DVLCN-ik5Xc,https://cocovn.net/pic97579.html?utm_term=8427,,8427,0.0,cocovn.net,['family-01'],1,27年前，張雨生交通事故離世，葬禮上哭到昏厥，發誓「此生不嫁」的女友，後來怎麼樣了？ cocovn.net/pic97… 2 / 2,sweep_b1_hits.csv
2026-09-05_13-23-41,family-01,cocovn.net,chew8313,2026-02-25,https://www.threads.com/@chew8313/post/DVKep_6EwdW,https://cocovn.net/pic179308.html?utm_term=8427,,8427,0.0,cocovn.net,['family-01'],1,捷運遇兩年輕男生，渾身塵土縮角落...瞥見腳邊「紅安全帽」，心下一嘆：後半輩子不好過了 cocovn.net/pic17… 2 / 2,sweep_b1_hits.csv
2026-09-05_13-23-41,family-01,cocovn.net,ericcheww,2026-02-25,https://www.threads.com/@ericcheww/post/DVKblOwE2km,https://cocovn.net/pic211320.html?utm_term=8427,,8427,1.0,cocovn.net,['family-01'],1,賈永婕「曾祖父當過總理」家族秘史曝！嗆蔣中正惹議…網開挺：正港台灣人 cocovn.net/pic21… 2 / 2,sweep_b1_hits.csv
2026-09-05_13-23-41,family-01,cocovn.net,fararrinews747,2025-11-21,https://www.threads.com/@fararrinews747/post/DRT74HHgY-4,https://cocovn.net/pic195645.html?utm_term=1883,,1883,0.0,cocovn.net,['family-01'],1,黑令旗 cocovn.net/pic19… 2 / 2,sweep_b1_hits.csv
2026-09-05_13-23-41,family-01,cocovn.net,chinesenews747,2025-11-21,https://www.threads.com/@chinesenews747/post/DRTgIMwE-o0,https://cocovn.net/pic14612.html?utm_term=1883,,1883,0.0,cocovn.net,['family-01'],1,忘不了 cocovn.net/pic14…,sweep_b1_hits.csv
2026-09-05_13-23-41,family-01,cocovn.net,girlsnews747,2025-11-21,https://www.threads.com/@girlsnews747/post/DRTbRWbEwEx,https://cocovn.net/pic62,,,0.0,cocovn.net,['family-01'],1,真命天女 cocovn.net/pic62… 2 / 2,sweep_b1_hits.csv
2026-09-05_13-23-41,family-01,cocovn.net,fararrinews747,2025-11-21,https://www.threads.com/@fararrinews747/post/DRTa3qUAfSv,https://cocovn.net/pic183084.html?utm_term=1883,,1883,0.0,cocovn.net,['family-01'],1,忍不住啦 cocovn.net/pic18… 2 / 2,sweep_b1_hits.csv
2026-09-05_13-23-41,family-01,ptttube.com,phpnews747,2024-07-16,https://www.threads.com/@phpnews747/post/C9fi-sUyufP,https://ptttube.com/watch,,,0.0,ptttube.com,['family-01'],1,做一次CT，對身體傷害到底多大，終於有醫生說實話了，真相讓人驚出一身冷汗。 ptttube.com/watch… 2 / 2,sweep_b1_hits.csv
2026-09-05_13-23-41,family-01,ptttube.com,girlsnews747,2024-07-16,https://www.threads.com/@girlsnews747/post/C9fi3OOSskR,https://ptttube.com/watch,,,0.0,ptttube.com,['family-01'],1,鄭秀文在演唱會瘋狂秀肌肉，網民：志安兄弟，你受苦了 ptttube.com/watch… 2 / 2,sweep_b1_hits.csv
2026-09-05_13-23-41,family-01,ptttube.com,chinesenews747,2024-07-16,https://www.threads.com/@chinesenews747/post/C9fiorpzK9T,https://ptttube.com/watch,,,0.0,ptttube.com,['family-01'],1,果然是好球！一手無法掌握！挾也好舒服 ptttube.com/watch… 2 / 2,sweep_b1_hits.csv
2026-09-05_13-23-41,family-01,vivi01.com,yunghuiwong,2026-09-07,https://www.threads.com/@yunghuiwong/post/Dc_AimoFHlY,https://vivi01.com/video935040.html?utm_term=3863,,3863,0.0,vivi01.com,['family-01'],1,vivi01.com/video… 2 / 2,sweep_b1_hits.csv
2026-09-05_13-23-41,family-01,vivi01.com,hui1181_2,2026-09-06,https://www.threads.com/@hui1181_2/post/Dc8MsCHAXR0,https://vivi01.com/video935049.html?utm_term=3863,,3863,0.0,vivi01.com,['family-01'],1,vivi01.com/video… 2 / 2,sweep_b1_hits.csv
2026-09-05_13-23-41,family-01,vivi01.com,hui1.181,2026-09-06,https://www.threads.com/@hui1.181/post/Dc7j0QtGQl7,https://vivi01.com/video935009.html?utm_term=3863,,3863,0.0,vivi01.com,['family-01'],1,vivi01.com/video… 2 / 2,sweep_b1_hits.csv
2026-09-05_13-23-41,family-01,vivi01.com,yunghuiwong,2026-08-30,https://www.threads.com/@yunghuiwong/post/DcqvjLgFME0,https://vivi01.com/video934249.html?utm_term=3863,,3863,0.0,vivi01.com,['family-01'],1,vivi01.com/video… 2 / 2,sweep_b1_hits.csv
2026-09-05_13-23-41,family-01,vivi01.com,yunghuiwong,2026-08-15,https://www.threads.com/@yunghuiwong/post/DcDhgXolJMe,https://vivi01.com/video932572.html?utm_term=3863,,3863,0.0,vivi01.com,['family-01'],1,vivi01.com/video… 2 / 2,sweep_b1_hits.csv
2026-09-05_13-23-41,family-01,vivi01.com,yunghuiwong,2026-07-31,https://www.threads.com/@yunghuiwong/post/DbcmRIzlD-A,https://vivi01.com/video930012.html,,,0.0,vivi01.com,['family-01'],1,vivi01.com/video… 2 / 2,sweep_b1_hits.csv
2026-09-05_13-23-41,family-01,vivi01.com,yunghuiwong,2026-07-08,https://www.threads.com/@yunghuiwong/post/DajNS0FEg16,https://vivi01.com/video928046.html?utm_term=3863,,3863,0.0,vivi01.com,['family-01'],1,vivi01.com/video… 2 / 2,sweep_b1_hits.csv
2026-09-05_13-23-41,family-01,vivi01.com,yunghuiwong,2026-06-30,https://www.threads.com/@yunghuiwong/post/DaNBgfZlLL9,https://vivi01.com/video927319.html?utm_term=3863,,3863,0.0,vivi01.com,['family-01'],1,vivi01.com/video… 2 / 2,sweep_b1_hits.csv
2026-09-05_13-23-41,family-01,vivi01.com,yunghuiwong,2026-06-23,https://www.threads.com/@yunghuiwong/post/DZ66jcTlBis,https://vivi01.com/video926639.html?utm_term=3863,,3863,0.0,vivi01.com,['family-01'],1,vivi01.com/video… 2 / 2,sweep_b1_hits.csv
2026-09-05_13-23-41,family-01,vivi01.com,yunghuiwong,2026-06-10,https://www.threads.com/@yunghuiwong/post/DZZNMPqCVvf,https://vivi01.com/video924950.html?utm_term=3863,,3863,0.0,vivi01.com,['family-01'],1,vivi01.com/video… 2 / 2,sweep_b1_hits.csv
2026-09-05_13-23-41,family-01,vivi01.com,yunghuiwong,2026-05-30,https://www.threads.com/@yunghuiwong/post/DY9WAERFPgT,https://vivi01.com/video924002.html?utm_term=3863,,3863,0.0,vivi01.com,['family-01'],1,vivi01.com/video… 2 / 2,sweep_b1_hits.csv
2026-09-05_13-23-41,family-01,vivi01.com,yunghuiwong,2026-05-28,https://www.threads.com/@yunghuiwong/post/DY3hezyFEud,https://vivi01.com/video923486.html?utm_term=3863,,3863,1.0,vivi01.com,['family-01'],1,vivi01.com/video… 2 / 2,sweep_b1_hits.csv
2026-09-05_13-23-41,family-01,vivi01.com,hui1181_2,2026-05-01,https://www.threads.com/@hui1181_2/post/DXyWOEsgSep,https://vivi01.com/video919993.html?utm_term=3863,,3863,0.0,vivi01.com,['family-01'],1,vivi01.com/video… 2 / 2,sweep_b1_hits.csv
2026-09-05_13-23-41,family-01,vivi01.com,hui1181_2,2026-04-27,https://www.threads.com/@hui1181_2/post/DXn23CWgc9_,https://vivi01.com/video919369.html,,,2.0,vivi01.com,['family-01'],1,vivi01.com/video… 2 / 2,sweep_b1_hits.csv
2026-09-05_13-23-41,family-01,vivi01.com,yunghuiwong,2026-03-25,https://www.threads.com/@yunghuiwong/post/DWSwBtyFOcw,https://vivi01.com/video914804.html?utm_term=3863,,3863,0.0,vivi01.com,['family-01'],1,vivi01.com/video… 2 / 2,sweep_b1_hits.csv
2026-09-05_13-23-41,family-01,vivi01.com,hui1.181,2026-03-17,https://www.threads.com/@hui1.181/post/DV-m4ZvEdGN,https://vivi01.com/video913651.html?utm_term=3863,,3863,0.0,vivi01.com,['family-01'],1,vivi01.com/video… 2 / 2,sweep_b1_hits.csv
2026-09-05_13-23-41,family-01,vivi01.com,yunghuiwong,2026-03-09,https://www.threads.com/@yunghuiwong/post/DVprSxSjyPC,https://vivi01.com/video912761.html?utm_term=3863,,3863,0.0,vivi01.com,['family-01'],1,vivi01.com/video… 2 / 2,sweep_b1_hits.csv
2026-09-05_13-23-41,family-01,vivi01.com,hui1.181,2026-03-03,https://www.threads.com/@hui1.181/post/DVaXKdpESkh,https://vivi01.com/video911943.html,,,0.0,vivi01.com,['family-01'],1,vivi01.com/video… 2 / 2,sweep_b1_hits.csv
2026-09-05_13-23-41,family-01,vivi01.com,yunghuiwong,2026-03-03,https://www.threads.com/@yunghuiwong/post/DVaLWTgjzcE,https://vivi01.com/video907790.html?utm_term=3863,,3863,0.0,vivi01.com,['family-01'],1,vivi01.com/video… 2 / 2,sweep_b1_hits.csv
2026-09-05_13-23-41,family-01,vivi01.com,yunghuiwong,2026-02-19,https://www.threads.com/@yunghuiwong/post/DU7ZmZuj423,https://vivi01.com/video910319.html?utm_term=3863,,3863,1.0,vivi01.com,['family-01'],1,vivi01.com/video… 2 / 2,sweep_b1_hits.csv
2026-09-05_13-23-41,family-01,vivi01.com,yunghuiwong,2026-02-17,https://www.threads.com/@yunghuiwong/post/DU2xVloFKo8,https://vivi01.com/video910092.html?utm_term=3863,,3863,0.0,vivi01.com,['family-01'],1,vivi01.com/video… 2 / 2,sweep_b1_hits.csv
2026-09-05_13-23-41,family-01,vivi01.com,hui1181_2,2026-02-14,https://www.threads.com/@hui1181_2/post/DUvawniAfjI,https://vivi01.com/video909821.html,,,0.0,vivi01.com,['family-01'],1,vivi01.com/video… 2 / 2,sweep_b1_hits.csv
2026-09-05_13-23-41,family-01,vivi01.com,news.xinwen,2026-01-14,https://www.threads.com/@news.xinwen/post/DTfAV37Erkk,https://vivi01.com/watch,,,0.0,vivi01.com,['family-01'],1,這還真的不錯看，懂就轉發（內附影片） vivi01.com/watch… 1 / 2,sweep_b1_hits.csv
2026-09-05_13-23-41,family-01,vivi01.com,yunghuiwong,2026-01-12,https://www.threads.com/@yunghuiwong/post/DTae6j5D-Q6,https://vivi01.com/video905040.html,,,1.0,vivi01.com,['family-01'],1,vivi01.com/video… 2 / 2,sweep_b1_hits.csv
2026-09-05_13-23-41,family-01,vivi01.com,yunghuiwong,2026-01-07,https://www.threads.com/@yunghuiwong/post/DTNSegZFECs,https://vivi01.com/video904271.html?utm_term=3863,,3863,6.0,vivi01.com,['family-01'],1,vivi01.com/video… 2 / 2,sweep_b1_hits.csv
2026-09-05_13-23-41,family-01,vivi01.com,yunghuiwong,2026-01-07,https://www.threads.com/@yunghuiwong/post/DTNSZs1lK80,https://vivi01.com/video904292.html?utm_term=3863,,3863,0.0,vivi01.com,['family-01'],1,vivi01.com/video… 2 / 2,sweep_b1_hits.csv
2026-09-05_13-23-41,family-01,vivi01.com,hui1.181,2025-12-17,https://www.threads.com/@hui1.181/post/DSWXPeTEa1B,https://vivi01.com/video901292.html,,,0.0,vivi01.com,['family-01'],1,vivi01.com/video… 2 / 2,sweep_b1_hits.csv
2026-09-05_13-23-41,family-01,vivi01.com,yunghuiwong,2025-12-10,https://www.threads.com/@yunghuiwong/post/DSFbE9Ej0iy,https://vivi01.com/video900241.html?utm_term=3863,,3863,0.0,vivi01.com,['family-01'],1,vivi01.com/video… 2 / 2,sweep_b1_hits.csv
2026-09-05_13-23-41,family-01,vivi01.com,yunghuiwong,2025-11-04,https://www.threads.com/@yunghuiwong/post/DQoCCioDzTb,https://vivi01.com/video894069.html?utm_term=3863,,3863,0.0,vivi01.com,['family-01'],1,vivi01.com/video… 2 / 2,sweep_b1_hits.csv
2026-09-05_13-23-41,family-01,runelse.com,keatcek000003,2026-01-14,https://www.threads.com/@keatcek000003/post/DTenoOAjvVo,https://runelse.com/pic20,,,0.0,runelse.com,['family-01'],1,姐姐想保護妹妹，妹妹也想保護姐姐 runelse.com/pic20… 1 / 2,sweep_b1_hits.csv
2026-09-05_13-23-41,family-01,runelse.com,keatcek000003,2026-01-14,https://www.threads.com/@keatcek000003/post/DTenWzPjtog,https://runelse.com/pic20,,,0.0,runelse.com,['family-01'],1,哥哥和嫂嫂在聊天 runelse.com/pic20… 1 / 2,sweep_b1_hits.csv
2026-09-05_13-23-41,family-01,runelse.com,keatcek000003,2026-01-13,https://www.threads.com/@keatcek000003/post/DTcLrmoDodG,https://runelse.com/pic20,,,0.0,runelse.com,['family-01'],1,哥哥即將結婚，把我當作你的姐姐吧！ runelse.com/pic20… 1 / 2,sweep_b1_hits.csv
2026-09-05_13-23-41,family-01,runelse.com,keatcek000003,2026-01-13,https://www.threads.com/@keatcek000003/post/DTcLk0fDrOC,https://runelse.com/pic20,,,0.0,runelse.com,['family-01'],1,主管對我很嚴厲，學姐勸我放寬心！ runelse.com/pic20… 1 / 2,sweep_b1_hits.csv
2026-09-05_13-23-41,family-01,runelse.com,video_clips818,2025-11-09,https://www.threads.com/@video_clips818/post/DQ162YfkoIZ,https://runelse.com/pic19,,,0.0,runelse.com,['family-01'],1,才二婚國標舞老公！賴慧如驚揭「遭他從3樓丟下」倒在車庫 runelse.com/pic19… 2 / 2,sweep_b1_hits.csv
2026-09-05_13-23-41,family-01,runelse.com,video_clips818,2025-11-09,https://www.threads.com/@video_clips818/post/DQ16n14Eh2J,https://runelse.com/pic19,,,0.0,runelse.com,['family-01'],1,深夜突病危，57歲臺語歌王被抬上救護車，送院急救親友含淚發文： 求大家幫他集氣 runelse.com/pic19… 2 / 2,sweep_b1_hits.csv
2026-09-05_13-23-41,family-01,runelse.com,cute.cute1229,2025-08-26,https://www.threads.com/@cute.cute1229/post/DN0gnZF5mdq,https://runelse.com/pic18,,,0.0,runelse.com,['family-01'],1,爸爸給兒子取名「鐵牛」 護士在登記時手抖「多寫一筆」 妻子不怒反喜：太有文化，不改了 runelse.com/pic18… 2 / 2,sweep_b1_hits.csv
2026-09-05_13-23-41,family-01,runelse.com,cute.cute1229,2025-07-26,https://www.threads.com/@cute.cute1229/post/DMj1dA5zgdA,https://runelse.com/pic17,,,0.0,runelse.com,['family-01'],1,罷免當晚，父親墜樓亡！高雄議員淚「終結仇恨」沉痛發聲 runelse.com/pic17… 2 / 2,sweep_b1_hits.csv
2026-09-05_13-23-41,family-01,runelse.com,cute.cute1229,2025-07-20,https://www.threads.com/@cute.cute1229/post/DMUceQgze-X,https://runelse.com/pic17,,,0.0,runelse.com,['family-01'],1,薇帕恐升中颱！4縣市「已達停班課標準」...最新風雨預測出爐 runelse.com/pic17… 2 / 2,sweep_b1_hits.csv
2026-09-05_13-23-41,family-01,runelse.com,cute.cute1229,2025-05-11,https://www.threads.com/@cute.cute1229/post/DJg18wxTRRT,https://runelse.com/pic15,,,0.0,runelse.com,['family-01'],1,快訊 / 高雄出事了 runelse.com/pic15… 2 / 2,sweep_b1_hits.csv
2026-09-05_13-23-41,family-01,runelse.com,cute.cute1229,2025-04-30,https://www.threads.com/@cute.cute1229/post/DJEAzQ7zF9z,https://runelse.com/pic15,,,0.0,runelse.com,['family-01'],1,快訊／網紅小楊哥過世！家人心痛證實 #年僅33歲 runelse.com/pic15… 2 / 2,sweep_b1_hits.csv
2026-09-05_13-23-41,family-01,runelse.com,cute.cute1229,2025-04-28,https://www.threads.com/@cute.cute1229/post/DI-dpSizMqF,https://runelse.com/pic15,,,0.0,runelse.com,['family-01'],1,誰也沒有想到，風光了大半輩子的成龍，卻在一雙兒女身上跌了跟頭 runelse.com/pic15… 2 / 2,sweep_b1_hits.csv
2026-09-05_13-23-41,family-01,runelse.com,video_clips818,2025-04-16,https://www.threads.com/@video_clips818/post/DIg3-hdy_Tv,https://runelse.com/pic15,,,0.0,runelse.com,['family-01'],1,我到小夥家是修理冷氣，不料遭到小夥修下水道 runelse.com/pic15… 2 / 2,sweep_b1_hits.csv
2026-09-05_13-23-41,family-01,runelse.com,cute.cute1229,2025-04-14,https://www.threads.com/@cute.cute1229/post/DIbnVFuzDXl,https://runelse.com/pic91,,,0.0,runelse.com,['family-01'],1,郭書瑤睡醒開播「上衣越來越開」！下秒畫面出大事…她急關播遭截圖 runelse.com/pic91… 2 / 2,sweep_b1_hits.csv
2026-09-05_13-23-41,family-01,runelse.com,video_clips818,2025-04-13,https://www.threads.com/@video_clips818/post/DIYuI-tSSUX,https://runelse.com/pic15,,,0.0,runelse.com,['family-01'],1,第一次見女友家人... 她的妹妹.... runelse.com/pic15… 2 / 2,sweep_b1_hits.csv
2026-09-05_13-23-41,family-01,runelse.com,video_clips818,2025-04-13,https://www.threads.com/@video_clips818/post/DIYuD7WSp1o,https://runelse.com/pic15,,,0.0,runelse.com,['family-01'],1,咖啡館兼職的美女需用錢，於是我.... runelse.com/pic15… 2 / 2,sweep_b1_hits.csv
2026-09-05_13-23-41,family-01,runelse.com,video_clips818,2025-04-13,https://www.threads.com/@video_clips818/post/DIXoPhcyPN1,https://runelse.com/pic15,,,0.0,runelse.com,['family-01'],1,我最好的朋友求我借出我心愛的妻子，最糟糕的結果發生了… runelse.com/pic15… 2 / 2,sweep_b1_hits.csv
2026-09-05_13-23-41,family-01,runelse.com,cute.cute1229,2025-04-06,https://www.threads.com/@cute.cute1229/post/DIFhYebzJUU,https://runelse.com/pic14,,,0.0,runelse.com,['family-01'],1,被抓進警局！53歲蘇慧倫坦言「做了不好的事情」　藏得很好「真面目被揭穿」 runelse.com/pic14… 2 / 2,sweep_b1_hits.csv
2026-09-05_13-23-41,family-01,runelse.com,video_clips818,2025-03-23,https://www.threads.com/@video_clips818/post/DHhebBOS2n4,https://runelse.com/pic14,,,0.0,runelse.com,['family-01'],1,4歲童在超市「沒結賬先喝飲料」被要求賠10倍  爸爸「高情商回三句話」經理立馬道歉 runelse.com/pic14… 2 / 2,sweep_b1_hits.csv
2026-09-05_13-23-41,family-01,runelse.com,cute.cute1229,2024-12-20,https://www.threads.com/@cute.cute1229/post/DDylf8bJO0w,https://runelse.com/pic12,,,0.0,runelse.com,['family-01'],1,擔心爸爸被保姆欺負，裝了監視器後卻看到這驚人的一幕！沒想到62歲的爸爸竟還能這樣！ runelse.com/pic12… 2 / 2,sweep_b1_hits.csv
2026-09-05_13-23-41,family-01,runelse.com,chinesenews747,2024-12-19,https://www.threads.com/@chinesenews747/post/DDwXgWAPNVs,https://runelse.com/pic123101.html?utm_term=1883,,1883,0.0,runelse.com,['family-01'],1,英國美女遠嫁中國，回國哭3天，坦言英國與中國差距一目了然 runelse.com/pic12… 2 / 2,sweep_b1_hits.csv
2026-09-05_13-23-41,family-01,runelse.com,phpnews747,2024-12-19,https://www.threads.com/@phpnews747/post/DDwAcfqSJvk,https://runelse.com/pic24,,,0.0,runelse.com,['family-01'],1,我是A型血，老婆是AB型血，孩子居然是O型血！狠心地和妻子失婚後就收到的一封遺書卻讓我痛不欲生，原來老婆是... runelse.com/pic24… 2 / 2,sweep_b1_hits.csv
2026-09-05_13-23-41,family-01,runelse.com,girlsnews747,2024-12-19,https://www.threads.com/@girlsnews747/post/DDv_07szzKE,https://runelse.com/pic12,,,0.0,runelse.com,['family-01'],1,才45歲！他每天「大便兩三次」以為消化好，醫生搖頭「已經癌癥晚期」四異常沒注意 runelse.com/pic12… 2 / 2,sweep_b1_hits.csv
2026-09-05_13-23-41,family-01,runelse.com,tiktoknews747,2024-12-19,https://www.threads.com/@tiktoknews747/post/DDv9RPlhCWG,https://runelse.com/pic111941.html?utm_term=1883,,1883,0.0,runelse.com,['family-01'],1,眾量級Andy哽咽認了「面臨很大的挑戰」2年前「鬆口求婚家寧」夢已碎 runelse.com/pic11… 2 / 2,sweep_b1_hits.csv
2026-09-05_13-23-41,family-01,runelse.com,youtubenews747,2024-12-19,https://www.threads.com/@youtubenews747/post/DDv9H3nBo82,https://runelse.com/pic16,,,1.0,runelse.com,['family-01'],1,丈夫跟我姊姊外遇！他說「本來想娶的就是妳的姐姐」！失婚數十年後，丈夫過世，而他的遺書居然寫了我…… runelse.com/pic16… 2 / 2,sweep_b1_hits.csv
2026-09-05_13-23-41,family-01,runelse.com,chinesenews747,2024-12-19,https://www.threads.com/@chinesenews747/post/DDv8YY6vcjR,https://runelse.com/pic21674.html?utm_term=1883,,1883,1.0,runelse.com,['family-01'],1,同事借我的車回家奔喪，還車時「又髒又沒油」我氣得半死！ 坐到車裡「打開抽屜」愣了：該檢討的是我... runelse.com/pic21… 2 / 2,sweep_b1_hits.csv
2026-09-05_13-23-41,family-01,runelse.com,phpnews747,2024-12-19,https://www.threads.com/@phpnews747/post/DDvl5J5SuhN,https://runelse.com/pic61628.html?utm_term=1883,,1883,0.0,runelse.com,['family-01'],1,家裡「最孝順」的子女，往往是父母「眼裡最沒用」的人 runelse.com/pic61… 2 / 2,sweep_b1_hits.csv
2026-09-05_13-23-41,family-01,runelse.com,girlsnews747,2024-12-19,https://www.threads.com/@girlsnews747/post/DDvlNVTz7s6,https://runelse.com/pic12,,,0.0,runelse.com,['family-01'],1,她長得太美被導演據爲己有，同居27年無名無分 runelse.com/pic12… 2 / 2,sweep_b1_hits.csv
2026-09-05_13-23-41,family-01,runelse.com,fbnews747,2024-12-19,https://www.threads.com/@fbnews747/post/DDvjPYgTMAo,https://runelse.com/pic12,,,0.0,runelse.com,['family-01'],1,結婚20年！八點檔大咖驚爆「偷吃已婚女10年」　遭正宮抓包「他反告小三」怒討百萬 runelse.com/pic12… 2 / 2,sweep_b1_hits.csv
2026-09-05_13-23-41,family-01,runelse.com,tiktoknews747,2024-12-19,https://www.threads.com/@tiktoknews747/post/DDvi-YThnjF,https://runelse.com/pic122911.html?utm_term=1883,,1883,0.0,runelse.com,['family-01'],1,蔡依林原來還有個這麼漂亮的親姐姐，不進娛樂圈當明星真是可惜了 runelse.com/pic12… 2 / 2,sweep_b1_hits.csv
2026-09-05_13-23-41,family-01,runelse.com,youtubenews747,2024-12-19,https://www.threads.com/@youtubenews747/post/DDviycTBQou,https://runelse.com/pic12,,,0.0,runelse.com,['family-01'],1,中捷砍人案犯嫌，驚傳「吞16顆電池」輕生，自認是「很乖的小孩」 runelse.com/pic12… 2 / 2,sweep_b1_hits.csv
2026-09-05_13-23-41,family-01,runelse.com,chinesenews747,2024-12-19,https://www.threads.com/@chinesenews747/post/DDviP8RP3rD,https://runelse.com/pic122965.html?utm_term=1883,,1883,0.0,runelse.com,['family-01'],1,14歲已是「人間尤物」，被首富看中花10億娶回家，8年生四胎 runelse.com/pic12… 2 / 2,sweep_b1_hits.csv
2026-09-05_13-23-41,family-01,runelse.com,girlsnews747,2024-12-18,https://www.threads.com/@girlsnews747/post/DDunViYz9jl,https://runelse.com/pic12,,,0.0,runelse.com,['family-01'],1,中捷砍人案犯嫌，驚傳「吞16顆電池」輕生，自認是「很乖的小孩」 runelse.com/pic12… 2 / 2,sweep_b1_hits.csv
2026-09-05_13-23-41,family-01,runelse.com,youtubenews747,2024-12-18,https://www.threads.com/@youtubenews747/post/DDum_brh6v4,https://runelse.com/pic122939.html?utm_term=1883,,1883,0.0,runelse.com,['family-01'],1,只是炒菠菜！男子忘記1步驟「一整盤下肚」腎出事緊急送醫 runelse.com/pic12… 2 / 2,sweep_b1_hits.csv
2026-09-05_13-23-41,family-01,runelse.com,fbnews747,2024-12-18,https://www.threads.com/@fbnews747/post/DDumJxOzuDD,https://runelse.com/pic122922.html?utm_term=1883,,1883,0.0,runelse.com,['family-01'],1,單身多年報喜！53歲小鐘「突拿玫瑰花現身」帥翻　身旁人曝光「是離婚4年的她」網讚：百年好合 runelse.com/pic12… 2 / 2,sweep_b1_hits.csv
2026-09-05_13-23-41,family-01,runelse.com,tiktoknews747,2024-12-18,https://www.threads.com/@tiktoknews747/post/DDul-3tBO5b,https://runelse.com/pic122897.html?utm_term=1883,,1883,0.0,runelse.com,['family-01'],1,才短短2天！彰化驚傳「108人送醫」8人失去心跳  家屬痛哭「最年輕才51歲」 runelse.com/pic12… 2 / 2,sweep_b1_hits.csv
2026-09-05_13-23-41,family-01,runelse.com,youtubenews747,2024-12-18,https://www.threads.com/@youtubenews747/post/DDul4DohXAF,https://runelse.com/pic122906.html?utm_term=1883,,1883,0.0,runelse.com,['family-01'],1,麵攤徵人「開出6萬高薪」無經驗也可！眼尖網友見「2條件」秒勸退：肯定不好賺！ runelse.com/pic12… 2 / 2,sweep_b1_hits.csv
2026-09-05_13-23-41,family-01,runelse.com,chinesenews747,2024-12-18,https://www.threads.com/@chinesenews747/post/DDulbuizfPU,https://runelse.com/pic12,,,0.0,runelse.com,['family-01'],1,台中深夜傳巨響！37歲男「爬自家7樓墜落」不治身亡　輕生原因曝光 runelse.com/pic12… 2 / 2,sweep_b1_hits.csv
2026-09-05_13-23-41,family-01,runelse.com,phpnews747,2024-12-18,https://www.threads.com/@phpnews747/post/DDubT0LyORn,https://runelse.com/pic29,,,0.0,runelse.com,['family-01'],1,片酬能買下一條街！她是「天才童星」卻遭親父輸光　離婚「被逼承認有精神病」晚年近況曝光 runelse.com/pic29… 2 / 2,sweep_b1_hits.csv
2026-09-05_13-23-41,family-01,runelse.com,girlsnews747,2024-12-18,https://www.threads.com/@girlsnews747/post/DDuacEUT_SH,https://runelse.com/pic21140.html?utm_term=1883,,1883,0.0,runelse.com,['family-01'],1,放屁多是胃裡的空氣多嗎？醫生：並不是，要注意5種疾病 runelse.com/pic21… 2 / 2,sweep_b1_hits.csv
2026-09-05_13-23-41,family-01,runelse.com,fbnews747,2024-12-18,https://www.threads.com/@fbnews747/post/DDuYAfRTuvI,https://runelse.com/pic69464.html?utm_term=1883,,1883,0.0,runelse.com,['family-01'],1,夫妻間最爽的10個「姿勢」，你做過幾個？ runelse.com/pic69… 2 / 2,sweep_b1_hits.csv
2026-09-05_13-23-41,family-01,runelse.com,youtubenews747,2024-12-18,https://www.threads.com/@youtubenews747/post/DDuXv4hBJMD,https://runelse.com/pic41214.html?utm_term=1883,,1883,0.0,runelse.com,['family-01'],1,老公公司最近來了一個女新人，一天到晚黏著他，還一起過夜⋯某天晚上，老公的手機突然震動，竟是那女孩傳的訊息：「我懷孕了，你娶我」。當下我沒有發怒「只回了3句話」，成功挽回婚姻！ runelse.com/pic41… 2 / 2,sweep_b1_hits.csv
2026-09-05_13-23-41,family-01,runelse.com,chinesenews747,2024-12-18,https://www.threads.com/@chinesenews747/post/DDuWezePgfL,https://runelse.com/pic93,,,0.0,runelse.com,['family-01'],1,美國游泳隊如何收場？臉發紫原因已定，全網都在等奧委會的處罰 runelse.com/pic93… 2 / 2,sweep_b1_hits.csv
2026-09-05_13-23-41,family-01,runelse.com,phpnews747,2024-12-18,https://www.threads.com/@phpnews747/post/DDty0TwSS0M,https://runelse.com/pic25753.html?utm_term=1883,,1883,0.0,runelse.com,['family-01'],1,高血壓的「元兇」或被揪出，不是食鹽！勸告：平時能不吃就不吃 runelse.com/pic25… 2 / 2,sweep_b1_hits.csv
2026-09-05_13-23-41,family-01,runelse.com,girlsnews747,2024-12-18,https://www.threads.com/@girlsnews747/post/DDtyB4JTW94,https://runelse.com/pic119503.html?utm_term=1883,,1883,0.0,runelse.com,['family-01'],1,借麥當勞的光！9歲男孩深夜「蹲在街道上寫功課」　麥當勞得知後「直接出手了」結局超催淚 runelse.com/pic11… 2 / 2,sweep_b1_hits.csv
2026-09-05_13-23-41,family-01,runelse.com,fbnews747,2024-12-18,https://www.threads.com/@fbnews747/post/DDtv_7dzSi4,https://runelse.com/pic32,,,0.0,runelse.com,['family-01'],1,老公去世後！「我和公公同住」公公每月給我4萬　我滿足他的「過分要求」：我感謝他 runelse.com/pic32… 2 / 2,sweep_b1_hits.csv
2026-09-05_13-23-41,family-01,runelse.com,tiktoknews747,2024-12-18,https://www.threads.com/@tiktoknews747/post/DDtv6jpBRza,https://runelse.com/pic49753.html?utm_term=1883,,1883,0.0,runelse.com,['family-01'],1,驚艷全網！日本媒體盛讚的「萬年難遇絕美雙胞胎」真容曝光，快來一睹芳容！ runelse.com/pic49… 2 / 2,sweep_b1_hits.csv
2026-09-05_13-23-41,family-01,runelse.com,chinesenews747,2024-12-18,https://www.threads.com/@chinesenews747/post/DDtvZ2hvWiC,https://runelse.com/pic64115.html?utm_term=1883,,1883,0.0,runelse.com,['family-01'],1,她19歲出戰奧運會，成為日本的驕傲！卻在30歲下海拍片，成為日本之 runelse.com/pic64… 2 / 2,sweep_b1_hits.csv
2026-09-05_13-23-41,family-01,runelse.com,phpnews747,2024-12-18,https://www.threads.com/@phpnews747/post/DDtfdgkRIoP,https://runelse.com/pic40225.html?utm_term=1883,,1883,0.0,runelse.com,['family-01'],1,老婆出差了，53歲的岳母暗示我晚上陪她看電視，電視看了一會兒後，我驚呆了 runelse.com/pic40… 2 / 2,sweep_b1_hits.csv
2026-09-05_13-23-41,family-01,runelse.com,girlsnews747,2024-12-18,https://www.threads.com/@girlsnews747/post/DDte-PXzLdY,https://runelse.com/pic75018.html?utm_term=1883,,1883,1.0,runelse.com,['family-01'],1,當年這些忘記「拉窗帘」，而「顏面掃地」的明星！網友：這是太飢餓了吧！ runelse.com/pic75… 2 / 2,sweep_b1_hits.csv
2026-09-05_13-23-41,family-01,runelse.com,fbnews747,2024-12-18,https://www.threads.com/@fbnews747/post/DDtd2Jozhog,https://runelse.com/pic67199.html?utm_term=1883,,1883,0.0,runelse.com,['family-01'],1,NBA頂級女記者！她的，被低估 runelse.com/pic67… 2 / 2,sweep_b1_hits.csv
2026-09-05_13-23-41,family-01,runelse.com,tiktoknews747,2024-12-18,https://www.threads.com/@tiktoknews747/post/DDtc_1DhtbF,https://runelse.com/pic87,,,0.0,runelse.com,['family-01'],1,名嘴驚傳輕生「陳屍旅館4樓」　留下遺言痛哭「我真的非常冤枉」：用盡全力了... runelse.com/pic87… 2 / 2,sweep_b1_hits.csv
2026-09-05_13-23-41,family-01,runelse.com,chinesenews747,2024-12-18,https://www.threads.com/@chinesenews747/post/DDtcWJePNrJ,https://runelse.com/pic12,,,0.0,runelse.com,['family-01'],1,就這一個兒子！小舅子想買BMW「岳父母開口討80萬」　女婿霸氣回一句「老婆拍手叫好」 runelse.com/pic12… 2 / 2,sweep_b1_hits.csv
2026-09-05_13-23-41,family-01,runelse.com,phpnews747,2024-12-18,https://www.threads.com/@phpnews747/post/DDtInweypFH,https://runelse.com/pic93372.html?utm_term=1883,,1883,4.0,runelse.com,['family-01'],1,最可憐的奧運冠軍，17歲就被教練侵犯，連奧運前夕都不放過？ runelse.com/pic93… 2 / 2,sweep_b1_hits.csv
2026-09-05_13-23-41,family-01,runelse.com,girlsnews747,2024-12-18,https://www.threads.com/@girlsnews747/post/DDtHyplT_6e,https://runelse.com/pic75232.html?utm_term=1883,,1883,0.0,runelse.com,['family-01'],1,孫安佐「手捧狄鶯雙豪」陪睡到15歲　讚：媽媽妳的ㄋㄟㄋㄟ好Q喔 runelse.com/pic75… 2 / 2,sweep_b1_hits.csv
2026-09-05_13-23-41,family-01,runelse.com,fbnews747,2024-12-18,https://www.threads.com/@fbnews747/post/DDtGHQHTCF-,https://runelse.com/pic122749.html?utm_term=1883,,1883,0.0,runelse.com,['family-01'],1,女星車上偷情已婚男星下場慘　她人財兩失暴瘦12公斤 runelse.com/pic12… 2 / 2,sweep_b1_hits.csv
2026-09-05_13-23-41,family-01,runelse.com,youtubenews747,2024-12-18,https://www.threads.com/@youtubenews747/post/DDtF4R6h1vG,https://runelse.com/pic122762.html?utm_term=1883,,1883,0.0,runelse.com,['family-01'],1,去越南旅遊，街邊漂亮姑娘總問你「要不要生菜」導遊：千萬不要接話 runelse.com/pic12… 2 / 2,sweep_b1_hits.csv
2026-09-05_13-23-41,family-01,runelse.com,tiktoknews747,2024-12-18,https://www.threads.com/@tiktoknews747/post/DDtFzz0hqMZ,https://runelse.com/pic122708.html?utm_term=1883,,1883,0.0,runelse.com,['family-01'],1,父親第7次住院「我決定放棄他」！妹妹出狠招「拿出一張紙」拯救我們一家：有些父母天生是子女剋星 runelse.com/pic12… 2 / 2,sweep_b1_hits.csv
2026-09-05_13-23-41,family-01,runelse.com,chinesenews747,2024-12-18,https://www.threads.com/@chinesenews747/post/DDtFPfuvp6U,https://runelse.com/pic122647.html?utm_term=1883,,1883,0.0,runelse.com,['family-01'],1,年過60歲要遠離豆類？醫生直言：不想抬進醫院，3種堅果避免食用 runelse.com/pic12… 2 / 2,sweep_b1_hits.csv
2026-09-05_13-23-41,family-01,runelse.com,phpnews747,2024-12-17,https://www.threads.com/@phpnews747/post/DDsCN5cS2YD,https://runelse.com/pic122664.html?utm_term=1883,,1883,0.0,runelse.com,['family-01'],1,第一次見男友家長！公公戴名錶「婆婆穿18萬的衣服」 進屋後驚見「極品畫面」我奪門而逃 runelse.com/pic12… 2 / 2,sweep_b1_hits.csv
2026-09-05_13-23-41,family-01,runelse.com,girlsnews747,2024-12-17,https://www.threads.com/@girlsnews747/post/DDsBYgGTUr0,https://runelse.com/pic12,,,0.0,runelse.com,['family-01'],1,照片中這個小男孩好眼熟！提示：台灣音樂才子、巔峰時期碾壓「四大天王」 runelse.com/pic12… 2 / 2,sweep_b1_hits.csv
2026-09-05_13-23-41,family-01,runelse.com,tiktoknews747,2024-12-17,https://www.threads.com/@tiktoknews747/post/DDsBDRWBEYL,https://runelse.com/pic122677.html?utm_term=1883,,1883,0.0,runelse.com,['family-01'],1,人去世前10年！身體就已發出「4個預警信號」要重視 想要長壽「多做1個動作」提高器官功能 runelse.com/pic12… 2 / 2,sweep_b1_hits.csv
2026-09-05_13-23-41,family-01,runelse.com,fbnews747,2024-12-17,https://www.threads.com/@fbnews747/post/DDr_wpHTyg1,https://runelse.com/pic122665.html?utm_term=1883,,1883,0.0,runelse.com,['family-01'],1,學校施工「操場挖出2000具屍體」死者的年齡從嬰兒到99歲 runelse.com/pic12… 2 / 2,sweep_b1_hits.csv
2026-09-05_13-23-41,family-01,runelse.com,youtubenews747,2024-12-17,https://www.threads.com/@youtubenews747/post/DDr_pzRBYSj,https://runelse.com/pic122674.html?utm_term=1883,,1883,0.0,runelse.com,['family-01'],1,51歲男星心臟長惡瘤！已與小17歲妻子「交代後事」目前靠吃藥維持 坦然講能撐多久是多久 runelse.com/pic12… 2 / 2,sweep_b1_hits.csv
2026-09-05_13-23-41,family-01,runelse.com,chinesenews747,2024-12-17,https://www.threads.com/@chinesenews747/post/DDr_RnYT1jD,https://runelse.com/pic122663.html?utm_term=1883,,1883,0.0,runelse.com,['family-01'],1,演藝圈又一噩耗！資深主持人罹2癌… 送醫不治身亡 runelse.com/pic12… 2 / 2,sweep_b1_hits.csv
2026-09-05_13-23-41,family-01,runelse.com,phpnews747,2024-12-17,https://www.threads.com/@phpnews747/post/DDrzXC-ylN3,https://runelse.com/pic91,,,0.0,runelse.com,['family-01'],1,我娶小20歲老婆，每次同房後她都要去廁所，那天我發現的一幕，讓我憤然離婚！ runelse.com/pic91… 2 / 2,sweep_b1_hits.csv
2026-09-05_13-23-41,family-01,runelse.com,girlsnews747,2024-12-17,https://www.threads.com/@girlsnews747/post/DDryHSkTOFJ,https://runelse.com/pic121324.html?utm_term=1883,,1883,0.0,runelse.com,['family-01'],1,冬天心梗多發！身體出現「1熱、2疼、3多」是心梗發作的前兆　醫生：做好「4件事」也許能救命 runelse.com/pic12… 2 / 2,sweep_b1_hits.csv
2026-09-05_13-23-41,family-01,runelse.com,tiktoknews747,2024-12-17,https://www.threads.com/@tiktoknews747/post/DDrxr3yhNbm,https://runelse.com/pic42093.html?utm_term=1883,,1883,0.0,runelse.com,['family-01'],1,女性在過安檢的時候，工作人員為何尷尬？螢幕上能看到什麼？ runelse.com/pic42… 2 / 2,sweep_b1_hits.csv
2026-09-05_13-23-41,family-01,runelse.com,fbnews747,2024-12-17,https://www.threads.com/@fbnews747/post/DDrwaAATLGS,https://runelse.com/pic84894.html?utm_term=1883,,1883,0.0,runelse.com,['family-01'],1,肝不好，腳先知！腳部出現它可能是肝硬化或癌的徵兆，你的肝恐已開始衰竭！很多人卻還不知道 runelse.com/pic84… 2 / 2,sweep_b1_hits.csv
2026-09-05_13-23-41,family-01,runelse.com,youtubenews747,2024-12-17,https://www.threads.com/@youtubenews747/post/DDrwMJmBur9,https://runelse.com/pic80707.html?utm_term=1883,,1883,1.0,runelse.com,['family-01'],1,妹子問「情侶在一起多久才能全壘打？」 過來人羞曝答案 runelse.com/pic80… 2 / 2,sweep_b1_hits.csv
2026-09-05_13-23-41,family-01,runelse.com,chinesenews747,2024-12-17,https://www.threads.com/@chinesenews747/post/DDrvs4Vv4UX,https://runelse.com/pic122215.html?utm_term=1883,,1883,0.0,runelse.com,['family-01'],1,為何「肝癌」一發現就是晚期？你若出現這三種症狀，就恐怖了...千萬要注意！！轉發出去功德無量！ runelse.com/pic12… 2 / 2,sweep_b1_hits.csv
2026-09-05_13-23-41,family-01,runelse.com,phpnews747,2024-12-17,https://www.threads.com/@phpnews747/post/DDrXVacSYVD,https://runelse.com/pic6015.html?utm_term=1883,,1883,0.0,runelse.com,['family-01'],1,38歲日本小護士長了一張18歲的臉，相親卻被拒12次：「我希望你打扮能正常點」 runelse.com/pic60… 2 / 2,sweep_b1_hits.csv
2026-09-05_13-23-41,family-01,runelse.com,tiktoknews747,2024-12-17,https://www.threads.com/@tiktoknews747/post/DDrWoBMh4Jt,https://runelse.com/pic122591.html?utm_term=1883,,1883,0.0,runelse.com,['family-01'],1,上廁所噴血！台語歌手「被宣判罹大腸癌3期」消瘦10公斤　「愛吃3食物惹禍」醫示警：大便有黏液要小心 runelse.com/pic12… 2 / 2,sweep_b1_hits.csv
2026-09-05_13-23-41,family-01,runelse.com,fbnews747,2024-12-17,https://www.threads.com/@fbnews747/post/DDrVfngTXj2,https://runelse.com/pic122573.html?utm_term=1883,,1883,0.0,runelse.com,['family-01'],1,黃明志爆「偷吃」深夜道歉了！痛認「慾望不是說忍就忍」網傻眼：不可原諒 runelse.com/pic12… 2 / 2,sweep_b1_hits.csv
2026-09-05_13-23-41,family-01,runelse.com,youtubenews747,2024-12-17,https://www.threads.com/@youtubenews747/post/DDrVaz2BsjD,https://runelse.com/pic122571.html?utm_term=1883,,1883,0.0,runelse.com,['family-01'],1,上廁所噴血！台語歌手「被宣判罹大腸癌3期」消瘦10公斤　「愛吃3食物惹禍」醫示警：大便有黏液要小心~ runelse.com/pic12… 2 / 2,sweep_b1_hits.csv
2026-09-05_13-23-41,family-01,runelse.com,chinesenews747,2024-12-17,https://www.threads.com/@chinesenews747/post/DDrU6Lpvaco,https://runelse.com/pic122529.html?utm_term=1883,,1883,0.0,runelse.com,['family-01'],1,最近的機場要4小時！男乘客搭飛機「突然心跳停止」　班機上剛好有「56名心臟醫師」出手神救援 runelse.com/pic12… 2 / 2,sweep_b1_hits.csv
2026-09-05_13-23-41,family-01,runelse.com,phpnews747,2024-12-17,https://www.threads.com/@phpnews747/post/DDq-0PoRAYu,https://runelse.com/pic122506.html?utm_term=1883,,1883,0.0,runelse.com,['family-01'],1,火車上明明有飯，為何有人就算挨餓也不吃？退休乘務員說出實情 runelse.com/pic12… 2 / 2,sweep_b1_hits.csv
2026-09-05_13-23-41,family-01,runelse.com,girlsnews747,2024-12-17,https://www.threads.com/@girlsnews747/post/DDq-fp3TJ1F,https://runelse.com/pic122514.html?utm_term=1883,,1883,0.0,runelse.com,['family-01'],1,孩子發脾氣，其實是在說「幫幫我」！父母要珍惜孩子的脾氣 runelse.com/pic12… 2 / 2,sweep_b1_hits.csv
2026-09-05_13-23-41,family-01,runelse.com,tiktoknews747,2024-12-17,https://www.threads.com/@tiktoknews747/post/DDq9-OxhZD5,https://runelse.com/pic122511.html?utm_term=1883,,1883,0.0,runelse.com,['family-01'],1,狄鶯不忍了！罕現身聲明「孫安佐不是媽寶」：只是想證明自己 runelse.com/pic12… 2 / 2,sweep_b1_hits.csv
2026-09-05_13-23-41,family-01,runelse.com,fbnews747,2024-12-17,https://www.threads.com/@fbnews747/post/DDq8ccyz_7G,https://runelse.com/pic122510.html?utm_term=1883,,1883,0.0,runelse.com,['family-01'],1,林穎樂「第一次初夜」是何時？本人給答案了　曝分手前男友真正原因 runelse.com/pic12… 2 / 2,sweep_b1_hits.csv
2026-09-05_13-23-41,family-01,runelse.com,youtubenews747,2024-12-17,https://www.threads.com/@youtubenews747/post/DDq8VBHB4NX,https://runelse.com/pic9255.html?utm_term=1883,,1883,0.0,runelse.com,['family-01'],1,血糖高了，看腳能知道？腳上出現4種變化，提醒你儘快降糖 runelse.com/pic92… 2 / 2,sweep_b1_hits.csv
2026-09-05_13-23-41,family-01,runelse.com,chinesenews747,2024-12-17,https://www.threads.com/@chinesenews747/post/DDq6sh5PV-s,https://runelse.com/pic122451.html?utm_term=1883,,1883,0.0,runelse.com,['family-01'],1,爲什麼半夜醒來，不要去看時間？你知道原因嗎？ runelse.com/pic12… 2 / 2,sweep_b1_hits.csv
2026-09-05_13-23-41,family-01,runelse.com,phpnews747,2024-12-17,https://www.threads.com/@phpnews747/post/DDqY5A-Sj32,https://runelse.com/pic122434.html?utm_term=1883,,1883,0.0,runelse.com,['family-01'],1,排便也有「黃金時間」？每天這3個時間排便，或更有利於長壽 runelse.com/pic12… 2 / 2,sweep_b1_hits.csv
2026-09-05_13-23-41,family-01,runelse.com,girlsnews747,2024-12-17,https://www.threads.com/@girlsnews747/post/DDqYT5xTJ7O,https://runelse.com/pic122429.html?utm_term=1883,,1883,0.0,runelse.com,['family-01'],1,爲什麼凌晨1-3點總會「自然醒」？中醫提醒：原來身體這1處堵了… runelse.com/pic12… 2 / 2,sweep_b1_hits.csv
2026-09-05_13-23-41,family-01,runelse.com,tiktoknews747,2024-12-17,https://www.threads.com/@tiktoknews747/post/DDqXkw-BmeX,https://runelse.com/pic122475.html?utm_term=1883,,1883,0.0,runelse.com,['family-01'],1,一定要小心！喝茶後就千萬別吃「這個」！否則你的腎會壞光光！ runelse.com/pic12… 2 / 2,sweep_b1_hits.csv
2026-09-05_13-23-41,family-01,runelse.com,fbnews747,2024-12-17,https://www.threads.com/@fbnews747/post/DDqUoH6T-ps,https://runelse.com/pic122420.html?utm_term=1883,,1883,0.0,runelse.com,['family-01'],1,錢買不到愛！「鄭少秋留上億財產」女兒卻供男友揮霍 下跪挽留「窮到戶頭剩104元」遭無情拋棄 runelse.com/pic12… 2 / 2,sweep_b1_hits.csv
2026-09-05_13-23-41,family-01,runelse.com,youtubenews747,2024-12-17,https://www.threads.com/@youtubenews747/post/DDqUjPcBQyT,https://runelse.com/pic12,,,0.0,runelse.com,['family-01'],1,滿地鈔票銅板！他霸氣拿「公車投幣箱當撲滿」存不到2年　「金額超過6位數」網驚呼太強 runelse.com/pic12… 2 / 2,sweep_b1_hits.csv
2026-09-05_13-23-41,family-01,runelse.com,chinesenews747,2024-12-17,https://www.threads.com/@chinesenews747/post/DDqUKeDTlwt,https://runelse.com/pic12,,,0.0,runelse.com,['family-01'],1,大兒子和我關係不太好！我把「2套房給小兒子」他從此沒音訊 8年後接到「小兒子的一通電話」我後悔莫及 runelse.com/pic12… 2 / 2,sweep_b1_hits.csv
2026-09-05_13-23-41,family-01,runelse.com,phpnews747,2024-12-16,https://www.threads.com/@phpnews747/post/DDpdCeoyL7l,https://runelse.com/pic122412.html?utm_term=1883,,1883,0.0,runelse.com,['family-01'],1,耗資20億！碳佐麻里打造全球最大燒肉園區，3500坪震撼開幕！預約已排到明年2月 runelse.com/pic12… 2 / 2,sweep_b1_hits.csv
2026-09-05_13-23-41,family-01,runelse.com,girlsnews747,2024-12-16,https://www.threads.com/@girlsnews747/post/DDpcQXATgyN,https://runelse.com/pic122407.html?utm_term=1883,,1883,0.0,runelse.com,['family-01'],1,曝阿嬌疑似知三當三！又被情人曝光私mi視訊，男方不斷炫耀並透露更多細節，「戀愛腦」的她學不會保護自己 runelse.com/pic12… 2 / 2,sweep_b1_hits.csv
2026-09-05_13-23-41,family-01,runelse.com,tiktoknews747,2024-12-16,https://www.threads.com/@tiktoknews747/post/DDpb9wghYKW,https://runelse.com/pic107301.html?utm_term=1883,,1883,0.0,runelse.com,['family-01'],1,23歲孕媽「產婦餐」火了，沒人伺候只能自己做，網友：沒必要心疼 runelse.com/pic10… 2 / 2,sweep_b1_hits.csv
2026-09-05_13-23-41,family-01,runelse.com,fbnews747,2024-12-16,https://www.threads.com/@fbnews747/post/DDpaxcMz6vI,https://runelse.com/pic122393.html?utm_term=1883,,1883,0.0,runelse.com,['family-01'],1,地震失去雙腿！ 慘遭丈夫拋棄，她不甘放棄成為無腿舞者，6年後嫁華裔學霸，如今的她涅槃重生 runelse.com/pic12… 2 / 2,sweep_b1_hits.csv
2026-09-05_13-23-41,family-01,runelse.com,youtubenews747,2024-12-16,https://www.threads.com/@youtubenews747/post/DDpasilBNFo,https://runelse.com/pic122392.html?utm_term=1883,,1883,0.0,runelse.com,['family-01'],1,餐館吃飯，她見鄰桌點了道「又黑又帶倒刺」的粗肉條，直言「好噁心」，網友辯解：切片蘸料超好吃！ runelse.com/pic12… 2 / 2,sweep_b1_hits.csv
2026-09-05_13-23-41,family-01,runelse.com,chinesenews747,2024-12-16,https://www.threads.com/@chinesenews747/post/DDpaYEnTlOb,https://runelse.com/pic122388.html?utm_term=1883,,1883,0.0,runelse.com,['family-01'],1,港媒真的很敢問！記者「如果再拍港片，尺度能否大過色戒」，湯唯1句話機智回應：情商太高了！ runelse.com/pic12… 2 / 2,sweep_b1_hits.csv
2026-09-05_13-23-41,family-01,runelse.com,phpnews747,2024-12-16,https://www.threads.com/@phpnews747/post/DDo9xRgyWiW,https://runelse.com/pic44341.html?utm_term=1883,,1883,0.0,runelse.com,['family-01'],1,發生「關係」後，還能做朋友嗎？三個女人的說法，男人很驚訝！ runelse.com/pic44… 2 / 2,sweep_b1_hits.csv
2026-09-05_13-23-41,family-01,runelse.com,girlsnews747,2024-12-16,https://www.threads.com/@girlsnews747/post/DDo9dgRTSk2,https://runelse.com/pic10,,,0.0,runelse.com,['family-01'],1,誰能想到20年後，再看五大跳水皇后，差距竟如此之大 runelse.com/pic10… 2 / 2,sweep_b1_hits.csv
2026-09-05_13-23-41,family-01,runelse.com,tiktoknews747,2024-12-16,https://www.threads.com/@tiktoknews747/post/DDo9JHdBA_L,https://runelse.com/pic122332.html?utm_term=1883,,1883,1.0,runelse.com,['family-01'],1,睡覺時出現3種現象，或是血管堵住的信號，及時排查對你有利 runelse.com/pic12… 2 / 2,sweep_b1_hits.csv
2026-09-05_13-23-41,family-01,runelse.com,fbnews747,2024-12-16,https://www.threads.com/@fbnews747/post/DDo7iEWzT0v,https://runelse.com/pic122310.html?utm_term=1883,,1883,0.0,runelse.com,['family-01'],1,納豆沖繩求婚成功！依依曝兩人相識過程　首次約會就大讚：「這個人很成熟」 runelse.com/pic12… 2 / 2,sweep_b1_hits.csv
2026-09-05_13-23-41,family-01,runelse.com,youtubenews747,2024-12-16,https://www.threads.com/@youtubenews747/post/DDo7beyBs4A,https://runelse.com/pic12,,,1.0,runelse.com,['family-01'],1,原來他早已離世！一生未婚無人送終，去世後23億遺產贈予古天樂，背後故事令人心酸！ runelse.com/pic12… 2 / 2,sweep_b1_hits.csv
2026-09-05_13-23-41,family-01,runelse.com,chinesenews747,2024-12-16,https://www.threads.com/@chinesenews747/post/DDo6oY8v_0R,https://runelse.com/pic122263.html?utm_term=1883,,1883,0.0,runelse.com,['family-01'],1,在廁所拉肚子！ runelse.com/pic12…,sweep_b1_hits.csv
2026-09-05_13-23-41,family-01,runelse.com,phpnews747,2024-12-16,https://www.threads.com/@phpnews747/post/DDoXlUvxP2K,https://runelse.com/pic122223.html?utm_term=1883,,1883,0.0,runelse.com,['family-01'],1,從小吃到大！43歲女星查出「吃雞蛋會過敏」不聽勸　1年後「三器官出事了」擔憂：怕突然走了 runelse.com/pic12… 2 / 2,sweep_b1_hits.csv
2026-09-05_13-23-41,family-01,runelse.com,girlsnews747,2024-12-16,https://www.threads.com/@girlsnews747/post/DDoXSmmTpNm,https://runelse.com/pic53746.html?utm_term=1883,,1883,0.0,runelse.com,['family-01'],1,看一個人是否自私，一起吃頓飯就能看穿！（很準） runelse.com/pic53… 2 / 2,sweep_b1_hits.csv
2026-09-05_13-23-41,family-01,runelse.com,tiktoknews747,2024-12-16,https://www.threads.com/@tiktoknews747/post/DDoXA99BUey,https://runelse.com/pic87852.html?utm_term=1883,,1883,0.0,runelse.com,['family-01'],1,冰箱里的這些「寶貝」，很可能是白血病的源頭，很多人還在經常吃 runelse.com/pic87… 2 / 2,sweep_b1_hits.csv
2026-09-05_13-23-41,family-01,runelse.com,fbnews747,2024-12-16,https://www.threads.com/@fbnews747/post/DDoVwzxTLNN,https://runelse.com/pic10,,,0.0,runelse.com,['family-01'],1,本來有機會活著！東海女大生遭撞「原本還能求救」 司機下車看一眼「補踩油門」內幕曝光 runelse.com/pic10… 2 / 2,sweep_b1_hits.csv
2026-09-05_13-23-41,family-01,runelse.com,youtubenews747,2024-12-16,https://www.threads.com/@youtubenews747/post/DDoVrfcBkX5,https://runelse.com/pic106701.html?utm_term=1883,,1883,1.0,runelse.com,['family-01'],1,女性在過安檢的時候，工作人員為何尷尬？屏幕上能看到什麼？ runelse.com/pic10… 2 / 2,sweep_b1_hits.csv
2026-09-05_13-23-41,family-01,runelse.com,phpnews747,2024-12-16,https://www.threads.com/@phpnews747/post/DDn9b7MSCVN,https://runelse.com/pic122238.html?utm_term=1883,,1883,0.0,runelse.com,['family-01'],1,一個離婚女人的大實話：關於 X，你不知道的三個秘密！ runelse.com/pic12… 2 / 2,sweep_b1_hits.csv
2026-09-05_13-23-41,family-01,runelse.com,girlsnews747,2024-12-16,https://www.threads.com/@girlsnews747/post/DDn79qyz7ts,https://runelse.com/pic122188.html?utm_term=1883,,1883,0.0,runelse.com,['family-01'],1,想到就會哭！江志豐坦言「是我害爸爸走了」：做太多壞事　為一決定內疚5年「姊姊的話讓他釋懷」 runelse.com/pic12… 2 / 2,sweep_b1_hits.csv
2026-09-05_13-23-41,family-01,runelse.com,tiktoknews747,2024-12-16,https://www.threads.com/@tiktoknews747/post/DDn6mIPBZJe,https://runelse.com/pic122215.html?utm_term=1883,,1883,0.0,runelse.com,['family-01'],1,為何「肝癌」一發現就是晚期？你若出現這三種症狀，就恐怖了...千萬要注意！！轉發出去功德無量！ runelse.com/pic12… 2 / 2,sweep_b1_hits.csv
2026-09-05_13-23-41,family-01,runelse.com,fbnews747,2024-12-16,https://www.threads.com/@fbnews747/post/DDn45AtT1r0,https://runelse.com/pic34568.html?utm_term=1883,,1883,0.0,runelse.com,['family-01'],1,老公家有3兄弟，其他人不願贍養！婆婆只能住在「我家車庫10年」她90歲去世後「我接到律師電話」才明白：她早就看清了 runelse.com/pic34… 2 / 2,sweep_b1_hits.csv
2026-09-05_13-23-41,family-01,runelse.com,youtubenews747,2024-12-16,https://www.threads.com/@youtubenews747/post/DDn4yjxBWXz,https://runelse.com/pic83185.html?utm_term=1883,,1883,1.0,runelse.com,['family-01'],1,拍A片以為躺著就能爽爽賺？ 偶像女優「存款攤開」嚇死人得少 runelse.com/pic83… 2 / 2,sweep_b1_hits.csv
2026-09-05_13-23-41,family-01,runelse.com,chinesenews747,2024-12-16,https://www.threads.com/@chinesenews747/post/DDn4BnWPLXh,https://runelse.com/pic122216.html?utm_term=1883,,1883,0.0,runelse.com,['family-01'],1,單親養兩孩！玉女歌手自爆：早已離婚15年了　前夫住進療養院「哽咽願養一輩子」 runelse.com/pic12… 2 / 2,sweep_b1_hits.csv
2026-09-05_13-23-41,family-01,runelse.com,phpnews747,2024-12-15,https://www.threads.com/@phpnews747/post/DDm0vGhyTQ9,https://runelse.com/pic122179.html?utm_term=1883,,1883,0.0,runelse.com,['family-01'],1,知名創辦人「墜地身亡」兒子目睹全程！他發聲「證實死訊」悲慟：我們都是他的遺產 runelse.com/pic12… 2 / 2,sweep_b1_hits.csv
2026-09-05_13-23-41,family-01,runelse.com,phpnews747,2024-12-15,https://www.threads.com/@phpnews747/post/DDm0dADyNql,https://runelse.com/pic122177.html?utm_term=1883,,1883,0.0,runelse.com,['family-01'],1,還欠800萬！馬國畢捨棄直播「跑去饒河夜市擺攤」　透露背後原因「全是為了他們」曝還款進度 runelse.com/pic12… 2 / 2,sweep_b1_hits.csv
2026-09-05_13-23-41,family-01,runelse.com,girlsnews747,2024-12-15,https://www.threads.com/@girlsnews747/post/DDm0FwjzOQ6,https://runelse.com/pic12,,,0.0,runelse.com,['family-01'],1,盤點7位「落魄轉行」的香港藝人：當加油員，街頭賣醬，熒幕巨星變理療師 runelse.com/pic12… 2 / 2,sweep_b1_hits.csv
2026-09-05_13-23-41,family-01,runelse.com,tiktoknews747,2024-12-15,https://www.threads.com/@tiktoknews747/post/DDmzrhWhiDG,https://runelse.com/pic122164.html?utm_term=1883,,1883,0.0,runelse.com,['family-01'],1,搭車遇到「肌肉襯衫帥哥」！拿掉口罩露「天菜級神顏」網友：跪求原地出道 runelse.com/pic12… 2 / 2,sweep_b1_hits.csv
2026-09-05_13-23-41,family-01,runelse.com,fbnews747,2024-12-15,https://www.threads.com/@fbnews747/post/DDmzDzIT0Lq,https://runelse.com/pic122149.html?utm_term=1883,,1883,0.0,runelse.com,['family-01'],1,晚上睡覺時嘴巴總是「發乾」？別以為是缺水，或是5種疾病「警報」 runelse.com/pic12… 2 / 2,sweep_b1_hits.csv
2026-09-05_13-23-41,family-01,runelse.com,youtubenews747,2024-12-15,https://www.threads.com/@youtubenews747/post/DDmy-nIhuNN,https://runelse.com/pic122145.html?utm_term=1883,,1883,1.0,runelse.com,['family-01'],1,娶了大我10歲的女上司，洞房時候看到的景象，讓我淚流不止！ runelse.com/pic12… 2 / 2,sweep_b1_hits.csv
2026-09-05_13-23-41,family-01,runelse.com,chinesenews747,2024-12-15,https://www.threads.com/@chinesenews747/post/DDmynwpz1DB,https://runelse.com/pic122137.html?utm_term=1883,,1883,0.0,runelse.com,['family-01'],1,她是「台劇女神」，因美貌做護士被發掘，卻因「生不了孩子」被離婚，如今45歲現狀曝 runelse.com/pic12… 2 / 2,sweep_b1_hits.csv
2026-09-05_13-23-41,family-01,runelse.com,phpnews747,2024-12-15,https://www.threads.com/@phpnews747/post/DDmkAm8Syga,https://runelse.com/pic120627.html?utm_term=1883,,1883,0.0,runelse.com,['family-01'],1,《黑澀會》女星懷孕了！曬孕肚照甜蜜告白：遇到讓我想生的伴侶 runelse.com/pic12… 2 / 2,sweep_b1_hits.csv
2026-09-05_13-23-41,family-01,runelse.com,girlsnews747,2024-12-15,https://www.threads.com/@girlsnews747/post/DDmjYHPTznb,https://runelse.com/pic121777.html?utm_term=1883,,1883,0.0,runelse.com,['family-01'],1,女人「摘掉後」 和正常女性有什麼不同？醫生說出大實話 runelse.com/pic12… 2 / 2,sweep_b1_hits.csv
2026-09-05_13-23-41,family-01,runelse.com,tiktoknews747,2024-12-15,https://www.threads.com/@tiktoknews747/post/DDmidKGhNuw,https://runelse.com/pic11038.html?utm_term=1883,,1883,0.0,runelse.com,['family-01'],1,檸檬能殺死12種癌，比化療強一萬倍？喝檸檬水能抗癌？告訴你真相 runelse.com/pic11… 2 / 2,sweep_b1_hits.csv
2026-09-05_13-23-41,family-01,runelse.com,fbnews747,2024-12-15,https://www.threads.com/@fbnews747/post/DDmgT5TT8U6,https://runelse.com/pic95959.html?utm_term=1883,,1883,0.0,runelse.com,['family-01'],1,謝和弦妻寬衣「哺乳2寶照」超溫馨！上身全淨空曝「產後危機」：痛到不能睡 runelse.com/pic95… 2 / 2,sweep_b1_hits.csv
2026-09-05_13-23-41,family-01,runelse.com,youtubenews747,2024-12-15,https://www.threads.com/@youtubenews747/post/DDmgK9YBkmq,https://runelse.com/pic4264.html?utm_term=1883,,1883,1.0,runelse.com,['family-01'],1,一定要告訴父母！吃「降壓藥」的時候千萬不能吃這個東西，否則會引發「心肌梗死或中風」，嚴重的危及生命 runelse.com/pic42… 2 / 2,sweep_b1_hits.csv
2026-09-05_13-23-41,family-01,runelse.com,chinesenews747,2024-12-15,https://www.threads.com/@chinesenews747/post/DDmfXpePR9O,https://runelse.com/pic121843.html?utm_term=1883,,1883,0.0,runelse.com,['family-01'],1,為什麼糖尿病越來越多？醫生提醒：與糖無關，這4種調味品要早遠離… runelse.com/pic12… 2 / 2,sweep_b1_hits.csv
2026-09-05_13-23-41,family-01,runelse.com,phpnews747,2024-12-15,https://www.threads.com/@phpnews747/post/DDmNGm7SBgC,https://runelse.com/pic118631.html?utm_term=1883,,1883,1.0,runelse.com,['family-01'],1,老闆娘放話「店裡零錢桶，能抱走全送你」，顧客用盡全力卻紋絲未動，網友估出總價：不要也罷！ runelse.com/pic11… 2 / 2,sweep_b1_hits.csv
2026-09-05_13-23-41,family-01,runelse.com,girlsnews747,2024-12-15,https://www.threads.com/@girlsnews747/post/DDmL4pETEt3,https://runelse.com/pic53801.html?utm_term=1883,,1883,0.0,runelse.com,['family-01'],1,為什麼女人一旦出軌就不能原諒？ 這3點決定的！ runelse.com/pic53… 2 / 2,sweep_b1_hits.csv
2026-09-05_13-23-41,family-01,runelse.com,tiktoknews747,2024-12-15,https://www.threads.com/@tiktoknews747/post/DDmLK44BEzo,https://runelse.com/pic13283.html?utm_term=1883,,1883,0.0,runelse.com,['family-01'],1,幼稚園放學回家！3歲女兒總緊握褲子說「不能尿尿」 寶媽不解「幫她脫下褲子」後整個人崩潰 runelse.com/pic13… 2 / 2,sweep_b1_hits.csv
2026-09-05_13-23-41,family-01,runelse.com,youtubenews747,2024-12-15,https://www.threads.com/@youtubenews747/post/DDmJ84dhKty,https://runelse.com/pic17629.html?utm_term=1883,,1883,1.0,runelse.com,['family-01'],1,「老公在，今晚不能去你那睡」！妻子誤發訊息給丈夫　收到回覆「我夜班 」粉碎多年婚姻 runelse.com/pic17… 2 / 2,sweep_b1_hits.csv
2026-09-05_13-23-41,family-01,runelse.com,chinesenews747,2024-12-15,https://www.threads.com/@chinesenews747/post/DDmJXxRPxdV,https://runelse.com/pic93349.html?utm_term=1883,,1883,0.0,runelse.com,['family-01'],1,最可憐的運動員：得金牌不能升國旗，想安慰中國選手，卻不敢上前 runelse.com/pic93… 2 / 2,sweep_b1_hits.csv
2026-09-05_13-23-41,family-01,runelse.com,phpnews747,2024-12-15,https://www.threads.com/@phpnews747/post/DDl4bTPRlTN,https://runelse.com/pic24,,,0.0,runelse.com,['family-01'],1,借條上不能寫這3個字，不然就變成一張「廢紙」，法律也很難幫你要回錢 runelse.com/pic24… 2 / 2,sweep_b1_hits.csv
2026-09-05_13-23-41,family-01,runelse.com,girlsnews747,2024-12-15,https://www.threads.com/@girlsnews747/post/DDl4IO0z9H5,https://runelse.com/pic78634.html?utm_term=1883,,1883,0.0,runelse.com,['family-01'],1,為什麼說炒菜不能在左邊爐口?我也今天才清楚，多虧師傅提醒，注意了!! runelse.com/pic78… 2 / 2,sweep_b1_hits.csv
2026-09-05_13-23-41,family-01,runelse.com,tiktoknews747,2024-12-15,https://www.threads.com/@tiktoknews747/post/DDl2zrnBpc0,https://runelse.com/pic122086.html?utm_term=1883,,1883,0.0,runelse.com,['family-01'],1,網紅挑戰30天吃720個蛋 營養師解迷：是玩命！ runelse.com/pic12… 2 / 2,sweep_b1_hits.csv
2026-09-05_13-23-41,family-01,runelse.com,youtubenews747,2024-12-15,https://www.threads.com/@youtubenews747/post/DDl1PPkhWUo,https://runelse.com/pic122002.html?utm_term=1883,,1883,1.0,runelse.com,['family-01'],1,李坤城兒控代書「騙林靖恩500萬」！她不忍了揭「1事實」吐槽：沒搞清楚 runelse.com/pic12… 2 / 2,sweep_b1_hits.csv
2026-09-05_13-23-41,family-01,runelse.com,chinesenews747,2024-12-15,https://www.threads.com/@chinesenews747/post/DDl0GdEPeLk,https://runelse.com/pic122016.html?utm_term=1883,,1883,0.0,runelse.com,['family-01'],1,台藝大琵琶女神控性騷　旅日網紅判賠10萬怒批：台灣司法真可悲 runelse.com/pic12… 2 / 2,sweep_b1_hits.csv
2026-09-05_13-23-41,family-01,runelse.com,phpnews747,2024-12-15,https://www.threads.com/@phpnews747/post/DDlSLqEyuqo,https://runelse.com/pic31759.html?utm_term=1883,,1883,0.0,runelse.com,['family-01'],1,肺癌來臨並非不聲不響！提醒：雙腿出現2個異常，可能是肺癌來臨… runelse.com/pic31… 2 / 2,sweep_b1_hits.csv
2026-09-05_13-23-41,family-01,runelse.com,girlsnews747,2024-12-15,https://www.threads.com/@girlsnews747/post/DDlR1GzT3t_,https://runelse.com/pic41756.html?utm_term=1883,,1883,0.0,runelse.com,['family-01'],1,！她是軍藝校花，被張鐵林玩到，最終嫁給香港知名演員 runelse.com/pic41… 2 / 2,sweep_b1_hits.csv
2026-09-05_13-23-41,family-01,runelse.com,tiktoknews747,2024-12-15,https://www.threads.com/@tiktoknews747/post/DDlRLeEBYni,https://runelse.com/pic65496.html?utm_term=1883,,1883,0.0,runelse.com,['family-01'],1,夫妻的恩愛活動，早上好還是晚上好？多數人可能搞錯了！ runelse.com/pic65… 2 / 2,sweep_b1_hits.csv
2026-09-05_13-23-41,family-01,runelse.com,fbnews747,2024-12-15,https://www.threads.com/@fbnews747/post/DDlQLBDzY-U,https://runelse.com/pic122005.html?utm_term=1883,,1883,0.0,runelse.com,['family-01'],1,越來越多人突然猝死，醫生忠告：猝死之前，身體會發出3個信號 runelse.com/pic12… 2 / 2,sweep_b1_hits.csv
2026-09-05_13-23-41,family-01,runelse.com,youtubenews747,2024-12-15,https://www.threads.com/@youtubenews747/post/DDlPKjpB_K5,https://runelse.com/pic121997.html?utm_term=1883,,1883,0.0,runelse.com,['family-01'],1,最懂事女友台北街頭曬「大V」7連拍　「波霸珍奶+小吃」喊3字4萬人朝聖！ runelse.com/pic12… 2 / 2,sweep_b1_hits.csv
2026-09-05_13-23-41,family-01,runelse.com,chinesenews747,2024-12-15,https://www.threads.com/@chinesenews747/post/DDlN87avbdF,https://runelse.com/pic122009.html?utm_term=1883,,1883,0.0,runelse.com,['family-01'],1,隔夜水、隔夜茶、隔夜菜哪個不能吃？ 三個實驗揭開真相：真正不能隔夜吃的「它」很多人都犯 runelse.com/pic12… 2 / 2,sweep_b1_hits.csv
2026-09-05_13-23-41,family-01,runelse.com,phpnews747,2024-12-14,https://www.threads.com/@phpnews747/post/DDkX-7FS_sq,https://runelse.com/pic121913.html?utm_term=1883,,1883,0.0,runelse.com,['family-01'],1,第一次去丈母娘家，老丈人特意買來招待我，太惡心轉頭想走，女友：很難買到 runelse.com/pic12… 2 / 2,sweep_b1_hits.csv
2026-09-05_13-23-41,family-01,runelse.com,girlsnews747,2024-12-14,https://www.threads.com/@girlsnews747/post/DDkXo-ITYlx,https://runelse.com/pic121934.html?utm_term=1883,,1883,0.0,runelse.com,['family-01'],1,情場浪子回頭！庹宗康為愛隱退江湖「堅持10點前回家」陪2兒玩　「一生不當黑臉」9年婚從不爭吵 runelse.com/pic12… 2 / 2,sweep_b1_hits.csv
2026-09-05_13-23-41,family-01,runelse.com,tiktoknews747,2024-12-14,https://www.threads.com/@tiktoknews747/post/DDkXH1ahPt5,https://runelse.com/pic121950.html?utm_term=1883,,1883,0.0,runelse.com,['family-01'],1,逛市場看到「一地抹布」，全是褶皺還「散發腥味」，老闆笑稱：成年人十個有九個都愛吃！ runelse.com/pic12… 2 / 2,sweep_b1_hits.csv
2026-09-05_13-23-41,family-01,runelse.com,fbnews747,2024-12-14,https://www.threads.com/@fbnews747/post/DDkVcDvT8Lk,https://runelse.com/pic121921.html?utm_term=1883,,1883,0.0,runelse.com,['family-01'],1,恩師缺席演唱會！周杰倫台上問「 憲哥怎麼沒來 」引轟動　本人親回「多年恩怨 」：他沒資格 runelse.com/pic12… 2 / 2,sweep_b1_hits.csv
2026-09-05_13-23-41,family-01,runelse.com,youtubenews747,2024-12-14,https://www.threads.com/@youtubenews747/post/DDkVUBqh0W9,https://runelse.com/pic121937.html?utm_term=1883,,1883,0.0,runelse.com,['family-01'],1,電話有蹊蹺？女子報警「卻說要2碗炸醬麵」冷靜點餐　機靈警察「驚覺是救命暗號」成功阻止悲劇 runelse.com/pic12… 2 / 2,sweep_b1_hits.csv
2026-09-05_13-23-41,family-01,runelse.com,chinesenews747,2024-12-14,https://www.threads.com/@chinesenews747/post/DDkU5VkTrPV,https://runelse.com/pic121927.html?utm_term=1883,,1883,0.0,runelse.com,['family-01'],1,越來越多人突然猝死，醫生忠告：猝死之前，身體會發出3個信號. runelse.com/pic12… 2 / 2,sweep_b1_hits.csv
2026-09-05_13-23-41,family-01,runelse.com,phpnews747,2024-12-14,https://www.threads.com/@phpnews747/post/DDkG2MoS8f6,https://runelse.com/pic105185.html?utm_term=1883,,1883,0.0,runelse.com,['family-01'],1,為拚還錢離開台灣！68歲澎恰恰「宣布好消息」：拍新戲了　和許效舜「做1事」靈驗轉運 runelse.com/pic10… 2 / 2,sweep_b1_hits.csv
2026-09-05_13-23-41,family-01,runelse.com,girlsnews747,2024-12-14,https://www.threads.com/@girlsnews747/post/DDkGMz8T5AF,https://runelse.com/pic6766.html?utm_term=1883,,1883,0.0,runelse.com,['family-01'],1,甩掉輪椅！洪金寶「瘦身成功」不再坐輪椅，身形激瘦拄拐前行「靈活的胖子即將回歸」 runelse.com/pic67… 2 / 2,sweep_b1_hits.csv
2026-09-05_13-23-41,family-01,runelse.com,tiktoknews747,2024-12-14,https://www.threads.com/@tiktoknews747/post/DDkFbz-B0qA,https://runelse.com/pic70243.html?utm_term=1883,,1883,0.0,runelse.com,['family-01'],1,才辦滿月宴！34歲女星崩潰「1歲兒心臟驟停」緊急送醫　淚揭死因「搶救4天不治」靈堂痛哭失聲 runelse.com/pic70… 2 / 2,sweep_b1_hits.csv
2026-09-05_13-23-41,family-01,runelse.com,fbnews747,2024-12-14,https://www.threads.com/@fbnews747/post/DDkEEIKzkt3,https://runelse.com/pic75994.html?utm_term=1883,,1883,0.0,runelse.com,['family-01'],1,為籌病父醫藥費！47歲女星「下海狂拍50部片」眼神毫無靈魂：後悔踏入演藝圈... runelse.com/pic75… 2 / 2,sweep_b1_hits.csv
2026-09-05_13-23-41,family-01,runelse.com,youtubenews747,2024-12-14,https://www.threads.com/@youtubenews747/post/DDkD22mhA0u,https://runelse.com/pic82474.html?utm_term=1883,,1883,0.0,runelse.com,['family-01'],1,我家從來不買潔廁靈，只需在馬桶里滴一滴，不管馬桶多臟一刷即凈 runelse.com/pic82… 2 / 2,sweep_b1_hits.csv
2026-09-05_13-23-41,family-01,runelse.com,phpnews747,2024-12-14,https://www.threads.com/@phpnews747/post/DDjn-hRSR89,https://runelse.com/pic96725.html?utm_term=1883,,1883,0.0,runelse.com,['family-01'],1,《玫瑰瞳鈴眼》女星痛失7歲愛子突有「通靈體質」　搬家第17次「遇到往生兒」：祂回到菩薩身邊 runelse.com/pic96… 2 / 2,sweep_b1_hits.csv
2026-09-05_13-23-41,family-01,vodsilo.cc,tvbzuixinzixun,2025-10-05,https://www.threads.com/@tvbzuixinzixun/post/DPaKetOk4xi,https://vodsilo.cc/video,,,2.0,vodsilo.cc,['family-01'],1,突發！天后鄭秀文緊急入院，腰部兩處撕裂，需拄拐杖坐輪椅外出 vodsilo.cc/video…,sweep_b1_hits.csv
2026-09-05_13-23-41,family-01,vodsilo.cc,tvbzuixinzixun,2025-10-05,https://www.threads.com/@tvbzuixinzixun/post/DPaKmE2E--s,https://vodsilo.cc/video888953.html?utm_term=576,,576,0.0,vodsilo.cc,[],0,突發！天后鄭秀文緊急入院，腰部兩處撕裂，需拄拐杖坐輪椅外出,sweep_b1_hits.csv
2026-09-05_13-23-41,family-01,vodsilo.cc,tvbzuixinzixun,2025-09-30,https://www.threads.com/@tvbzuixinzixun/post/DPOuwJKk6gT,https://vodsilo.cc/video,,,7.0,vodsilo.cc,['family-01'],1,恭喜！母子平安，60歲天王郭富城再當爸爸，妻子方媛三胎平安生子 vodsilo.cc/video… 1 / 2,sweep_b1_hits.csv
2026-09-05_13-23-41,family-01,vodsilo.cc,tvbzuixinzixun,2025-09-20,https://www.threads.com/@tvbzuixinzixun/post/DO1QWhfE8c3,https://vodsilo.cc/video,,,7.0,vodsilo.cc,['family-01'],1,SOPHIE深夜版撒嬌「係咪啊 GM」，GS半夜直播放糖好甜蜜 vodsilo.cc/video…,sweep_b1_hits.csv
2026-09-05_13-23-41,family-01,vodsilo.cc,tvbzuixinzixun,2025-09-20,https://www.threads.com/@tvbzuixinzixun/post/DO1QfYjE7DO,https://vodsilo.cc/video886343.html?utm_term=576,,576,0.0,vodsilo.cc,[],0,SOPHIE深夜版撒嬌「係咪啊 GM」，GS半夜直播放糖好甜蜜,sweep_b1_hits.csv
2026-09-05_13-23-41,family-01,vodsilo.cc,tvbzuixinzixun,2025-09-15,https://www.threads.com/@tvbzuixinzixun/post/DOm1_gKEz4A,https://vodsilo.cc/video,,,29.0,vodsilo.cc,['family-01'],1,GM曾展望 SOPHIE 場外錫上癮！【女神配對計劃】 vodsilo.cc/video…,sweep_b1_hits.csv
2026-09-05_13-23-41,family-01,vodsilo.cc,tvbzuixinzixun,2025-09-11,https://www.threads.com/@tvbzuixinzixun/post/DOdvvCQEwk_,https://vodsilo.cc/pic18,,,0.0,vodsilo.cc,['family-01'],1,TVB力捧小花曬近況疑似懷孕！本人火速回應，去年日本低調完婚 vodsilo.cc/pic18…,sweep_b1_hits.csv
2026-09-05_13-23-41,family-01,vodsilo.cc,tvbzuixinzixun,2025-09-11,https://www.threads.com/@tvbzuixinzixun/post/DOdwFGZE3uO,https://vodsilo.cc/pic183258.html?utm_term=576,,576,0.0,vodsilo.cc,['family-01'],1,TVB力捧小花曬近況疑似懷孕！本人火速回應，去年日本低調完婚 vodsilo.cc/pic18…,sweep_b1_hits.csv
2026-09-05_13-23-41,family-01,vodsilo.cc,tvbzuixinzixun,2025-09-08,https://www.threads.com/@tvbzuixinzixun/post/DOUnmWYktOR,https://vodsilo.cc/pic18,,,7.0,vodsilo.cc,['family-01'],1,解讀《巨塔之後》10位女角色，董一妍搞事業，方欣挑起內鬥 vodsilo.cc/pic18…,sweep_b1_hits.csv
2026-09-05_13-23-41,family-01,vodsilo.cc,tvbzuixinzixun,2025-09-08,https://www.threads.com/@tvbzuixinzixun/post/DOUnsvsEvyX,https://vodsilo.cc/pic182859.html?utm_term=576,,576,1.0,vodsilo.cc,[],0,解讀《巨塔之後》10位女角色，董一妍搞事業，方欣挑起內鬥 2 / 2,sweep_b1_hits.csv
2026-09-05_13-23-41,family-01,vodsilo.cc,tvbzuixinzixun,2025-09-07,https://www.threads.com/@tvbzuixinzixun/post/DOTpZCdkk7S,https://vodsilo.cc/pic18,,,2.0,vodsilo.cc,['family-01'],1,宣萱新劇《巨塔之後》首播4集，口碑出爐，觀眾評價一針見血。大家覺得《巨塔之後》怎麼樣？歡迎留言討論。 vodsilo.cc/pic18…,sweep_b1_hits.csv
2026-09-05_13-23-41,family-01,vodsilo.cc,tvbzuixinzixun,2025-09-07,https://www.threads.com/@tvbzuixinzixun/post/DOTpdBYktLV,https://vodsilo.cc/pic182862.html?utm_term=576,,576,0.0,vodsilo.cc,[],0,宣萱新劇《巨塔之後》首播4集，口碑出爐，觀眾評價一針見血。大家覺得《巨塔之後》怎麼樣？歡迎留言討論。,sweep_b1_hits.csv
2026-09-05_13-23-41,family-01,vodsilo.cc,tvbzuixinzixun,2025-09-06,https://www.threads.com/@tvbzuixinzixun/post/DOQZ6zqE_AX,https://vodsilo.cc/pic42,,,2.0,vodsilo.cc,['family-01'],1,突然宣布約滿離巢！TVB美女小花擁40寸大長腿，因常穿著性感惹觀眾反感 vodsilo.cc/pic42…,sweep_b1_hits.csv
2026-09-05_13-23-41,family-01,vodsilo.cc,tvbzuixinzixun,2025-09-06,https://www.threads.com/@tvbzuixinzixun/post/DOQZ9phEzys,https://vodsilo.cc/pic42671.html?utm_term=576,,576,0.0,vodsilo.cc,[],0,突然宣布約滿離巢！TVB美女小花擁40寸大長腿，因常穿著性感惹觀眾反感 2 / 2,sweep_b1_hits.csv
2026-09-05_13-23-41,family-01,vodsilo.cc,tvbzuixinzixun,2025-09-05,https://www.threads.com/@tvbzuixinzixun/post/DOPV8OsEzNR,https://vodsilo.cc/pic31,,,28.0,vodsilo.cc,['family-01'],1,35歲男藝人宣布離巢TVB，疑似過檔ViuTV， 效力11年苦無發展 vodsilo.cc/pic31…,sweep_b1_hits.csv
2026-09-05_13-23-41,family-01,vodsilo.cc,tvbzuixinzixun,2025-09-05,https://www.threads.com/@tvbzuixinzixun/post/DOPV5rhEyFw,https://vodsilo.cc/video,,,7.0,vodsilo.cc,['family-01'],1,恭喜！ TVB美女主播低調結婚，身材高挑有「科大之花」美譽 vodsilo.cc/video…,sweep_b1_hits.csv
2026-09-05_13-23-41,family-01,vodsilo.cc,tvbzuixinzixun,2025-09-05,https://www.threads.com/@tvbzuixinzixun/post/DOPV-dBEwqY,https://vodsilo.cc/video880487.html?utm_term=576,,576,0.0,vodsilo.cc,[],0,恭喜！ TVB美女主播低調結婚，身材高挑有「科大之花」美譽 2 / 2,sweep_b1_hits.csv
2026-09-05_13-23-41,family-01,vodsilo.cc,tvbzuixinzixun,2025-09-02,https://www.threads.com/@tvbzuixinzixun/post/DOFdXmXE15K,https://vodsilo.cc/video,,,0.0,vodsilo.cc,['family-01'],1,港姐冠軍大起底！26歲博士生陳詠詩完美履歷嚇呆網民：這是「美貌與智慧」的巔峰！揭秘她背後的超狂人生！ vodsilo.cc/video… 1 / 2,sweep_b1_hits.csv
2026-09-05_13-23-41,family-01,vodsilo.cc,tvbzuixinzixun,2025-08-30,https://www.threads.com/@tvbzuixinzixun/post/DN-MNw_k89a,https://vodsilo.cc/video,,,1.0,vodsilo.cc,['family-01'],1,#披荊斬棘2025 陳小春炸裂演繹《無人知曉的我》，感染力太強，台下的大灣仔張智霖 周柏豪 林曉峰 哭得稀里嘩啦！ vodsilo.cc/video…,sweep_b1_hits.csv
2026-09-05_13-23-41,family-01,vodsilo.cc,tvbzuixinzixun,2025-08-30,https://www.threads.com/@tvbzuixinzixun/post/DN-Mi0Fk8W9,https://vodsilo.cc/video883107.html?utm_term=576,,576,0.0,vodsilo.cc,[],0,#披荊斬棘2025 陳小春炸裂演繹《無人知曉的我》，感染力太強，台下的大灣仔張智霖 周柏豪 林曉峰 哭得稀里嘩啦！ 2 / 2,sweep_b1_hits.csv
2026-09-05_13-23-41,family-01,vodsilo.cc,tvbzuixinzixun,2025-08-30,https://www.threads.com/@tvbzuixinzixun/post/DN-MSYSkzCb,https://vodsilo.cc/video,,,2.0,vodsilo.cc,['family-01'],1,港星徐淑敏舉家移民失敗，重回香港生活，準備東山再起，轉行投資電影，閃婚後連生三個女兒 vodsilo.cc/video… 1 / 2,sweep_b1_hits.csv
2026-09-05_13-23-41,family-01,vodsilo.cc,tvbzuixinzixun,2025-08-28,https://www.threads.com/@tvbzuixinzixun/post/DN4PDxbE_m4,https://vodsilo.cc/video,,,9.0,vodsilo.cc,['family-01'],1,TVB新劇《玫瑰戰爭》主演陣容官宣 ，繼黑色月光后 楊茜堯林夏薇第二次再合作 vodsilo.cc/video…,sweep_b1_hits.csv
2026-09-05_13-23-41,family-01,vodsilo.cc,tvbzuixinzixun,2025-08-28,https://www.threads.com/@tvbzuixinzixun/post/DN4PHpCE_wO,https://vodsilo.cc/video882594.html?utm_term=576,,576,0.0,vodsilo.cc,[],0,TVB新劇《玫瑰戰爭》主演陣容官宣 ，繼黑色月光后 楊茜堯林夏薇第二次再合作 2 / 2,sweep_b1_hits.csv
2026-09-05_13-23-41,family-01,vodsilo.cc,tvbzuixinzixun,2025-08-28,https://www.threads.com/@tvbzuixinzixun/post/DN4PBtFE889,https://vodsilo.cc/video,,,5.0,vodsilo.cc,['family-01'],1,"王君馨愛女百日宴曝光！豪華星級美食吸睛十足, 好友岑麗香李亞男齊現身祝賀 vodsilo.cc/video…",sweep_b1_hits.csv
2026-09-05_13-23-41,family-01,vodsilo.cc,tvbzuixinzixun,2025-08-28,https://www.threads.com/@tvbzuixinzixun/post/DN4PF6eExF6,https://vodsilo.cc/video882685.html?utm_term=576,,576,0.0,vodsilo.cc,[],0,"王君馨愛女百日宴曝光！豪華星級美食吸睛十足, 好友岑麗香李亞男齊現身祝賀 2 / 2",sweep_b1_hits.csv
2026-09-05_13-23-41,family-01,vodsilo.cc,tvbzuixinzixun,2025-08-25,https://www.threads.com/@tvbzuixinzixun/post/DNx3aB9ZqKZ,https://vodsilo.cc/video,,,8.0,vodsilo.cc,['family-01'],1,TVB新劇《巨塔之後》預告片和單人海報來襲，期待首播 vodsilo.cc/video…,sweep_b1_hits.csv
2026-09-05_13-23-41,family-01,vodsilo.cc,tvbzuixinzixun,2025-08-25,https://www.threads.com/@tvbzuixinzixun/post/DNx3f4sZtx5,https://vodsilo.cc/video882201.html?utm_term=576,,576,2.0,vodsilo.cc,[],0,TVB新劇《巨塔之後》預告片和單人海報來襲，期待首播 2 / 2,sweep_b1_hits.csv
2026-09-05_13-23-41,family-01,vodsilo.cc,tvbzuixinzixun,2025-08-25,https://www.threads.com/@tvbzuixinzixun/post/DNx3YaF5irt,https://vodsilo.cc/video,,,3.0,vodsilo.cc,['family-01'],1,"李亞男為鍾嘉欣兒子提早慶生, 小女兒忍不住偷吃超搞笑, 大女兒神複製王祖藍 vodsilo.cc/video…",sweep_b1_hits.csv
2026-09-05_13-23-41,family-01,vodsilo.cc,tvbzuixinzixun,2025-08-25,https://www.threads.com/@tvbzuixinzixun/post/DNx3eFpZld1,https://vodsilo.cc/video881872.html?utm_term=576,,576,0.0,vodsilo.cc,[],0,"李亞男為鍾嘉欣兒子提早慶生, 小女兒忍不住偷吃超搞笑, 大女兒神複製王祖藍 2 / 2",sweep_b1_hits.csv
2026-09-05_13-23-41,family-01,vodsilo.cc,tvbzuixinzixun,2025-08-24,https://www.threads.com/@tvbzuixinzixun/post/DNvsqVNZBZc,https://vodsilo.cc/video,,,66.0,vodsilo.cc,['family-01'],1,"張寶兒挺7個月孕肚現身派對, 孕味濃厚與袁偉豪放閃恩愛滿滿 vodsilo.cc/video…",sweep_b1_hits.csv
2026-09-05_13-23-41,family-01,vodsilo.cc,tvbzuixinzixun,2025-08-24,https://www.threads.com/@tvbzuixinzixun/post/DNuk92L3qjT,https://vodsilo.cc/video,,,351.0,vodsilo.cc,['family-01'],1,一路走好！ 38歲TVB前藝人陳積榮安息禮舉行，古天樂馬浚偉送花牌悼念 vodsilo.cc/video…,sweep_b1_hits.csv
2026-09-05_13-23-41,family-01,vodsilo.cc,tvbzuixinzixun,2025-08-24,https://www.threads.com/@tvbzuixinzixun/post/DNuk_ZJ3qWV,https://vodsilo.cc/video,,,0.0,vodsilo.cc,['family-01'],1,俠醫｜江欣燕宣傳中途要離場 近年屢傳身體出問題 vodsilo.cc/video…,sweep_b1_hits.csv
2026-09-05_13-23-41,family-01,vodsilo.cc,tvbzuixinzixun,2025-08-24,https://www.threads.com/@tvbzuixinzixun/post/DNulJmc3n-g,https://vodsilo.cc/video881905.html?utm_term=576,,576,0.0,vodsilo.cc,[],0,俠醫｜江欣燕宣傳中途要離場 近年屢傳身體出問題,sweep_b1_hits.csv
2026-09-05_13-23-41,family-01,vodsilo.cc,tvbzuixinzixun,2025-08-13,https://www.threads.com/@tvbzuixinzixun/post/DNUHphzzFtP,https://vodsilo.cc/pic17,,,3.0,vodsilo.cc,['family-01'],1,TVB前花旦自曝曾懷二胎！因拍戲太辛苦而流產，婚後多次傳婚變 vodsilo.cc/pic17…,sweep_b1_hits.csv
2026-09-05_13-23-41,family-01,vodsilo.cc,tvbzuixinzixun,2025-08-13,https://www.threads.com/@tvbzuixinzixun/post/DNUH1UhTRue,https://vodsilo.cc/pic177486.html?utm_term=576,,576,0.0,vodsilo.cc,[],0,TVB前花旦自曝曾懷二胎！因拍戲太辛苦而流產，婚後多次傳婚變 2 / 2,sweep_b1_hits.csv
2026-09-05_13-23-41,family-01,vodsilo.cc,tvbzuixinzixun,2025-08-13,https://www.threads.com/@tvbzuixinzixun/post/DNUHrW_TgiF,https://vodsilo.cc/video,,,6.0,vodsilo.cc,['family-01'],1,徐子珊退圈6年低調回港！菜市場砍價無人識，素顏變師奶，密友爆：已秘婚普通人，拒復出拍戲！ vodsilo.cc/video…,sweep_b1_hits.csv
2026-09-05_13-23-41,family-01,vodsilo.cc,tvbzuixinzixun,2025-08-10,https://www.threads.com/@tvbzuixinzixun/post/DNKAWSWznCw,https://vodsilo.cc/video,,,345.0,vodsilo.cc,['family-01'],1,陳茵媺分享旅行歡聚后 不舍陳豪回港工作 vodsilo.cc/video…,sweep_b1_hits.csv
2026-09-05_13-23-41,family-01,vodsilo.cc,tvbzuixinzixun,2025-08-08,https://www.threads.com/@tvbzuixinzixun/post/DNGKrg3TN0I,https://vodsilo.cc/video,,,4.0,vodsilo.cc,['family-01'],1,何廣沛宣布結婚！與女友Sarah苗承諾曬沙灘拖手照：心情仲非常緊｜星島頭條新聞｜何廣沛｜公關｜結婚｜TVB｜婚禮｜婚訊 vodsilo.cc/video…,sweep_b1_hits.csv
2026-09-05_13-23-41,family-01,vodsilo.cc,tvbzuixinzixun,2025-08-08,https://www.threads.com/@tvbzuixinzixun/post/DNGKw51TQCz,https://vodsilo.cc/video879398.html?utm_term=576,,576,1.0,vodsilo.cc,[],0,何廣沛宣布結婚！與女友Sarah苗承諾曬沙灘拖手照：心情仲非常緊｜星島頭條新聞｜何廣沛｜公關｜結婚｜TVB｜婚禮｜婚訊 2 / 2,sweep_b1_hits.csv
2026-09-05_13-23-41,family-01,vodsilo.cc,tvbzuixinzixun,2025-08-08,https://www.threads.com/@tvbzuixinzixun/post/DNGKqPYz6VJ,https://vodsilo.cc/video,,,1.0,vodsilo.cc,['family-01'],1,黃心穎「無限峰光」閃爆富國島！曬比堅尼火辣身材，網民：泥鯭真的賺到了？ vodsilo.cc/video…,sweep_b1_hits.csv
2026-09-05_13-23-41,family-01,vodsilo.cc,tvbzuixinzixun,2025-08-08,https://www.threads.com/@tvbzuixinzixun/post/DNGKtA0T6un,https://vodsilo.cc/video879008.html?utm_term=576,,576,0.0,vodsilo.cc,[],0,黃心穎「無限峰光」閃爆富國島！曬比堅尼火辣身材，網民：泥鯭真的賺到了？ 2 / 2,sweep_b1_hits.csv
2026-09-05_13-23-41,family-01,vodsilo.cc,tvbzuixinzixun,2025-08-07,https://www.threads.com/@tvbzuixinzixun/post/DNC2fMXzQ64,https://vodsilo.cc/video,,,185.0,vodsilo.cc,['family-01'],1,"陳豪首次暑假陪老婆仔女返加團聚, 陳茵媺甜曬幸福告白 vodsilo.cc/video…",sweep_b1_hits.csv
2026-09-05_13-23-41,family-01,vodsilo.cc,tvbzuixinzixun,2025-08-07,https://www.threads.com/@tvbzuixinzixun/post/DNC2l63TAJP,https://vodsilo.cc/video879139.html?utm_term=576,,576,2.0,vodsilo.cc,[],0,"陳豪首次暑假陪老婆仔女返加團聚, 陳茵媺甜曬幸福告白",sweep_b1_hits.csv
2026-09-05_13-23-41,family-01,vodsilo.cc,tvbzuixinzixun,2025-08-07,https://www.threads.com/@tvbzuixinzixun/post/DNC2dbnzMkE,https://vodsilo.cc/video,,,3.0,vodsilo.cc,['family-01'],1,恭喜！香港人氣主持人黃靜藍宣布生女，狠甩前男友，未婚先孕如願嫁入豪門 vodsilo.cc/video…,sweep_b1_hits.csv
2026-09-05_13-23-41,family-01,vodsilo.cc,tvbzuixinzixun,2025-08-07,https://www.threads.com/@tvbzuixinzixun/post/DNC2hlYzBDn,https://vodsilo.cc/video879138.html?utm_term=576,,576,0.0,vodsilo.cc,[],0,恭喜！香港人氣主持人黃靜藍宣布生女，狠甩前男友，未婚先孕如願嫁入豪門 2 / 2,sweep_b1_hits.csv
2026-09-05_13-23-41,family-01,vodsilo.cc,tvbzuixinzixun,2025-07-24,https://www.threads.com/@tvbzuixinzixun/post/DMfJLmKzyml,https://vodsilo.cc/pic16,,,7.0,vodsilo.cc,['family-01'],1,恭喜！TVB前美女港姐宣布懷孕，和富二代老公結婚兩年造人成功 vodsilo.cc/pic16…,sweep_b1_hits.csv
2026-09-05_13-23-41,family-01,vodsilo.cc,tvbzuixinzixun,2025-07-24,https://www.threads.com/@tvbzuixinzixun/post/DMfJNOMzmEw,https://vodsilo.cc/pic169331.html?utm_term=576,,576,0.0,vodsilo.cc,[],0,恭喜！TVB前美女港姐宣布懷孕，和富二代老公結婚兩年造人成功 2 / 2,sweep_b1_hits.csv
2026-09-05_13-23-41,family-01,vodsilo.cc,tvbzuixinzixun,2025-07-23,https://www.threads.com/@tvbzuixinzixun/post/DMbnWHqzhFW,https://vodsilo.cc/video,,,464.0,vodsilo.cc,['family-01'],1,TVB前監梅小青制確診子宮頸癌，入院做子宮全切手術保命，現正康復中 vodsilo.cc/video…,sweep_b1_hits.csv
2026-09-05_13-23-41,family-01,vodsilo.cc,tvbzuixinzixun,2025-07-23,https://www.threads.com/@tvbzuixinzixun/post/DMdHksBTm3t,https://vodsilo.cc/video,,,11.0,vodsilo.cc,['family-01'],1,唐佳雪妮喪禮丨錢嘉樂代家屬回應同設靈係佳哥意願 黃宗澤汪明荃等圈中人現身靈堂送別 vodsilo.cc/video…,sweep_b1_hits.csv
2026-09-05_13-23-41,family-01,vodsilo.cc,tvbzuixinzixun,2025-07-23,https://www.threads.com/@tvbzuixinzixun/post/DMdHmLKTrYG,https://vodsilo.cc/pic17,,,11.0,vodsilo.cc,['family-01'],1,TVB新晉男星家底強勁，港島擁多個海鮮檔為母放棄移民 vodsilo.cc/pic17…,sweep_b1_hits.csv
2026-09-05_13-23-41,family-01,vodsilo.cc,tvbzuixinzixun,2025-07-23,https://www.threads.com/@tvbzuixinzixun/post/DMdHsfVTCpa,https://vodsilo.cc/pic170012.html?utm_term=576,,576,2.0,vodsilo.cc,[],0,TVB新晉男星家底強勁，港島擁多個海鮮檔為母放棄移民 2 / 2,sweep_b1_hits.csv
2026-09-05_13-23-41,family-01,vodsilo.cc,tvbzuixinzixun,2025-07-23,https://www.threads.com/@tvbzuixinzixun/post/DMbnU0pzFa0,https://vodsilo.cc/video,,,3.0,vodsilo.cc,['family-01'],1,現場實況：「御用爺爺」周驄設靈 獲古天樂《新紮師妹》CP送花圈敬輓 90歲羅蘭冒風雨撐枴杖送別 見遺照顯不捨 哽咽談生死 鍾志光指入院時仍精靈 性格樂觀無遺憾 愛講與謝賢拍片趣事｜Viu1現場實況 vodsilo.cc/video…,sweep_b1_hits.csv
2026-09-05_13-23-41,family-01,vodsilo.cc,tvbzuixinzixun,2025-07-23,https://www.threads.com/@tvbzuixinzixun/post/DMbnYHwTLxb,https://vodsilo.cc/video876282.html?utm_term=576,,576,1.0,vodsilo.cc,[],0,現場實況：「御用爺爺」周驄設靈 獲古天樂《新紮師妹》CP送花圈敬輓 90歲羅蘭冒風雨撐枴杖送別 見遺照顯不捨 哽咽談生死 鍾志光指入院時仍精靈 性格樂觀無遺憾 愛講與謝賢拍片趣事｜Viu1現場實況 2 / 2,sweep_b1_hits.csv
2026-09-05_13-23-41,family-01,vodsilo.cc,tvbzuixinzixun,2025-07-13,https://www.threads.com/@tvbzuixinzixun/post/DMDbrSITU09,https://vodsilo.cc/video,,,8.0,vodsilo.cc,['family-01'],1,90歲老戲骨羅蘭亮相《金式森林》一周年晚宴，監製林志華說方老太（羅蘭），風采依然，威嚴更盛！羅蘭高齡還在拍劇真的不容易，她說不會退休，但是這兩年減產了很多，希望老人家健健康康。 vodsilo.cc/video…,sweep_b1_hits.csv
2026-09-05_13-23-41,family-01,vodsilo.cc,tvbzuixinzixun,2025-07-13,https://www.threads.com/@tvbzuixinzixun/post/DMDbun0TZ2o,https://vodsilo.cc/video874477.html?utm_term=576,,576,0.0,vodsilo.cc,[],0,90歲老戲骨羅蘭亮相《金式森林》一周年晚宴，監製林志華說方老太（羅蘭），風采依然，威嚴更盛！羅蘭高齡還在拍劇真的不容易，她說不會退休，但是這兩年減產了很多，希望老人家健健康康。 2 / 2,sweep_b1_hits.csv
2026-09-05_13-23-41,family-01,vodsilo.cc,tvbzuixinzixun,2025-07-04,https://www.threads.com/@tvbzuixinzixun/post/DLr_BWnzMjJ,https://vodsilo.cc/video,,,42.0,vodsilo.cc,['family-01'],1,資深藝人雪妮胰臟癌辭世 與武指丈夫唐佳7.14同設靈 vodsilo.cc/video…,sweep_b1_hits.csv
2026-09-05_13-23-41,family-01,vodsilo.cc,tvbzuixinzixun,2025-07-04,https://www.threads.com/@tvbzuixinzixun/post/DLr--4ez3l4,https://vodsilo.cc/video,,,20.0,vodsilo.cc,['family-01'],1,周驄離世｜16年獲頒「萬千光輝演藝人大獎」 vodsilo.cc/video…,sweep_b1_hits.csv
2026-09-05_13-23-41,family-01,vodsilo.cc,tvbzuixinzixun,2025-07-04,https://www.threads.com/@tvbzuixinzixun/post/DLr_DFKTuhG,https://vodsilo.cc/video872887.html?utm_term=576,,576,0.0,vodsilo.cc,[],0,周驄離世｜16年獲頒「萬千光輝演藝人大獎」 2 / 2,sweep_b1_hits.csv
2026-09-05_13-23-41,family-01,vodsilo.cc,tvbzuixinzixun,2025-06-27,https://www.threads.com/@tvbzuixinzixun/post/DLZjpQyTII2,https://vodsilo.cc/video,,,2.0,vodsilo.cc,['family-01'],1,蔡瀾辭世 瀟灑一生﹕「可以想念我，但唔好過份」｜香港四大才子 vodsilo.cc/video…,sweep_b1_hits.csv
2026-09-05_13-23-41,family-01,vodsilo.cc,tvbzuixinzixun,2025-06-26,https://www.threads.com/@tvbzuixinzixun/post/DLWZAICTtra,https://vodsilo.cc/video,,,2.0,vodsilo.cc,['family-01'],1,洪金寶兒子兒媳被曝出軌！周家蔚一后三王上熱搜，洪天明火速回應 #洪金寶 #八卦 vodsilo.cc/video…,sweep_b1_hits.csv
2026-09-05_13-23-41,family-01,vodsilo.cc,tvbzuixinzixun,2025-06-26,https://www.threads.com/@tvbzuixinzixun/post/DLWZC2qTDuS,https://vodsilo.cc/video871274.html?utm_term=576,,576,1.0,vodsilo.cc,[],0,洪金寶兒子兒媳被曝出軌！周家蔚一后三王上熱搜，洪天明火速回應 #洪金寶 #八卦 2 / 2,sweep_b1_hits.csv
2026-09-05_13-23-41,family-01,vodsilo.cc,tvbzuixinzixun,2025-06-17,https://www.threads.com/@tvbzuixinzixun/post/DLAO7_ezwzS,https://vodsilo.cc/pic14,,,26.0,vodsilo.cc,['family-01'],1,香港知名女星移居泰國遇大地震，整棟房子都在震動，拍視頻報平安 vodsilo.cc/pic14…,sweep_b1_hits.csv
2026-09-05_13-23-41,family-01,vodsilo.cc,tvbzuixinzixun,2025-06-17,https://www.threads.com/@tvbzuixinzixun/post/DLAO9vCzwxH,https://vodsilo.cc/pic40,,,3.0,vodsilo.cc,['family-01'],1,27歲TVB「巨咪楊丞琳」收胸走學生路線！演活MK妹面對視后零怯場　曾與富三代傳緋聞 vodsilo.cc/pic40…,sweep_b1_hits.csv
2026-09-05_13-23-41,family-01,vodsilo.cc,tvbzuixinzixun,2025-06-17,https://www.threads.com/@tvbzuixinzixun/post/DLAO_adzNf7,https://vodsilo.cc/pic40771.html?utm_term=576,,576,0.0,vodsilo.cc,[],0,27歲TVB「巨咪楊丞琳」收胸走學生路線！演活MK妹面對視后零怯場　曾與富三代傳緋聞 2 / 2,sweep_b1_hits.csv
2026-09-05_13-23-41,family-01,vodsilo.cc,tvbzuixinzixun,2025-05-27,https://www.threads.com/@tvbzuixinzixun/post/DKI0k1ZzIMj,https://vodsilo.cc/video,,,29.0,vodsilo.cc,['family-01'],1,林峯鍾嘉欣在林峰演唱會世紀大合體！！！沒有常在心的日子第7900日 把鍾嘉欣搞哭啦！！！管家仔vs于素秋，DNA動了啊啊啊啊 vodsilo.cc/video…,sweep_b1_hits.csv
2026-09-05_13-23-41,family-01,vodsilo.cc,tvbzuixinzixun,2025-05-27,https://www.threads.com/@tvbzuixinzixun/post/DKI0sasTACS,https://vodsilo.cc/video865236.html?utm_term=576,,576,1.0,vodsilo.cc,[],0,林峯鍾嘉欣在林峰演唱會世紀大合體！！！沒有常在心的日子第7900日 把鍾嘉欣搞哭啦！！！管家仔vs于素秋，DNA動了啊啊啊啊,sweep_b1_hits.csv
2026-09-05_13-23-41,family-01,vodsilo.cc,tvbzuixinzixun,2025-05-18,https://www.threads.com/@tvbzuixinzixun/post/DJzQ5WUT5WF,https://vodsilo.cc/video,,,0.0,vodsilo.cc,['family-01'],1,艾威太太Lisa肝病惡化離世 細菌感染未及接受移植 vodsilo.cc/video…,sweep_b1_hits.csv
2026-09-05_13-23-41,family-01,vodsilo.cc,tvbzuixinzixun,2025-05-18,https://www.threads.com/@tvbzuixinzixun/post/DJzQ-7pTM5a,https://vodsilo.cc/video863501.html?utm_term=576,,576,0.0,vodsilo.cc,[],0,艾威太太Lisa肝病惡化離世 細菌感染未及接受移植 2 / 2,sweep_b1_hits.csv
2026-09-05_13-23-41,family-01,vodsilo.cc,tvbzuixinzixun,2025-05-13,https://www.threads.com/@tvbzuixinzixun/post/DJlz6YGTz49,https://vodsilo.cc/video,,,14.0,vodsilo.cc,['family-01'],1,張曦雯著緊身白色TEE影相冧網民－內衣加墊太重手令胸型突兀 vodsilo.cc/video…,sweep_b1_hits.csv
2026-09-05_13-23-41,family-01,vodsilo.cc,tvbzuixinzixun,2025-05-13,https://www.threads.com/@tvbzuixinzixun/post/DJlz-ckzSCu,https://vodsilo.cc/video614964.html?utm_term=576,,576,2.0,vodsilo.cc,[],0,張曦雯著緊身白色TEE影相冧網民－內衣加墊太重手令胸型突兀 2 / 2,sweep_b1_hits.csv
2026-09-05_13-23-41,family-01,vodsilo.cc,tvbzuixinzixun,2025-05-13,https://www.threads.com/@tvbzuixinzixun/post/DJlz36GzbAn,https://vodsilo.cc/pic15,,,3.0,vodsilo.cc,['family-01'],1,45歲的胡杏兒，給所有女人提了個醒，無論你身材多好多漂亮，也別輕易嘗試「布料少」的裙子 vodsilo.cc/pic15…,sweep_b1_hits.csv
2026-09-05_13-23-41,family-01,vodsilo.cc,tvbzuixinzixun,2025-05-13,https://www.threads.com/@tvbzuixinzixun/post/DJlz8qSz93j,https://vodsilo.cc/pic157100.html?utm_term=576,,576,0.0,vodsilo.cc,[],0,45歲的胡杏兒，給所有女人提了個醒，無論你身材多好多漂亮，也別輕易嘗試「布料少」的裙子 2 / 2,sweep_b1_hits.csv
2026-09-05_13-23-41,family-01,vodsilo.cc,tvbzuixinzixun,2025-05-01,https://www.threads.com/@tvbzuixinzixun/post/DJFzmngzVHD,https://vodsilo.cc/video,,,87.0,vodsilo.cc,['family-01'],1,83歲蔡瀾突被送深切治療部 月初曾預告直播將暫停 晚年樂觀生活無懼生死｜星島頭條新聞｜蔡瀾｜四大才子｜深切治療部！ vodsilo.cc/video…,sweep_b1_hits.csv
2026-09-05_13-23-41,family-01,vodsilo.cc,tvbzuixinzixun,2025-04-20,https://www.threads.com/@tvbzuixinzixun/post/DIrAtsMzdYy,https://vodsilo.cc/video,,,13.0,vodsilo.cc,['family-01'],1,郭子豪鄧卓殷婚宴情況曝光 大批圈中人到賀Dear Jane獻唱 vodsilo.cc/video…,sweep_b1_hits.csv
2026-09-05_13-23-41,family-01,vodsilo.cc,tvbzuixinzixun,2025-04-20,https://www.threads.com/@tvbzuixinzixun/post/DIrA2ltTz2h,https://vodsilo.cc/video857455.html?utm_term=576,,576,5.0,vodsilo.cc,['family-01'],1,郭子豪鄧卓殷婚宴情況曝光 大批圈中人到賀Dear Jane獻唱 vodsilo.cc/video… 2 / 2,sweep_b1_hits.csv
2026-09-05_13-23-41,family-01,vodsilo.cc,tvbzuixinzixun,2025-04-20,https://www.threads.com/@tvbzuixinzixun/post/DIrAra-z_hr,https://vodsilo.cc/video,,,4.0,vodsilo.cc,['family-01'],1,七魔女再曬全員的泰國度假照 另外兩位美女身份曝光 vodsilo.cc/video…,sweep_b1_hits.csv
2026-09-05_13-23-41,family-01,vodsilo.cc,tvbzuixinzixun,2025-04-20,https://www.threads.com/@tvbzuixinzixun/post/DIrAz32zcIS,https://vodsilo.cc/video798184.html?utm_term=576,,576,1.0,vodsilo.cc,[],0,七魔女再曬全員的泰國度假照 另外兩位美女身份曝光 2 / 2,sweep_b1_hits.csv
2026-09-05_13-23-41,family-01,vodsilo.cc,tvbzuixinzixun,2025-04-18,https://www.threads.com/@tvbzuixinzixun/post/DIlRDDnTM1l,https://vodsilo.cc/pic15,,,91.0,vodsilo.cc,['family-01'],1,TVB小花何依婷成功誕下囡囡 曝光BB全貌特寫一部位 靚媽咪產後狀態一流 vodsilo.cc/pic15…,sweep_b1_hits.csv
2026-09-05_13-23-41,family-01,vodsilo.cc,tvbzuixinzixun,2025-04-10,https://www.threads.com/@tvbzuixinzixun/post/DIRNaeUT3aA,https://vodsilo.cc/pic15,,,2.0,vodsilo.cc,['family-01'],1,香港老戲骨谷峰去世！享年95歲，知情者曝光去世前細節，令人唏噓 vodsilo.cc/pic15…,sweep_b1_hits.csv
2026-09-05_13-23-41,family-01,vodsilo.cc,tvbzuixinzixun,2025-04-10,https://www.threads.com/@tvbzuixinzixun/post/DIRNd7Zzgl4,https://vodsilo.cc/pic150269.html?utm_term=576,,576,0.0,vodsilo.cc,[],0,香港老戲骨谷峰去世！享年95歲，知情者曝光去世前細節，令人唏噓 2 / 2,sweep_b1_hits.csv
2026-09-05_13-23-41,family-01,vodsilo.cc,tvbzuixinzixun,2025-04-09,https://www.threads.com/@tvbzuixinzixun/post/DIOywabTNtn,https://vodsilo.cc/video,,,85.0,vodsilo.cc,['family-01'],1,奪命提示：網友吐槽小演員戲份過多 小演員也有愛情戲份令人不適 vodsilo.cc/video…,sweep_b1_hits.csv
2026-09-05_13-23-41,family-01,vodsilo.cc,tvbzuixinzixun,2025-04-09,https://www.threads.com/@tvbzuixinzixun/post/DIOy13YTcBB,https://vodsilo.cc/video854967.html?utm_term=576,,576,3.0,vodsilo.cc,[],0,奪命提示：網友吐槽小演員戲份過多 小演員也有愛情戲份令人不適 2 / 2,sweep_b1_hits.csv
2026-09-05_13-23-41,family-01,vodsilo.cc,tvbzuixinzixun,2025-04-09,https://www.threads.com/@tvbzuixinzixun/post/DIOytm3T72Y,https://vodsilo.cc/video,,,22.0,vodsilo.cc,['family-01'],1,王祖藍餅印妹結婚了！深得家人疼愛金器戴滿身 曾獲哥哥豪擲千萬贈豪宅｜星島頭條新聞｜王祖藍｜李亞男｜愛妻號｜家人｜妹妹｜結婚 vodsilo.cc/video…,sweep_b1_hits.csv
2026-09-05_13-23-41,family-01,vodsilo.cc,tvbzuixinzixun,2025-04-09,https://www.threads.com/@tvbzuixinzixun/post/DIOyy-IT1LS,https://vodsilo.cc/video854775.html?utm_term=576,,576,1.0,vodsilo.cc,[],0,王祖藍餅印妹結婚了！深得家人疼愛金器戴滿身 曾獲哥哥豪擲千萬贈豪宅｜星島頭條新聞｜王祖藍｜李亞男｜愛妻號｜家人｜妹妹｜結婚 2 / 2,sweep_b1_hits.csv
2026-09-05_13-23-41,family-01,vodsilo.cc,tvbzuixinzixun,2025-04-07,https://www.threads.com/@tvbzuixinzixun/post/DIJQR4wz8Zf,https://vodsilo.cc/video,,,12.0,vodsilo.cc,['family-01'],1,鄧兆尊享齊人之福鬧出事！阿三迫佢造人想獨霸一夫，將入紙結婚？大房二房強烈反對鬧翻天，今次麻煩大咗！ vodsilo.cc/video…,sweep_b1_hits.csv
2026-09-05_13-23-41,family-01,vodsilo.cc,tvbzuixinzixun,2025-04-07,https://www.threads.com/@tvbzuixinzixun/post/DIJQTo-z5Y0,https://vodsilo.cc/video854664.html?utm_term=576,,576,1.0,vodsilo.cc,[],0,鄧兆尊享齊人之福鬧出事！阿三迫佢造人想獨霸一夫，將入紙結婚？大房二房強烈反對鬧翻天，今次麻煩大咗！ 2 / 2,sweep_b1_hits.csv
2026-09-05_13-23-41,family-01,vodsilo.cc,tvbzuixinzixun,2025-04-07,https://www.threads.com/@tvbzuixinzixun/post/DIIWJPZzP5o,https://vodsilo.cc/video,,,7.0,vodsilo.cc,['family-01'],1,慘！TVB最靚花旦「茍芸慧離婚」內幕曝光！傳不肯生育「豪門夢碎」身家一蚊分不到？ vodsilo.cc/video…,sweep_b1_hits.csv
2026-09-05_13-23-41,family-01,vodsilo.cc,tvbzuixinzixun,2025-04-07,https://www.threads.com/@tvbzuixinzixun/post/DIIWLxCzNgw,https://vodsilo.cc/video854537.html?utm_term=576,,576,0.0,vodsilo.cc,[],0,慘！TVB最靚花旦「茍芸慧離婚」內幕曝光！傳不肯生育「豪門夢碎」身家一蚊分不到？ 2 / 2,sweep_b1_hits.csv
2026-09-05_13-23-41,family-01,vodsilo.cc,tvbzuixinzixun,2025-04-02,https://www.threads.com/@tvbzuixinzixun/post/DH7nBtqzyHx,https://vodsilo.cc/video,,,4.0,vodsilo.cc,['family-01'],1,奇情谷｜李龍基獄中求婚成功︰畀名份佢 攜Chris王青霞逾400封情信上節目預告爆「爺孫戀」房事 vodsilo.cc/video…,sweep_b1_hits.csv
2026-09-05_13-23-41,family-01,vodsilo.cc,tvbzuixinzixun,2025-04-02,https://www.threads.com/@tvbzuixinzixun/post/DH7nCsxT2Wd,https://vodsilo.cc/video853797.html?utm_term=576,,576,0.0,vodsilo.cc,[],0,奇情谷｜李龍基獄中求婚成功︰畀名份佢 攜Chris王青霞逾400封情信上節目預告爆「爺孫戀」房事 2 / 2,sweep_b1_hits.csv
2026-09-05_13-23-41,family-01,vodsilo.cc,tvbzuixinzixun,2025-04-02,https://www.threads.com/@tvbzuixinzixun/post/DH7m6kxTXJY,https://vodsilo.cc/video,,,4.0,vodsilo.cc,['family-01'],1,消失3年徐子珊官宣復出！千字長文血淚控訴王祖藍，不止被藏封鎖這麼簡單，王祖藍根本不配當人！ vodsilo.cc/video…,sweep_b1_hits.csv
2026-09-05_13-23-41,family-01,vodsilo.cc,tvbzuixinzixun,2025-04-02,https://www.threads.com/@tvbzuixinzixun/post/DH7m_KnTS9c,https://vodsilo.cc/video843643.html?utm_term=576,,576,0.0,vodsilo.cc,[],0,消失3年徐子珊官宣復出！千字長文血淚控訴王祖藍，不止被藏封鎖這麼簡單，王祖藍根本不配當人！ 2 / 2,sweep_b1_hits.csv
2026-09-05_13-23-41,family-01,vodsilo.cc,tvbzuixinzixun,2025-03-31,https://www.threads.com/@tvbzuixinzixun/post/DH3GBgqT2_L,https://vodsilo.cc/video,,,78.0,vodsilo.cc,['family-01'],1,轉行失敗！唐詩詠麵包店恐結業？曝冇人排隊已經冇生意，網友怒轟3宗罪勁趕客？今次麻煩大咗 vodsilo.cc/video…,sweep_b1_hits.csv
2026-09-05_13-23-41,family-01,vodsilo.cc,tvbzuixinzixun,2025-03-31,https://www.threads.com/@tvbzuixinzixun/post/DH3GCrYzmlX,https://vodsilo.cc/pic25,,,43.0,vodsilo.cc,['family-01'],1,前TVB女星轉行做服務生陷經濟困難淚崩，因身材豐滿被傳包養 vodsilo.cc/pic25…,sweep_b1_hits.csv
2026-09-05_13-23-41,family-01,vodsilo.cc,tvbzuixinzixun,2025-03-31,https://www.threads.com/@tvbzuixinzixun/post/DH3UPkWTtOE,https://vodsilo.cc/pic14,,,15.0,vodsilo.cc,['family-01'],1,香港知名女星移居泰國遇大地震，整棟房子都在震動，拍視頻報平安 vodsilo.cc/pic14…,sweep_b1_hits.csv
2026-09-05_13-23-41,family-01,vodsilo.cc,tvbzuixinzixun,2025-03-31,https://www.threads.com/@tvbzuixinzixun/post/DH3UcIXTPg4,https://vodsilo.cc/pic147514.html?utm_term=576,,576,0.0,vodsilo.cc,[],0,香港知名女星移居泰國遇大地震，整棟房子都在震動，拍視頻報平安,sweep_b1_hits.csv
2026-09-05_13-23-41,family-01,vodsilo.cc,tvbzuixinzixun,2025-03-31,https://www.threads.com/@tvbzuixinzixun/post/DH3UNqMzGzS,https://vodsilo.cc/pic14,,,7.0,vodsilo.cc,['family-01'],1,恭喜！TVB前男星突然宣布再婚，新婚妻子腹部凸起疑似懷孕 vodsilo.cc/pic14…,sweep_b1_hits.csv
2026-09-05_13-23-41,family-01,vodsilo.cc,tvbzuixinzixun,2025-03-31,https://www.threads.com/@tvbzuixinzixun/post/DH3UX-xzdah,https://vodsilo.cc/pic147513.html?utm_term=576,,576,0.0,vodsilo.cc,[],0,恭喜！TVB前男星突然宣布再婚，新婚妻子腹部凸起疑似懷孕 2 / 2,sweep_b1_hits.csv
2026-09-05_13-23-41,family-01,vodsilo.cc,tvbzuixinzixun,2025-03-28,https://www.threads.com/@tvbzuixinzixun/post/DHulzU8zF5W,https://vodsilo.cc/video,,,8.0,vodsilo.cc,['family-01'],1,20多年過去了，TVB《西遊記》中的演員現在怎麼樣了？ vodsilo.cc/video…,sweep_b1_hits.csv
2026-09-05_13-23-41,family-01,vodsilo.cc,tvbzuixinzixun,2025-03-28,https://www.threads.com/@tvbzuixinzixun/post/DHul3xVzdrJ,https://vodsilo.cc/video852315.html?utm_term=576,,576,0.0,vodsilo.cc,[],0,20多年過去了，TVB《西遊記》中的演員現在怎麼樣了？ 2 / 2,sweep_b1_hits.csv
2026-09-05_13-23-41,family-01,vodsilo.cc,tvbzuixinzixun,2025-03-26,https://www.threads.com/@tvbzuixinzixun/post/DHqZ04hzNtc,https://vodsilo.cc/video,,,298.0,vodsilo.cc,['family-01'],1,黃翠如生完BB和蕭正楠與醫生合影留念，醫生說寶寶很像黃翠如 vodsilo.cc/video…,sweep_b1_hits.csv
2026-09-05_13-23-41,family-01,vodsilo.cc,tvbzuixinzixun,2025-03-26,https://www.threads.com/@tvbzuixinzixun/post/DHqZy5ATGn-,https://vodsilo.cc/video,,,22.0,vodsilo.cc,['family-01'],1,李乘德夜店攬女斷正，胡杏兒沉默5日突宣布驚人決定！態度強硬提出要求，唔答應就離婚！李乘德跪低認錯被迫就範 vodsilo.cc/video…,sweep_b1_hits.csv
2026-09-05_13-23-41,family-01,vodsilo.cc,tvbzuixinzixun,2025-03-23,https://www.threads.com/@tvbzuixinzixun/post/DHiw21QTiJP,https://vodsilo.cc/video,,,88.0,vodsilo.cc,['family-01'],1,黃翠如報喜順利產子 曬全家福賀蕭正楠生日 vodsilo.cc/video…,sweep_b1_hits.csv
2026-09-05_13-23-41,family-01,vodsilo.cc,tvbzuixinzixun,2025-03-23,https://www.threads.com/@tvbzuixinzixun/post/DHiw0-Zzy7q,https://vodsilo.cc/video,,,21.0,vodsilo.cc,['family-01'],1,「十優港姐」麥明詩榮升媽媽！甜曬一家三口合照，溫馨畫面感動網民｜MaxTV香港新聞 vodsilo.cc/video…,sweep_b1_hits.csv
2026-09-05_13-23-41,family-01,vodsilo.cc,tvbzuixinzixun,2025-03-23,https://www.threads.com/@tvbzuixinzixun/post/DHiUYDpzmMD,https://vodsilo.cc/video,,,83.0,vodsilo.cc,['family-01'],1,親愛的小兒子， 謝謝您選擇了我們。 這幾天，你的爸爸奇蹟地嘗試領禱，感恩每天的恩賜，感恩你這份彩虹的禮物。 vodsilo.cc/video…,sweep_b1_hits.csv
2026-09-05_13-23-41,family-01,vodsilo.cc,tvbzuixinzixun,2025-03-23,https://www.threads.com/@tvbzuixinzixun/post/DHiUcpUz9pE,https://vodsilo.cc/video851756.html?utm_term=576,,576,2.0,vodsilo.cc,[],0,親愛的小兒子， 謝謝您選擇了我們。 這幾天，你的爸爸奇蹟地嘗試領禱，感恩每天的恩賜，感恩你這份彩虹的禮物。 2 / 2,sweep_b1_hits.csv
2026-09-05_13-23-41,family-01,vodsilo.cc,tvbzuixinzixun,2025-03-23,https://www.threads.com/@tvbzuixinzixun/post/DHiGZSNTR2_,https://vodsilo.cc/video,,,93.0,vodsilo.cc,['family-01'],1,黃翠如誤被劉江爆已分娩 親自報喜已迎小王子 vodsilo.cc/video…,sweep_b1_hits.csv
2026-09-05_13-23-41,family-01,vodsilo.cc,tvbzuixinzixun,2025-03-23,https://www.threads.com/@tvbzuixinzixun/post/DHiGbJYTOd-,https://vodsilo.cc/video851753.html?utm_term=576,,576,2.0,vodsilo.cc,[],0,黃翠如誤被劉江爆已分娩 親自報喜已迎小王子 2 / 2,sweep_b1_hits.csv
2026-09-05_13-23-41,family-01,vodsilo.cc,tvbzuixinzixun,2025-03-19,https://www.threads.com/@tvbzuixinzixun/post/DHXuBiezGVC,https://vodsilo.cc/video,,,9.0,vodsilo.cc,['family-01'],1,港媒直擊李乘德酒吧擁抱親吻美女，胡杏兒信任老公，夫妻恩愛十年 vodsilo.cc/video…,sweep_b1_hits.csv
2026-09-05_13-23-41,family-01,vodsilo.cc,tvbzuixinzixun,2025-03-19,https://www.threads.com/@tvbzuixinzixun/post/DHXuFaGTYoC,https://vodsilo.cc/video850868.html?utm_term=576,,576,0.0,vodsilo.cc,[],0,港媒直擊李乘德酒吧擁抱親吻美女，胡杏兒信任老公，夫妻恩愛十年 2 / 2,sweep_b1_hits.csv
2026-09-05_13-23-41,family-01,vodsilo.cc,tvbzuixinzixun,2025-03-15,https://www.threads.com/@tvbzuixinzixun/post/DHOK9Tuzvua,https://vodsilo.cc/pic14,,,69.0,vodsilo.cc,['family-01'],1,TVB港姐被迫離巢，合約到期不被公司續約，稱離開是最正確選擇 vodsilo.cc/pic14…,sweep_b1_hits.csv
2026-09-05_13-23-41,family-01,vodsilo.cc,tvbzuixinzixun,2025-03-15,https://www.threads.com/@tvbzuixinzixun/post/DHOLA8OzWVy,https://vodsilo.cc/pic142306.html?utm_term=576,,576,4.0,vodsilo.cc,[],0,TVB港姐被迫離巢，合約到期不被公司續約，稱離開是最正確選擇 2 / 2,sweep_b1_hits.csv
2026-09-05_13-23-41,family-01,vodsilo.cc,tvbzuixinzixun,2025-03-14,https://www.threads.com/@tvbzuixinzixun/post/DHKhELMzye5,https://vodsilo.cc/video,,,5.0,vodsilo.cc,['family-01'],1,鄧拱璧中風已經冇自理能力！丈夫阮兆輝痛哭講出病因，鄧拱璧女兒一句話戳穿繼父真面目 #曾江 #阮兆輝 vodsilo.cc/video…,sweep_b1_hits.csv
2026-09-05_13-23-41,family-01,vodsilo.cc,tvbzuixinzixun,2025-03-14,https://www.threads.com/@tvbzuixinzixun/post/DHKhIqPzsiN,https://vodsilo.cc/video848775.html?utm_term=576,,576,0.0,vodsilo.cc,[],0,鄧拱璧中風已經冇自理能力！丈夫阮兆輝痛哭講出病因，鄧拱璧女兒一句話戳穿繼父真面目 #曾江 #阮兆輝 2 / 2,sweep_b1_hits.csv
2026-09-05_13-23-41,family-01,vodsilo.cc,tvbzuixinzixun,2025-03-14,https://www.threads.com/@tvbzuixinzixun/post/DHKhFjezkUC,https://vodsilo.cc/pic40,,,19.0,vodsilo.cc,['family-01'],1,27歲TVB「巨咪楊丞琳」收胸走學生路線！演活MK妹面對視后零怯場　曾與富三代傳緋聞 vodsilo.cc/pic40…,sweep_b1_hits.csv
2026-09-05_13-23-41,family-01,vodsilo.cc,tvbzuixinzixun,2025-03-14,https://www.threads.com/@tvbzuixinzixun/post/DHKhHHlzjYK,https://vodsilo.cc/pic40771.html?utm_term=576,,576,0.0,vodsilo.cc,[],0,27歲TVB「巨咪楊丞琳」收胸走學生路線！演活MK妹面對視后零怯場　曾與富三代傳緋聞 2 / 2,sweep_b1_hits.csv
2026-09-05_13-23-41,family-01,vodsilo.cc,tvbzuixinzixun,2025-03-13,https://www.threads.com/@tvbzuixinzixun/post/DHI8peCzsbh,https://vodsilo.cc/video,,,48.0,vodsilo.cc,['family-01'],1,鄭嘉穎傳出唔好消息！被TVB冷待4年零 Job，扮嘢冇品又遭內地退貨！0收入黐實富貴妻，陳凱琳激動爆喊受唔住喇！#鄭嘉穎 #港圈日報 vodsilo.cc/video…,sweep_b1_hits.csv
2026-09-05_13-23-41,family-01,vodsilo.cc,tvbzuixinzixun,2025-03-13,https://www.threads.com/@tvbzuixinzixun/post/DHI8rOdTTRQ,https://vodsilo.cc/video849831.html?utm_term=576,,576,0.0,vodsilo.cc,[],0,鄭嘉穎傳出唔好消息！被TVB冷待4年零 Job，扮嘢冇品又遭內地退貨！0收入黐實富貴妻，陳凱琳激動爆喊受唔住喇！#鄭嘉穎 #港圈日報 2 / 2,sweep_b1_hits.csv
2026-09-05_13-23-41,family-01,vodsilo.cc,tvbzuixinzixun,2024-12-22,https://www.threads.com/@tvbzuixinzixun/post/DD4jU66v2tc,https://vodsilo.cc/video,,,44.0,vodsilo.cc,['family-01'],1,李施嬅生日還自彈自唱新聞女王片尾曲《crystal clear》非常好聽 vodsilo.cc/video…,sweep_b1_hits.csv
2026-09-05_13-23-41,family-01,vodsilo.cc,tvbzuixinzixun,2025-03-07,https://www.threads.com/@tvbzuixinzixun/post/DG5G_YJzXSx,https://vodsilo.cc/video,,,29.0,vodsilo.cc,['family-01'],1,張穎康夫婦新店開張，任達華、陳展鵬單文柔、林漪娸到場祝賀 vodsilo.cc/video…,sweep_b1_hits.csv
2026-09-05_13-23-41,family-01,vodsilo.cc,tvbzuixinzixun,2025-03-07,https://www.threads.com/@tvbzuixinzixun/post/DG5HFiuzNGz,https://vodsilo.cc/video779752.html?utm_term=576,,576,2.0,vodsilo.cc,[],0,張穎康夫婦新店開張，任達華、陳展鵬單文柔、林漪娸到場祝賀 2 / 2,sweep_b1_hits.csv
2026-09-05_13-23-41,family-01,vodsilo.cc,tvbzuixinzixun,2025-03-07,https://www.threads.com/@tvbzuixinzixun/post/DG5G-7bzNny,https://vodsilo.cc/video,,,11.0,vodsilo.cc,['family-01'],1,驚呆！娛樂圈又多了一個私生子！TVB花旦自爆遭潛規則，為李首富誕下一子！千億兒媳態度耐人尋味！ vodsilo.cc/video…,sweep_b1_hits.csv
2026-09-05_13-23-41,family-01,vodsilo.cc,tvbzuixinzixun,2025-03-07,https://www.threads.com/@tvbzuixinzixun/post/DG5HDdszcQu,https://vodsilo.cc/video842386.html?utm_term=576,,576,0.0,vodsilo.cc,[],0,驚呆！娛樂圈又多了一個私生子！TVB花旦自爆遭潛規則，為李首富誕下一子！千億兒媳態度耐人尋味！ 2 / 2,sweep_b1_hits.csv
2026-09-05_13-23-41,family-01,vodsilo.cc,tvbzuixinzixun,2025-03-03,https://www.threads.com/@tvbzuixinzixun/post/DGvofvZTG3X,https://vodsilo.cc/video,,,147.0,vodsilo.cc,['family-01'],1,恭喜！ 29歲知名童星結婚，紋身師女友白髮紅唇，配中式禮服太前衛 vodsilo.cc/video…,sweep_b1_hits.csv
2026-09-05_13-23-41,family-01,vodsilo.cc,tvbzuixinzixun,2025-03-02,https://www.threads.com/@tvbzuixinzixun/post/DGsPNgKTB9v,https://vodsilo.cc/video,,,5.0,vodsilo.cc,['family-01'],1,"胡杏兒攜三子返祖籍！全家穿傳統服飾祭祖, 大兒子李奕霆全程認真超圈粉 vodsilo.cc/video…",sweep_b1_hits.csv
2026-09-05_13-23-41,family-01,vodsilo.cc,tvbzuixinzixun,2025-03-02,https://www.threads.com/@tvbzuixinzixun/post/DGsPRJazVjn,https://vodsilo.cc/video846681.html?utm_term=576,,576,1.0,vodsilo.cc,[],0,"胡杏兒攜三子返祖籍！全家穿傳統服飾祭祖, 大兒子李奕霆全程認真超圈粉 2 / 2",sweep_b1_hits.csv
2026-09-05_13-23-41,family-01,vodsilo.cc,tvbzuixinzixun,2025-03-01,https://www.threads.com/@tvbzuixinzixun/post/DGpejDCOyV7,https://vodsilo.cc/video,,,9.0,vodsilo.cc,['family-01'],1,"【每日必看】方大同""抗病5年""離世享年41歲 公司已證實 20250301 vodsilo.cc/video…",sweep_b1_hits.csv
2026-09-05_13-23-41,family-01,vodsilo.cc,tvbzuixinzixun,2025-03-01,https://www.threads.com/@tvbzuixinzixun/post/DGpelOJO5oS,https://vodsilo.cc/video847565.html?utm_term=576,,576,0.0,vodsilo.cc,[],0,"【每日必看】方大同""抗病5年""離世享年41歲 公司已證實 20250301 2 / 2",sweep_b1_hits.csv
2026-09-05_13-23-41,family-01,vodsilo.cc,tvbzuixinzixun,2025-02-28,https://www.threads.com/@tvbzuixinzixun/post/DGmOqB0zQlx,https://vodsilo.cc/video,,,249.0,vodsilo.cc,['family-01'],1,蕭正楠爆料翠如即將卸貨眼裡只有食 竟然試過飽到喊 vodsilo.cc/video…,sweep_b1_hits.csv
2026-09-05_13-23-41,family-01,vodsilo.cc,tvbzuixinzixun,2025-02-26,https://www.threads.com/@tvbzuixinzixun/post/DGhtM13Tjwa,https://vodsilo.cc/video,,,43.0,vodsilo.cc,['family-01'],1,獨家｜姚子羚回應與徐少強兒子拍拖：佢係好男仔 徐偉棟：畀啲空間我哋 vodsilo.cc/video…,sweep_b1_hits.csv
2026-09-05_13-23-41,family-01,vodsilo.cc,tvbzuixinzixun,2025-02-26,https://www.threads.com/@tvbzuixinzixun/post/DGhtTgFzpgi,https://vodsilo.cc/video846908.html?utm_term=576,,576,0.0,vodsilo.cc,[],0,獨家｜姚子羚回應與徐少強兒子拍拖：佢係好男仔 徐偉棟：畀啲空間我哋 2 / 2,sweep_b1_hits.csv
2026-09-05_13-23-41,family-01,vodsilo.cc,tvbzuixinzixun,2025-02-26,https://www.threads.com/@tvbzuixinzixun/post/DGhtLyUzZ7S,https://vodsilo.cc/pic13,,,2.0,vodsilo.cc,['family-01'],1,47歲資深女星「燒炭身亡」！老公崩潰凌晨「收到訣別訊息」天人永隔，生前住宅已淪為兇宅 vodsilo.cc/pic13…,sweep_b1_hits.csv
2026-09-05_13-23-41,family-01,vodsilo.cc,tvbzuixinzixun,2025-02-26,https://www.threads.com/@tvbzuixinzixun/post/DGhtPlqTLuC,https://vodsilo.cc/pic139341.html?utm_term=576,,576,0.0,vodsilo.cc,[],0,47歲資深女星「燒炭身亡」！老公崩潰凌晨「收到訣別訊息」天人永隔，生前住宅已淪為兇宅,sweep_b1_hits.csv
2026-09-05_13-23-41,family-01,vodsilo.cc,tvbzuixinzixun,2025-02-25,https://www.threads.com/@tvbzuixinzixun/post/DGfYwVEzO12,https://vodsilo.cc/video,,,55.0,vodsilo.cc,['family-01'],1,"恭喜！朱慧敏宣布兒子出世，一男一女，""好""字達成 vodsilo.cc/video…",sweep_b1_hits.csv
2026-09-05_13-23-41,family-01,vodsilo.cc,tvbzuixinzixun,2025-02-25,https://www.threads.com/@tvbzuixinzixun/post/DGfYu3lz2_y,https://vodsilo.cc/video,,,8.0,vodsilo.cc,['family-01'],1,李珊珊自爆患病險死真相！喺TVB受盡欺凌患上驚恐症，生不如死急離巢保命！罕談舊愛錢嘉樂，分手竟然係迫不得已？！#李珊珊 #港圈日報 vodsilo.cc/video…,sweep_b1_hits.csv
2026-09-05_13-23-41,family-01,vodsilo.cc,tvbzuixinzixun,2025-02-25,https://www.threads.com/@tvbzuixinzixun/post/DGfYyJzTpOR,https://vodsilo.cc/video846689.html?utm_term=576,,576,0.0,vodsilo.cc,[],0,李珊珊自爆患病險死真相！喺TVB受盡欺凌患上驚恐症，生不如死急離巢保命！罕談舊愛錢嘉樂，分手竟然係迫不得已？！#李珊珊 #港圈日報 2 / 2,sweep_b1_hits.csv
2026-09-05_13-23-41,family-01,vodsilo.cc,tvbzuixinzixun,2025-02-25,https://www.threads.com/@tvbzuixinzixun/post/DGe-bVDzKiT,https://vodsilo.cc/video,,,36.0,vodsilo.cc,['family-01'],1,陳茵媺首次參加直播帶貨！陳豪驚喜現身探班，與太太開心同框超甜蜜 vodsilo.cc/video…,sweep_b1_hits.csv
2026-09-05_13-23-41,family-01,vodsilo.cc,tvbzuixinzixun,2025-02-25,https://www.threads.com/@tvbzuixinzixun/post/DGe-g2MTrg8,https://vodsilo.cc/video846680.html?utm_term=576,,576,3.0,vodsilo.cc,[],0,陳茵媺首次參加直播帶貨！陳豪驚喜現身探班，與太太開心同框超甜蜜 2 / 2,sweep_b1_hits.csv
2026-09-05_13-23-41,family-01,vodsilo.cc,tvbzuixinzixun,2025-02-25,https://www.threads.com/@tvbzuixinzixun/post/DGe-aPITcSX,https://vodsilo.cc/video,,,12.0,vodsilo.cc,['family-01'],1,TVB江嘉敏離巢突爆猛料！唔願參加飯局被針對，怒控高層曾志偉！更多難以啟齒嘅真相曝光，娛樂圈真係太臟喇！#江嘉敏 #港圈日報 vodsilo.cc/video…,sweep_b1_hits.csv
2026-09-05_13-23-41,family-01,vodsilo.cc,tvbzuixinzixun,2025-02-25,https://www.threads.com/@tvbzuixinzixun/post/DGe-fR8TGvu,https://vodsilo.cc/video846696.html?utm_term=576,,576,0.0,vodsilo.cc,[],0,TVB江嘉敏離巢突爆猛料！唔願參加飯局被針對，怒控高層曾志偉！更多難以啟齒嘅真相曝光，娛樂圈真係太臟喇！#江嘉敏 #港圈日報 2 / 2,sweep_b1_hits.csv
2026-09-05_13-23-41,family-01,vodsilo.cc,tvbzuixinzixun,2025-02-25,https://www.threads.com/@tvbzuixinzixun/post/DGe-Y6nTmcj,https://vodsilo.cc/video,,,3.0,vodsilo.cc,['family-01'],1,明星為搶鏡有多拼？李施嬅彈鋼琴手腳並用瘋狂走光，高海寧大跳性感肚皮舞【萬千星輝賀台慶2016】 vodsilo.cc/video…,sweep_b1_hits.csv
2026-09-05_13-23-41,family-01,vodsilo.cc,tvbzuixinzixun,2025-02-25,https://www.threads.com/@tvbzuixinzixun/post/DGe-c3pTfEZ,https://vodsilo.cc/video819195.html?utm_term=576,,576,1.0,vodsilo.cc,[],0,明星為搶鏡有多拼？李施嬅彈鋼琴手腳並用瘋狂走光，高海寧大跳性感肚皮舞【萬千星輝賀台慶2016】 2 / 2,sweep_b1_hits.csv
2026-09-05_13-23-41,family-01,vodsilo.cc,tvbzuixinzixun,2025-02-24,https://www.threads.com/@tvbzuixinzixun/post/DGcmPHhTy38,https://vodsilo.cc/video,,,23.0,vodsilo.cc,['family-01'],1,是前世還是穿越？9位撞臉古人的明星，他與古人簡直一模一樣！#羅嘉良 #趙雅芝 #歐陽震華 #劉德華 #譚詠麟 #梁家輝 #古巨基 #石修 #周柏豪 #星聞榜 vodsilo.cc/video…,sweep_b1_hits.csv
2026-09-05_13-23-41,family-01,vodsilo.cc,tvbzuixinzixun,2025-02-24,https://www.threads.com/@tvbzuixinzixun/post/DGcmSbtzgYi,https://vodsilo.cc/video846337.html?utm_term=576,,576,1.0,vodsilo.cc,[],0,是前世還是穿越？9位撞臉古人的明星，他與古人簡直一模一樣！#羅嘉良 #趙雅芝 #歐陽震華 #劉德華 #譚詠麟 #梁家輝 #古巨基 #石修 #周柏豪 #星聞榜 2 / 2,sweep_b1_hits.csv
2026-09-05_13-23-41,family-01,vodsilo.cc,tvbzuixinzixun,2025-02-22,https://www.threads.com/@tvbzuixinzixun/post/DGXp8UcTBjd,https://vodsilo.cc/video,,,34.0,vodsilo.cc,['family-01'],1,30歲江嘉敏突宣布離巢TVB 短片曬一張相疑閃婚？ vodsilo.cc/video…,sweep_b1_hits.csv
2026-09-05_13-23-41,family-01,vodsilo.cc,tvbzuixinzixun,2025-02-22,https://www.threads.com/@tvbzuixinzixun/post/DGXp6wrzVpL,https://vodsilo.cc/video,,,27.0,vodsilo.cc,['family-01'],1,大肚婆出門前，真的需要很多法寶 #黃翠如 #蕭正楠 vodsilo.cc/video…,sweep_b1_hits.csv
2026-09-05_13-23-41,family-01,vodsilo.cc,tvbzuixinzixun,2025-02-22,https://www.threads.com/@tvbzuixinzixun/post/DGXqBfWz1J_,https://vodsilo.cc/video846180.html?utm_term=576,,576,0.0,vodsilo.cc,[],0,大肚婆出門前，真的需要很多法寶 #黃翠如 #蕭正楠 2 / 2,sweep_b1_hits.csv
2026-09-05_13-23-41,family-01,vodsilo.cc,tvbzuixinzixun,2025-02-18,https://www.threads.com/@tvbzuixinzixun/post/DGNavduzSFE,https://vodsilo.cc/video,,,2.0,vodsilo.cc,['family-01'],1,【熱搜新聞】陳妍希、陳曉宣布離婚!? 更新社群:今後各自安好 vodsilo.cc/video…,sweep_b1_hits.csv
2026-09-05_13-23-41,family-01,vodsilo.cc,tvbzuixinzixun,2025-02-18,https://www.threads.com/@tvbzuixinzixun/post/DGNazWzzwxr,https://vodsilo.cc/video845390.html?utm_term=576,,576,1.0,vodsilo.cc,[],0,【熱搜新聞】陳妍希、陳曉宣布離婚!? 更新社群:今後各自安好 2 / 2,sweep_b1_hits.csv
2026-09-05_13-23-41,family-01,vodsilo.cc,tvbzuixinzixun,2025-02-18,https://www.threads.com/@tvbzuixinzixun/post/DGNauRpzRAk,https://vodsilo.cc/pic13,,,2.0,vodsilo.cc,['family-01'],1,婚事告吹！前TVB女星宣布分手，去年發文曾泄端倪：我值得更好的愛 vodsilo.cc/pic13…,sweep_b1_hits.csv
2026-09-05_13-23-41,family-01,vodsilo.cc,tvbzuixinzixun,2025-02-18,https://www.threads.com/@tvbzuixinzixun/post/DGNaxs1z2Dl,https://vodsilo.cc/pic137405.html?utm_term=576,,576,0.0,vodsilo.cc,[],0,婚事告吹！前TVB女星宣布分手，去年發文曾泄端倪：我值得更好的愛 2 / 2,sweep_b1_hits.csv
2026-09-05_13-23-41,family-01,vodsilo.cc,tvbzuixinzixun,2025-02-17,https://www.threads.com/@tvbzuixinzixun/post/DGLKK70PVDV,https://vodsilo.cc/video,,,21.0,vodsilo.cc,['family-01'],1,陳凱琳媽媽生日 - 母女唯美合照好省鏡 vodsilo.cc/video…,sweep_b1_hits.csv
2026-09-05_13-23-41,family-01,vodsilo.cc,tvbzuixinzixun,2025-02-17,https://www.threads.com/@tvbzuixinzixun/post/DGLKO9rv9Zi,https://vodsilo.cc/video493716.html?utm_term=576,,576,4.0,vodsilo.cc,[],0,陳凱琳媽媽生日 - 母女唯美合照好省鏡 2 / 2,sweep_b1_hits.csv
2026-09-05_13-23-41,family-01,vodsilo.cc,tvbzuixinzixun,2025-02-17,https://www.threads.com/@tvbzuixinzixun/post/DGKrnqTPY1l,https://vodsilo.cc/video,,,14.0,vodsilo.cc,['family-01'],1,毫無預警！王祖藍宣布與李亞男「結束10年婚姻」！因為我騙了我老婆… #婚姻 #王祖藍 #李亞男 vodsilo.cc/video…,sweep_b1_hits.csv
2026-09-05_13-23-41,family-01,vodsilo.cc,tvbzuixinzixun,2025-02-17,https://www.threads.com/@tvbzuixinzixun/post/DGKrqEMvRtH,https://vodsilo.cc/video845188.html?utm_term=576,,576,0.0,vodsilo.cc,[],0,毫無預警！王祖藍宣布與李亞男「結束10年婚姻」！因為我騙了我老婆… #婚姻 #王祖藍 #李亞男 2 / 2,sweep_b1_hits.csv
2026-09-05_13-23-41,family-01,vodsilo.cc,tvbzuixinzixun,2025-02-17,https://www.threads.com/@tvbzuixinzixun/post/DGKaLF1PmJp,https://vodsilo.cc/video,,,2.0,vodsilo.cc,['family-01'],1,傳無綫打造「戀愛綜藝」戴祖儀組團招親  咪神受徵召 vodsilo.cc/video…,sweep_b1_hits.csv
2026-09-05_13-23-41,family-01,vodsilo.cc,tvbzuixinzixun,2025-02-17,https://www.threads.com/@tvbzuixinzixun/post/DGKaQnkv9Pd,https://vodsilo.cc/video845068.html?utm_term=576,,576,1.0,vodsilo.cc,[],0,傳無綫打造「戀愛綜藝」戴祖儀組團招親  咪神受徵召,sweep_b1_hits.csv
2026-09-05_13-23-41,family-01,vodsilo.cc,tvbzuixinzixun,2025-02-17,https://www.threads.com/@tvbzuixinzixun/post/DGJ4bgyTodp,https://vodsilo.cc/video,,,3.0,vodsilo.cc,['family-01'],1,前TVB視后自爆險罹患乳癌！胸部硬塊插針不入「拮到歪曬」 百病纏身爆喊愧對老公 vodsilo.cc/video…,sweep_b1_hits.csv
2026-09-05_13-23-41,family-01,vodsilo.cc,tvbzuixinzixun,2025-02-17,https://www.threads.com/@tvbzuixinzixun/post/DGJ4dG2TNXl,https://vodsilo.cc/video,,,14.0,vodsilo.cc,['family-01'],1,衛詩雅結婚 步入教堂群星到賀 衛詩雅強忍淚水 爸爸5字表達不捨女兒出嫁 vodsilo.cc/video…,sweep_b1_hits.csv
2026-09-05_13-23-41,family-01,vodsilo.cc,tvbzuixinzixun,2025-02-17,https://www.threads.com/@tvbzuixinzixun/post/DGJ4gvZTL7T,https://vodsilo.cc/video845134.html?utm_term=576,,576,1.0,vodsilo.cc,[],0,衛詩雅結婚 步入教堂群星到賀 衛詩雅強忍淚水 爸爸5字表達不捨女兒出嫁 2 / 2,sweep_b1_hits.csv
2026-09-05_13-23-41,family-01,vodsilo.cc,tvbzuixinzixun,2025-02-15,https://www.threads.com/@tvbzuixinzixun/post/DGE_YNxPDqv,https://vodsilo.cc/video,,,33.0,vodsilo.cc,['family-01'],1,陳凱琳曬全家福與大家拜年！三個兒子環繞身邊，幸福滿溢，邀視后龔嘉欣熱鬧過年 vodsilo.cc/video…,sweep_b1_hits.csv
2026-09-05_13-23-41,family-01,vodsilo.cc,tvbzuixinzixun,2025-02-15,https://www.threads.com/@tvbzuixinzixun/post/DGE_ZpHvzPD,https://vodsilo.cc/video844785.html?utm_term=576,,576,3.0,vodsilo.cc,[],0,陳凱琳曬全家福與大家拜年！三個兒子環繞身邊，幸福滿溢，邀視后龔嘉欣熱鬧過年 2 / 2,sweep_b1_hits.csv
2026-09-05_13-23-41,family-01,vodsilo.cc,tvbzuixinzixun,2025-02-09,https://www.threads.com/@tvbzuixinzixun/post/DF10xFVvFqO,https://vodsilo.cc/pic13,,,8.0,vodsilo.cc,['family-01'],1,爭議！TVB金牌司儀16歲女兒曬豐滿上圍，遭批暴露：父母不介意嗎 vodsilo.cc/pic13…,sweep_b1_hits.csv
2026-09-05_13-23-41,family-01,vodsilo.cc,tvbzuixinzixun,2025-02-09,https://www.threads.com/@tvbzuixinzixun/post/DF101twPa5D,https://vodsilo.cc/pic135212.html?utm_term=576,,576,3.0,vodsilo.cc,[],0,爭議！TVB金牌司儀16歲女兒曬豐滿上圍，遭批暴露：父母不介意嗎 2 / 2,sweep_b1_hits.csv
2026-09-05_13-23-41,family-01,vodsilo.cc,tvbzuixinzixun,2025-02-09,https://www.threads.com/@tvbzuixinzixun/post/DF10vxNvjYz,https://vodsilo.cc/pic13,,,1.0,vodsilo.cc,['family-01'],1,突傳死訊！TVB前男星不幸離世，演過近百部港劇都是龍套角色 vodsilo.cc/pic13…,sweep_b1_hits.csv
2026-09-05_13-23-41,family-01,vodsilo.cc,tvbzuixinzixun,2025-02-09,https://www.threads.com/@tvbzuixinzixun/post/DF10ylnvke9,https://vodsilo.cc/pic135214.html?utm_term=576,,576,0.0,vodsilo.cc,[],0,突傳死訊！TVB前男星不幸離世，演過近百部港劇都是龍套角色 2 / 2,sweep_b1_hits.csv
2026-09-05_13-23-41,family-01,vodsilo.cc,tvbzuixinzixun,2025-02-04,https://www.threads.com/@tvbzuixinzixun/post/DFo6UcvPhFb,https://vodsilo.cc/video,,,61.0,vodsilo.cc,['family-01'],1,楊秀惠三胎出生報喜！成功追仔，兩個女兒都很高興多了個龍弟弟 vodsilo.cc/video…,sweep_b1_hits.csv
2026-09-05_13-23-41,family-01,vodsilo.cc,tvbzuixinzixun,2025-02-03,https://www.threads.com/@tvbzuixinzixun/post/DFnHmm_vHRJ,https://vodsilo.cc/pic13,,,3.0,vodsilo.cc,['family-01'],1,大S徐熙媛離世，曾多次因癲癇住院，前婆婆公司號繼續直播被質疑 vodsilo.cc/pic13…,sweep_b1_hits.csv
2026-09-05_13-23-41,family-01,vodsilo.cc,tvbzuixinzixun,2025-02-03,https://www.threads.com/@tvbzuixinzixun/post/DFnHoLvv2OO,https://vodsilo.cc/pic133766.html?utm_term=576,,576,0.0,vodsilo.cc,[],0,大S徐熙媛離世，曾多次因癲癇住院，前婆婆公司號繼續直播被質疑 2 / 2,sweep_b1_hits.csv
2026-09-05_13-23-41,family-01,vodsilo.cc,tvbzuixinzixun,2025-01-31,https://www.threads.com/@tvbzuixinzixun/post/DFeI7a9y1MO,https://vodsilo.cc/video,,,27.0,vodsilo.cc,['family-01'],1,TVB女星模特秀，誰是最美最靚的？！【萬千星輝賀台慶】 vodsilo.cc/video…,sweep_b1_hits.csv
2026-09-05_13-23-41,family-01,vodsilo.cc,tvbzuixinzixun,2025-01-31,https://www.threads.com/@tvbzuixinzixun/post/DFeI9Exyt92,https://vodsilo.cc/video842057.html?utm_term=576,,576,6.0,vodsilo.cc,[],0,TVB女星模特秀，誰是最美最靚的？！【萬千星輝賀台慶】 2 / 2,sweep_b1_hits.csv
2026-09-05_13-23-41,family-01,vodsilo.cc,tvbzuixinzixun,2025-01-29,https://www.threads.com/@tvbzuixinzixun/post/DFZ662Vv-il,https://vodsilo.cc/pic132806.html?utm_term=576,,576,7.0,vodsilo.cc,['family-01'],1,新晉視后疑被暗諷用鮑魚換獎，致謝名單獨缺昔日閨蜜，不和傳聞再成焦點 vodsilo.cc/pic13…,sweep_b1_hits.csv
2026-09-05_13-23-41,family-01,vodsilo.cc,tvbzuixinzixun,2025-01-27,https://www.threads.com/@tvbzuixinzixun/post/DFVSPNuP6w3,https://vodsilo.cc/pic13,,,20.0,vodsilo.cc,['family-01'],1,陳松伶55歲近況曝光！拒收老公5位數紅包，減肥26斤重回顏值巔峰 vodsilo.cc/pic13…,sweep_b1_hits.csv
2026-09-05_13-23-41,family-01,vodsilo.cc,tvbzuixinzixun,2025-01-27,https://www.threads.com/@tvbzuixinzixun/post/DFVSTVKvQvf,https://vodsilo.cc/pic132238.html?utm_term=576,,576,4.0,vodsilo.cc,[],0,陳松伶55歲近況曝光！拒收老公5位數紅包，減肥26斤重回顏值巔峰,sweep_b1_hits.csv
2026-09-05_13-23-41,family-01,vodsilo.cc,tvbzuixinzixun,2025-01-27,https://www.threads.com/@tvbzuixinzixun/post/DFUOxVMv6UK,https://vodsilo.cc/pic13,,,10.0,vodsilo.cc,['family-01'],1,恭喜！40歲香港人氣女星宣布二胎平安生女，用時30分鐘便成功分娩 vodsilo.cc/pic13…,sweep_b1_hits.csv
2026-09-05_13-23-41,family-01,vodsilo.cc,tvbzuixinzixun,2025-01-27,https://www.threads.com/@tvbzuixinzixun/post/DFUOzDYvPHx,https://vodsilo.cc/pic132240.html?utm_term=576,,576,1.0,vodsilo.cc,[],0,恭喜！40歲香港人氣女星宣布二胎平安生女，用時30分鐘便成功分娩 2 / 2,sweep_b1_hits.csv
2026-09-05_13-23-41,family-01,vodsilo.cc,tvbzuixinzixun,2025-01-24,https://www.threads.com/@tvbzuixinzixun/post/DFMI5eNyjYP,https://vodsilo.cc/video,,,9.0,vodsilo.cc,['family-01'],1,陳展鵬自誇多才多藝唔怕爭飯食 林景程感激觀眾錯愛攞「男配」有人工加 vodsilo.cc/video…,sweep_b1_hits.csv
2026-09-05_13-23-41,family-01,vodsilo.cc,tvbzuixinzixun,2025-01-24,https://www.threads.com/@tvbzuixinzixun/post/DFMI7YByypV,https://vodsilo.cc/video840981.html?utm_term=576,,576,1.0,vodsilo.cc,[],0,陳展鵬自誇多才多藝唔怕爭飯食 林景程感激觀眾錯愛攞「男配」有人工加 2 / 2,sweep_b1_hits.csv
2026-09-05_13-23-41,family-01,vodsilo.cc,tvbzuixinzixun,2025-01-23,https://www.threads.com/@tvbzuixinzixun/post/DFKW653vm5M,https://vodsilo.cc/video,,,29.0,vodsilo.cc,['family-01'],1,動感鋼琴演奏！李施嬅用腿彈鋼琴瘋狂走光，手腳完美配合驚呆全場 vodsilo.cc/video…,sweep_b1_hits.csv
2026-09-05_13-23-41,family-01,vodsilo.cc,tvbzuixinzixun,2025-01-23,https://www.threads.com/@tvbzuixinzixun/post/DFKW89TPruF,https://vodsilo.cc/video833232.html?utm_term=576,,576,2.0,vodsilo.cc,[],0,動感鋼琴演奏！李施嬅用腿彈鋼琴瘋狂走光，手腳完美配合驚呆全場 2 / 2,sweep_b1_hits.csv
2026-09-05_13-23-41,family-01,vodsilo.cc,tvbzuixinzixun,2025-01-22,https://www.threads.com/@tvbzuixinzixun/post/DFINtbNvVUr,https://vodsilo.cc/video,,,5.0,vodsilo.cc,['family-01'],1,餘子明生前專訪: 仆心仆命換來一年只包薪$6800 餘子明︰對無綫心淡得好緊要 vodsilo.cc/video…,sweep_b1_hits.csv
2026-09-05_13-23-41,family-01,vodsilo.cc,tvbzuixinzixun,2025-01-22,https://www.threads.com/@tvbzuixinzixun/post/DFINunWvscs,https://vodsilo.cc/video827421.html?utm_term=576,,576,0.0,vodsilo.cc,[],0,餘子明生前專訪: 仆心仆命換來一年只包薪$6800 餘子明︰對無綫心淡得好緊要 2 / 2,sweep_b1_hits.csv
2026-09-05_13-23-41,family-01,vodsilo.cc,tvbzuixinzixun,2025-01-15,https://www.threads.com/@tvbzuixinzixun/post/DE1MjFcPw--,https://vodsilo.cc/video,,,7.0,vodsilo.cc,['family-01'],1,獨家｜突對衝擊四屆「視帝」失信心 黎耀祥自爆曾被劉青雲「潑冷水」批評演技｜星島頭條新聞｜TVB｜視帝｜黎耀祥｜劉青雲｜巾幗梟雄之懸崖｜萬千星輝頒獎典禮 vodsilo.cc/video…,sweep_b1_hits.csv
2026-09-05_13-23-41,family-01,vodsilo.cc,tvbzuixinzixun,2025-01-14,https://www.threads.com/@tvbzuixinzixun/post/DEz7c6tvRQc,https://vodsilo.cc/pic12,,,6.0,vodsilo.cc,['family-01'],1,敬業！TVB女星眼睛手術完即開工，曾傳遭家暴離婚後成單親媽媽 vodsilo.cc/pic12…,sweep_b1_hits.csv
2026-09-05_13-23-41,family-01,vodsilo.cc,tvbzuixinzixun,2025-01-14,https://www.threads.com/@tvbzuixinzixun/post/DEz7m7bPkPD,https://vodsilo.cc/pic129373.html?utm_term=576,,576,0.0,vodsilo.cc,[],0,敬業！TVB女星眼睛手術完即開工，曾傳遭家暴離婚後成單親媽媽,sweep_b1_hits.csv
2026-09-05_13-23-41,family-01,vodsilo.cc,tvbzuixinzixun,2025-01-14,https://www.threads.com/@tvbzuixinzixun/post/DEzOMDfvtbk,https://vodsilo.cc/video,,,1.0,vodsilo.cc,['family-01'],1,胡定欣開演唱會又唱又跳被批評像跳早操舞 vodsilo.cc/video…,sweep_b1_hits.csv
2026-09-05_13-23-41,family-01,vodsilo.cc,tvbzuixinzixun,2025-01-14,https://www.threads.com/@tvbzuixinzixun/post/DEz7i1XvQ5x,https://vodsilo.cc/video839380.html?utm_term=576,,576,0.0,vodsilo.cc,[],0,胡定欣開演唱會又唱又跳被批評像跳早操舞 2 / 2,sweep_b1_hits.csv
2026-09-05_13-23-41,family-01,vodsilo.cc,tvbzuixinzixun,2025-01-14,https://www.threads.com/@tvbzuixinzixun/post/DEz7bdSvIvX,https://vodsilo.cc/pic50,,,6.0,vodsilo.cc,['family-01'],1,TVB小花26歲生日大解放！罕曬深長事業線！一改可愛斯文形象！ vodsilo.cc/pic50…,sweep_b1_hits.csv
2026-09-05_13-23-41,family-01,vodsilo.cc,tvbzuixinzixun,2025-01-14,https://www.threads.com/@tvbzuixinzixun/post/DEz7fkmvpkB,https://vodsilo.cc/pic50442.html?utm_term=576,,576,1.0,vodsilo.cc,[],0,TVB小花26歲生日大解放！罕曬深長事業線！一改可愛斯文形象！ 2 / 2,sweep_b1_hits.csv
2026-09-05_13-23-41,family-01,vodsilo.cc,tvbzuixinzixun,2025-01-14,https://www.threads.com/@tvbzuixinzixun/post/DEzOJ9tPrON,https://vodsilo.cc/video,,,20.0,vodsilo.cc,['family-01'],1,陳展鵬女兒驚喜現身陳展鵬音樂會 兩父子合唱《單車》，一點都不怯場，太厲害了 vodsilo.cc/video…,sweep_b1_hits.csv
2026-09-05_13-23-41,family-01,vodsilo.cc,tvbzuixinzixun,2025-01-14,https://www.threads.com/@tvbzuixinzixun/post/DEykMPpPdH8,https://vodsilo.cc/video,,,22.0,vodsilo.cc,['family-01'],1,張穎康可以帶老婆去歐洲旅行了！！他說是為了照顧孩子只是借口，但真正原因很讓人心痛，沒有足夠的錢 vodsilo.cc/video…,sweep_b1_hits.csv
2026-09-05_13-23-41,family-01,vodsilo.cc,tvbzuixinzixun,2025-01-14,https://www.threads.com/@tvbzuixinzixun/post/DEykQbfvtV6,https://vodsilo.cc/video809798.html?utm_term=576,,576,0.0,vodsilo.cc,[],0,張穎康可以帶老婆去歐洲旅行了！！他說是為了照顧孩子只是借口，但真正原因很讓人心痛，沒有足夠的錢,sweep_b1_hits.csv
2026-09-05_13-23-41,family-01,vodsilo.cc,tvbzuixinzixun,2025-01-12,https://www.threads.com/@tvbzuixinzixun/post/DEt__9mP92v,https://vodsilo.cc/video,,,42.0,vodsilo.cc,['family-01'],1,炎明熹Gigi傳約滿後過檔做「一姐」 被指遭雪藏多時絕跡台慶等大騷｜星島頭條新聞｜炎明熹｜TVB｜台慶｜Sony Music｜續約 vodsilo.cc/video…,sweep_b1_hits.csv
2026-09-05_13-23-41,family-01,vodsilo.cc,tvbzuixinzixun,2025-01-12,https://www.threads.com/@tvbzuixinzixun/post/DEuAFP3v0eC,https://vodsilo.cc/video,,,13.0,vodsilo.cc,['family-01'],1,（獨家）羅子溢、楊茜堯放閃 超萌仔女為父母拉票爭獎一家四口甜到漏 vodsilo.cc/video…,sweep_b1_hits.csv
2026-09-05_13-23-41,family-01,vodsilo.cc,tvbzuixinzixun,2025-01-10,https://www.threads.com/@tvbzuixinzixun/post/DEppSwmPFgg,https://vodsilo.cc/video,,,3.0,vodsilo.cc,['family-01'],1,惹火《愛．回家》女秘書　生日狂曬三點式 vodsilo.cc/video…,sweep_b1_hits.csv
2026-09-05_13-23-41,family-01,vodsilo.cc,tvbzuixinzixun,2025-01-10,https://www.threads.com/@tvbzuixinzixun/post/DEppRG3PYjV,https://vodsilo.cc/video,,,0.0,vodsilo.cc,['family-01'],1,頒獎禮「露三角」　廖倬竩硬物直插C奶！ vodsilo.cc/video…,sweep_b1_hits.csv
2026-09-05_13-23-41,family-01,vodsilo.cc,tvbzuixinzixun,2025-01-10,https://www.threads.com/@tvbzuixinzixun/post/DEpbf4Jv5Cv,https://vodsilo.cc/video,,,6.0,vodsilo.cc,['family-01'],1,最美港姐陳凱琳，冰上辣舞開幕，氣質絲毫不輸年輕港姐！ 【香港小姐】 vodsilo.cc/video…,sweep_b1_hits.csv
2026-09-05_13-23-41,family-01,vodsilo.cc,tvbzuixinzixun,2025-01-10,https://www.threads.com/@tvbzuixinzixun/post/DEpbhGWvIpn,https://vodsilo.cc/video838895.html?utm_term=576,,576,0.0,vodsilo.cc,[],0,最美港姐陳凱琳，冰上辣舞開幕，氣質絲毫不輸年輕港姐！ 【香港小姐】 2 / 2,sweep_b1_hits.csv
2026-09-05_13-23-41,family-01,vodsilo.cc,tvbzuixinzixun,2025-01-09,https://www.threads.com/@tvbzuixinzixun/post/DElbzSazCzN,https://vodsilo.cc/video,,,61.0,vodsilo.cc,['family-01'],1,陳榮峻榮升外公！興奮曬外孫合照，吳香倫滿臉幸福溫馨滿溢 vodsilo.cc/video…,sweep_b1_hits.csv
2026-09-05_13-23-41,family-01,vodsilo.cc,tvbzuixinzixun,2025-01-09,https://www.threads.com/@tvbzuixinzixun/post/DEl-oJBvOgZ,https://vodsilo.cc/video,,,79.0,vodsilo.cc,['family-01'],1,攜手走過25年！妻子曬合照慶祝銀婚，歐陽震華花白鬍子出鏡顯蒼老 vodsilo.cc/video…,sweep_b1_hits.csv
2026-09-05_13-23-41,family-01,vodsilo.cc,tvbzuixinzixun,2025-01-09,https://www.threads.com/@tvbzuixinzixun/post/DEl-telvOfL,https://vodsilo.cc/video838640.html?utm_term=576,,576,3.0,vodsilo.cc,['family-01'],1,攜手走過25年！妻子曬合照慶祝銀婚，歐陽震華花白鬍子出鏡顯蒼老 vodsilo.cc/video… 2 / 2,sweep_b1_hits.csv
2026-09-05_13-23-41,family-01,vodsilo.cc,tvbzuixinzixun,2025-01-09,https://www.threads.com/@tvbzuixinzixun/post/DEl-myAvO5F,https://vodsilo.cc/video,,,124.0,vodsilo.cc,['family-01'],1,吳岱融慶結婚26週年，與妻子貼臉合影太恩愛，半億豪宅寫對方名字 vodsilo.cc/video…,sweep_b1_hits.csv
2026-09-05_13-23-41,family-01,vodsilo.cc,tvbzuixinzixun,2025-01-09,https://www.threads.com/@tvbzuixinzixun/post/DEl-qqjPu90,https://vodsilo.cc/video838639.html?utm_term=576,,576,0.0,vodsilo.cc,[],0,吳岱融慶結婚26週年，與妻子貼臉合影太恩愛，半億豪宅寫對方名字,sweep_b1_hits.csv
2026-09-05_13-23-41,family-01,vodsilo.cc,tvbzuixinzixun,2025-01-08,https://www.threads.com/@tvbzuixinzixun/post/DEkCO8QPMBg,https://vodsilo.cc/video,,,86.0,vodsilo.cc,['family-01'],1,鄭俊弘帶兒子赴美密集治療！Asher學會爬行用叉進食，他感動到眼眶濕潤 vodsilo.cc/video…,sweep_b1_hits.csv
2026-09-05_13-23-41,family-01,vodsilo.cc,tvbzuixinzixun,2025-01-08,https://www.threads.com/@tvbzuixinzixun/post/DEi5ncDzu_y,https://vodsilo.cc/video,,,30.0,vodsilo.cc,['family-01'],1,鄭嘉穎陳凱琳攜三子出席婚禮！兩子擔任花童帥氣吸睛，顏值超越爸爸掀熱議 vodsilo.cc/video…,sweep_b1_hits.csv
2026-09-05_13-23-41,family-01,vodsilo.cc,tvbzuixinzixun,2025-01-08,https://www.threads.com/@tvbzuixinzixun/post/DEi5vBdThE8,https://vodsilo.cc/video837520.html?utm_term=576,,576,1.0,vodsilo.cc,[],0,鄭嘉穎陳凱琳攜三子出席婚禮！兩子擔任花童帥氣吸睛，顏值超越爸爸掀熱議 2 / 2,sweep_b1_hits.csv
2026-09-05_13-23-41,family-01,vodsilo.cc,tvbzuixinzixun,2025-01-08,https://www.threads.com/@tvbzuixinzixun/post/DEi5j-gzGr0,https://vodsilo.cc/video,,,1.0,vodsilo.cc,['family-01'],1,恭喜！香港著名靚模秘密產子升級做辣媽，寶寶顏值高似足混血兒 vodsilo.cc/video…,sweep_b1_hits.csv
2026-09-05_13-23-41,family-01,vodsilo.cc,tvbzuixinzixun,2025-01-08,https://www.threads.com/@tvbzuixinzixun/post/DEi5r5aTKkt,https://vodsilo.cc/video838451.html?utm_term=576,,576,0.0,vodsilo.cc,[],0,恭喜！香港著名靚模秘密產子升級做辣媽，寶寶顏值高似足混血兒,sweep_b1_hits.csv
2026-09-05_13-23-41,family-01,vodsilo.cc,tvbzuixinzixun,2025-01-04,https://www.threads.com/@tvbzuixinzixun/post/DEYnunmyIfe,https://vodsilo.cc/video,,,150.0,vodsilo.cc,['family-01'],1,47歲陳琪生三胎後被TVB嫌棄，轉型當網紅人氣高，廣告接到手軟 vodsilo.cc/video…,sweep_b1_hits.csv
2026-09-05_13-23-41,family-01,vodsilo.cc,tvbzuixinzixun,2024-12-30,https://www.threads.com/@tvbzuixinzixun/post/DELsU41Tbba,https://vodsilo.cc/video,,,13.0,vodsilo.cc,['family-01'],1,文雪兒做手術前一晚才向兩女交待患癌：我叫佢哋以後要乖啲喇 vodsilo.cc/video…,sweep_b1_hits.csv
2026-09-05_13-23-41,family-01,vodsilo.cc,tvbzuixinzixun,2024-12-30,https://www.threads.com/@tvbzuixinzixun/post/DEMvjgbPy70,https://vodsilo.cc/pic12,,,118.0,vodsilo.cc,['family-01'],1,43歲朱慧敏宣布已懷二胎7個月！早計劃三年兩胎，去年10月剛誕女 vodsilo.cc/pic12…,sweep_b1_hits.csv
2026-09-05_13-23-41,family-01,vodsilo.cc,tvbzuixinzixun,2024-12-30,https://www.threads.com/@tvbzuixinzixun/post/DEMvhJIPt_P,https://vodsilo.cc/video,,,19.0,vodsilo.cc,['family-01'],1,恩愛！前TVB明星夫妻檔做網紅，老公回憶幫老婆洗奶泵落淚丨 vodsilo.cc/video…,sweep_b1_hits.csv
2026-09-05_13-23-41,family-01,vodsilo.cc,tvbzuixinzixun,2024-12-30,https://www.threads.com/@tvbzuixinzixun/post/DEMvlurPjm3,https://vodsilo.cc/video836963.html?utm_term=576,,576,1.0,vodsilo.cc,[],0,恩愛！前TVB明星夫妻檔做網紅，老公回憶幫老婆洗奶泵落淚丨 2 / 2,sweep_b1_hits.csv
2026-09-05_13-23-41,family-01,vodsilo.cc,tvbzuixinzixun,2024-12-30,https://www.threads.com/@tvbzuixinzixun/post/DELsWi5zWLe,https://vodsilo.cc/video,,,69.0,vodsilo.cc,['family-01'],1,52歲蘇玉華公開已低調完婚，未告知母親自認不孝，婚後堅持不育丨 vodsilo.cc/video…,sweep_b1_hits.csv
2026-09-05_13-23-41,family-01,vodsilo.cc,tvbzuixinzixun,2024-12-27,https://www.threads.com/@tvbzuixinzixun/post/DEEqhiavLx2,https://vodsilo.cc/video,,,268.0,vodsilo.cc,['family-01'],1,「譚道德」陳榮峻宣布榮升外公！小女兒曾難接受新戀情，最終送上祝福 vodsilo.cc/video…,sweep_b1_hits.csv
2026-09-05_13-23-41,family-01,vodsilo.cc,tvbzuixinzixun,2024-12-26,https://www.threads.com/@tvbzuixinzixun/post/DECHTo2vdac,https://vodsilo.cc/video,,,138.0,vodsilo.cc,['family-01'],1,郭可盈和女兒製作心形蛋糕幫林文龍慶祝生日 vodsilo.cc/video…,sweep_b1_hits.csv
2026-09-05_13-23-41,family-01,vodsilo.cc,tvbzuixinzixun,2024-12-26,https://www.threads.com/@tvbzuixinzixun/post/DECHQi3vgO0,https://vodsilo.cc/video,,,13.0,vodsilo.cc,['family-01'],1,《愛回家》小花為生計去斬雞　做樓面被認出 vodsilo.cc/video…,sweep_b1_hits.csv
2026-09-05_13-23-41,family-01,vodsilo.cc,tvbzuixinzixun,2024-12-26,https://www.threads.com/@tvbzuixinzixun/post/DECHXMsPp36,https://vodsilo.cc/pic25138.html?utm_term=576,,576,0.0,vodsilo.cc,['family-01'],1,前TVB女星轉行做服務生陷經濟困難淚崩，因身材豐滿被傳包養 vodsilo.cc/pic25…,sweep_b1_hits.csv
2026-09-05_13-23-41,family-01,vodsilo.cc,tvbzuixinzixun,2024-12-23,https://www.threads.com/@tvbzuixinzixun/post/DD7KPaOP8Ep,https://vodsilo.cc/video,,,5.0,vodsilo.cc,['family-01'],1,恭喜！ 40歲TVB前知名綠葉升級人妻，與富二代演員相戀8年未收過禮 vodsilo.cc/video…,sweep_b1_hits.csv
2026-09-05_13-23-41,family-01,vodsilo.cc,tvbzuixinzixun,2024-12-23,https://www.threads.com/@tvbzuixinzixun/post/DD7KRZIP2wA,https://vodsilo.cc/video,,,22.0,vodsilo.cc,['family-01'],1,56歲TVB藝人曹永廉為養家不停拍戲，心腎都出問題劇痛住院 vodsilo.cc/video…,sweep_b1_hits.csv
2026-09-05_13-23-41,family-01,vodsilo.cc,tvbzuixinzixun,2024-12-17,https://www.threads.com/@tvbzuixinzixun/post/DDq0KxYvYfb,https://vodsilo.cc/pic12,,,55.0,vodsilo.cc,['family-01'],1,TVB離巢花旦曬美照！穿透視裙下半身若隱若現，結婚一年無意造人 vodsilo.cc/pic12…,sweep_b1_hits.csv
2026-09-05_13-23-41,family-01,vodsilo.cc,tvbzuixinzixun,2024-12-17,https://www.threads.com/@tvbzuixinzixun/post/DDr5gtmvdz2,https://vodsilo.cc/video,,,38.0,vodsilo.cc,['family-01'],1,田蕊妮唔會離開杜汶澤 除非… vodsilo.cc/video…,sweep_b1_hits.csv
2026-09-05_13-23-41,family-01,vodsilo.cc,tvbzuixinzixun,2024-12-17,https://www.threads.com/@tvbzuixinzixun/post/DDr5lOcvhpO,https://vodsilo.cc/video,,,0.0,vodsilo.cc,['family-01'],1,田蕊妮唔會離開杜汶澤 除非… vodsilo.cc/video… 2 / 2,sweep_b1_hits.csv
2026-09-05_13-23-41,family-01,vodsilo.cc,tvbzuixinzixun,2024-12-17,https://www.threads.com/@tvbzuixinzixun/post/DDrjAkqP_Bw,https://vodsilo.cc/video,,,30.0,vodsilo.cc,['family-01'],1,何雁詩鄭俊弘帶兒子去美國治病 隨便去滑雪 還帶兒子體驗聖誕氣氛 vodsilo.cc/video…,sweep_b1_hits.csv
2026-09-05_13-23-41,family-01,vodsilo.cc,tvbzuixinzixun,2024-12-17,https://www.threads.com/@tvbzuixinzixun/post/DDrjGFavP_1,https://vodsilo.cc/video,,,0.0,vodsilo.cc,['family-01'],1,何雁詩鄭俊弘帶兒子去美國治病 隨便去滑雪 還帶兒子體驗聖誕氣氛 vodsilo.cc/video… 2 / 2,sweep_b1_hits.csv
2026-09-05_13-23-41,family-01,vodsilo.cc,tvbzuixinzixun,2024-12-17,https://www.threads.com/@tvbzuixinzixun/post/DDri_O3PZA7,https://vodsilo.cc/video,,,23.0,vodsilo.cc,['family-01'],1,一路走好！林子祥兒子林德信外公出殯，貼靈堂照用笑容送別 vodsilo.cc/video…,sweep_b1_hits.csv
2026-09-05_13-23-41,family-01,vodsilo.cc,tvbzuixinzixun,2024-12-17,https://www.threads.com/@tvbzuixinzixun/post/DDrjBcEPjHC,https://vodsilo.cc/video,,,0.0,vodsilo.cc,['family-01'],1,一路走好！林子祥兒子林德信外公出殯，貼靈堂照用笑容送別 vodsilo.cc/video… 2 / 2,sweep_b1_hits.csv
2026-09-05_13-23-41,family-01,vodsilo.cc,tvbzuixinzixun,2024-12-12,https://www.threads.com/@tvbzuixinzixun/post/DDe6n0ZvQLg,https://vodsilo.cc/pic12,,,94.0,vodsilo.cc,['family-01'],1,恭喜恭喜！前TVB當紅花旦宣布懷孕 自爆與老公靠一事打敗「七年之癢」 vodsilo.cc/pic12…,sweep_b1_hits.csv
2026-09-05_13-23-41,family-01,vodsilo.cc,tvbzuixinzixun,2024-12-12,https://www.threads.com/@tvbzuixinzixun/post/DDe6mjhv_Xa,https://vodsilo.cc/video,,,18.0,vodsilo.cc,['family-01'],1,怕凍港姐朱晨麗，38F超級大胸絕美長腿，宅男噴鼻血 #香港小姐 vodsilo.cc/video…,sweep_b1_hits.csv
2026-09-05_13-23-41,family-01,vodsilo.cc,tvbzuixinzixun,2024-12-12,https://www.threads.com/@tvbzuixinzixun/post/DDe6o9SPEnv,https://vodsilo.cc/video833558.html?utm_term=576,,576,8.0,vodsilo.cc,['family-01'],1,怕凍港姐朱晨麗，38F超級大胸絕美長腿，宅男噴鼻血 #香港小姐 vodsilo.cc/video… 2 / 2,sweep_b1_hits.csv
2026-09-05_13-23-41,family-01,vodsilo.cc,tvbzuixinzixun,2024-12-12,https://www.threads.com/@tvbzuixinzixun/post/DDdVVAET7qG,https://vodsilo.cc/video,,,7.0,vodsilo.cc,['family-01'],1,TVB綠葉皮膚零毛孔，妻子做網紅月入6位數，買樓投資賺近千萬丨 vodsilo.cc/video…,sweep_b1_hits.csv
2026-09-05_13-23-41,family-01,vodsilo.cc,tvbzuixinzixun,2024-12-12,https://www.threads.com/@tvbzuixinzixun/post/DDdVWI5TtaX,https://vodsilo.cc/video833559.html?utm_term=576,,576,2.0,vodsilo.cc,['family-01'],1,TVB綠葉皮膚零毛孔，妻子做網紅月入6位數，買樓投資賺近千萬丨 vodsilo.cc/video… 2 / 2,sweep_b1_hits.csv
2026-09-05_13-23-41,family-01,vodsilo.cc,tvbzuixinzixun,2024-12-11,https://www.threads.com/@tvbzuixinzixun/post/DDayneuBBrI,https://vodsilo.cc/video,,,72.0,vodsilo.cc,['family-01'],1,李施嬅介紹大家香港擁有70年老字號的雲吞面 連佘詩曼都認證這間是她從小吃到大的非常好吃 vodsilo.cc/video…,sweep_b1_hits.csv
2026-09-05_13-23-41,family-01,vodsilo.cc,tvbzuixinzixun,2024-12-11,https://www.threads.com/@tvbzuixinzixun/post/DDaytfGhQ85,https://vodsilo.cc/video,,,2.0,vodsilo.cc,['family-01'],1,李施嬅介紹大家香港擁有70年老字號的雲吞面 連佘詩曼都認證這間是她從小吃到大的非常好吃 vodsilo.cc/video… 2 / 2,sweep_b1_hits.csv
2026-09-05_13-23-41,family-01,vodsilo.cc,tvbzuixinzixun,2024-12-11,https://www.threads.com/@tvbzuixinzixun/post/DDayl-tBWi0,https://vodsilo.cc/video,,,2.0,vodsilo.cc,['family-01'],1,肥媽親手驗證黑妹上圍細咗 唔信伍仲衡簽洪心怡被無綫「炒魷魚」 vodsilo.cc/video…,sweep_b1_hits.csv
2026-09-05_13-23-41,family-01,vodsilo.cc,tvbzuixinzixun,2024-12-11,https://www.threads.com/@tvbzuixinzixun/post/DDayp_bhUnT,https://vodsilo.cc/video833298.html?utm_term=576,,576,0.0,vodsilo.cc,['family-01'],1,肥媽親手驗證黑妹上圍細咗 唔信伍仲衡簽洪心怡被無綫「炒魷魚」 vodsilo.cc/video… 2 / 2,sweep_b1_hits.csv
2026-09-05_13-23-41,family-01,vodsilo.cc,tvbzuixinzixun,2024-12-07,https://www.threads.com/@tvbzuixinzixun/post/DDRFgB4vsgs,https://vodsilo.cc/video,,,3.0,vodsilo.cc,['family-01'],1,2015港姐冠軍麥明詩，36D大圓胸羨慕煞旁人，甜美外表一舉奪冠！ #香港小姐 #麥明詩 vodsilo.cc/video…,sweep_b1_hits.csv
2026-09-05_13-23-41,family-01,vodsilo.cc,tvbzuixinzixun,2024-12-07,https://www.threads.com/@tvbzuixinzixun/post/DDRFilkPPAB,https://vodsilo.cc/video832898.html?utm_term=576,,576,0.0,vodsilo.cc,['family-01'],1,2015港姐冠軍麥明詩，36D大圓胸羨慕煞旁人，甜美外表一舉奪冠！ #香港小姐 #麥明詩 vodsilo.cc/video… 2 / 2,sweep_b1_hits.csv
2026-09-05_13-23-41,family-01,vodsilo.cc,tvbzuixinzixun,2024-12-04,https://www.threads.com/@tvbzuixinzixun/post/DDI1_fTS1Di,https://vodsilo.cc/video,,,46.0,vodsilo.cc,['family-01'],1,47歲田蕊妮罹患肺腺癌已接受手術：每次呼吸都會痛 感謝丈夫杜汶澤照顧 vodsilo.cc/video…,sweep_b1_hits.csv
2026-09-05_13-23-41,family-01,vodsilo.cc,tvbzuixinzixun,2024-12-04,https://www.threads.com/@tvbzuixinzixun/post/DDKPxDDvmDk,https://vodsilo.cc/video,,,86.0,vodsilo.cc,['family-01'],1,"胡杏兒與老公結婚10週年 , 還有很多個10年！網友留言：嫁對人了，比黃宗澤強多了 vodsilo.cc/video…",sweep_b1_hits.csv
2026-09-05_13-23-41,family-01,vodsilo.cc,tvbzuixinzixun,2024-12-04,https://www.threads.com/@tvbzuixinzixun/post/DDKPySDPTBu,https://vodsilo.cc/video,,,43.0,vodsilo.cc,['family-01'],1,胡定欣角逐視后自信滿滿！笑談「攞獎結婚」甜到出汁｜ vodsilo.cc/video…,sweep_b1_hits.csv
2026-09-05_13-23-41,family-01,vodsilo.cc,tvbzuixinzixun,2024-12-04,https://www.threads.com/@tvbzuixinzixun/post/DDKP235vm1t,https://vodsilo.cc/video832055.html?utm_term=576,,576,4.0,vodsilo.cc,['family-01'],1,胡定欣角逐視后自信滿滿！笑談「攞獎結婚」甜到出汁｜ vodsilo.cc/video… 2 / 2,sweep_b1_hits.csv
2026-09-05_13-23-41,family-01,vodsilo.cc,tvbzuixinzixun,2024-12-02,https://www.threads.com/@tvbzuixinzixun/post/DDFLVP9vJ6f,https://vodsilo.cc/video,,,63.0,vodsilo.cc,['family-01'],1,陳山聰仔仔一如既往的冷酷 - 胡定欣：3年啦 你對我的感情依然無變 vodsilo.cc/video…,sweep_b1_hits.csv
2026-09-05_13-23-41,family-01,vodsilo.cc,tvbzuixinzixun,2024-12-02,https://www.threads.com/@tvbzuixinzixun/post/DDFLW-XP6jc,https://vodsilo.cc/video,,,31.0,vodsilo.cc,['family-01'],1,連詩雅產後四個月驚人恢復，完美身材引人注目，女兒Camila與父親陳家樂神似 vodsilo.cc/video…,sweep_b1_hits.csv
2026-09-05_13-23-41,family-01,vodsilo.cc,tvbzuixinzixun,2024-12-02,https://www.threads.com/@tvbzuixinzixun/post/DDFLYNlvaYb,https://vodsilo.cc/video831702.html?utm_term=576,,576,0.0,vodsilo.cc,['family-01'],1,連詩雅產後四個月驚人恢復，完美身材引人注目，女兒Camila與父親陳家樂神似 vodsilo.cc/video… 2 / 2,sweep_b1_hits.csv
2026-09-05_13-23-41,family-01,vodsilo.cc,tvbzuixinzixun,2024-12-01,https://www.threads.com/@tvbzuixinzixun/post/DDCX9onP7Ji,https://vodsilo.cc/pic11,,,79.0,vodsilo.cc,['family-01'],1,趙雅芝71歲大壽驚人凍齡！與發福老公現身慶生飯局，穿熱褲秀美腿 vodsilo.cc/pic11…,sweep_b1_hits.csv
2026-09-05_13-23-41,family-01,vodsilo.cc,tvbzuixinzixun,2024-12-01,https://www.threads.com/@tvbzuixinzixun/post/DDCYAMrvATe,https://vodsilo.cc/pic117995.html?utm_term=576,,576,0.0,vodsilo.cc,['family-01'],1,趙雅芝71歲大壽驚人凍齡！與發福老公現身慶生飯局，穿熱褲秀美腿 vodsilo.cc/pic11… 2 / 2,sweep_b1_hits.csv
2026-09-05_13-23-41,family-01,vodsilo.cc,tvbzuixinzixun,2024-11-29,https://www.threads.com/@tvbzuixinzixun/post/DC9OW9dvn0x,https://vodsilo.cc/video,,,1.0,vodsilo.cc,['family-01'],1,陳豪、楊茜堯（楊怡）賀唐詩詠麵包店正式營業，阿怡說自己是個澱粉人，要帶麵包回去給媽媽和孩子試試 vodsilo.cc/video…,sweep_b1_hits.csv
2026-09-05_13-23-41,family-01,vodsilo.cc,tvbzuixinzixun,2024-11-29,https://www.threads.com/@tvbzuixinzixun/post/DC9OVI-vfp9,https://vodsilo.cc/video,,,1.0,vodsilo.cc,['family-01'],1,陳豪、楊茜堯（楊怡）賀唐詩詠麵包店正式營業，阿怡說自己是個澱粉人，要帶麵包回去給媽媽和孩子試試 vodsilo.cc/video…,sweep_b1_hits.csv
2026-09-05_13-23-41,family-01,vodsilo.cc,tvbzuixinzixun,2024-11-29,https://www.threads.com/@tvbzuixinzixun/post/DC8J7C8vG72,https://vodsilo.cc/video,,,21.0,vodsilo.cc,['family-01'],1,林峯廣告牌撞樣日本「跑跑人」　網民冀成香港新地標 vodsilo.cc/video…,sweep_b1_hits.csv
2026-09-05_13-23-41,family-01,vodsilo.cc,tvbzuixinzixun,2024-11-29,https://www.threads.com/@tvbzuixinzixun/post/DC8J8CJviC7,https://vodsilo.cc/video,,,1.0,vodsilo.cc,['family-01'],1,林峯廣告牌撞樣日本「跑跑人」　網民冀成香港新地標 vodsilo.cc/video… 2 / 2,sweep_b1_hits.csv
2026-09-05_13-23-41,family-01,vodsilo.cc,tvbzuixinzixun,2024-11-25,https://www.threads.com/@tvbzuixinzixun/post/DCyKZPGPm6B,https://vodsilo.cc/video,,,130.0,vodsilo.cc,['family-01'],1,梁朝偉獲人文學榮譽博士，六十一歲的畢業禮，媽媽老婆妹妹都陪在他身邊，世界上最幸福的梁朝偉[害羞R] vodsilo.cc/video…,sweep_b1_hits.csv
2026-09-05_13-23-41,family-01,vodsilo.cc,tvbzuixinzixun,2024-11-25,https://www.threads.com/@tvbzuixinzixun/post/DCyKceZPDd0,https://vodsilo.cc/video,,,0.0,vodsilo.cc,['family-01'],1,梁朝偉獲人文學榮譽博士，六十一歲的畢業禮，媽媽老婆妹妹都陪在他身邊，世界上最幸福的梁朝偉[害羞R] vodsilo.cc/video… 2 / 2,sweep_b1_hits.csv
2026-09-05_13-23-41,family-01,vodsilo.cc,tvbzuixinzixun,2024-11-24,https://www.threads.com/@tvbzuixinzixun/post/DCu-7PpzA1e,https://vodsilo.cc/video,,,137.0,vodsilo.cc,['family-01'],1,袁偉豪希望三年抱兩，大讚妻子張寶兒是全能媽媽 vodsilo.cc/video…,sweep_b1_hits.csv
2026-09-08_22-07-45,farm-eatmary,eatmary.net,eatmary2020,2026-09-08,https://www.threads.com/@eatmary2020/post/DdBQdiik8kE,https://eatmary.net/5773,,,0.0,eatmary.net,['farm-eatmary'],1,JR東日本，今年年底陪伴大家半載的企鵝要退休了... 官網推出了新卡面吉祥物網路票選活動。 A - 松鼠 B - 應該是...，紫色的兔子吧？ C - 猴...猴子？ 還我企鵝🐧 😭😭😭 明年打算去日本旅遊嗎？ 那麼你必看這篇2027日本行事曆→ eatmary.net/5773,sweep_b2_hits.csv
2026-09-08_22-07-45,farm-eatmary,eatmary.net,eatmary2020,2026-09-08,https://www.threads.com/@eatmary2020/post/DdAodEVEyz7,https://eatmary.net/4123,,,2.0,eatmary.net,['farm-eatmary'],1,虎航通常價格都很不廉航😂 但唯一覺得容易買價格又便宜的就是 【台中-名古屋】 官網最便宜的票價為NT6406(含稅)+10kg手提行李 就算不是促銷期間，也可以買到價格很不錯的票價！ 台中人是很不愛去名古屋嗎？ 而且現在去程時間有微調過了，去程落地為日本時間20:55 拿完行李搭名鐵去市區時間都綽綽有餘呢。 目前低價時,sweep_b2_hits.csv
2026-09-08_22-07-45,farm-eatmary,eatmary.net,eatmary2020,2026-09-02,https://www.threads.com/@eatmary2020/post/DcxLwH9E1yP,https://eatmary.net/5728,,,40.0,eatmary.net,['farm-eatmary'],1,日本越洋航空，台北TPE-OKA沖繩，促銷中！！ 越洋航空是JAL的子航空公司，買票直接到JAL日本航空官網就可以了。 且增班後，更可以搭配到早去晚回的超棒時間， 這個價格真的不需要考慮廉價航空了😂 🛩原班機時間 NU302｜台北 10:15－沖繩 12:50 NU301｜沖繩 08:35－台北 09:15 🛩增班機時,sweep_b2_hits.csv
2026-09-08_22-07-45,farm-eatmary,eatmary.net,eatmary2020,2026-08-28,https://www.threads.com/@eatmary2020/post/Dckmn17E70X,https://eatmary.net/5821,,,79.0,eatmary.net,['farm-eatmary'],1,🔥國旅補助，各縣市加碼中🔥 除了政府的基本補助外，各縣市也都在搶攻遊客👍 目前看到比較多的是加碼抽獎，但覺得還是加碼住宿補助金額會比較吸引人😁 目前比較吸引人的方案： 【台南旅遊補助加碼】 • 平日連住3晚，第3晚免費(至10/31)。 【台東旅遊補助加碼】 • 活動自9/1起至經費用罄止。 • 連續入住2晚，且其中任,sweep_b2_hits.csv
2026-09-08_22-07-45,farm-eatmary,eatmary.net,eatmary2020,2026-08-27,https://www.threads.com/@eatmary2020/post/DchsZWZE7F6,https://eatmary.net/5322,,,0.0,eatmary.net,['farm-eatmary'],1,越南出入境規定看這裡！！ eatmary.net/5322 2 / 2,sweep_b2_hits.csv
2026-09-08_22-07-45,farm-eatmary,eatmary.net,eatmary2020,2026-08-26,https://www.threads.com/@eatmary2020/post/DcfoyvyEyD-,https://eatmary.net/5289,,,0.0,eatmary.net,['farm-eatmary'],1,最夯的任天堂世界，待一整天都沒問題！ eatmary.net/5289 2 / 2,sweep_b2_hits.csv
2026-09-08_22-07-45,farm-eatmary,eatmary.net,eatmary2020,2026-08-25,https://www.threads.com/@eatmary2020/post/DccvTN8k79-,https://eatmary.net/5279,,,0.0,eatmary.net,['farm-eatmary'],1,這些國內不便險，有保班機延誤or不飛！ eatmary.net/5279 2 / 2,sweep_b2_hits.csv
2026-09-08_22-07-45,farm-eatmary,eatmary.net,eatmary2020,2026-08-24,https://www.threads.com/@eatmary2020/post/DcaKKxNk7VH,https://eatmary.net/4641,,,0.0,eatmary.net,['farm-eatmary'],1,回不來的，想一下當初是用哪張信用卡刷的，回程也有贈不便險，而且其實普遍實支實付額度都還滿高的喔！ eatmary.net/4641,sweep_b2_hits.csv
2026-09-08_22-07-45,farm-eatmary,eatmary.net,eatmary2020,2026-08-21,https://www.threads.com/@eatmary2020/post/DcSYXXhk9J6,https://eatmary.net/5773,,,18.0,eatmary.net,['farm-eatmary'],1,星宇航空，高雄航線開賣！！ 已經可以買2027/1/1以後的航班嘍， 目前僅賣到冬季航班到2027/03/28，之後的月份要等到夏季航班開賣。 ✈️「高雄 — 神戶」每日一班 ｜JX360｜ 高雄－神戶 08:25 - 12:15 ｜JX361｜ 神戶－高雄 13:15 - 16:00 1月份官網最低TWD16068(,sweep_b2_hits.csv
2026-09-08_22-07-45,farm-eatmary,eatmary.net,eatmary2020,2026-08-20,https://www.threads.com/@eatmary2020/post/DcQO1MKE9Op,https://eatmary.net/5728,,,5.0,eatmary.net,['farm-eatmary'],1,日本退稅完整新制規定，可看這篇總整理 eatmary.net/5728 2 / 2,sweep_b2_hits.csv
2026-09-08_22-07-45,farm-eatmary,eatmary.net,eatmary2020,2026-08-19,https://www.threads.com/@eatmary2020/post/DcNIgZ1k1Nq,https://eatmary.net/4063,,,0.0,eatmary.net,['farm-eatmary'],1,知道你需要這個，都幫大家整理好了，選個滿意的不便險吧👍 eatmary.net/4063 2 / 2,sweep_b2_hits.csv
2026-09-08_22-07-45,farm-eatmary,eatmary.net,eatmary2020,2026-08-18,https://www.threads.com/@eatmary2020/post/DcKgjbSk9hq,http://eatmary.net/5322,,,0.0,eatmary.net,['farm-eatmary'],1,出入境越南相關資訊，還有攜帶物品等資訊，你一定要知道喔！ eatmary.net/5322 2 / 2,sweep_b2_hits.csv
2026-09-08_22-07-45,farm-eatmary,eatmary.net,eatmary2020,2026-08-14,https://www.threads.com/@eatmary2020/post/DcAQnf1k8q-,https://eatmary.net/4304,,,0.0,eatmary.net,['farm-eatmary'],1,出國行李打包，手提、託運攜帶物品大不同！ eatmary.net/4304 2 / 2,sweep_b2_hits.csv
2026-09-08_22-07-45,farm-eatmary,eatmary.net,eatmary2020,2026-08-11,https://www.threads.com/@eatmary2020/post/Db4rybrE7fd,https://eatmary.net/2101,,,83.0,eatmary.net,['farm-eatmary'],1,高雄終於等到星宇航空嘍！ 預計2027年元旦起開飛兩大日本航線。 【高雄-神戶】  JX360 高雄 08:25 → 神戶 12:15  JX361 神戶 13:15 → 高雄 16:00  每日一班 A321neo 【高雄-沖繩】 JX362 高雄 17:15 → 沖繩 20:00 JX363 沖繩 21:00 → ,sweep_b2_hits.csv
2026-09-08_22-07-45,farm-eatmary,eatmary.net,eatmary2020,2026-08-10,https://www.threads.com/@eatmary2020/post/Db1zfGDk7aT,https://eatmary.net/4641,,,0.0,eatmary.net,['farm-eatmary'],1,想知道自己的信用卡，有哪些旅平險權益嗎？ eatmary.net/4641 2 / 2,sweep_b2_hits.csv
2026-09-08_22-07-45,farm-eatmary,eatmary.net,eatmary2020,2026-08-05,https://www.threads.com/@eatmary2020/post/DbpCPFmky3w,https://eatmary.net/4063,,,1.0,eatmary.net,['farm-eatmary'],1,11家海外不便險比較 eatmary.net/4063 2 / 2,sweep_b2_hits.csv
2026-09-08_22-07-45,farm-eatmary,eatmary.net,eatmary2020,2026-08-04,https://www.threads.com/@eatmary2020/post/DbmllJqE0Qo,https://eatmary.net/5778,,,0.0,eatmary.net,['farm-eatmary'],1,日本自由行必備神器：吃到飽只要 330 日圓起！ 每次去日本玩，網路都是行前必準備！ 這次看到「MyJapan+ by JCB」推出的日本當地 5G eSIM 活動 直接把吃到飽方案從原價 660 日圓砍半 只要 330 日圓起就能用一整天，真的超便宜！ ✅ 活動時間：2026年6月25日 11:00～2026年9月3,sweep_b2_hits.csv
2026-09-08_22-07-45,farm-eatmary,eatmary.net,eatmary2020,2026-07-30,https://www.threads.com/@eatmary2020/post/DbZs1Oxk811,https://eatmary.net/5771,,,0.0,eatmary.net,['farm-eatmary'],1,【釜山觀光公社 x KKday 特別活動】 🔥活動只有7/31(五)~8/2(日)三天🔥 點選KKday兌換卷，即可在韓國釜山金海機場指定櫃台內，參加抽獎限量兌換治癒小物！ • 兌換地點：釜山金海機場「國際線1樓入境大廳 4 號門旁櫃台」。 • 兌換時間：7/31-8/2 早上7點～晚上22點30分(韓國當地時間)。 ,sweep_b2_hits.csv
2026-09-08_22-07-45,farm-eatmary,eatmary.net,eatmary2020,2026-07-24,https://www.threads.com/@eatmary2020/post/DbKQ4WBk_T7,https://eatmary.net/5812,,,378.0,eatmary.net,['farm-eatmary'],1,大韓航空宣布自2026/10/25起，全面復飛台中-仁川✨ 天天飛不打烊！ 也是目前從台中飛首爾，唯一的傳統航空🥹 (台中目前傳航只有飛釜山的星宇) • 去程 KE2032  台中17:50 - 仁川21:30 • 回程KE2031  仁川14:15 - 台中16:25 ✈傳統航空服務 / 提供機上餐 / 含託運23k,sweep_b2_hits.csv
2026-09-08_22-07-45,farm-eatmary,eatmary.net,eatmary2020,2026-07-22,https://www.threads.com/@eatmary2020/post/DbFHuA1kxJn,https://eatmary.net/5700,,,0.0,eatmary.net,['farm-eatmary'],1,11月適合玩沖繩嗎？ 大家都知道現在氣候變遷，11月台灣都還熱的要死😂 沖繩比台灣緯度高那麼一咪咪，其實大致上跟台灣是差不多的而且更為乾爽。 經過台灣10月的兩大連續假期後，11月的沖繩就已進入淡季，但這個月份同時也被當地人稱作最適合外出旅遊的季節喔👍 颱風比8~10月少很多、下雨機率降低， 11月平均溫度為21~25,sweep_b2_hits.csv
2026-09-08_22-07-45,farm-eatmary,eatmary.net,eatmary2020,2026-07-20,https://www.threads.com/@eatmary2020/post/DbACMMKkwBT,https://eatmary.net/1973,,,3.0,eatmary.net,['farm-eatmary'],1,中國回台灣，有滿多知名伴手禮是不能帶的喔！ eatmary.net/1973 2 / 2,sweep_b2_hits.csv
2026-09-08_22-07-45,farm-eatmary,eatmary.net,eatmary2020,2026-07-09,https://www.threads.com/@eatmary2020/post/DakGL7Ck5hY,https://eatmary.net/5776,,,1.0,eatmary.net,['farm-eatmary'],1,韓國廉航【真航空】，年度促銷也登場啦！ • 購票時間：2026/07/13  台灣時間上午9點(韓國時間是10點) • 出發時間：2026/07/13~2027/03/27 沒錯，包含到明年的冬季航空，賞楓、賞雪、跨年、春節，通通都有涵蓋！ #基本票含15kg免費托運+10kg手提行李 ⚠️特別注意07/13日是分成兩,sweep_b2_hits.csv
2026-09-08_22-07-45,farm-eatmary,eatmary.net,eatmary2020,2026-07-07,https://www.threads.com/@eatmary2020/post/DaegO7eEwHE,https://eatmary.net/1973,,,6.0,eatmary.net,['farm-eatmary'],1,台中包機新航線！ 華航 台中-北九州，9/1開航✈ 預計一周三個班次，午去晚回 去程 CI7380  台中 15:20 - 18:45 北九州  回程 CI7381  北九州 19:45 - 21:40 台中 ⚠目前僅有旅行社包機販售，無法官網訂票。 這航線一樣為精神號執飛，有餐、有托運，但沒有娛樂螢幕🥹 台中還沒有飛,sweep_b2_hits.csv
2026-09-08_22-07-45,farm-eatmary,eatmary.net,eatmary2020,2026-07-03,https://www.threads.com/@eatmary2020/post/DaU1pX1E2U8,https://eatmary.net/1973,,,0.0,eatmary.net,['farm-eatmary'],1,空中綠皮巴士，高雄新航線✈ 春秋航空已有高雄-上海航線， 將於今年7/4起開航【高雄-寧波】！ 每週飛二、六兩天，可以安排個「五天四夜」 or 「八天七夜」的旅程。 9C8686 高雄18:35 ➔ 20:35寧波 9C8685 寧波15:30 ➔ 17:35高雄 對台灣人說是晚去晚回，時間尚可，只是第一天抵達寧波後大,sweep_b2_hits.csv
2026-09-08_22-07-45,farm-eatmary,eatmary.net,eatmary2020,2026-06-30,https://www.threads.com/@eatmary2020/post/DaMw_yWkyUu,https://eatmary.net/4221,,,47.0,eatmary.net,['farm-eatmary'],1,華航宣布，復飛日本富山🎊 8/20開航，一周兩個航班✈️ 【週一航班】 CI170：台北 (TPE) 07:15 → 富山 (TOY) 11:15 CI171：富山 (TOY) 12:15 → 台北 (TPE) 14:40 【週四航班】 CI370：台北 (TPE) 13:55 → 富山 (TOY) 17:55 CI3,sweep_b2_hits.csv
2026-09-08_22-07-45,farm-eatmary,eatmary.net,eatmary2020,2026-06-17,https://www.threads.com/@eatmary2020/post/DZrCYMak_gy,https://eatmary.net/4123,,,30.0,eatmary.net,['farm-eatmary'],1,華航宣布【台中-沖繩】航線將於8/13~8/31增班！ 等於說這期間天天會有兩個班次喔👍 🌟原班次7/21~10/24 CI310 台中10:00-12:40沖繩 CI311 沖繩13:40-14:10台中 🌟增班8/13~8/31 CI312 台中15:20-18:00沖繩 CI313 沖繩18:00-19:00台中,sweep_b2_hits.csv
2026-09-08_22-07-45,farm-eatmary,eatmary.net,eatmary2020,2026-06-16,https://www.threads.com/@eatmary2020/post/DZoaFOok2xf,https://eatmary.net/1973,,,0.0,eatmary.net,['farm-eatmary'],1,【國泰航空】星光限定 ，機票 78 折起！ 限定訂票時間為晚上8點至隔日早上8點 輸入序號： CX8PMTW 即可享香港和東北亞機票78折優惠。 適用航點： 桃園-東京 12655元(含稅) 桃園-大阪 13343元(含稅) 桃園-名古屋 13853元(含稅) 桃園-香港 8287元(含稅) 高雄-香港 7964元(含,sweep_b2_hits.csv
2026-09-08_22-07-45,farm-eatmary,eatmary.net,eatmary2020,2025-10-14,https://www.threads.com/@eatmary2020/post/DPyNo1AkzXr,https://eatmary.net/5615,,,0.0,eatmary.net,['farm-eatmary'],1,雖然亞航這次0元機票沒有包含日本線，但日本線也是有6折的折扣， 出發時間為2026/3/1~11/30，翻翻日期可以找到單趟3千多元的票，目前看起來還算好買，就看時間你OK不。 其中要來推薦【高雄-東京成田】的航線 6折買下來，含稅6~7千， 另外再加個行李也還是比大老遠從高雄跑去桃園搭飛機來的強😂 高雄 08:00 ,sweep_b2_hits.csv
2026-09-08_22-07-45,farm-eatmary,eatmary.net,eatmary2020,2026-02-06,https://www.threads.com/@eatmary2020/post/DUZ_2-gk9tk,https://eatmary.net/1973,,,31.0,eatmary.net,['farm-eatmary'],1,【台灣2/1起，可以帶加熱菸入境了？】 NONONO，你以為的可以並不是規定上的可以😂 首先要知道，可以攜帶入境的是【境內版】且由衛福部核准的產品！ 目前台灣政府核准的特定版本加熱菸，在國外(如日本、韓國機場)是買不到的喔。 所以若你試圖從國外的免稅店帶回台灣目前都是違法的，只要被抓到，罰款最高500萬元+沒收銷毀。 ,sweep_b2_hits.csv
2026-09-08_22-07-45,farm-eatmary,eatmary.net,eatmary2020,2026-06-01,https://www.threads.com/@eatmary2020/post/DZBwpYTk0E1,https://eatmary.net/5010,,,1.0,eatmary.net,['farm-eatmary'],1,東京迪士尼Priority Pass(PP)將走入歷史？ 官方公布「40 週年優先入場卡」將於今年8/31結束，讓大家回想起疫情時「FastPass」消失時的恐懼😭 總之「40 週年優先入場卡」的PP設施就是只能抽到8/31了，若你在之前有幸能再訪東迪，請好好利用。 之後會不會有新的Priority Pass？ 老實說,sweep_b2_hits.csv
2026-09-08_22-07-45,farm-eatmary,eatmary.net,eatmary2020,2026-05-19,https://www.threads.com/@eatmary2020/post/DYguSChk7Dk,https://eatmary.net/4328,,,0.0,eatmary.net,['farm-eatmary'],1,你必知的，泰國出入境規定 eatmary.net/4328 2 / 2,sweep_b2_hits.csv
2026-09-08_22-07-45,farm-eatmary,eatmary.net,eatmary2020,2026-05-18,https://www.threads.com/@eatmary2020/post/DYeH0ZFE8py,https://eatmary.net/5683,,,1.0,eatmary.net,['farm-eatmary'],1,之前燃油費漲到快原地起飛的國泰航空，宣布自5/16起機票調降嘍！ 現又正值TTE旅展促銷，想買甜甜價的人，入手國泰很可以💪 國泰航空有飛日本 「大阪」、「東京」，最便宜可以買到1.1K的優質價，傳統航空、1.1K含稅含餐含託運，直接閉眼買了🤣 • 短程(如香港) 來會可少$420左右 • 中長程來回可少$600~$70,sweep_b2_hits.csv
2026-09-08_22-07-45,farm-eatmary,eatmary.net,eatmary2020,2026-05-15,https://www.threads.com/@eatmary2020/post/DYWrZ7TFDA8,https://eatmary.net/4123,,,21.0,eatmary.net,['farm-eatmary'],1,山東航空要飛【台中-青島】航線了，真的還假的😳 C金A！！ 山東航空宣布將在7/23起，由波音737值飛，往返台中-青島。 *每週四往返一班。 *定期班機，散客可訂票。 航班資訊：  SC4633 青島(TAO) 07:50 → 台中(RMQ) 10:20  SC4634 台中(RMQ) 11:20 → 青島)TAO),sweep_b2_hits.csv
2026-09-08_22-07-45,farm-eatmary,eatmary.net,eatmary2020,2026-05-11,https://www.threads.com/@eatmary2020/post/DYLtlpek5IX,https://eatmary.net/1973,,,1.0,eatmary.net,['farm-eatmary'],1,不論去中國還是任何一個國家，回國都需要把自己的行李把關好，不該帶的就別帶阿。 2026台灣入境物品最新規定 eatmary.net/1973 2 / 2,sweep_b2_hits.csv
2026-09-08_22-07-45,farm-eatmary,eatmary.net,eatmary2020,2026-05-04,https://www.threads.com/@eatmary2020/post/DX5uLkkEzb6,https://eatmary.net/4439,,,1.0,eatmary.net,['farm-eatmary'],1,CHA-LA～HEAD-CHA-LA～♪ 應該有不少老公、男朋友、兄弟，今年吵著要去澎湖吧😆 【澎湖花火節 X 七龍珠Z】5/4正式開幕！！ 🎆花火節時間詳細整理→ eatmary.net/4439 現在買機票、船票都還來得及！🛩 還有讓人熱血沸騰的七龍珠Z劇場版放映： • 5/14（四）《熱戰・烈戰・超激戰・燃燒》 ,sweep_b2_hits.csv
2026-09-08_22-07-45,farm-eatmary,eatmary.net,eatmary2020,2026-04-30,https://www.threads.com/@eatmary2020/post/DXvSefgEyau,https://eatmary.net/5118,,,0.0,eatmary.net,['farm-eatmary'],1,手把手，教你寫日本入境卡 Visit Japan Web eatmary.net/5118 2 / 2,sweep_b2_hits.csv
2026-09-08_22-07-45,farm-eatmary,eatmary.net,eatmary2020,2026-04-27,https://www.threads.com/@eatmary2020/post/DXnqDi6EzaQ,https://eatmary.net/4123,,,0.0,eatmary.net,['farm-eatmary'],1,↓你必知的，台中市區往返機場大眾交通一覽↓ eatmary.net/4123 2 / 2,sweep_b2_hits.csv
2026-09-08_22-07-45,farm-eatmary,eatmary.net,eatmary2020,2026-04-20,https://www.threads.com/@eatmary2020/post/DXV_f36k-RQ,https://eatmary.net/1973,,,64.0,eatmary.net,['farm-eatmary'],1,日本旅遊，哪幾張卡片好用呢？ 整合指定通路與搭配行動支付，列出以下5大好卡，都是今年回饋的前茅👍 • 永豐現金回饋JCB卡 - 最高10% 基本海外 2% + 日本加碼 3% + 滿額/新戶加碼 5%（需登錄）。 • 國泰世華CUBE卡 - 最高10% 切換「日本賞」方案，指定商店（餐飲、百貨）最高享 10% 小樹點回,sweep_b2_hits.csv
2026-09-08_22-07-45,farm-eatmary,eatmary.net,eatmary2020,2026-04-16,https://www.threads.com/@eatmary2020/post/DXL1fg0E4D2,https://eatmary.net/5760,,,1.0,eatmary.net,['farm-eatmary'],1,📍韓國線上免稅店 教學➡ eatmary.net/5760 2 / 2,sweep_b2_hits.csv
2026-09-08_22-07-45,farm-eatmary,eatmary.net,eatmary2020,2026-04-10,https://www.threads.com/@eatmary2020/post/DW8jM_mE-We,https://eatmary.net/4137,,,3.0,eatmary.net,['farm-eatmary'],1,🆕大家很關心的，青森弘前公園花開狀況🆕 4/9昨天已公布外濠(全區域)標本木開花嘍！ 最新4/10日的版本跟官方表上預測日期一樣，基本上之後亦可以參考預測時間。 🌸預計滿開日4/15(三)🌸 最佳賞花期間：4/15~4/20、4/19起開吹雪與出現花筏 今年弘前公園比往年早開11日，真的是太狂啦~~ 20號以後才飛的朋,sweep_b2_hits.csv
2026-09-08_22-07-45,farm-eatmary,eatmary.net,eatmary2020,2026-04-07,https://www.threads.com/@eatmary2020/post/DW0MOefE9nk,https://eatmary.net/2101,,,0.0,eatmary.net,['farm-eatmary'],1,📣4月起出國有很多新的相關規定你必須知道📣 4月起攜帶行動電源有部分新規定需要乘客遵守： ✨每人限攜帶兩顆 每位旅客隨身攜帶的行動電源(100Wh 以下)限制為最多2個。 ✨機上全程禁用 包含禁止充電、和被充電(意指使用機上的插座幫行動電源充電)。 ✨放置位置限制 只能放在隨身行李的座位前方座椅下，不可放置於機艙置物櫃,sweep_b2_hits.csv
2026-09-08_22-07-45,farm-eatmary,eatmary.net,eatmary2020,2026-04-01,https://www.threads.com/@eatmary2020/post/DWkuAg2k_2_,https://eatmary.net/5517,,,20.0,eatmary.net,['farm-eatmary'],1,4月份燃油附加費開獎！ ⚡新的費用適用於 4/7(二) 00:00開票的機票 (所以4/6(一) 23:59還是原本價格) ✈️適用航空公司為台灣國籍航空：長榮、華航、星宇 虎航暫時維持原價格。 【短程線】每段17.5USD→45USD (包含港澳、日韓等亞洲地區) 【長程線】每段45.5USD→117USD (包含歐,sweep_b2_hits.csv
2026-09-08_22-07-45,farm-eatmary,eatmary.net,eatmary2020,2026-03-30,https://www.threads.com/@eatmary2020/post/DWfcmLHE0HV,https://eatmary.net/4332,,,0.0,eatmary.net,['farm-eatmary'],1,近期到韓國旅遊，聽到行李箱被上鎖的頻率變高了！ 韓國今年確實檢查的比較嚴格😅 只能提醒各位，對韓國當地來說有疑慮的東西盡量不要帶嘍。 🔥不止黃色鎖頭，還有其他顏色🔥 🟡黃色 - 香水、香菸等高價精品超過免稅額度。 🔴紅色 - 有違禁品例如刀、槍、毒品。 🟢綠色 - 動植物檢疫品，例如水果、肉品、種子等農畜品。 🔵/🟠 ,sweep_b2_hits.csv
2026-09-08_22-07-45,farm-eatmary,eatmary.net,eatmary2020,2026-03-19,https://www.threads.com/@eatmary2020/post/DWDIit5k5Yl,https://eatmary.net/4304,,,1.0,eatmary.net,['farm-eatmary'],1,雖然行動電源相關登機規定已經實施一陣子了，但日本自今年4月起會開始強制執行嘍！ 1. 每個人限帶2顆行動電源 且有容量限制： • 100Wh 以下可以帶上飛機。 • 100Wh～160Wh需要航空公司同意。 • 160Wh以上禁止攜帶。 日本是看「Wh」，記得回家檢查一下自己的行動電源標示是否夠清楚。 2. 機上不能使,sweep_b2_hits.csv
2026-09-08_22-07-45,farm-eatmary,eatmary.net,eatmary2020,2026-03-17,https://www.threads.com/@eatmary2020/post/DV-btycE8mk,https://eatmary.net/4137,,,0.0,eatmary.net,['farm-eatmary'],1,相當受歡迎的【國泰CUBE卡日本賞】，來嘍！ 適用時間：3/1~4/30 3~4月要去日本的朋友們，刷這張卡不會虧👍 刷卡前記得至CUBE App切換日本賞權益方案，不然你可就白刷啦。 國內日系店也在此波活動範圍內喔！ 🌸日本櫻花季要到了，使用工具網站讓你更容易賞到滿開櫻花 → eatmary.net/4137,sweep_b2_hits.csv
2026-09-08_22-07-45,farm-eatmary,eatmary.net,eatmary2020,2026-03-13,https://www.threads.com/@eatmary2020/post/DVzuTtAk5xT,https://eatmary.net/4121,,,2.0,eatmary.net,['farm-eatmary'],1,✒️手把手，教你寫日本入境卡✒️ 雖然現在VJW線上日境卡產生QR-Code相當便利， 但其實手寫入境卡還是有佔一定的重要性， 以防萬一需要寫到，每個去日本的朋友盡量都要會寫喔👍 🎌日本入境卡各區域詳細書寫說明→ eatmary.net/4121,sweep_b2_hits.csv
2026-09-08_22-07-45,farm-eatmary,eatmary.net,eatmary2020,2026-03-12,https://www.threads.com/@eatmary2020/post/DVxTEMNE8ny,https://eatmary.net/5035,,,0.0,eatmary.net,['farm-eatmary'],1,其他台灣人常搭航空托運行李、手提行李規定一覽 eatmary.net/5035,sweep_b2_hits.csv
2026-09-08_22-07-45,farm-eatmary,eatmary.net,eatmary2020,2026-03-05,https://www.threads.com/@eatmary2020/post/DVfFAa_k7L-,https://eatmary.net/5174,,,2.0,eatmary.net,['farm-eatmary'],1,🚨你知道2026世界棒球經典賽，新增了那些特殊規定嗎？ 1. 投球時間控制 投手在壘上無人時15秒內需投出球，壘上有人時則為18秒。 2. 投手用球數與休息限制 為了保護投手，這是最嚴格的部分，設立單場用球數上限： 分組預賽每人最多65球、八強複賽每人最多80球、四強與決賽每人最多95球。 且強制休息天數：單場投滿50,sweep_b2_hits.csv
2026-09-08_22-07-45,farm-eatmary,eatmary.net,eatmary2020,2026-02-25,https://www.threads.com/@eatmary2020/post/DVKgWcnExKU,https://eatmary.net/5751,,,2.0,eatmary.net,['farm-eatmary'],1,✈️台中-釜山 2026/6/2開航，一周三個班次 台中RMQ-PUS釜山 - 08:10-11:30 (每週257) 釜山PUS-RMQ台中 - 12:30-14:00 (每週257) 2/25本日開賣，目前官網最低票價為$10758(含稅) 比想像中還便宜耶！！ 基本票價含1件23kg托運+7kg手提+機上餐，我覺,sweep_b2_hits.csv
2026-09-08_22-07-45,farm-eatmary,eatmary.net,eatmary2020,2026-02-24,https://www.threads.com/@eatmary2020/post/DVHzZphk-jp,https://eatmary.net/4221,,,191.0,eatmary.net,['farm-eatmary'],1,現在玩日本用電子支付超方便！ 今年2月新上線的服務就有【全盈+PAY】和【台新 Pay+】🔥 台灣總共有6大電子支付可以綁定PayPay嘍👍 • 最強新秀：全盈+PAY & 台新 Pay+ 兩大最新支付方式，提供的優惠當然最多！ 但想要有最高回饋都必須綁定指定銀行信用卡，有興趣的朋友可以研究一下。 • 小資首選：全支付,sweep_b2_hits.csv
2026-09-08_22-07-45,farm-eatmary,eatmary.net,eatmary2020,2026-02-11,https://www.threads.com/@eatmary2020/post/DUmgTFlEwbu,https://eatmary.net/5685,,,45.0,eatmary.net,['farm-eatmary'],1,原本預計開台中至釜山航線的星宇，宣布桃園也要加開嘍！ 預計6月開航，近期開放訂位😍 大家覺得價格會多少呢？ 以桃園飛釜山的傳航金額來說，平時應該是1萬元左右、促銷時可以到8~9千。 台中首飛釜山，若依照經驗往上加個2千元... 應該1.3萬左右吧😅 還是希望有高CP的價格，拜託了星宇🥺 ✈️桃園-釜山 2026/6/1,sweep_b2_hits.csv
2026-09-08_22-07-45,farm-eatmary,eatmary.net,eatmary2020,2026-02-09,https://www.threads.com/@eatmary2020/post/DUhf13ak_xD,https://eatmary.net/5755,,,1.0,eatmary.net,['farm-eatmary'],1,長榮航空入門票！ 【桃園-澳門】來回含稅6千出頭，含機上點心、來回行李托運。 二月年後大量放出低價票，6/30以前都能買到甜甜價❤️ 飛澳門真的不需要廉價航空了🤣 ★2026澳門行事曆，當地人都是哪幾天放假呢？ eatmary.net/5755 ★港澳出入境最新規定看這裡 eatmary.net/5160,sweep_b2_hits.csv
2026-09-08_22-07-45,farm-eatmary,eatmary.net,eatmary2020,2026-02-05,https://www.threads.com/@eatmary2020/post/DUXBu9RE_dw,https://eatmary.net/5517,,,112.0,eatmary.net,['farm-eatmary'],1,今天虎航的台中-沖繩開賣，票放得很沒誠意，想撿便宜的可以先不用看了。 已經用低價地圖查了... 虎航這價格，要確定捏😂 這還是不包含託運的價格喔！！ 抱歉了如果這是常態價格，要是沒搶到促銷，我還是會選星宇謝謝🙏 ↓便宜機票購買了以後，可以改票、退票嗎？↓ 台灣人常搭6家航空公司改時間費用/手續費一覽。 eatmary.,sweep_b2_hits.csv
2026-09-08_22-07-45,farm-eatmary,eatmary.net,eatmary2020,2026-01-29,https://www.threads.com/@eatmary2020/post/DUFh6kYk90W,https://eatmary.net/5751,,,2.0,eatmary.net,['farm-eatmary'],1,📍4款韓國外送APP推薦➡ eatmary.net/5751 2 / 2,sweep_b2_hits.csv
2026-09-08_22-07-45,farm-eatmary,eatmary.net,eatmary2020,2026-01-28,https://www.threads.com/@eatmary2020/post/DUCfVfjk7wd,https://eatmary.net/5650,,,3.0,eatmary.net,['farm-eatmary'],1,相當有誠意的真航空促銷！ 1/26 09:00 - 1/2922:59止。 早鳥票價時間：3/29~10/24 冬季航班出清時間：1/26~3/28 手機APP、官網訂票通通適用！ 尤其推薦給台中的朋友，直飛首爾(仁川)，來回含稅5千元有找，而且是直接包含15kg的托運行李票價喔❤️ (隨身可以攜帶10kg) 目前動手,sweep_b2_hits.csv
2026-09-08_22-07-45,farm-eatmary,eatmary.net,eatmary2020,2026-01-27,https://www.threads.com/@eatmary2020/post/DT_-QRUE53U,https://eatmary.net/4121,,,10.0,eatmary.net,['farm-eatmary'],1,寒假、春節機場滿滿滿...。 前往日本的朋友們，1/29~2/25期間，你可以更快速的入境👍 台日今年依舊合作「入境事先確認」，讓你在台灣就先辦好入境日本的相關手續，抵達本後直接快速通關！ 快來看看你的班次有沒有在服務範圍內吧。 如何辦理？ 1⃣候機室審查： 在台灣候機室內向日本派遣的審查官出示護照，進行臉部拍攝及指紋,sweep_b2_hits.csv
2026-09-08_22-07-45,farm-eatmary,eatmary.net,eatmary2020,2026-01-15,https://www.threads.com/@eatmary2020/post/DTg8QCjEzQy,https://eatmary.net/5653,,,117.0,eatmary.net,['farm-eatmary'],1,1/15起  全面開放WBC經典賽售票 (台灣時間18:00) 採「先到先得制」，意思是要搶票啦！ 🏷ePluse 平台 免VPN、免註冊、海外信用卡可 可配送或日本全家、7-11取票 每人限購4張 購票網址→ eplus.jp/sf/wo… 建議專注於ePluse平台就好，尤其是超級熱門的台日大戰，相當相當相當的難搶,sweep_b2_hits.csv
2026-09-08_22-07-45,farm-eatmary,eatmary.net,eatmary2020,2026-01-14,https://www.threads.com/@eatmary2020/post/DTe85jHE9eS,https://eatmary.net/5749,,,3.0,eatmary.net,['farm-eatmary'],1,完整韓國免稅飯店名單看這裡 👇 eatmary.net/5749 2 / 2,sweep_b2_hits.csv
2026-09-08_22-07-45,farm-eatmary,eatmary.net,eatmary2020,2026-01-13,https://www.threads.com/@eatmary2020/post/DTcRjvvk7C2,https://eatmary.net/682,,,0.0,eatmary.net,['farm-eatmary'],1,2026連假搶票攻略➡️ eatmary.net/682 2 / 2,sweep_b2_hits.csv
2026-09-08_22-07-45,farm-eatmary,eatmary.net,eatmary2020,2026-01-08,https://www.threads.com/@eatmary2020/post/DTO_UMBk1z3,https://eatmary.net/4221,,,0.0,eatmary.net,['farm-eatmary'],1,每次促銷都很有誠意的樂桃航空來嘍！ 促銷時間：1/8 12:00~1/12 23:59 出發時間：1/14~10/24(有部分不適用期間) *促銷為Minimun票，只包含手提行李７公斤，若之後再加託運每件NT950。 *有限定促銷航班。 樂桃啥都挺好的，就是託運記件不好😂 桃園-沖繩 NT4080起(含稅) 桃園-大,sweep_b2_hits.csv
2026-09-08_22-07-45,farm-eatmary,eatmary.net,eatmary2020,2026-01-06,https://www.threads.com/@eatmary2020/post/DTJ8SSJEx13,https://eatmary.net/5653,,,3.0,eatmary.net,['farm-eatmary'],1,購票連結幫大家整理好啦，Good Luck！ eatmary.net/5653 2 / 2,sweep_b2_hits.csv
2026-09-08_22-07-45,farm-eatmary,eatmary.net,eatmary2020,2026-01-05,https://www.threads.com/@eatmary2020/post/DTHPwtAE69x,https://eatmary.net/4123,,,18.0,eatmary.net,['farm-eatmary'],1,✈【星宇航空 台中-東京增班】✈ • 新增時間：7/25~8/31 • 新增日期：二、五、日 =去程= (二、五、日) JX314 台中-東京 09:30-14:00 =回程= (二、日) JX315 東京-台中 16:30-18:40 (五) JX315 東京-台中 16:30-19:10 -------------,sweep_b2_hits.csv
2026-09-08_22-07-45,farm-eatmary,eatmary.net,eatmary2020,2025-12-31,https://www.threads.com/@eatmary2020/post/DS6R_C2E1sE,https://eatmary.net/5684,,,5.0,eatmary.net,['farm-eatmary'],1,獻上2026請假攻略 eatmary.net/5684 2 / 2,sweep_b2_hits.csv
2026-09-08_22-07-45,farm-eatmary,eatmary.net,eatmary2020,2025-12-30,https://www.threads.com/@eatmary2020/post/DS4P69xk8Q6,https://eatmary.net/4123,,,0.0,eatmary.net,['farm-eatmary'],1,台中機場交通一覽！ eatmary.net/4123 2 / 2,sweep_b2_hits.csv
2026-09-08_22-07-45,farm-eatmary,eatmary.net,eatmary2020,2025-12-12,https://www.threads.com/@eatmary2020/post/DSJSL1zk2D6,https://eatmary.net/5721,,,3.0,eatmary.net,['farm-eatmary'],1,你搭乘的廉價航空，可以攜帶外食嗎？ 🆗 樂桃航空 、捷星航空、越捷航空、德威航空、釜山航空、濟州航空、真航空、宿霧太平洋航空。 ❎ 台灣虎航、酷航、亞洲航空、泰獅航空、香港快運、可依航空、泰越捷航空。 可以帶的航空公司也不代表什麼食物都可以帶， 例如味道比較重的臭豆腐、有腥味的食物、含熱湯的食物；也禁止自己攜帶含酒精的,sweep_b2_hits.csv
2026-09-08_22-07-45,farm-eatmary,eatmary.net,eatmary2020,2025-12-03,https://www.threads.com/@eatmary2020/post/DRyT-gJEw8H,https://eatmary.net/5118,,,3.0,eatmary.net,['farm-eatmary'],1,日本越洋航空(JTA)開航價格真的很猛！ 【2026年2月3日開航】 ↓每日一班↓ 🛫NU302 台北10:00→ 12:30沖繩 🛬NU301 沖繩08:00→ 08:45台北 先不要考慮航班時間早晚問題， 光最基本機票含2件23kg拖運就打爆很多廉航跟傳航了💕 但整體便宜的票價已不多，若你有點到，趕快買買買買買..,sweep_b2_hits.csv
2026-09-08_22-07-45,farm-eatmary,eatmary.net,eatmary2020,2025-11-21,https://www.threads.com/@eatmary2020/post/DRTtJReE0J_,https://eatmary.net/5283,,,0.0,eatmary.net,['farm-eatmary'],1,📍韓國自由行必用「Naver map」使用教學➡ eatmary.net/5283 2 / 2,sweep_b2_hits.csv
2026-09-08_22-07-45,farm-eatmary,eatmary.net,eatmary2020,2025-11-14,https://www.threads.com/@eatmary2020/post/DRBarbTk_qg,https://eatmary.net/5653,,,0.0,eatmary.net,['farm-eatmary'],1,2026 WBC經典賽 C組預賽，座位售價資訊 eatmary.net/5653 2 / 2,sweep_b2_hits.csv
2026-09-08_22-07-45,farm-eatmary,eatmary.net,eatmary2020,2025-11-13,https://www.threads.com/@eatmary2020/post/DQ-uKo5kwXP,https://eatmary.net/4328,,,0.0,eatmary.net,['farm-eatmary'],1,看更多泰國自由行旅遊攻略👉 eatmary.net/4328 2 / 2,sweep_b2_hits.csv
2026-09-08_22-07-45,farm-eatmary,eatmary.net,eatmary2020,2025-11-11,https://www.threads.com/@eatmary2020/post/DQ5sg7_k3QO,https://eatmary.net/1973,,,0.0,eatmary.net,['farm-eatmary'],1,台灣現在入境檢查滿嚴格的，回國請留意自己購買的東西是否OK、能否帶入境喔！ eatmary.net/1973 2 / 2,sweep_b2_hits.csv
2026-09-08_22-07-45,farm-eatmary,eatmary.net,eatmary2020,2025-11-11,https://www.threads.com/@eatmary2020/post/DQ5jFfWk1xe,https://eatmary.net/5674,,,0.0,eatmary.net,['farm-eatmary'],1,📍日本扭蛋店地圖詳細說明➡️ eatmary.net/5674 2 / 2,sweep_b2_hits.csv
2026-09-08_22-07-45,farm-eatmary,eatmary.net,eatmary2020,2025-11-10,https://www.threads.com/@eatmary2020/post/DQ3L19JExsQ,https://eatmary.net/5653,,,1.0,eatmary.net,['farm-eatmary'],1,🔥2026 WBC經典賽 門票最新資訊🔥 今日官網公布了最新應援區域，以下是台灣在東京巨蛋的官方應援區： • 3/5(四) 11:00 澳洲vs台灣 台灣在三壘，官方應援席為靠外野的指定席B、部分指定席A。 • 3/6(五) 18:00 日本vs台灣 台灣在三壘，官方應援席為「外野」，沒意外會為「左外野」。 • 3/7,sweep_b2_hits.csv
2026-09-08_22-07-45,farm-eatmary,eatmary.net,eatmary2020,2025-11-07,https://www.threads.com/@eatmary2020/post/DQvXdV2Ezlz,https://eatmary.net/4102,,,2.0,eatmary.net,['farm-eatmary'],1,捷星航空這次有些低調阿， 輸人不輸陣，新航線開航，當然還是要促銷一下的😊 🔥2025/12/18 高雄-東京起飛🔥 捷星這下也算是正式入住高雄啦，高雄飛東京又多了一個選擇！ 此外11/7~11/13期間 都能買到日本各航點NT1880單程未稅的機票，但出發時間都比較近，出清冬季航班居多😆 有找到機票、時間能配合，還是很,sweep_b2_hits.csv
2026-09-08_22-07-45,farm-eatmary,eatmary.net,eatmary2020,2025-11-06,https://www.threads.com/@eatmary2020/post/DQssVdVk_kw,https://eatmary.net/5715,,,24.0,eatmary.net,['farm-eatmary'],1,樂桃航空雙11促銷🎉 樂桃促銷就是誠意十足👍 但機票就是算出清26年2/13以前的航班。 從台灣去程最適合買樂桃！ 因為你行李只有一件且基本上也不會超過20kg。 建議可以買單程配其他航空以重量計算行李的航空(例如虎航、酷航) 販售期間：2025/11/6 12:00 - 11/11 23:59 適用期間：2025/1,sweep_b2_hits.csv
2026-09-08_22-07-45,farm-eatmary,eatmary.net,eatmary2020,2025-11-05,https://www.threads.com/@eatmary2020/post/DQqG91UkzKp,https://eatmary.net/5615,,,1.0,eatmary.net,['farm-eatmary'],1,🔥2025 ITF台北國際旅展🔥 11/07(五)~11/10(一)，南港展覽館登場！ • 1F 國外旅遊區，包含各家旅行社、航空公司都在此。 • 2F 國內旅遊區，餐券、住宿券通通在這買。 航空公司現場除了國泰以外，不會現場售票，請直接於網路選購！ 但通常攤位上都會有不錯的活動可以參加。 ✈航空公司ITF線上旅展→ ,sweep_b2_hits.csv
2026-09-08_22-07-45,farm-eatmary,eatmary.net,eatmary2020,2025-11-03,https://www.threads.com/@eatmary2020/post/DQlbGlSE33B,https://eatmary.net/1973,,,1.0,eatmary.net,['farm-eatmary'],1,沒想到，星宇航空要在台中開宮古島航線！！ 2026/02/12起，台北、台中同步起飛✈️ 兩地都由A321 neo執飛。 宮古島桃園之前星宇就已經有飛了，現在增加了台中的航線👍 【台中時間】 每周二、五 來回各一班 周二 JX308 台中08:35-10:50宮古島 JX309 宮古島11:50-12:15台中 周五 ,sweep_b2_hits.csv
2026-09-08_22-07-45,farm-eatmary,eatmary.net,eatmary2020,2025-10-30,https://www.threads.com/@eatmary2020/post/DQa07X_E1Xv,https://eatmary.net/5615,,,1.0,eatmary.net,['farm-eatmary'],1,ITF航空公司線上旅展，你下手了嗎？ 其實這邊滿推薦星宇航空【桃園-神戶】的班機的。 目前這樣看下來，不要看2月，來回都可以買到1萬出頭含稅的機票❤️ 來回含23kg/一件拖運、香噴噴的機上餐 萬元出頭可以搭星宇到日本關西，還比飛大阪便宜😊 神戶到京都、大阪約30分~1小時不等，四通八達， 重點是入境日本很快，免大排長,sweep_b2_hits.csv
2026-09-08_22-07-45,farm-eatmary,eatmary.net,eatmary2020,2025-10-28,https://www.threads.com/@eatmary2020/post/DQVkb8Ik43c,https://eatmary.net/5160,,,15.0,eatmary.net,['farm-eatmary'],1,香港快運--12週年超值優惠！ 單程未稅只要NT50元起🔥🔥🔥 預訂日期：即時至2025/10/29 出發日期：2026/4/14~2027/3/17 *注意是明年的4/14以後的班機。 促銷航班：台北、台中、高雄、花蓮 > 香港 香港快運是廉價航空，但其實飛香港就那1個半小時，有沒有服務其實沒差😅 這次促銷的價格有包,sweep_b2_hits.csv
2026-09-08_22-07-45,farm-eatmary,eatmary.net,eatmary2020,2025-10-27,https://www.threads.com/@eatmary2020/post/DQToyLtk3YP,https://eatmary.net/4110,,,1.0,eatmary.net,['farm-eatmary'],1,🌟2025大阪冬季點燈🌟 冬天玩大阪也是很好玩的，還有很浪漫的耶誕節期間限定點燈😍 白天Shopping、晚上就來踩這些點吧！ 12大冬季必看聖誕景點→ eatmary.net/4110 #聖誕節 #日本旅遊 #耶誕景點,sweep_b2_hits.csv
2026-09-08_22-07-45,farm-eatmary,eatmary.net,eatmary2020,2025-10-08,https://www.threads.com/@eatmary2020/post/DPim73Bk5p1,https://eatmary.net/5715,,,5.0,eatmary.net,['farm-eatmary'],1,日幣持續特價中！ 原本以為會逐漸站穩0.21的日幣，在保守派新首相高市早苗當選後，急速下跌，目前又回到前幾個月前日幣搶搶滾的價格嘍。 只是可能前陣子大家都 All In了，討論度沒有那麼高，應該很多人都窮的只剩下日幣😂 網銀的價格更漂亮，今天看了一下有0.201X的，很接近0.19了。 若近期有打算前往日本玩，趁這波可,sweep_b2_hits.csv
2026-09-08_22-07-45,farm-eatmary,eatmary.net,eatmary2020,2025-09-19,https://www.threads.com/@eatmary2020/post/DOx1lsxEyxS,https://eatmary.net/1973,,,1.0,eatmary.net,['farm-eatmary'],1,✨台中朋友看過來✨ 星宇台中飛沖繩免萬元！ 附23kg行李一件+機上餐。 雖然還沒到ITF台北國際旅展，但機票就已經降價不少了。 今年飛沖繩的班機增多，價格競爭當然也十分激烈， 台中就只有星宇飛沖繩，若扣除往返來回桃園的成本，9千是滿可以出發的價格！ 低價票主要分布在11月~明年1月， 尤其是對不玩海上活動的客群，這季,sweep_b2_hits.csv
2026-09-08_22-07-45,farm-eatmary,eatmary.net,eatmary2020,2025-09-18,https://www.threads.com/@eatmary2020/post/DOvAnWRE7_1,https://eatmary.net/5724,,,1.0,eatmary.net,['farm-eatmary'],1,辦信用卡首刷贈行李箱🔥 ↓整理↓ eatmary.net/5724 聯名款會比較吸引人，但若你本身剛好也缺這一箱，是可以考慮看看要不要直接辦個卡，但整體上還是需要有首刷這筆成本才行！,sweep_b2_hits.csv
2026-09-08_22-07-45,farm-eatmary,eatmary.net,eatmary2020,2025-09-16,https://www.threads.com/@eatmary2020/post/DOqL3jiE_lt,https://eatmary.net/4123,,,83.0,eatmary.net,['farm-eatmary'],1,大家知道台灣虎航有從台中飛名古屋的航班嗎😁 之前的去程時間不好，原本去程抵達名古屋都晚上22:30了， 要拿行李+出關趕末班車抵達名古屋市區幾乎是不可能的任務，大部分都只能選擇在機場的東橫Inn睡一晚隔天再進市區。 但自冬季航班後(10/25~3月)，去程時間提早兩個小時 🛫台中16:45 -20:25名古屋 🛬名古屋,sweep_b2_hits.csv
2026-09-08_22-07-45,farm-eatmary,eatmary.net,eatmary2020,2025-09-15,https://www.threads.com/@eatmary2020/post/DOndoKOk_Lc,https://eatmary.net/5722,,,0.0,eatmary.net,['farm-eatmary'],1,東京行李箱回收 eatmary.net/5722,sweep_b2_hits.csv
2026-09-08_22-07-45,farm-eatmary,eatmary.net,eatmary2020,2025-09-12,https://www.threads.com/@eatmary2020/post/DOfMeiCkywX,https://eatmary.net/5715,,,0.0,eatmary.net,['farm-eatmary'],1,"日本大阪自今年9月開始收住宿稅了🥲 住宿稅是採每房/每晚的方式，例如雙人房一晚1萬日幣，那麼兩個人分起來就是5千日幣。 大阪住宿稅如下： 房價 |  住宿稅/人 4,999以下 | ¥0 5,000~14,999 | ¥200 15,000~19,999 | ¥400 20,000up | ¥500 住好一點的話，每個",sweep_b2_hits.csv
2026-09-08_22-07-45,farm-eatmary,eatmary.net,eatmary2020,2025-09-10,https://www.threads.com/@eatmary2020/post/DOaBN9oE_uX,https://eatmary.net/5035,,,0.0,eatmary.net,['farm-eatmary'],1,酷航好像比較少人討論阿~ 🔥酷航全線大促銷🔥 售票至9/14止。 最低來回含稅價(不含行李) 東京 NT5481 北海道 NT6490 首爾 NT4233 新加坡 NT5248 票價就自己動手找找了， 其中最熱門的航線是東京跟札幌(北海道)。 酷航的優勢： • 基本票含10kg手提行李。 • 機隊為波音787(3/3/,sweep_b2_hits.csv
2026-09-08_22-07-45,farm-eatmary,eatmary.net,eatmary2020,2025-09-05,https://www.threads.com/@eatmary2020/post/DONG-wnk7DM,https://eatmary.net/5715,,,0.0,eatmary.net,['farm-eatmary'],1,9~10月通常為旅遊淡季，故航空公司都會有一波夏季航班清倉特價。 但今年台灣10月放假多多，部分時間還是會稍貴。 說到飛日本的傳統航空，促銷時通常價格最香的都會是國泰👍 國泰航空直飛日本線只有三個點：大阪、東京、名古屋 促銷時間：2025/9/4 - 9/30 出發時間：2025/9/4 - 2026/3/26 *加入,sweep_b2_hits.csv
2026-09-08_22-07-45,farm-eatmary,eatmary.net,eatmary2020,2025-09-04,https://www.threads.com/@eatmary2020/post/DOKhb2cEw2S,https://eatmary.net/4221,,,0.0,eatmary.net,['farm-eatmary'],1,刷JCB卡，Adoga訂房網站最高享18%優惠喔！ 🌟日韓網站 JCB極緻卡：18%OFF 極緻卡以外(例如晶緻卡)：12%OFF 📍全球飯店 全部JCB卡：7%OFF 有時候信用卡的專屬頁面不一定會比較便宜， 建議大家可以選定飯店後，開Mastercard專頁、JCB專頁、自己的APP、無痕頁面，比較一番就能知道哪個,sweep_b2_hits.csv
2026-09-08_22-07-45,farm-eatmary,eatmary.net,eatmary2020,2025-09-01,https://www.threads.com/@eatmary2020/post/DOC7k3wkySN,https://eatmary.net/5684,,,0.0,eatmary.net,['farm-eatmary'],1,2026年台灣行事曆、連假時間 eatmary.net/5684,sweep_b2_hits.csv
2026-09-08_22-07-45,farm-eatmary,eatmary.net,eatmary2020,2025-08-28,https://www.threads.com/@eatmary2020/post/DN4evg1k7lr,https://eatmary.net/5682,,,2.0,eatmary.net,['farm-eatmary'],1,🔥樂桃航空台灣出發促銷🔥 促銷日期：8/28 12:00 ~ 8/31  23:59 適用日期：至2026/3/28止 航線：大阪、東京(成田)、東京(羽田)、名古屋、沖繩 最近阿桃的促銷頻率比之前高很多，價格也都頗甜， 只是可能航班時間沒那麼優，就看個人需求了~ 若不介意什麼早去晚回、傳統航空， 促銷時買起來真的是能,sweep_b2_hits.csv
2026-09-08_22-07-45,farm-eatmary,eatmary.net,eatmary2020,2025-08-26,https://www.threads.com/@eatmary2020/post/DNzanpJZiK8,https://eatmary.net/4123,,,2.0,eatmary.net,['farm-eatmary'],1,台中國際機場，目前已有航空公司/航線一覽。 星宇：澳門/神戶/高松/沖繩/富國島 虎航：澳門/名古屋/濟州島 華信：胡志明 越捷：胡志明/河內/峴港 越竹：峴港 泰獅：普吉 大韓：仁川 德威：仁川/大邱 澳航：澳門 港快：香港 東方：南京 航線最多的目前是星宇航空👍 老實說還的不知道有直飛普吉和南京的班機😅 台中載客率,sweep_b2_hits.csv
2026-09-08_22-07-45,farm-eatmary,eatmary.net,eatmary2020,2025-08-25,https://www.threads.com/@eatmary2020/post/DNxZYffZm4X,https://eatmary.net/4332,,,1.0,eatmary.net,['farm-eatmary'],1,台灣今年11月又有國際新航班嘍！ 🌟11/13開航🌟 Aero K(可依航空) / 韓國籍廉航 航線：花蓮-首爾仁川 航班：每週四、日飛 (可以安排個4天or5天行程) 花蓮 14:10-17:40 仁川 仁川 11:30-13:10 花蓮 基本上這航線是比較利於韓國人來花蓮玩的時間，當然的花蓮人(東部人)想趣韓國也不,sweep_b2_hits.csv
2026-09-08_22-07-45,farm-eatmary,eatmary.net,eatmary2020,2025-08-18,https://www.threads.com/@eatmary2020/post/DNfPM_tz4Hw,https://eatmary.net/5660,,,0.0,eatmary.net,['farm-eatmary'],1,🔗各家航空公司 飛機行動電源規定➡️ eatmary.net/5660 2 / 2,sweep_b2_hits.csv
2026-09-08_22-07-45,farm-eatmary,eatmary.net,eatmary2020,2025-08-14,https://www.threads.com/@eatmary2020/post/DNUbZLQz_T6,https://eatmary.net/4221,,,3.0,eatmary.net,['farm-eatmary'],1,【虎航低價地圖】 平時沒有促銷時，該如何找最便宜的航段與機票嗎？ 虎航其實一直都有推出低價地圖這個功能，只是用的人不多😅 🌟適合時間彈性，說走就走的人。 有時候還能找到隱藏的促銷價格，跟挖寶一樣！ (顯示票價為單人未稅票價。) 還有我也滿推薦多點進出的朋友使用低價地圖， 有時候單程的價格真的是很漂亮， 例如你可以岡山進,sweep_b2_hits.csv
2026-09-08_22-07-45,farm-eatmary,eatmary.net,eatmary2020,2025-08-13,https://www.threads.com/@eatmary2020/post/DNR2OH6z5j4,https://eatmary.net/5517,,,1.0,eatmary.net,['farm-eatmary'],1,虎航85折最後一天！ 賣到8/13 23:59止，現在都還有票喔👍 這次虎航促銷是要輸入優惠代碼「FLYNOW」 因為這種方式比較少所以很多人不知道該在哪裡輸入😅 如圖二，就是在這裡啦！ 輸入以後進入選機票頁面，就會有折扣前與折扣後的價差，看到這樣的顯示方式就代表你優惠代碼是輸入成功的喔。 旅遊期間：2025/8/12,sweep_b2_hits.csv
2026-09-08_22-07-45,farm-eatmary,eatmary.net,eatmary2020,2025-08-08,https://www.threads.com/@eatmary2020/post/DNFIUfqTNph,https://eatmary.net/4195,,,11.0,eatmary.net,['farm-eatmary'],1,樂桃航空促銷嘍！ 促銷票放滿多的，但主要集中在9月、11月以後，10月要挑日子。 賣到26年3月底冬季航班為止！ 目前最實惠的是飛沖繩，今年飛沖繩真的便宜😍 台北-大阪 TWD1980起 台北-東京(羽田) TWD2080起 台北-東京(成田) TWD2480起 台北-名古屋 TWD2280起 台北-沖繩 TWD168,sweep_b2_hits.csv
2026-09-08_22-07-45,farm-eatmary,eatmary.net,eatmary2020,2025-08-04,https://www.threads.com/@eatmary2020/post/DM6yV-7Tz3j,https://eatmary.net/4195,,,1.0,eatmary.net,['farm-eatmary'],1,"旅日刷JCB卡優惠+1 搭乘日本指定大眾交通運輸，刷JCB感應支付最高享50%回饋💖 活動期間：2025/7/1~2026/6/30 回饋內容：每卡回饋上限1,000日圓(分月份階段) 基本上幾乎所有交通工具都有優惠啦，日後搭地鐵就直接JCB刷起來👍 *懶人包* • 刷2千日圓就滿回饋上限(回饋1千日圓)。 • 每過個",sweep_b2_hits.csv
2026-09-08_22-07-45,farm-eatmary,eatmary.net,eatmary2020,2025-08-01,https://www.threads.com/@eatmary2020/post/DMzD72EzC99,https://eatmary.net/5681,,,0.0,eatmary.net,['farm-eatmary'],1,【BANPRESTO X 一番賞EXPO 2025】 展出時間：8/7~8/10 展出地點：台北華山文創園區西一館 *部分指定時段需持有整理券才可進入商品銷售區。 ↓重點整理↓ • JUMP經典IP的活動限定與搶先販售商品 • 小不點玩偶展區首次引入韓團aespa與RIIZE周邊 • Grandista系列高品質模型販,sweep_b2_hits.csv
2026-09-08_22-07-45,farm-eatmary,eatmary.net,eatmary2020,2025-07-24,https://www.threads.com/@eatmary2020/post/DMew5WgzES4,https://eatmary.net/5700,,,4.0,eatmary.net,['farm-eatmary'],1,！！樂桃航空 - 輕鬆出發FUN飛 SALE！！ 販售時間：7/24 12:00 ~ 7/27 23:59 出發時間：2025/07/29~2026/03/28 不得不說，這次促銷真的是有誠意！ 我今年買的最便宜機票，就是樂桃約在2月底時促銷的日本回程， 含一件行李(我自己又再加了一件)，含稅NT3800左右，真的是有,sweep_b2_hits.csv
2026-09-08_22-07-45,farm-eatmary,eatmary.net,eatmary2020,2025-07-18,https://www.threads.com/@eatmary2020/post/DMPV8mRzbUN,https://eatmary.net/5296,,,0.0,eatmary.net,['farm-eatmary'],1,桃園機場捷運自7/21(一)起， 增加中壢往機場增開早班與深夜加班車。 • 早班加班車 05:33 A22老街溪站→A21環北站→A18高鐵桃園站→至A14a機場旅館站後恢復站站停靠模式，終點站為A1台北車站。 • 深夜加班車 23:50 A22老街溪站→00:22 A13機場第二航廈站→00:23 A12機場第一航廈,sweep_b2_hits.csv
2026-09-08_22-07-45,farm-eatmary,eatmary.net,eatmary2020,2025-07-16,https://www.threads.com/@eatmary2020/post/DMJ3SojpgkK,https://eatmary.net/4332,,,170.0,eatmary.net,['farm-eatmary'],1,韓國廉價航空良心-【真航空】 一年兩次的大促銷要來嘍！！ 雖然是廉價航空，但基本票價均含15kg的免費托運行李，超級佛✨ (基本票為10kg手提、15kg託運) 另外只要刷JCB卡買真航空機票，於櫃台出示信用卡，回國還能額外再贈5kg，等於免費託運行李額度就有20kg，也太讚了😍 *贈行李活動至9/6。 *真航空行李以,sweep_b2_hits.csv
2026-09-08_22-07-45,farm-eatmary,eatmary.net,eatmary2020,2025-07-14,https://www.threads.com/@eatmary2020/post/DMFPRZUzP4p,https://eatmary.net/4195,,,1.0,eatmary.net,['farm-eatmary'],1,夏季好熱到日本要做什麼？ 當然是要看煙火大會跟祭典阿！！ 今年7~8月飛日本機票明顯降價ing 晚鳥也有便宜機票可以撿👍 以下整理一些近期比較知名的煙火大會/傳統祭典活動，心動不如馬上行動，衝一波。 🌟日本三大花火大會🌟 • 長岡祭典大花火大會(新潟) 8/2~8/3 • 大曲之花火(秋田) 8/30 • 土浦全國花火,sweep_b2_hits.csv
2026-09-08_22-07-45,farm-eatmary,eatmary.net,eatmary2020,2025-07-11,https://www.threads.com/@eatmary2020/post/DL9Uo0nT7YT,https://eatmary.net/5279,,,0.0,eatmary.net,['farm-eatmary'],1,暑假玩外島就是有些風險... 這幾天被迫「關島」滯留的朋友應該很有感😅 除了機票一定要用信用卡買以外， 也還可以加買產險公司的國內旅平險+不便險，少少金額、大大保障。 簡單整理幾項懶人資訊： • 去外島怕因天候因素滯留多天：泰安產物 • 當地租車自駕想保高：國泰產險、富邦產險 • 搭船去外島：明台產物 • 全家出遊：新,sweep_b2_hits.csv
2026-09-08_22-07-45,farm-eatmary,eatmary.net,eatmary2020,2025-07-10,https://www.threads.com/@eatmary2020/post/DL6ZCuATYjz,https://eatmary.net/5578,,,10.0,eatmary.net,['farm-eatmary'],1,高雄去日本新選擇，還是傳統航空喔！ 美國聯合航空  7/12正式啟航，7~8月都還有甜甜價， 從高雄出發能有9字開頭還含稅，真的是香噴噴阿❤️ 含機上餐、一件23kg託運行李、7kg手提行李 台南也可以搭巴士去小港機場→ eatmary.net/5578,sweep_b2_hits.csv
2026-09-08_22-07-45,farm-eatmary,eatmary.net,eatmary2020,2025-07-08,https://www.threads.com/@eatmary2020/post/DL14WXUTm3M,https://eatmary.net/1973,,,11.0,eatmary.net,['farm-eatmary'],1,台中虎航飛名古屋，這票價很可以耶！！ 但目前虎航只飛到10月底，之後還會不會飛就不知道了.... 來回含託運約要再往上加個2千元， 整體來說還是相當划算的！！ 難得台中飛日本有這麼讚的價格👍 便宜票價較集中在9月份， 7月、8月去程便宜，回程比較貴。 10月份遇台灣黃金周，價格降不下來😅 大家有時間可以搜尋看看，喜歡就,sweep_b2_hits.csv
2026-09-08_22-07-45,farm-eatmary,eatmary.net,eatmary2020,2025-07-01,https://www.threads.com/@eatmary2020/post/DLjDEYVzuh0,https://eatmary.net/4221,,,6.0,eatmary.net,['farm-eatmary'],1,南部朋友看過來！ 今年暑假出國機票可能是開航以來最便宜😍 🧡虎航日本回程促銷，兩日限定🧡 購票時間：2025/7/1 10:00 ~7/2  22:59 出發時間：2025/7/1 ~10/25 限定兩日，日本回高雄只要JPY8起(未稅) *只有單程 沖繩 JPY 8000 岡山 JPY 8500 東京 JPY 900,sweep_b2_hits.csv
2026-09-08_22-07-45,farm-eatmary,eatmary.net,eatmary2020,2025-06-26,https://www.threads.com/@eatmary2020/post/DLWUuTRTi2a,https://eatmary.net/5517,,,0.0,eatmary.net,['farm-eatmary'],1,台幣持強勢升值中， 加上最近飛日本機票有明顯降價的趨勢， 今年真的很適合玩日本耶😍 尤其是一家人同時出遊，相當有感。 今日當下查詢的匯率，整個好香，香噴噴！！ 但應該很多人在上個月匯率好時都換完了，但晚鳥也有超棒的匯率，還沒換的考慮下手了吧！ 台新Richart 0.2023 臺灣銀行 0.2036 玉山銀行 0.20,sweep_b2_hits.csv
2026-09-08_22-07-45,farm-eatmary,eatmary.net,eatmary2020,2025-06-25,https://www.threads.com/@eatmary2020/post/DLUDP8RzC4c,https://eatmary.net/5684,,,0.0,eatmary.net,['farm-eatmary'],1,2026年學生寒假， 將自1/24日起放到2/22日，共30天，剛好可以涵蓋到農曆過年。 若後面再自主請2/23~2/26，最多可以放到37天！ 想在寒假期間全家人一起出遊，已經可以開始規劃了。 🌟2026請假攻略表→ eatmary.net/5684,sweep_b2_hits.csv
2026-09-08_22-07-45,farm-eatmary,eatmary.net,eatmary2020,2025-06-16,https://www.threads.com/@eatmary2020/post/DK9MlQBT6uc,https://eatmary.net/5690,,,3.0,eatmary.net,['farm-eatmary'],1,大家有去日本7-11喝過現打果昔嗎？ 我真的喝過一次就非常喜歡啊😍 現在台灣也喝得到了🙌 萊爾富推出「果C果昔」，在超商就能喝到現打果昔(⁎⁍̴̛ᴗ⁍̴̛⁎) 📍果昔價錢：嘗鮮價59元、原價79元 📍果昔口味： 莓完莓了（鳳梨、香蕉、草莓） 蘋果藍莓（鳳梨、香蕉、蘋果、藍莓） 綠拿鐵（鳳梨、香蕉、青花菜、芭樂、蘋果	）,sweep_b2_hits.csv
2026-09-08_22-07-45,farm-eatmary,eatmary.net,eatmary2020,2025-06-13,https://www.threads.com/@eatmary2020/post/DK1JSgNTsWD,https://eatmary.net/5546,,,0.0,eatmary.net,['farm-eatmary'],1,🌟華信航空學生優惠🌟 台鐵將於2025/6/23漲價了，30年凍漲，但漲一次幅度也不小，尤其是長途線，一下子價格高很多啊。 學生優惠專案到2025/12/31止。 單程$1488，航點有： • 台北-台東 • 台中-花蓮  • 高雄-花蓮 說實在飛機真的比鐵路快多，出遊不妨考慮一下👍 ✈️國內航線相關豆知識→ eatm,sweep_b2_hits.csv
2026-09-08_22-07-45,farm-eatmary,eatmary.net,eatmary2020,2025-06-12,https://www.threads.com/@eatmary2020/post/DKySmm7TOp2,https://eatmary.net/4195,,,0.0,eatmary.net,['farm-eatmary'],1,2025日本各地祭典活動已經開跑了！ 到10月底前，日本各處都有機會能看到花火大會、夏季祭典喔👍 eatmary.net/4195 2 / 2,sweep_b2_hits.csv
2026-09-08_22-07-45,farm-eatmary,eatmary.net,eatmary2020,2025-06-11,https://www.threads.com/@eatmary2020/post/DKwY3Msz0Le,https://eatmary.net/4063,,,1.0,eatmary.net,['farm-eatmary'],1,捷星亞洲航空宣布，自7/31日停止營運！ 你知道的捷星可能不是你以為的捷星。 「捷星亞洲」是「捷星亞洲」；「捷星日本」是「捷星日本」，而「捷星亞洲」在台灣並沒有航點。 我們所熟悉的負責飛大阪、東京兩條線是由「捷星日本」飛的，因此目前不受到此波影響，台灣飛日本會照飛喔！ 買捷星要去日本的朋友們請不要太緊張啊😅 *捷星在澳,sweep_b2_hits.csv
2026-09-08_22-07-45,farm-eatmary,eatmary.net,eatmary2020,2025-06-11,https://www.threads.com/@eatmary2020/post/DKwEuW6zcxa,https://eatmary.net/4063,,,0.0,eatmary.net,['farm-eatmary'],1,今年是...，沖繩賣不好嗎😂 傳航、廉航，台灣-沖繩機票持續低價戰中！ 中華航空 桃園飛沖繩 7、8、9月都還有相當多來回含稅TWD7894的機票喔！ 雖然說班機時間整體來說沒那麼好， 但機票省下來的錢在當地多住宿一晚+多吃點美食，其實還滿不錯的。 只是這季節出去，不便險就要買好買滿啦！ 夏天最美的沖繩、同時也最怕颱風,sweep_b2_hits.csv
2026-09-08_22-07-45,farm-eatmary,eatmary.net,eatmary2020,2025-06-06,https://www.threads.com/@eatmary2020/post/DKi4jLKzXMz,https://eatmary.net/4195,,,5.0,eatmary.net,['farm-eatmary'],1,泰獅航空 6/6 一日促銷活動！！ 單程價： 桃園-名古屋 NT3031起 桃園-東京 NT3041起 桃園-曼谷 NT2011起 高雄-曼谷 NT2492起 高雄-沖繩 NT3496起 我們就不要看不含託運了， 抓一個桃園東京，來回含20kg行李，含稅7千8！ 價格是很可以的喔❤ 而且班機時間好，完美！ • 去程：桃,sweep_b2_hits.csv
2026-09-08_22-07-45,farm-eatmary,eatmary.net,eatmary2020,2025-06-05,https://www.threads.com/@eatmary2020/post/DKgTjAlzG-Q,https://eatmary.net/5160,,,0.0,eatmary.net,['farm-eatmary'],1,大家有搭過這家港籍的廉價航空公司嗎？ 香港快運航空(HK Express) 現在香港來回正促銷中，北、中、高、花都有放票， 單程最低未稅TWD280 賣到10月台灣黃金週都還有票喔😂 飛香港含稅只要3千出頭高鐵價，要不要來場說走就走的輕旅行呢😊 很多人對於香港快運的行李規定是比較詬病的， 但人家規定就是規定，既然要搭乘,sweep_b2_hits.csv
2026-09-08_22-07-45,farm-eatmary,eatmary.net,eatmary2020,2025-06-04,https://www.threads.com/@eatmary2020/post/DKdutflT71n,https://eatmary.net/1973,,,50.0,eatmary.net,['farm-eatmary'],1,好吧，因為實在是太划算了👍 樂桃航空也放大絕啦！！ 促銷日本出發的夏季航班，單程價格殺到最低🔪 以大家最注目的成田飛桃園 促銷航班時間主要為成田22:10-01:00桃園這班 • 不含託運台幣1890含稅 • 含一件20kg託運台幣2790含稅 6-10月都有放票🔥🔥🔥 可以買樂桃回程，去程再湊別家航空，怎麼買都便宜阿,sweep_b2_hits.csv
2026-09-08_22-07-45,farm-eatmary,eatmary.net,eatmary2020,2025-06-03,https://www.threads.com/@eatmary2020/post/DKbL899zjAi,https://eatmary.net/4221,,,35.0,eatmary.net,['farm-eatmary'],1,廉航界促銷良心的「捷星航空」，終於釋出一波大的惹😍 🔥購票時間：6/3~6/10 東京成田單程1788 大阪關西單程1788 隨便抓個時間，票Hen多！！！ 以7kg價格來說應該是相當香的了，就算含20kg行李整體也不俗。 且捷星航空是算重量不算件，多託運幾箱也沒問題喔。 不多說了，心動就快去搶票~ 💪最新日本入境規定,sweep_b2_hits.csv
2026-09-08_22-07-45,farm-eatmary,eatmary.net,eatmary2020,2025-05-26,https://www.threads.com/@eatmary2020/post/DKG3EhhzfwW,https://eatmary.net/5527,,,1.0,eatmary.net,['farm-eatmary'],1,6月要到了，台灣梅雨季到了、日本梅雨季也到啦😂 這也是為啥普遍飛日本機票6月份會比較容易有低價票的原因。 但，日本可是四季都好玩的！ 6月是紫陽花(繡球花)綻放的季節，先不要想遇到下雨該怎麼辦，不妨想想哪裡的繡球花好看，雨下越多，它越美喔❤️ 2025日本繡球花景點→ eatmary.net/5527 尤其是有雨男雨女,sweep_b2_hits.csv
2026-09-08_22-07-45,farm-eatmary,eatmary.net,eatmary2020,2025-05-21,https://www.threads.com/@eatmary2020/post/DJ5nYA4zSq8,https://eatmary.net/5683,,,2.0,eatmary.net,['farm-eatmary'],1,華航TEE線上旅展促銷中！ 桃園飛沖繩機票竟然殺到7.9k了，真的是近幾年難得一見的價格阿😂 各航空公司促銷整理→ eatmary.net/5683 搭上此次台北國際觀光博覽會TTE(5/23~5/26)，航空公司機機票促銷大多賣到5月底，票不會一次放出來，很多航空公司都是慢慢放~ 像華航這票價也是今天(還是昨天)才放,sweep_b2_hits.csv
2026-09-08_22-07-45,farm-eatmary,eatmary.net,eatmary2020,2025-05-16,https://www.threads.com/@eatmary2020/post/DJtKKAVz5ZN,https://eatmary.net/5683,,,1.0,eatmary.net,['farm-eatmary'],1,長榮航空這波殺到六親不認啦！！ 桃園-沖繩，含稅一個人只要8千4！！！ 比旅展表定價還更便宜😍 且有放暑假的票，票還不少喔。 日幣匯率正低，衝一趟，香不香？ 當然香！！！ 2025TTE航空公司線上旅展整理▶ eatmary.net/5683,sweep_b2_hits.csv
2026-09-08_22-07-45,farm-eatmary,eatmary.net,eatmary2020,2025-05-15,https://www.threads.com/@eatmary2020/post/DJq4sWrT4k3,https://eatmary.net/5537,,,0.0,eatmary.net,['farm-eatmary'],1,整理一下，台灣vs日本vs韓國的假日。 台灣就算加上最新的5天，國定假日還是倒數的😂 若純以國定假日+最高特休來說 台灣12+30=32天 日本16+20=36天 韓國15+25=40天 還是倒數🤣 2025進入下半場嘍！！ 台灣行事曆→ eatmary.net/5537 日本行事曆→ eatmary.net/5535,sweep_b2_hits.csv
2026-09-08_22-07-45,farm-eatmary,eatmary.net,eatmary2020,2025-05-13,https://www.threads.com/@eatmary2020/post/DJk4aWMT2G7,https://eatmary.net/5511,,,1.0,eatmary.net,['farm-eatmary'],1,hit fm 頒獎典禮 門票索取最新資訊➡️ eatmary.net/5511 2 / 2,sweep_b2_hits.csv
2026-09-08_22-07-45,farm-eatmary,eatmary.net,eatmary2020,2025-05-12,https://www.threads.com/@eatmary2020/post/DJi02RET3B4,https://eatmary.net/5682,,,3.0,eatmary.net,['farm-eatmary'],1,2026日本行事曆也出爐嘍！ 日本放的假期沒有台灣複雜，通常都很固定😂 eatmary.net/5682,sweep_b2_hits.csv
2026-09-08_22-07-45,farm-eatmary,eatmary.net,eatmary2020,2025-05-09,https://www.threads.com/@eatmary2020/post/DJbJTltzmaD,https://eatmary.net/5683,,,0.0,eatmary.net,['farm-eatmary'],1,✈️2025航空公司夏季線上旅展✈️ 最低機票價格整理→ eatmary.net/5683 大部分都開賣到5月底，出發時間至12月底。 今年後半年可是又多了三天假期👍 ↓整理後半年的連續假期有↓ 端午節連假3天：5/30(五)~6/1(日) 教師節連假3天：9/27(六)~9/29(一) 中秋節連假3天：10/4(六),sweep_b2_hits.csv
2026-09-08_22-07-45,farm-eatmary,eatmary.net,eatmary2020,2025-05-07,https://www.threads.com/@eatmary2020/post/DJV-b8BTnsq,https://eatmary.net/4275,,,0.0,eatmary.net,['farm-eatmary'],1,🌟星宇航空新航線🌟 桃園-下地島 🛫去程 08:35-10:55 🛬回程 11:55-12:05 --------------------------- 2025航班時間為8/22~10/25，每週二、五個來回一班， 機型使用A321neo執飛。 ↓下地島機場介紹↓ eatmary.net/4275 下地島機場為沖繩宮,sweep_b2_hits.csv
2026-09-08_22-07-45,farm-eatmary,eatmary.net,eatmary2020,2025-05-05,https://www.threads.com/@eatmary2020/post/DJQWPYiTMtu,https://eatmary.net/5674,,,9.0,eatmary.net,['farm-eatmary'],1,長這麼大，還第一次見到幾乎所有銀行APP都當機的情況😂 是不是每個人都要換日幣！！ 日本扭蛋地圖→ eatmary.net/5674 日本eSIM推薦→ eatmary.net/5654 日本痘痘藥推薦→ eatmary.net/3663,sweep_b2_hits.csv
2026-09-08_22-07-45,farm-eatmary,eatmary.net,eatmary2020,2025-05-02,https://www.threads.com/@eatmary2020/post/DJIu5VVzZmC,https://eatmary.net/4121,,,4.0,eatmary.net,['farm-eatmary'],1,日幣又回到0.21啦！！ 還記得上週還落在0.22～0.23左右，以為會一路向上的，結果突然就回來了😂 現金在日本還是相當好用的，有需要的朋友們可以換一波。 我覺得0.22就很甜了，0.21是超級香甜❤️ 教你手寫日本入境卡、申告書→ eatmary.net/4121 Visit Japan Web線上入境卡寫法→ e,sweep_b2_hits.csv
2026-09-08_22-07-45,farm-eatmary,eatmary.net,eatmary2020,2025-04-29,https://www.threads.com/@eatmary2020/post/DJBVb-Czy-5,https://eatmary.net/4439,,,1.0,eatmary.net,['farm-eatmary'],1,✨澎湖海上花火節✨ 澎湖國際海上花火節x史努比75週年 正式開幕場將於5/5(一)開幕嘍！！ 🎤開幕特別來賓：FEniX、LCY呂植宇 更多資訊→ eatmary.net/4439 ==花火節場次== • 5/5~6/26 每周一、四 • 7/1~7/29 每周二 • 外島七美5/24(六)、吉貝6/14(六)、望安6,sweep_b2_hits.csv
2026-09-08_22-07-45,farm-eatmary,eatmary.net,eatmary2020,2025-04-22,https://www.threads.com/@eatmary2020/post/DIvhuCmTar6,https://eatmary.net/5674,,,15.0,eatmary.net,['farm-eatmary'],1,⭐️日本扭蛋地圖網址、使用教學➡️ eatmary.net/5674 2 / 2,sweep_b2_hits.csv
2026-09-08_22-07-45,farm-eatmary,eatmary.net,eatmary2020,2025-04-16,https://www.threads.com/@eatmary2020/post/DIfhrkhzDej,https://eatmary.net/4193,,,8.0,eatmary.net,['farm-eatmary'],1,📣2025臺灣台東國際熱氣球嘉年華 今年可是跟超可愛的【哆啦A夢】聯名合作喔！ ✨詳細資訊→ eatmary.net/4193 但並不是每個場次都可以看到哆啦A夢無人機表演，各種場次日期可要看清楚了捏。 • 7/05 (六) 05：30 鹿野鄉 鹿野高台(開幕萬球齊飛)  • 7/06 (日) 19：00 鹿野鄉 鹿野,sweep_b2_hits.csv
2026-09-08_22-07-45,farm-eatmary,eatmary.net,eatmary2020,2025-04-11,https://www.threads.com/@eatmary2020/post/DISi5YYTF72,https://eatmary.net/5672,,,2.0,eatmary.net,['farm-eatmary'],1,📍泰國電子入境卡 填寫教學➡️ eatmary.net/5672 2 / 2,sweep_b2_hits.csv
2026-09-08_22-07-45,farm-eatmary,eatmary.net,eatmary2020,2025-04-10,https://www.threads.com/@eatmary2020/post/DIQE2vuTgWS,https://eatmary.net/5653,,,29.0,eatmary.net,['farm-eatmary'],1,🌟2026 WBC完整分組表🌟 比賽時間：2025/3/5~3/18 WBC官方公布了最新的分組名單，雖然說早就知道台灣會分到C組了😅 畢竟票房才是最重要的咩！ 之前脆上已經有不少球迷已買好機票和飯店了，但最重要的比賽門票購買方式尚無資訊，但大家可以參考一下上一屆同樣在日本東京巨蛋打的WBC資訊。 ↓座位視野/價格預估,sweep_b2_hits.csv
2026-09-08_22-07-45,farm-eatmary,eatmary.net,eatmary2020,2025-04-09,https://www.threads.com/@eatmary2020/post/DINa-T9TXzu,https://eatmary.net/1973,,,0.0,eatmary.net,['farm-eatmary'],1,帶滿滿戰利品回台灣也要注意！ 有些東西是不能入境台灣的喔！！ eatmary.net/1973 2 / 2,sweep_b2_hits.csv
2026-09-08_22-07-45,farm-eatmary,eatmary.net,eatmary2020,2025-04-09,https://www.threads.com/@eatmary2020/post/DINaS5HzxVV,https://eatmary.net/5553,,,0.0,eatmary.net,['farm-eatmary'],1,2025 韓國行事曆➡️ eatmary.net/5553 2 / 2,sweep_b2_hits.csv
2026-09-08_22-07-45,farm-eatmary,eatmary.net,eatmary2020,2025-04-02,https://www.threads.com/@eatmary2020/post/DH8CJTkTMcK,https://eatmary.net/4137,,,0.0,eatmary.net,['farm-eatmary'],1,現在日本很多地區都已經宣布花開嘍！ 但那都是大地區的吉野櫻大致花況， 花開後個人最推薦用這個線上追櫻工具「桜ナビ」(櫻花導航)。 點入地區後，就可以看到賞花名所現在的花開狀況喔！！ 清清楚楚又便利，賞櫻追地點比追地區重要， 往花開7成以上的地方去就對了👍 好用的追櫻工具，就都放這啦！ eatmary.net/4137 ,sweep_b2_hits.csv
2026-09-08_22-07-45,farm-eatmary,eatmary.net,eatmary2020,2025-03-28,https://www.threads.com/@eatmary2020/post/DHuiOukzJsM,https://eatmary.net/5300,,,2.0,eatmary.net,['farm-eatmary'],1,今年有打算安排旅程去日本看富士山嗎？ 富士山的山頂積雪，每年約7-9月時會退白頭(無雪)，直至10月才會再有初冠(白頭)。 從東京到富士山河口湖自由行的交通方式，都幫大家整理好啦！ 🌟河口湖交通一覽→ eatmary.net/5300 從羽田機場、成田機場也有直達巴士！ 但若時間配合不上，就先進東京市區後，再轉搭JR前,sweep_b2_hits.csv
2026-09-08_22-07-45,farm-eatmary,eatmary.net,eatmary2020,2025-03-25,https://www.threads.com/@eatmary2020/post/DHndLk6TCnm,https://eatmary.net/5553,,,0.0,eatmary.net,['farm-eatmary'],1,📍2025韓國行事曆➡️ eatmary.net/5553 2 / 2,sweep_b2_hits.csv
2026-09-08_22-07-45,farm-eatmary,eatmary.net,eatmary2020,2025-03-24,https://www.threads.com/@eatmary2020/post/DHkklMtTR1w,https://eatmary.net/4371,,,31.0,eatmary.net,['farm-eatmary'],1,日本東京終於在今日(3/24)稍早宣布花開嘍！！ 標本木是位在千代田地區的靖國神社，昨天讓媒體等一天沒開花的標本木今天終於開啦。 再來幾天的日本天氣相當炎熱(跟台灣一樣)，所以櫻花開的速度可以說是用趕火車的進度在開的。 往年可能要5-7天才會滿開，今年可能只要4-5天，也就是說大約3/28、3/29就可達到滿開。 只要,sweep_b2_hits.csv
2026-09-08_22-07-45,farm-eatmary,eatmary.net,eatmary2020,2025-03-21,https://www.threads.com/@eatmary2020/post/DHclXnhzT8I,https://eatmary.net/5263,,,32.0,eatmary.net,['farm-eatmary'],1,暨上一篇成田機場後，本篇來整理【羽田機場】！ 羽田機場就像台灣的松山機場，主要以日本國內航班為主， 但也是有部分國際航班會飛羽田。 且羽田機場離東京市區比較近，到東京只要30分鐘！ 交通選擇上會比成田機場再單純一些。 ↓羽田機場往返東京市區交通一覽↓ eatmary.net/5263 上野(約40分鐘)：單軌電車 東京,sweep_b2_hits.csv
2026-09-08_22-07-45,farm-eatmary,eatmary.net,eatmary2020,2025-03-20,https://www.threads.com/@eatmary2020/post/DHaFXjaTP_n,https://eatmary.net/5258,,,149.0,eatmary.net,['farm-eatmary'],1,東京成田機場⮂東京市區 🌟交通大全🌟 最簡單的就是以住宿地區去選擇交通。 不論第一次還是第N次到東京，還是選擇有直達車的區域住宿是最方便的！ • 上野：Skyliner、京成Access特快 • 東京：成田特快N'EX、JR總武快速線、TYO-NRT • 新宿：成田特快N'EX、利木津巴士 • 品川：成田特快N'EX、,sweep_b2_hits.csv
2026-09-08_22-07-45,farm-eatmary,eatmary.net,eatmary2020,2025-03-19,https://www.threads.com/@eatmary2020/post/DHXZFXsTUvw,https://eatmary.net/5665,,,4.0,eatmary.net,['farm-eatmary'],1,韓國免費行動電源 兌換教學➡️ eatmary.net/5665 2 / 2,sweep_b2_hits.csv
2026-09-08_22-07-45,farm-eatmary,eatmary.net,eatmary2020,2025-03-17,https://www.threads.com/@eatmary2020/post/DHSM8Dizafb,https://eatmary.net/4252,,,0.0,eatmary.net,['farm-eatmary'],1,從台灣前往澎湖，有這些交通方式喔！ eatmary.net/4252 2 / 2,sweep_b2_hits.csv
2026-09-08_22-07-45,farm-eatmary,eatmary.net,eatmary2020,2025-03-14,https://www.threads.com/@eatmary2020/post/DHKf3vAz6Gf,https://eatmary.net/5347,,,0.0,eatmary.net,['farm-eatmary'],1,歐洲制縣等級這裡玩 eatmary.net/5347,sweep_b2_hits.csv
2026-09-08_22-07-45,farm-eatmary,eatmary.net,eatmary2020,2025-03-13,https://www.threads.com/@eatmary2020/post/DHH32RKTteU,https://eatmary.net/4152,,,2.0,eatmary.net,['farm-eatmary'],1,詳細資訊請看這裡，其實也可以提早預約個祇園白川的餐廳，看外面人擠人，在店內悠閒吃飯就會覺得有點爽爽的😂 只是祇園白川這裡的餐廳價位，都不便宜就是了！ eatmary.net/4152 2 / 2,sweep_b2_hits.csv
2026-09-08_22-07-45,farm-eatmary,eatmary.net,eatmary2020,2025-03-11,https://www.threads.com/@eatmary2020/post/DHDiu24zmP-,https://eatmary.net/5658,,,4.0,eatmary.net,['farm-eatmary'],1,詳細說明➡️ eatmary.net/5658 2 / 2,sweep_b2_hits.csv
2026-09-08_22-07-45,farm-eatmary,eatmary.net,eatmary2020,2025-03-10,https://www.threads.com/@eatmary2020/post/DHAjU8mzrzg,https://eatmary.net/4371,,,224.0,eatmary.net,['farm-eatmary'],1,日本最熱門的賞櫻點之一「東京」，預計將在3/21左右花開，3/28左右滿開！ 現在也3月近中旬了，目前大致上關東地區花季時間變化不大。 以下幫大家整理東京地區熱門的櫻花祭時間： 📍2025目黑川櫻花季：3/19~3/30 🌸夜間點燈至20點 📍2025千代田櫻花祭：3/12~4/23 🌸夜間點燈18:00-21:00 ,sweep_b2_hits.csv
2026-09-08_22-07-45,farm-eatmary,eatmary.net,eatmary2020,2025-03-06,https://www.threads.com/@eatmary2020/post/DG2ZlwFzQa0,https://eatmary.net/5661,,,0.0,eatmary.net,['farm-eatmary'],1,📍嘉義布袋風箏嘉年華 詳細資訊➡️ eatmary.net/5661 2 / 2,sweep_b2_hits.csv
2026-09-08_22-07-45,farm-eatmary,eatmary.net,eatmary2020,2025-03-04,https://www.threads.com/@eatmary2020/post/DGxUwLvzoaq,https://eatmary.net/4595,,,0.0,eatmary.net,['farm-eatmary'],1,📍福壽山櫻花資訊➡️ eatmary.net/4595 2 / 2,sweep_b2_hits.csv
2026-09-08_22-07-45,farm-eatmary,eatmary.net,eatmary2020,2025-03-03,https://www.threads.com/@eatmary2020/post/DGuvii_zJHl,https://eatmary.net/4376,,,1.0,eatmary.net,['farm-eatmary'],1,📍台中大雅小麥田 詳細資訊➡️ eatmary.net/4376 2 / 2,sweep_b2_hits.csv
2026-09-08_22-07-45,farm-eatmary,eatmary.net,eatmary2020,2025-02-27,https://www.threads.com/@eatmary2020/post/DGj07WUTLBO,https://eatmary.net/5652,,,0.0,eatmary.net,['farm-eatmary'],1,📍超級瑪莉歐 一番賞 詳細資訊 eatmary.net/5652 2 / 2,sweep_b2_hits.csv
2026-09-08_22-07-45,farm-eatmary,eatmary.net,eatmary2020,2025-02-25,https://www.threads.com/@eatmary2020/post/DGeuhsVz9v7,https://eatmary.net/5503,,,0.0,eatmary.net,['farm-eatmary'],1,📍韓國賞櫻景點推薦➡️ eatmary.net/5503 2 / 2,sweep_b2_hits.csv
2026-09-08_22-07-45,farm-eatmary,eatmary.net,eatmary2020,2025-02-21,https://www.threads.com/@eatmary2020/post/DGUzbGRTggh,https://eatmary.net/5643,,,0.0,eatmary.net,['farm-eatmary'],1,⚾️2025棒球經典賽資格賽 直播連結➡️ eatmary.net/5643 2 / 2,sweep_b2_hits.csv
2026-09-08_22-07-45,farm-eatmary,eatmary.net,eatmary2020,2025-02-21,https://www.threads.com/@eatmary2020/post/DGUYr-6zN0h,https://eatmary.net/4873,,,19.0,eatmary.net,['farm-eatmary'],1,🚉台鐵點數 操作教學➡️ eatmary.net/4873 2 / 2,sweep_b2_hits.csv
2026-09-08_22-07-45,farm-eatmary,eatmary.net,eatmary2020,2025-02-20,https://www.threads.com/@eatmary2020/post/DGRtol-zLXo,https://eatmary.net/5650,,,3.0,eatmary.net,['farm-eatmary'],1,🇰🇷韓國電子入境 詳細資訊➡️ eatmary.net/5650 2 / 2,sweep_b2_hits.csv
2026-09-08_22-07-45,farm-eatmary,eatmary.net,eatmary2020,2025-02-19,https://www.threads.com/@eatmary2020/post/DGPsdG5zeZj,https://eatmary.net/5176,,,0.0,eatmary.net,['farm-eatmary'],1,📍全台棒球經典賽戶外派對地點（持續新增）➡️ eatmary.net/5176 2 / 2,sweep_b2_hits.csv
2026-09-08_22-07-45,farm-eatmary,eatmary.net,eatmary2020,2025-02-18,https://www.threads.com/@eatmary2020/post/DGMtzHPTqdf,https://eatmary.net/5408,,,0.0,eatmary.net,['farm-eatmary'],1,🍓IKEA草莓霜淇淋 販賣資訊➡️ eatmary.net/5408 2 / 2,sweep_b2_hits.csv
2026-09-08_22-07-45,farm-eatmary,eatmary.net,eatmary2020,2025-02-14,https://www.threads.com/@eatmary2020/post/DGCflXBTE6g,https://eatmary.net/4137,,,7.0,eatmary.net,['farm-eatmary'],1,日本各大氣象單位公布了櫻花前線最新一期的預報！ 以最熱門的京都與東京來說，比去年早開了約一個禮拜。 平均來說是正常的開花時間，若沒意外清明假期去是有花能賞的，然後會擠爆😂 值得注意的是東北地區(仙台/青森/秋田)整體開花時間預計比去年早了快兩個禮拜，以買好機票想去東北地區追櫻的旅客會比較忐忑一些。 但天氣總是難料，現在,sweep_b2_hits.csv
2026-09-08_22-07-45,farm-eatmary,eatmary.net,eatmary2020,2025-02-12,https://www.threads.com/@eatmary2020/post/DF9v5JTz9DX,https://eatmary.net/5642,,,5.0,eatmary.net,['farm-eatmary'],1,💖2025台灣燈會in桃園💖 不只主展區，桃園13行政區也有「響應燈區」，讓你不用跑遠也有地區性小燈會能賞喔！ ↓另外主展區資訊可以看這裡↓ eatmary.net/5642 燈會展出到2/23(日) 📍桃園燈區：桃園藝文特區綠園道 📍中壢燈區：中壢火車站至機場捷運老街溪A22站 📍平鎮燈區：1895乙未保台紀念公園 ,sweep_b2_hits.csv
2026-09-08_22-07-45,farm-eatmary,eatmary.net,eatmary2020,2025-02-10,https://www.threads.com/@eatmary2020/post/DF41crszY09,https://eatmary.net/4130,,,11.0,eatmary.net,['farm-eatmary'],1,2025台中燈會 說實在不差捏！！！ 女媧晚上的主光秀不醜美，直接女神下凡阿！！ 我這位置是比較遠的水上燈區，可以看得出來整個主燈秀的磅礡，推薦大家有時間去走走，一睹女媧的風采吧。 目前蛇年最好看主燈秀！ ↓交通、九大展區資訊↓ eatmary.net/4130 若你是台中本地人，還是推薦騎機車機動性最高最方便。,sweep_b2_hits.csv
2026-09-08_22-07-45,farm-eatmary,eatmary.net,eatmary2020,2025-02-11,https://www.threads.com/@eatmary2020/post/DF7JcvDzwjU,https://eatmary.net/5494,,,1.0,eatmary.net,['farm-eatmary'],1,📍2025竹北光節 最新資訊➡️ eatmary.net/5494 2 / 2,sweep_b2_hits.csv
2026-09-08_22-07-45,farm-eatmary,eatmary.net,eatmary2020,2025-02-07,https://www.threads.com/@eatmary2020/post/DFwXENizOHs,https://eatmary.net/4130,,,3.0,eatmary.net,['farm-eatmary'],1,娘子，快跟牛魔王出來看女媧！！ 評價最兩極的台中燈會，終於要在2/8(六)正式開幕嘍。 等你走一趟後來評價😂 🌟展區介紹→ eatmary.net/4130 另外官方有推薦搭乘捷運後再步行的方式。 ❌千萬不要❌ 天氣那麼冷，感情再濃密的男女朋友都會走到分手🥲 徒步會比你想像中來的遠很多喔！！ 台中人就騎車or開車，每晚,sweep_b2_hits.csv
2026-09-08_22-07-45,farm-eatmary,eatmary.net,eatmary2020,2025-02-07,https://www.threads.com/@eatmary2020/post/DFwW7zozk6g,https://eatmary.net/5496,,,0.0,eatmary.net,['farm-eatmary'],1,📍唐老鴨小提燈如何領取： eatmary.net/5496 2 / 2,sweep_b2_hits.csv
2026-09-08_22-07-45,farm-eatmary,eatmary.net,eatmary2020,2025-02-06,https://www.threads.com/@eatmary2020/post/DFucuE3T42p,https://eatmary.net/5152,,,0.0,eatmary.net,['farm-eatmary'],1,📍2025清境農場 奔羊節 最新資訊➡️ eatmary.net/5152 2 / 2,sweep_b2_hits.csv
2026-09-08_22-07-45,farm-eatmary,eatmary.net,eatmary2020,2025-02-05,https://www.threads.com/@eatmary2020/post/DFrmeG1zyBd,https://eatmary.net/4123,,,8.0,eatmary.net,['farm-eatmary'],1,其他公車路線可以看這裡，可能也只有豐原稍微方便一點而已。 eatmary.net/4123,sweep_b2_hits.csv
2026-09-08_22-07-45,farm-eatmary,eatmary.net,eatmary2020,2025-02-04,https://www.threads.com/@eatmary2020/post/DFpHQNCT-jq,https://eatmary.net/5151,,,4.0,eatmary.net,['farm-eatmary'],1,什麼時候… 鹹蛋超人改名叫超人力霸王了🥹？ 等等…我是不是有不經意透露年齡🤣 我都還記得小時候要輪流看喜歡的卡通，男生永遠都想看鹹蛋超人…然後我覺得很無聊🤣 - 7-11元宵卡通小提燈2/5開賣喔‼️ 只要49元✨ 📍總共有10款卡通IP合作： Hello Kitty、咖波、酷洛米、奇奇蒂蒂、史努比、蠟筆小新、米奇、哆,sweep_b2_hits.csv
2026-09-08_22-07-45,farm-eatmary,eatmary.net,eatmary2020,2025-02-03,https://www.threads.com/@eatmary2020/post/DFmxq9bPCx5,https://eatmary.net/5640,,,0.0,eatmary.net,['farm-eatmary'],1,2025 Kaohsiung Wonderland 冬日遊樂園 活動時間：1/25~2/16 全台最可愛燈會，就在高雄！ eatmary.net/5640 2 / 2,sweep_b2_hits.csv
2026-09-08_22-07-45,farm-eatmary,kikinote.net,kikinote123,2026-09-08,https://www.threads.com/@kikinote123/post/DdAz8jBkkPq,https://kikinote.net/16393,,,0.0,kikinote.net,['farm-eatmary'],1,ChatGPT 潦草風指令 kikinote.net/16393… 2 / 2,sweep_b2_hits.csv
2026-09-08_22-07-45,farm-eatmary,kikinote.net,kikinote123,2026-09-04,https://www.threads.com/@kikinote123/post/Dc2R7WmErzh,https://kikinote.net/16394,,,0.0,kikinote.net,['farm-eatmary'],1,下載主題看這邊 kikinote.net/16394… 2 / 2,sweep_b2_hits.csv
2026-09-08_22-07-45,farm-eatmary,kikinote.net,kikinote123,2026-08-26,https://www.threads.com/@kikinote123/post/DcfKy1BErpI,https://kikinote.net/16393,,,0.0,kikinote.net,['farm-eatmary'],1,LINE Labs 內的功能 kikinote.net/16393… 2 / 2,sweep_b2_hits.csv
2026-09-08_22-07-45,farm-eatmary,kikinote.net,kikinote123,2026-08-13,https://www.threads.com/@kikinote123/post/Db9peAzkjd7,https://kikinote.net/15776,,,0.0,kikinote.net,['farm-eatmary'],1,詳細說明 kikinote.net/15776… 2 / 2,sweep_b2_hits.csv
2026-09-08_22-07-45,farm-eatmary,kikinote.net,kikinote123,2026-07-27,https://www.threads.com/@kikinote123/post/DbSE3a0kQlQ,https://kikinote.net/15941,,,0.0,kikinote.net,['farm-eatmary'],1,中獎發票哪邊換？ kikinote.net/15941… 2 / 2,sweep_b2_hits.csv
2026-09-08_22-07-45,farm-eatmary,kikinote.net,kikinote123,2026-07-21,https://www.threads.com/@kikinote123/post/DbCl-fNkVR_,https://kikinote.net/16149,,,0.0,kikinote.net,['farm-eatmary'],1,德誼數位限時活動 kikinote.net/16149… 2 / 2,sweep_b2_hits.csv
2026-09-08_22-07-45,farm-eatmary,kikinote.net,kikinote123,2026-07-16,https://www.threads.com/@kikinote123/post/Da2BnZDEWIv,https://kikinote.net/16153,,,0.0,kikinote.net,['farm-eatmary'],1,Apple Back to School 優惠 kikinote.net/16153…  2 / 2,sweep_b2_hits.csv
2026-09-08_22-07-45,farm-eatmary,kikinote.net,kikinote123,2026-07-15,https://www.threads.com/@kikinote123/post/DazFu4cEU3b,https://kikinote.net/16329,,,0.0,kikinote.net,['farm-eatmary'],1,特休算法 曆年制 VS 週年制 kikinote.net/16329… 2 / 2,sweep_b2_hits.csv
2026-09-08_22-07-45,farm-eatmary,kikinote.net,kikinote123,2026-07-10,https://www.threads.com/@kikinote123/post/DamHIPtkuH0,https://kikinote.net/16391,,,0.0,kikinote.net,['farm-eatmary'],1,手機災害漫遊設定 kikinote.net/16391… 2 / 2,sweep_b2_hits.csv
2026-09-08_22-07-45,farm-eatmary,kikinote.net,kikinote123,2026-07-07,https://www.threads.com/@kikinote123/post/DaegVTqkaZW,https://kikinote.net/160556,,,0.0,kikinote.net,['farm-eatmary'],1,詳細教學 kikinote.net/16055… 2 / 2,sweep_b2_hits.csv
2026-09-08_22-07-45,farm-eatmary,kikinote.net,kikinote123,2026-07-06,https://www.threads.com/@kikinote123/post/DacLelkkSbQ,https://kikinote.net/163163,,,0.0,kikinote.net,['farm-eatmary'],1,留言「關鍵字」就有派對帽~ kikinote.net/16316…,sweep_b2_hits.csv
2026-09-08_22-07-45,farm-eatmary,kikinote.net,kikinote123,2026-06-26,https://www.threads.com/@kikinote123/post/DaCHk9uErl8,https://kikinote.net/14092,,,0.0,kikinote.net,['farm-eatmary'],1,遊樂園暑假優惠 kikinote.net/14092… 2 / 2,sweep_b2_hits.csv
2026-09-08_22-07-45,farm-eatmary,kikinote.net,kikinote123,2026-06-24,https://www.threads.com/@kikinote123/post/DZ9ap2oEePa,https://kikinote.net/163905,,,0.0,kikinote.net,['farm-eatmary'],1,LINE 聊天室 15週年彩蛋 → kikinote.net/16390… 2 / 2,sweep_b2_hits.csv
2026-09-08_22-07-45,farm-eatmary,kikinote.net,kikinote123,2026-06-22,https://www.threads.com/@kikinote123/post/DZ33NZgEc6X,https://kikinote.net/16390,,,0.0,kikinote.net,['farm-eatmary'],1,IG 個人主頁音樂顏色 kikinote.net/16390… 2 / 2,sweep_b2_hits.csv
2026-09-08_22-07-45,farm-eatmary,kikinote.net,kikinote123,2026-06-17,https://www.threads.com/@kikinote123/post/DZrDYLqkXfi,https://kikinote.net/13988,,,0.0,kikinote.net,['farm-eatmary'],1,免收費時段 → kikinote.net/13988… 2 / 2,sweep_b2_hits.csv
2026-09-08_22-07-45,farm-eatmary,kikinote.net,kikinote123,2026-06-16,https://www.threads.com/@kikinote123/post/DZoNNSWkoay,https://kikinote.net/16389,,,0.0,kikinote.net,['farm-eatmary'],1,教你怎麼用Threads 貼圖 kikinote.net/16389… 2 / 2,sweep_b2_hits.csv
2026-09-08_22-07-45,farm-eatmary,kikinote.net,kikinote123,2026-06-15,https://www.threads.com/@kikinote123/post/DZl70XdkX9v,https://kikinote.net/53743,,,1.0,kikinote.net,['farm-eatmary'],1,第21屆KKBOX風雲榜 kikinote.net/53743 2 / 2,sweep_b2_hits.csv
2026-09-08_22-07-45,farm-eatmary,kikinote.net,kikinote123,2026-06-12,https://www.threads.com/@kikinote123/post/DZen6V_gXIN,https://kikinote.net/63873,,,0.0,kikinote.net,['farm-eatmary'],1,活動表演看這邊 → kikinote.net/63873 2 / 2,sweep_b2_hits.csv
2026-09-08_22-07-45,farm-eatmary,kikinote.net,kikinote123,2026-06-11,https://www.threads.com/@kikinote123/post/DZbhI5wkt6D,https://kikinote.net/16374,,,0.0,kikinote.net,['farm-eatmary'],1,Instagram 個人檔案網格圖片可調整 kikinote.net/16374… 2 / 2,sweep_b2_hits.csv
2026-09-08_22-07-45,farm-eatmary,kikinote.net,kikinote123,2026-06-10,https://www.threads.com/@kikinote123/post/DZY7I6REurM,https://kikinote.net/34549,,,0.0,kikinote.net,['farm-eatmary'],1,世界盃足球賽直播 kikinote.net/34549 2 / 2,sweep_b2_hits.csv
2026-09-08_22-07-45,farm-eatmary,kikinote.net,kikinote123,2026-06-09,https://www.threads.com/@kikinote123/post/DZW1714kakZ,https://kikinote.net/13903,,,0.0,kikinote.net,['farm-eatmary'],1,門票資訊看這邊 kikinote.net/13903… 2 / 2,sweep_b2_hits.csv
2026-09-08_22-07-45,farm-eatmary,kikinote.net,kikinote123,2026-06-08,https://www.threads.com/@kikinote123/post/DZUQMDCkVFh,https://kikinote.net/7992,,,0.0,kikinote.net,['farm-eatmary'],1,2027年有9個連假 kikinote.net/7992 2 / 2,sweep_b2_hits.csv
2026-09-08_22-07-45,farm-eatmary,kikinote.net,kikinote123,2024-11-13,https://www.threads.com/@kikinote123/post/DCSykjzy36R,https://kikinote.net/16056,,,1.0,kikinote.net,['farm-eatmary'],1,iPhone鍵盤樣式、大小調整教學 → kikinote.net/16056…,sweep_b2_hits.csv
2026-09-08_22-07-45,farm-eatmary,kikinote.net,kikinote123,2026-06-05,https://www.threads.com/@kikinote123/post/DZMDFC3kj9W,https://kikinote.net/16282,,,0.0,kikinote.net,['farm-eatmary'],1,這邊幫大家準備好行事曆網址 kikinote.net/16282… 2 / 2,sweep_b2_hits.csv
2026-09-08_22-07-45,farm-eatmary,kikinote.net,kikinote123,2026-06-03,https://www.threads.com/@kikinote123/post/DZG_pahkYMq,https://kikinote.net/16389,,,0.0,kikinote.net,['farm-eatmary'],1,教學看這邊 → kikinote.net/16389… 2 / 2,sweep_b2_hits.csv
2026-09-08_22-07-45,farm-eatmary,kikinote.net,kikinote123,2026-05-28,https://www.threads.com/@kikinote123/post/DY37beYESAM,https://kikinote.net/16327,,,0.0,kikinote.net,['farm-eatmary'],1,電腦版教學 kikinote.net/16327… 2 / 2,sweep_b2_hits.csv
2026-09-08_22-07-45,farm-eatmary,kikinote.net,kikinote123,2026-05-27,https://www.threads.com/@kikinote123/post/DY1P07WkRxN,https://kikinote.net/16349,,,0.0,kikinote.net,['farm-eatmary'],1,教你偷看LINE不顯示已讀方法！ kikinote.net/16349… 2 / 2,sweep_b2_hits.csv
2026-09-08_22-07-45,farm-eatmary,kikinote.net,kikinote123,2026-05-15,https://www.threads.com/@kikinote123/post/DYV_vRtETYS,https://kikinote.net/16388,,,0.0,kikinote.net,['farm-eatmary'],1,步驟說明 kikinote.net/16388… 2 / 2,sweep_b2_hits.csv
2026-09-08_22-07-45,farm-eatmary,kikinote.net,kikinote123,2026-05-12,https://www.threads.com/@kikinote123/post/DYOVMy6kbMP,https://kikinote.net/16385,,,0.0,kikinote.net,['farm-eatmary'],1,iPhone / 安卓手機版都可以關閉行事曆功能囉！ kikinote.net/16385… 2 / 2,sweep_b2_hits.csv
2026-09-08_22-07-45,farm-eatmary,kikinote.net,kikinote123,2026-05-11,https://www.threads.com/@kikinote123/post/DYMAypqkddD,https://kikinote.net/16111,,,0.0,kikinote.net,['farm-eatmary'],1,Disney+ 5月片單一覽 kikinote.net/16111… 2 / 2,sweep_b2_hits.csv
2026-09-08_22-07-45,farm-eatmary,kikinote.net,kikinote123,2026-05-08,https://www.threads.com/@kikinote123/post/DYEAJxmEa-t,https://kikinote.net/16149,,,0.0,kikinote.net,['farm-eatmary'],1,iPhone 換原廠電池優惠 kikinote.net/16149… 2 / 2,sweep_b2_hits.csv
2026-09-08_22-07-45,farm-eatmary,kikinote.net,kikinote123,2026-05-06,https://www.threads.com/@kikinote123/post/DX_Q7IykRu1,https://kikinote.net/15776,,,0.0,kikinote.net,['farm-eatmary'],1,LINE 母親節彩蛋 kikinote.net/15776… 2 / 2,sweep_b2_hits.csv
2026-09-08_22-07-45,farm-eatmary,kikinote.net,kikinote123,2026-05-04,https://www.threads.com/@kikinote123/post/DX6ApBvEUA-,https://kikinote.net/16043,,,0.0,kikinote.net,['farm-eatmary'],1,6款記帳App推薦 kikinote.net/16043… 2 / 2,sweep_b2_hits.csv
2026-09-08_22-07-45,farm-eatmary,kikinote.net,kikinote123,2026-04-27,https://www.threads.com/@kikinote123/post/DXnxKGhkQXw,https://kikinote.net/16372,,,1.0,kikinote.net,['farm-eatmary'],1,iPhone更換鈴聲教學 kikinote.net/16372… 2 / 2,sweep_b2_hits.csv
2026-09-08_22-07-45,farm-eatmary,kikinote.net,kikinote123,2026-04-23,https://www.threads.com/@kikinote123/post/DXdVHoqEbkr,https://kikinote.net/15787,,,0.0,kikinote.net,['farm-eatmary'],1,夏季電費試算 kikinote.net/15787… 2 / 2,sweep_b2_hits.csv
2026-09-08_22-07-45,farm-eatmary,kikinote.net,kikinote123,2026-04-21,https://www.threads.com/@kikinote123/post/DXYFawKkkTW,https://kikinote.net/16321,,,0.0,kikinote.net,['farm-eatmary'],1,Safety tips 功能 kikinote.net/16321… 2 / 2,sweep_b2_hits.csv
2026-09-08_22-07-45,farm-eatmary,kikinote.net,kikinote123,2026-04-20,https://www.threads.com/@kikinote123/post/DXWDj5XEcwj,https://kikinote.net/16264,,,0.0,kikinote.net,['farm-eatmary'],1,iPhone長截圖 (Safari) kikinote.net/16264… 2 / 2,sweep_b2_hits.csv
2026-09-08_22-07-45,farm-eatmary,kikinote.net,kikinote123,2026-04-17,https://www.threads.com/@kikinote123/post/DXONTbAEf_S,https://kikinote.net/16348,,,0.0,kikinote.net,['farm-eatmary'],1,關閉IG地圖定位分享 kikinote.net/16348… 2 / 2,sweep_b2_hits.csv
2026-09-08_22-07-45,farm-eatmary,kikinote.net,kikinote123,2026-04-15,https://www.threads.com/@kikinote123/post/DXI1uWokQ9I,https://kikinote.net/8486,,,0.0,kikinote.net,['farm-eatmary'],1,詳情請參考 kikinote.net/8486 2 / 2,sweep_b2_hits.csv
2026-09-08_22-07-45,farm-eatmary,kikinote.net,kikinote123,2026-04-14,https://www.threads.com/@kikinote123/post/DXGi7mAkYGJ,https://kikinote.net/16386,,,0.0,kikinote.net,['farm-eatmary'],1,iPhone eSIM 刪除教學 kikinote.net/16386… 2 / 2,sweep_b2_hits.csv
2026-09-08_22-07-45,farm-eatmary,kikinote.net,kikinote123,2026-04-08,https://www.threads.com/@kikinote123/post/DW3CYu_kX9e,https://kikinote.net/15749,,,0.0,kikinote.net,['farm-eatmary'],1,發票兌換說明 kikinote.net/15749… 2 / 2,sweep_b2_hits.csv
2026-09-08_22-07-45,farm-eatmary,kikinote.net,kikinote123,2026-03-30,https://www.threads.com/@kikinote123/post/DWfeAM7kbmY,https://kikinote.net/13162,,,0.0,kikinote.net,['farm-eatmary'],1,2026 清明連假高乘載時段 kikinote.net/13162… 2 / 2,sweep_b2_hits.csv
2026-09-08_22-07-45,farm-eatmary,kikinote.net,kikinote123,2026-03-27,https://www.threads.com/@kikinote123/post/DWYMh7QESzg,https://kikinote.net/16055,,,0.0,kikinote.net,['farm-eatmary'],1,教你關閉引導使用模式 → kikinote.net/16055… 2 / 2,sweep_b2_hits.csv
2026-09-08_22-07-45,farm-eatmary,kikinote.net,kikinote123,2026-03-23,https://www.threads.com/@kikinote123/post/DWNc83mEl1v,https://kikinote.net/94644,,,0.0,kikinote.net,['farm-eatmary'],1,看不到櫻花雨？這邊教你設定 kikinote.net/94644 2 / 2,sweep_b2_hits.csv
2026-09-08_22-07-45,farm-eatmary,kikinote.net,kikinote123,2026-03-18,https://www.threads.com/@kikinote123/post/DWAktYFkhn5,https://kikinote.net/16374,,,0.0,kikinote.net,['farm-eatmary'],1,更多內容 & 台灣用戶專屬回饋→ kikinote.net/16374… 2 / 2,sweep_b2_hits.csv
2026-09-08_22-07-45,farm-eatmary,kikinote.net,kikinote123,2026-03-17,https://www.threads.com/@kikinote123/post/DV-IhcIEYpO,https://kikinote.net/56091,,,0.0,kikinote.net,['farm-eatmary'],1,2026澎湖花火節時間！ kikinote.net/56091 2 / 2,sweep_b2_hits.csv
2026-09-08_22-07-45,farm-eatmary,kikinote.net,kikinote123,2026-03-13,https://www.threads.com/@kikinote123/post/DVzxozTEZKm,https://kikinote.net/16385,,,0.0,kikinote.net,['farm-eatmary'],1,這邊教你怎麼打IG便利貼的表情 kikinote.net/16385…,sweep_b2_hits.csv
2026-09-08_22-07-45,farm-eatmary,kikinote.net,kikinote123,2026-03-04,https://www.threads.com/@kikinote123/post/DVcgtDfEqzw,https://kikinote.net/16345,,,0.0,kikinote.net,['farm-eatmary'],1,教你把導航箭頭改成小汽車 → kikinote.net/16345… 2 / 2,sweep_b2_hits.csv
2026-09-08_22-07-45,farm-eatmary,kikinote.net,kikinote123,2026-03-02,https://www.threads.com/@kikinote123/post/DVXRTm5Eimi,https://kikinote.net/16232,,,0.0,kikinote.net,['farm-eatmary'],1,如果你有實體的舊西瓜卡 也可以把他加入Apple錢包喔！ 但要注意加入手機後實體卡就會失效了~日本 教學看這邊→ kikinote.net/16232… 2 / 2,sweep_b2_hits.csv
2026-09-08_22-07-45,farm-eatmary,kikinote.net,kikinote123,2026-02-09,https://www.threads.com/@kikinote123/post/DUh3THSEerV,https://kikinote.net/163494,,,4.0,kikinote.net,['farm-eatmary'],1,可以用鍵盤記憶法取代這些GIF關鍵字 kikinote.net/16349…,sweep_b2_hits.csv
2026-09-08_22-07-45,farm-eatmary,kikinote.net,kikinote123,2026-02-09,https://www.threads.com/@kikinote123/post/DUh3JAHESfb,https://kikinote.net/163495,,,25.0,kikinote.net,['farm-eatmary'],1,我們有整理GIF關鍵字 可以參考唷~ kikinote.net/16349…,sweep_b2_hits.csv
2026-09-08_22-07-45,farm-eatmary,kikinote.net,kikinote123,2026-02-09,https://www.threads.com/@kikinote123/post/DUh4IxSkVA0,https://kikinote.net/163494,,,0.0,kikinote.net,['farm-eatmary'],1,如果記不起來IG GIF關鍵字 可以用鍵盤記憶法來儲存 🙌 kikinote.net/16349…,sweep_b2_hits.csv
2026-09-08_22-07-45,farm-eatmary,kikinote.net,kikinote123,2026-02-09,https://www.threads.com/@kikinote123/post/DUh3XrTkQKk,https://kikinote.net/163494,,,0.0,kikinote.net,['farm-eatmary'],1,可以用鍵盤記憶法把 GIF英文關鍵字儲存起來! kikinote.net/16349…,sweep_b2_hits.csv
2026-09-08_22-07-45,farm-eatmary,kikinote.net,kikinote123,2026-02-09,https://www.threads.com/@kikinote123/post/DUhJb6DEl-T,https://kikinote.net/25574,,,0.0,kikinote.net,['farm-eatmary'],1,各家銀行服務據點和營業時間 → kikinote.net/25574 2 / 2,sweep_b2_hits.csv
2026-09-08_22-07-45,farm-eatmary,kikinote.net,kikinote123,2026-02-03,https://www.threads.com/@kikinote123/post/DURyuW4EnOZ,https://kikinote.net/16242,,,0.0,kikinote.net,['farm-eatmary'],1,詳細日本超商集點教學 → kikinote.net/16242… 2 / 2,sweep_b2_hits.csv
2026-09-08_22-07-45,farm-eatmary,kikinote.net,kikinote123,2026-01-30,https://www.threads.com/@kikinote123/post/DUHcNYbkhyk,https://kikinote.net/55333,,,0.0,kikinote.net,['farm-eatmary'],1,2026台北燈節詳細資訊 → kikinote.net/55333 2 / 2,sweep_b2_hits.csv
2026-09-08_22-07-45,farm-eatmary,kikinote.net,kikinote123,2026-01-21,https://www.threads.com/@kikinote123/post/DTwkEQ5EnEL,https://kikinote.net/16381,,,0.0,kikinote.net,['farm-eatmary'],1,從設定裡面開啟 kikinote.net/16381… 2 / 2,sweep_b2_hits.csv
2026-09-08_22-07-45,farm-eatmary,kikinote.net,kikinote123,2026-01-16,https://www.threads.com/@kikinote123/post/DTjZT0SkuQ5,https://kikinote.net/160804,,,2.0,kikinote.net,['farm-eatmary'],1,肯德基優惠券大集合 → kikinote.net/16080… 2 / 2,sweep_b2_hits.csv
2026-09-08_22-07-45,farm-eatmary,kikinote.net,kikinote123,2026-01-16,https://www.threads.com/@kikinote123/post/DTjWmu6EpB9,https://kikinote.net/162331,,,0.0,kikinote.net,['farm-eatmary'],1,ICOCA也有iPhone版的喔 → kikinote.net/16233…,sweep_b2_hits.csv
2026-09-08_22-07-45,farm-eatmary,kikinote.net,kikinote123,2026-01-15,https://www.threads.com/@kikinote123/post/DTg0xFUkrlR,https://kikinote.net/16232,,,0.0,kikinote.net,['farm-eatmary'],1,iPhone西瓜卡儲值教學 → kikinote.net/16232… 2 / 2,sweep_b2_hits.csv
2026-09-08_22-07-45,farm-eatmary,kikinote.net,kikinote123,2026-01-14,https://www.threads.com/@kikinote123/post/DTec3jWkkXc,https://kikinote.net/163781,,,1.0,kikinote.net,['farm-eatmary'],1,小編有寫過新版LINE Pay Money 實際好友轉帳的步驟 我個人是覺得比較直覺啦！ 提供給你參考→ kikinote.net/16378…,sweep_b2_hits.csv
2026-09-08_22-07-45,farm-eatmary,kikinote.net,kikinote123,2026-01-13,https://www.threads.com/@kikinote123/post/DTbrDXWkr0M,https://kikinote.net/163600,,,6.0,kikinote.net,['farm-eatmary'],1,小編之前有寫過人氣商品推薦！ 給你參考→ kikinote.net/16360… 個人最推可折疊行李袋和防起霧眼鏡布 真的超級好用！,sweep_b2_hits.csv
2026-09-08_22-07-45,farm-eatmary,kikinote.net,kikinote123,2026-01-13,https://www.threads.com/@kikinote123/post/DTbpR4HEvzW,https://kikinote.net/163786,,,1.0,kikinote.net,['farm-eatmary'],1,如果有下載Whoscall可以去確認一下 是不是開了「網站檢查」這個功能 會影響到LINE通話 小編有寫過教學 提供給你跟媽媽參考 → kikinote.net/16378…,sweep_b2_hits.csv
2026-09-08_22-07-45,farm-eatmary,kikinote.net,kikinote123,2025-12-31,https://www.threads.com/@kikinote123/post/DS6M48jEpX6,https://kikinote.net/19200,,,1.0,kikinote.net,['farm-eatmary'],1,跨年晚會網路直播看這邊 台北、新北、新竹、苗栗、基隆、桃園 → kikinote.net/19200 台中、彰化、南投 → kikinote.net/19205 雲林、嘉義、台南、高雄、屏東 → kikinote.net/20358 宜蘭、花蓮、台東、澎湖、金門、馬祖 → kikinote.net/20114 2 / ,sweep_b2_hits.csv
2026-09-08_22-07-45,farm-eatmary,kikinote.net,kikinote123,2025-12-24,https://www.threads.com/@kikinote123/post/DSouuRVkRYI,https://kikinote.net/16363,,,0.0,kikinote.net,['farm-eatmary'],1,要怎麼用以上APP用PayPay？ 這邊小編有詳細完整的教學喔 → kikinote.net/16363… 2 / 2,sweep_b2_hits.csv
2026-09-08_22-07-45,farm-eatmary,kikinote.net,kikinote123,2025-12-23,https://www.threads.com/@kikinote123/post/DSlnjQIElTi,https://kikinote.net/16306,,,0.0,kikinote.net,['farm-eatmary'],1,Google地圖導航避開樓梯路線教學 → kikinote.net/16306… 2 / 2,sweep_b2_hits.csv
2026-09-08_22-07-45,farm-eatmary,kikinote.net,kikinote123,2025-12-18,https://www.threads.com/@kikinote123/post/DSZYp5ikZA8,https://kikinote.net/16379,,,0.0,kikinote.net,['farm-eatmary'],1,數位憑證皮夾使用教學、如何加入憑證、領取包裹 → kikinote.net/16379… 2 / 2,sweep_b2_hits.csv
2026-09-08_22-07-45,farm-enews,enews.tw,enews.tw,2025-09-09,https://www.threads.com/@enews.tw/post/DOXv93mDxrw,https://enews.tw/article/1253740?uid=310,,310,0.0,enews.tw,['farm-enews'],1,enews.tw/artic… 2 / 2,sweep_b2_hits.csv
2026-09-08_22-07-45,farm-enews,enews.tw,enews.tw,2025-08-14,https://www.threads.com/@enews.tw/post/DNVAWJ8PBgO,https://enews.tw/article/1252971?uid=3100,,3100,1.0,enews.tw,['farm-enews'],1,超可愛❤️活動詳細內容⬇️ enews.tw/artic… 2 / 2,sweep_b2_hits.csv
2026-09-08_22-07-45,farm-enews,enews.tw,enews.tw,2025-08-14,https://www.threads.com/@enews.tw/post/DNUezXyvkkk,https://enews.tw/post/DNUezXyvkkk,,,27.0,enews.tw,[],0,💰 全民普發1萬元進度更新！發放時程與經費上限同步調整 因應美國自8月7日起對台加徵20%對等關稅，立法院先前三讀通過《因應國際情勢強化經濟社會及民生國安韌性特別條例》，全民將獲 現金1萬元。 - 📅 最新修正重點（行政院會8/14通過草案） 發放時程：特別預算公布後 1個月內啟動，7個月內完成（原本規劃至114年10,sweep_b2_hits.csv
2026-09-08_22-07-45,farm-enews,enews.tw,enews.tw,2025-08-14,https://www.threads.com/@enews.tw/post/DNUe4kYvBvK,https://enews.tw/article/1252965?uid=310,,310,2.0,enews.tw,['farm-enews'],1,提醒，目前只是 行政院會拍板修正案，接下來還要送到立法院審議通過才會正式生效。 enews.tw/artic… 2 / 2,sweep_b2_hits.csv
2026-09-08_22-07-45,farm-enews,enews.tw,enews.tw,2025-08-11,https://www.threads.com/@enews.tw/post/DNNJEmWvk3i,https://enews.tw/post/DNNJEmWvk3i,,,45.0,enews.tw,[],0,又是雨量豐沛的一週☔️ 開車、騎車請多注意安全,sweep_b2_hits.csv
2026-09-08_22-07-45,farm-enews,enews.tw,enews.tw,2025-08-11,https://www.threads.com/@enews.tw/post/DNNJflov5Rk,https://enews.tw/article/1252862?uid=310,,310,2.0,enews.tw,['farm-enews'],1,12縣市大雨特報，一路下到晚上 enews.tw/artic… 2 / 2,sweep_b2_hits.csv
2026-09-08_22-07-45,farm-enews,enews.tw,enews.tw,2025-08-11,https://www.threads.com/@enews.tw/post/DNMnxFRPLRQ,https://enews.tw/post/DNMnxFRPLRQ,,,218.0,enews.tw,[],0,＃颱風假 🌀 「一日颱風」楊柳最快週二海陸警　週三風雨最猛 颱風楊柳正朝台灣接近，花蓮侵襲機率88%，苗栗、台中、彰化、南投、新竹縣市、宜蘭都超過 8 成。 - 📅 關鍵時間： 週二（12日）：恐發海陸警 週三（13日）：全台風雨集中，東部與山區最強 週四下半天：颱風遠離，降雨趨緩 - 氣象粉專直言：颱風移動快，影響時,sweep_b2_hits.csv
2026-09-08_22-07-45,farm-enews,enews.tw,enews.tw,2025-08-11,https://www.threads.com/@enews.tw/post/DNMn0-APsK0,https://enews.tw/article/1252836?uid=310,,310,1.0,enews.tw,['farm-enews'],1,完整內容⬇️ enews.tw/artic… 2 / 2,sweep_b2_hits.csv
2026-09-08_22-07-45,farm-enews,enews.tw,enews.tw,2025-08-05,https://www.threads.com/@enews.tw/post/DM9wjyUv2XB,https://enews.tw/post/DM9wjyUv2XB,,,157.0,enews.tw,[],0,太暖❤️❤️ 颱風重創中南部 江蕙捐1000萬救災 圖／寬宏藝術,sweep_b2_hits.csv
2026-09-08_22-07-45,farm-enews,enews.tw,enews.tw,2025-08-05,https://www.threads.com/@enews.tw/post/DM9wrE2vPrK,https://enews.tw/article/1252527?uid=310,,310,0.0,enews.tw,['farm-enews'],1,她慷慨捐出1000萬元給「財團法人賑災基金會」，希望能夠拋磚引玉，號召更多人參與到賑災行動中 enews.tw/artic… 2 / 2,sweep_b2_hits.csv
2026-09-08_22-07-45,farm-enews,enews.tw,enews.tw,2025-08-05,https://www.threads.com/@enews.tw/post/DM9l32pP0Ra,https://enews.tw/post/DM9l32pP0Ra,,,45.0,enews.tw,[],0,敲碗成功！！ 必勝客「黃金榴槤比薩」強勢回歸  今起限時三週回歸🍕,sweep_b2_hits.csv
2026-09-08_22-07-45,farm-enews,enews.tw,enews.tw,2025-08-05,https://www.threads.com/@enews.tw/post/DM9mDq7P-Pq,https://enews.tw/article/1252653?uid=310,,310,0.0,enews.tw,['farm-enews'],1,你可以不吃，但一定要請你朋友吃！ enews.tw/artic… 2 / 2,sweep_b2_hits.csv
2026-09-08_22-07-45,farm-enews,enews.tw,enews.tw,2025-07-30,https://www.threads.com/@enews.tw/post/DMt4T3LvHN3,https://enews.tw/post/DMt4T3LvHN3,,,2.0,enews.tw,[],0,這天氣真是令人絕望😭😭😭 圖／中央氣象署,sweep_b2_hits.csv
2026-09-08_22-07-45,farm-enews,enews.tw,enews.tw,2025-07-30,https://www.threads.com/@enews.tw/post/DMt4aSAvcR3,https://enews.tw/article/1252442?uid=310,,310,0.0,enews.tw,['farm-enews'],1,雨炸南台灣！18地區、1學校持續「停班停課」　高雄雨量下到發紫 enews.tw/artic… 2 / 2,sweep_b2_hits.csv
2026-09-08_22-07-45,farm-enews,enews.tw,enews.tw,2025-07-23,https://www.threads.com/@enews.tw/post/DMccufLPHLs,https://enews.tw/post/DMccufLPHLs,,,23.0,enews.tw,[],0,#颱風 🌪又有雙颱風來湊熱鬧！這週想出遊的旅人請注意⚠️ 今年第7號颱風「范斯高」今早生成，最快週四、週五最接近台灣北部，雖然強度不強，目前預估只是輕颱，但外圍環流帶來的水氣，可能會讓北台灣、宜蘭、基隆一帶迎來局部大雨💧 - 更麻煩的是，南邊還有一個熱帶低壓「11W」也在虎視眈眈，最快今晚升格為第8號颱風「竹節草」，若,sweep_b2_hits.csv
2026-09-08_22-07-45,farm-enews,enews.tw,enews.tw,2025-07-23,https://www.threads.com/@enews.tw/post/DMcc09MPrGN,https://enews.tw/article/1252192?uid=310,,310,0.0,enews.tw,['farm-enews'],1,enews.tw/artic… 2 / 2,sweep_b2_hits.csv
2026-09-08_22-07-45,farm-enews,enews.tw,enews.tw,2025-07-23,https://www.threads.com/@enews.tw/post/DMcby2cPa2N,https://enews.tw/article/1252180?uid=310,,310,0.0,enews.tw,['farm-enews'],1,enews.tw/artic… 2 / 2,sweep_b2_hits.csv
2026-09-08_22-07-45,farm-enews,enews.tw,enews.tw,2025-07-23,https://www.threads.com/@enews.tw/post/DMbrTiVvi_k,https://enews.tw/artic,,,0.0,enews.tw,['farm-enews'],1,完整報導⬇️ enews.tw/artic… 2 / 2,sweep_b2_hits.csv
2026-09-08_22-07-45,farm-enews,enews.tw,enews.tw,2025-07-21,https://www.threads.com/@enews.tw/post/DMXcV0vvcTB,https://enews.tw/post/DMXcV0vvcTB,,,225.0,enews.tw,[],0,這禮拜假日也是泡水😭☔️,sweep_b2_hits.csv
2026-09-08_22-07-45,farm-enews,enews.tw,enews.tw,2025-07-21,https://www.threads.com/@enews.tw/post/DMXcjVPvLc3,https://enews.tw/article/1252096?uid=310,,310,2.0,enews.tw,['farm-enews'],1,重點摘要⬇️ 🌧【熱帶擾動97W接近中！週四五風雨最強】 本週天氣不穩還沒結束！熱帶擾動「97W」持續發展中，氣象專家預估週五（7/25）最接近台灣東側海域，雖不登陸，但外圍環流恐帶強風驟雨與局部大雷雨⚠️ 📌 週四、週五恐為風雨高峰 📌 週六投票日仍受低壓尾巴影響 📌 鄭明典：放颱風假的機率不高，但不能完全排除 📌 ,sweep_b2_hits.csv
2026-09-08_22-07-45,farm-enews,enews.tw,enews.tw,2025-07-21,https://www.threads.com/@enews.tw/post/DMXTE5phXfe,https://enews.tw/post/DMXTE5phXfe,,,3.0,enews.tw,[],0,#台灣 【關稅32%？政院駁斥：假的‼️】 最近網路瘋傳「美國已通知台關稅灣要課32%關稅」還說政府偷偷藏起來不敢講，真相到底是什麼？ - 行政院今天跳出來嚴正澄清，強調——台灣到目前為止根本還沒收到美方正式通知，那張被瘋傳的「32%表格」，其實是美國早在4月就列的原始資料，也不是談判結果。 - 📌本週台美就要展開新一,sweep_b2_hits.csv
2026-09-08_22-07-45,farm-enews,enews.tw,enews.tw,2025-07-21,https://www.threads.com/@enews.tw/post/DMXTFyoBhTI,https://enews.tw/article/1252093?uid=310,,310,0.0,enews.tw,['farm-enews'],1,完整報導⬇️ enews.tw/artic… 2 / 2,sweep_b2_hits.csv
2026-09-08_22-07-45,farm-enews,enews.tw,enews.tw,2025-07-21,https://www.threads.com/@enews.tw/post/DMXJsz2vMHC,https://enews.tw/post/DMXJsz2vMHC,,,145.0,enews.tw,[],0,⚠️【彰化工地驚傳奪命意外】 吊車作業突生變，一名年僅25歲的年輕司機不幸命喪鋼樑下… - 今天中午12點多，彰化芬園一處工地傳出工安事故，一根重達1.7噸的H型鋼樑在吊掛作業中突然滑落，直接壓住現場作業的沈姓吊車司機。雖然警消火速到場，出動雲梯車與吊車合力搶救，但仍不幸宣告當場死亡。 - 這名男子年僅25歲，卻在工作,sweep_b2_hits.csv
2026-09-08_22-07-45,farm-enews,enews.tw,enews.tw,2025-07-21,https://www.threads.com/@enews.tw/post/DMXJvlmP4ax,https://enews.tw/article/1252088?uid=310,,310,0.0,enews.tw,['farm-enews'],1,完整報導⬇️ enews.tw/artic… 2 / 2,sweep_b2_hits.csv
2026-09-08_22-07-45,farm-enews,enews.tw,enews.tw,2025-07-16,https://www.threads.com/@enews.tw/post/DMKiAK5oalv,https://enews.tw/article/1251922?uid=310,,310,150.0,enews.tw,['farm-enews'],1,李父發文，希望親友與網友們一起幫兒子集氣祈福🙏 enews.tw/artic…,sweep_b2_hits.csv
2026-09-08_22-07-45,farm-enews,enews.tw,enews.tw,2025-07-18,https://www.threads.com/@enews.tw/post/DMPbq9CvWL1,https://enews.tw/article/1251987?uid=310,,310,0.0,enews.tw,['farm-enews'],1,完整報導⬇️ enews.tw/artic… 2 / 2,sweep_b2_hits.csv
2026-09-08_22-07-45,farm-enews,enews.tw,enews.tw,2025-07-17,https://www.threads.com/@enews.tw/post/DMMdfDfoqhY,https://enews.tw/post/DMMdfDfoqhY,,,110.0,enews.tw,[],0,🌀【颱風薇帕最快今生成！路徑南修逼近　16縣市週末恐迎強風豪雨】⚠️ 熱帶性低氣壓TD09今（17）日極可能升級為今年第6號颱風「薇帕」，最新路徑已明顯「南修」，本週末將擦過台灣南方近海，外圍環流恐帶來大範圍風雨。 - 📍颱風位置：今晨在鵝鑾鼻東南方約1190公里 📍預測動向：朝呂宋島北方接近，再轉向南海、廣東沿海 📍,sweep_b2_hits.csv
2026-09-08_22-07-45,farm-enews,enews.tw,enews.tw,2025-07-17,https://www.threads.com/@enews.tw/post/DMMdgeOoa1K,https://enews.tw/article/1251956?uid=310,,310,2.0,enews.tw,['farm-enews'],1,週末又要泡湯了😭😭 enews.tw/artic… 2 / 2,sweep_b2_hits.csv
2026-09-08_22-07-45,farm-enews,enews.tw,enews.tw,2025-07-17,https://www.threads.com/@enews.tw/post/DMMVenxPHdN,https://enews.tw/post/DMMVenxPHdN,,,18.0,enews.tw,[],0,🚨【北部7縣市今天下午防空演習！不配合最高罰15萬】💣 今（17）日下午1:30起，台北、新北、基隆、宜蘭、桃園、新竹市、新竹縣將同步啟動「2025年城鎮韌性防空演習」！ 📢演習時間：13:30～14:00，共30分鐘 📢警報聲響：1長音＋2短音重複3次 📢演練內容：人就地疏散、車輛停駛配合管制，若違規最高可罰15萬元,sweep_b2_hits.csv
2026-09-08_22-07-45,farm-enews,enews.tw,enews.tw,2025-07-17,https://www.threads.com/@enews.tw/post/DMMVjb9Pf0O,https://enews.tw/article/1251955?uid=310,,310,0.0,enews.tw,['farm-enews'],1,注意喔！！午餐早點買，不要亂跑！！ enews.tw/artic… 2 / 2,sweep_b2_hits.csv
2026-09-08_22-07-45,farm-enews,enews.tw,enews.tw,2025-07-16,https://www.threads.com/@enews.tw/post/DMKixsIPqvs,https://enews.tw/article/1251933?uid=310,,310,0.0,enews.tw,['farm-enews'],1,真的太可怕了 enews.tw/artic… 2 / 2,sweep_b2_hits.csv
2026-09-08_22-07-45,farm-enews,enews.tw,enews.tw,2025-07-16,https://www.threads.com/@enews.tw/post/DMKh-roIwAm,https://enews.tw/post/DMKh-roIwAm,,,19600.0,enews.tw,[],0,好消息！台電人員維修觸電，36歲李姓員工已恢復微弱心跳，請大家繼續集氣！！加油！！,sweep_b2_hits.csv
2026-09-08_22-07-45,farm-enews,enews.tw,enews.tw,2025-07-16,https://www.threads.com/@enews.tw/post/DMKSdQcv9YG,https://enews.tw/post/DMKSdQcv9YG,,,147.0,enews.tw,[],0,【週末出遊注意！熱低壓最快明天變颱風「薇帕」　花東、南部風雨增強⚠️】 - 有出遊、揪團、返鄉行程的朋友注意囉📣 - 菲律賓東方海面出現熱帶性低氣壓（TD09），最快明天（17日）就會變身今年第6號颱風「薇帕」！ 預估19日最接近台灣，雖然不會直接登陸，但外圍環流從18日開始就會帶來風雨影響，花東、恆春、高屏一帶是第一,sweep_b2_hits.csv
2026-09-08_22-07-45,farm-enews,enews.tw,enews.tw,2025-07-16,https://www.threads.com/@enews.tw/post/DMKSh21vFqW,https://enews.tw/article/1251931?uid=310,,310,0.0,enews.tw,['farm-enews'],1,最快明天生成！ enews.tw/artic… 2 / 2,sweep_b2_hits.csv
2026-09-08_22-07-45,farm-enews,enews.tw,enews.tw,2025-07-09,https://www.threads.com/@enews.tw/post/DL4Jydyvo6V,https://enews.tw/post/DL4Jydyvo6V,,,595.0,enews.tw,[],0,#曹雙全加油 新店溺水「3死1命危」　5人違規戲水釀悲劇 - 新北新店廣興橋昨（8）日下午發生憾事，一名男子違規在禁水區SUP玩水失蹤，消防人員接獲通報後出動救援，不料救難艇遭急流掀翻，5名警義消全數落水，造成2名消防員殉職、1名義消命危、1名民眾死亡，全台痛心。 - 🌊 水流湍急瞬間翻艇 消防員吳恩碩與張敬謙不幸殉職,sweep_b2_hits.csv
2026-09-08_22-07-45,farm-enews,enews.tw,enews.tw,2025-07-09,https://www.threads.com/@enews.tw/post/DL4J-QmvAIn,https://enews.tw/article/1251720?uid=310,,310,3.0,enews.tw,['farm-enews'],1,2位勇敢消防員因救人殉職，義消曹雙全仍在搶救🙏 enews.tw/artic… 2 / 2,sweep_b2_hits.csv
2026-09-08_22-07-45,farm-enews,enews.tw,enews.tw,2025-07-03,https://www.threads.com/@enews.tw/post/DLo5frcvnGk,https://enews.tw/article/1251519?uid=310,,310,4.0,enews.tw,['farm-enews'],1,台中怎麼了... 昨天5屍命案 今天又傳雙屍命案悲劇🙏 enews.tw/artic…,sweep_b2_hits.csv
2026-09-08_22-07-45,farm-enews,enews.tw,enews.tw,2025-07-03,https://www.threads.com/@enews.tw/post/DLo5k03PJ2f,https://enews.tw/article/1251510?uid=310,,310,0.0,enews.tw,['farm-enews'],1,台中5屍命案 enews.tw/artic… 2 / 2,sweep_b2_hits.csv
2026-09-08_22-07-45,farm-enews,enews.tw,enews.tw,2025-07-01,https://www.threads.com/@enews.tw/post/DLj5EtfPtSA,https://enews.tw/artic,,,268.0,enews.tw,['farm-enews'],1,救護車駕駛依「過失致死」罪嫌送辦 enews.tw/artic…,sweep_b2_hits.csv
2026-09-08_22-07-45,farm-enews,enews.tw,enews.tw,2025-07-02,https://www.threads.com/@enews.tw/post/DLlojcCvWjT,https://enews.tw/article/1251465?uid=310,,310,0.0,enews.tw,['farm-enews'],1,不要酒駕‼️不要酒駕‼️不要酒駕‼️不要酒駕‼️不要酒駕‼️不要酒駕‼️ enews.tw/artic… 2 / 2,sweep_b2_hits.csv
2026-09-08_22-07-45,farm-enews,enews.tw,enews.tw,2025-07-01,https://www.threads.com/@enews.tw/post/DLjHVuNvbT7,https://enews.tw/post/DLjHVuNvbT7,,,2.0,enews.tw,[],0,噗～～導演認了：《魷魚遊戲3》大反派靈感來自馬斯克😂 圖／AI繪製,sweep_b2_hits.csv
2026-09-08_22-07-45,farm-enews,enews.tw,enews.tw,2025-07-01,https://www.threads.com/@enews.tw/post/DLjHYD-vQ32,https://enews.tw/article/1251400?uid=310,,310,0.0,enews.tw,['farm-enews'],1,哈哈哈哈哈哈哈哈哈 enews.tw/artic… 2 / 2,sweep_b2_hits.csv
2026-09-08_22-07-45,farm-enews,enews.tw,enews.tw,2025-06-26,https://www.threads.com/@enews.tw/post/DLW_8vrPtR-,https://enews.tw/article/1251184?uid=310,,310,0.0,enews.tw,['farm-enews'],1,警察還剛好跟在後面😂 enews.tw/artic… 2 / 2,sweep_b2_hits.csv
2026-09-08_22-07-45,farm-enews,enews.tw,enews.tw,2025-06-26,https://www.threads.com/@enews.tw/post/DLW3v9wvNZQ,https://enews.tw/post/DLW3v9wvNZQ,,,4.0,enews.tw,[],0,"日首創「捐糞中心」　每拉一次賺千❗️ - 日本山形縣成立全國首座「捐便中心」，民眾只要通過嚴格篩檢，就能把「便便」捐出換現金，每次最高可領5,000日圓（約1,016元台幣）💰！這項被稱為「屎金革命」的創新計畫，由新創公司MetaGen推動，將高品質糞便轉製成「腸菌膠囊」，未來將用於治療潰瘍性結腸炎等頑疾。雖然合格率不",sweep_b2_hits.csv
2026-09-08_22-07-45,farm-enews,enews.tw,enews.tw,2025-06-26,https://www.threads.com/@enews.tw/post/DLW4_9vvtnE,https://enews.tw/artic,,,0.0,enews.tw,['farm-enews'],1,內文有捐贈者條件⬇️ enews.tw/artic…,sweep_b2_hits.csv
2026-09-08_22-07-45,farm-enews,enews.tw,enews.tw,2025-06-26,https://www.threads.com/@enews.tw/post/DLWKw1GvmfJ,https://enews.tw/artic,,,5.0,enews.tw,['farm-enews'],1,無照又酒駕... enews.tw/artic… 2 / 2,sweep_b2_hits.csv
2026-09-08_22-07-45,farm-enews,enews.tw,enews.tw,2025-06-12,https://www.threads.com/@enews.tw/post/DKy8VVtP8Tu,https://enews.tw/article/1250645?uid=990,,990,5.0,enews.tw,['farm-enews'],1,印度航空波音787-8夢幻客機墜機 機上242人生死不明😱😱😱 enews.tw/artic…,sweep_b2_hits.csv
2026-09-08_22-07-45,farm-enews,enews.tw,enews.tw,2025-06-11,https://www.threads.com/@enews.tw/post/DKwb9aVPunG,https://enews.tw/post/DKwb9aVPunG,,,88.0,enews.tw,[],0,就讓這大雨全都落下～就讓你看不見我臉上的掙扎...😭😭😭 圖／中央氣象署提供,sweep_b2_hits.csv
2026-09-08_22-07-45,farm-enews,enews.tw,enews.tw,2025-06-11,https://www.threads.com/@enews.tw/post/DKwcCRzv8rg,https://enews.tw/article/1250605?uid=310,,310,0.0,enews.tw,['farm-enews'],1,又有熱帶性低氣壓生成了🌀 enews.tw/artic… 2 / 2,sweep_b2_hits.csv
2026-09-08_22-07-45,farm-enews,enews.tw,enews.tw,2025-06-10,https://www.threads.com/@enews.tw/post/DKtIGLTPsYi,https://enews.tw/post/DKtIGLTPsYi,,,135.0,enews.tw,[],0,"📣明天開搶機票‼️ 台灣虎航推出限時開賣優惠： ✈️高雄、台中－濟州島：6/ 9日上午 10:00 起至 6/10 日晚間 23:59，單程未稅 500 元起 ✈️桃園－石垣島：6/11 日上午 10:00 起至 6 /12 日晚間 23:59，單程未稅 1,599 元起",sweep_b2_hits.csv
2026-09-08_22-07-45,farm-enews,enews.tw,enews.tw,2025-06-10,https://www.threads.com/@enews.tw/post/DKtILYwPWzA,https://enews.tw/article/1250540?uid=310,,310,1.0,enews.tw,['farm-enews'],1,起飛時間、詳細資訊： enews.tw/artic… 2 / 2,sweep_b2_hits.csv
2026-09-08_22-07-45,farm-enews,enews.tw,enews.tw,2025-06-05,https://www.threads.com/@enews.tw/post/DKgKpDkPf4x,https://enews.tw/article/1250378?uid=310,,310,3.0,enews.tw,['farm-enews'],1,enews.tw/artic…,sweep_b2_hits.csv
2026-09-08_22-07-45,farm-enews,enews.tw,enews.tw,2025-05-29,https://www.threads.com/@enews.tw/post/DKOMrlwvTrf,https://enews.tw/post/DKOMrlwvTrf,,,10.0,enews.tw,[],0,家寧回應懶人包🔥 🔹 事件一：關於頻道收益與商業合作收入 -「眾量級CROWD」頻道收益帳戶自始至終由 Andy 個人操作並綁定他的 Google AdSense。 -家寧表示自己對後台不熟，全權信任 Andy，但事後才發現他曾私吞頻道收益。 -Andy 自認曾佔用部分收益，家寧質疑：若屬於個人，為何不是平分？ -家寧,sweep_b2_hits.csv
2026-09-08_22-07-45,farm-enews,enews.tw,enews.tw,2025-05-29,https://www.threads.com/@enews.tw/post/DKOM0noPqnD,https://enews.tw/artic,,,0.0,enews.tw,['farm-enews'],1,家寧：「歡迎Andy繼續反駁，我絕不會退縮」 enews.tw/artic…,sweep_b2_hits.csv
2026-09-08_22-07-45,farm-enews,enews.tw,enews.tw,2025-05-27,https://www.threads.com/@enews.tw/post/DKJlmbGuN4j,https://enews.tw/artic,,,2.0,enews.tw,['farm-enews'],1,影像畫面曝光🔥 enews.tw/artic…,sweep_b2_hits.csv
2026-09-08_22-07-45,farm-enews,enews.tw,enews.tw,2025-05-26,https://www.threads.com/@enews.tw/post/DKGoarkvLfY,https://enews.tw/article/1249985?uid=310,,310,224.0,enews.tw,['farm-enews'],1,enews.tw/artic…,sweep_b2_hits.csv
2026-09-08_22-07-45,farm-enews,enews.tw,enews.tw,2025-05-19,https://www.threads.com/@enews.tw/post/DJ1ahx2PJn9,https://enews.tw/article/1249724?uid=990,,990,2.0,enews.tw,['farm-enews'],1,經亞東醫院抽血檢測報告，余男血液無酒精反應❌ 2學生、1大人宣告不治🙏 enews.tw/artic…,sweep_b2_hits.csv
2026-09-08_22-07-45,farm-enews,enews.tw,enews.tw,2025-05-19,https://www.threads.com/@enews.tw/post/DJ1LSpsPTLJ,https://enews.tw/article/1249724?uid=310,,310,0.0,enews.tw,['farm-enews'],1,enews.tw/artic… 2 / 2,sweep_b2_hits.csv
2026-09-08_22-07-45,farm-enews,enews.tw,enews.tw,2025-05-15,https://www.threads.com/@enews.tw/post/DJq11tmP7fA,https://enews.tw/article/1248927?uid=990,,990,1.0,enews.tw,['farm-enews'],1,請大家善待毛小孩 enews.tw/artic… 2 / 2,sweep_b2_hits.csv
2026-09-08_22-07-45,farm-enews,enews.tw,enews.tw,2025-05-12,https://www.threads.com/@enews.tw/post/DJi1C-Rvnpi,https://enews.tw/post/DJi1C-Rvnpi,,,9.0,enews.tw,[],0,高雄3天傳出2起酒駕致命 市長陳其邁震怒💢 左圖為12日肇事者、右圖為10日肇事者 圖／警方提供,sweep_b2_hits.csv
2026-09-08_22-07-45,farm-enews,enews.tw,enews.tw,2025-05-12,https://www.threads.com/@enews.tw/post/DJi1Nr3P2II,https://enews.tw/artic,,,0.0,enews.tw,['farm-enews'],1,喝了酒就乖乖找代駕‼️ 開車不喝酒，酒後不開車❗️ enews.tw/artic… 2 / 2,sweep_b2_hits.csv
2026-09-08_22-07-45,farm-enews,enews.tw,enews.tw,2025-05-09,https://www.threads.com/@enews.tw/post/DJalHdaPIfQ,https://enews.tw/artic,,,0.0,enews.tw,['farm-enews'],1,林男對造成一條人命感到遺憾與抱歉 enews.tw/artic… 2 / 2,sweep_b2_hits.csv
2026-09-08_22-07-45,farm-enews,enews.tw,enews.tw,2025-05-06,https://www.threads.com/@enews.tw/post/DJTlGG7vGxY,https://enews.tw/artic,,,4.0,enews.tw,['farm-enews'],1,真的太瞎了 enews.tw/artic… 2 / 2,sweep_b2_hits.csv
2026-09-08_22-07-45,farm-enews,enews.tw,enews.tw,2025-05-06,https://www.threads.com/@enews.tw/post/DJS9bboPXCT,https://enews.tw/post/DJS9bboPXCT,,,5.0,enews.tw,[],0,手刀開搶❗️❗️ 飛首爾、釜山機票只要999元起✈️ 台灣、南韓、中國指定飯店每晚999元,sweep_b2_hits.csv
2026-09-08_22-07-45,farm-enews,enews.tw,enews.tw,2025-05-06,https://www.threads.com/@enews.tw/post/DJS9enhPP6R,https://enews.tw/article/1249209?uid=990,,990,0.0,enews.tw,['farm-enews'],1,好康道相報📣 enews.tw/artic… 2 / 2,sweep_b2_hits.csv
2026-09-08_22-07-45,farm-enews,enews.tw,enews.tw,2025-04-25,https://www.threads.com/@enews.tw/post/DI3ETatvkFl,https://enews.tw/article/1248863?uid=990,,990,1.0,enews.tw,['farm-enews'],1,enews.tw/artic… 2 / 2,sweep_b2_hits.csv
2026-09-08_22-07-45,farm-enews,enews.tw,enews.tw,2025-04-24,https://www.threads.com/@enews.tw/post/DI0rZLlv1WM,https://enews.tw/article/1248820?uid=990,,990,1.0,enews.tw,['farm-enews'],1,🙏🙏🙏🙏 enews.tw/artic… 2 / 2,sweep_b2_hits.csv
2026-09-08_22-07-45,farm-enews,enews.tw,enews.tw,2025-04-23,https://www.threads.com/@enews.tw/post/DIyF6bMvojn,https://enews.tw/article/1248782?uid=990,,990,1.0,enews.tw,['farm-enews'],1,詳細資訊↓↓↓ enews.tw/artic… 2 / 2,sweep_b2_hits.csv
2026-09-08_22-07-45,farm-enews,enews.tw,enews.tw,2025-04-22,https://www.threads.com/@enews.tw/post/DIvkFk_vsPq,https://enews.tw/article/1248739?uid=310,,310,4.0,enews.tw,['farm-enews'],1,enews.tw/artic… 2 / 2,sweep_b2_hits.csv
2026-09-08_22-07-45,farm-enews,enews.tw,enews.tw,2025-04-22,https://www.threads.com/@enews.tw/post/DIvWX3GvBnz,https://enews.tw/article/1248740?uid=990,,990,1.0,enews.tw,['farm-enews'],1,這要怎麼吃！！ enews.tw/artic… 2 / 2,sweep_b2_hits.csv
2026-09-08_22-07-45,farm-enews,enews.tw,enews.tw,2025-04-18,https://www.threads.com/@enews.tw/post/DIlLdQXPo5C,https://enews.tw/article/1248642?uid=990,,990,1.0,enews.tw,['farm-enews'],1,enews.tw/artic… 2 / 2,sweep_b2_hits.csv
2026-09-08_22-07-45,farm-enews,enews.tw,enews.tw,2025-04-15,https://www.threads.com/@enews.tw/post/DIdDE-rtVnf,https://enews.tw/artic,,,3.0,enews.tw,['farm-enews'],1,麥當勞「厚鬆餅堡」回來了📣 4/23限量開賣🔥 enews.tw/artic…,sweep_b2_hits.csv
2026-09-08_22-07-45,farm-enews,enews.tw,enews.tw,2025-04-12,https://www.threads.com/@enews.tw/post/DIVWnJQvosO,https://enews.tw/article/1248446?uid=990,,990,16.0,enews.tw,['farm-enews'],1,不要酒駕❗️不要上酒駕的車❗️不要跟會酒駕的人當朋友❗️ enews.tw/artic… 2 / 2,sweep_b2_hits.csv
2026-09-08_22-07-45,farm-enews,enews.tw,enews.tw,2025-04-11,https://www.threads.com/@enews.tw/post/DISj69fPvHR,https://enews.tw/article/1248406?uid=990,,990,48.0,enews.tw,['farm-enews'],1,這麼高齡還是別開車吧😱 enews.tw/artic…,sweep_b2_hits.csv
2026-09-08_22-07-45,farm-enews,enews.tw,enews.tw,2025-04-09,https://www.threads.com/@enews.tw/post/DION9aYT_dz,https://enews.tw/artic,,,0.0,enews.tw,['farm-enews'],1,enews.tw/artic… 2 / 2,sweep_b2_hits.csv
2026-09-08_22-07-45,farm-enews,enews.tw,enews.tw,2025-04-08,https://www.threads.com/@enews.tw/post/DILSLk_PVTl,https://enews.tw/post/DILSLk_PVTl,,,26.0,enews.tw,[],0,川普對中國喊話：不撤回34%關稅？那就加碼到104% 中國奉陪到底「出6招」反擊：禁進美電影、禽肉❌ 究竟～～美國這招有用還是會玩火自焚❓,sweep_b2_hits.csv
2026-09-08_22-07-45,farm-enews,enews.tw,enews.tw,2025-04-08,https://www.threads.com/@enews.tw/post/DILSRyiv2Y4,https://enews.tw/article/1248251?uid=990,,990,4.0,enews.tw,['farm-enews'],1,不怕川普課稅104%！中國喊話奉陪到底　6狠招反擊：禁進美電影、禽肉 enews.tw/artic… 2 / 2,sweep_b2_hits.csv
2026-09-08_22-07-45,farm-enews,enews.tw,enews.tw,2024-06-27,https://www.threads.com/@enews.tw/post/C8t5FlkSzhH,https://enews.tw/article/1231515?uid=990,,990,7.0,enews.tw,['farm-enews'],1,enews.tw/artic…,sweep_b2_hits.csv
2026-09-08_22-07-45,farm-enews,enews.tw,enews.tw,2025-03-28,https://www.threads.com/@enews.tw/post/DHvHay_PLCs,https://enews.tw/article/1247859?uid=990,,990,0.0,enews.tw,['farm-enews'],1,enews.tw/artic… 2 / 2,sweep_b2_hits.csv
2026-09-08_22-07-45,farm-enews,enews.tw,enews.tw,2025-03-28,https://www.threads.com/@enews.tw/post/DHue8FCPBLg,https://enews.tw/article/1247831?uid=990,,990,0.0,enews.tw,['farm-enews'],1,enews.tw/artic… 2 / 2,sweep_b2_hits.csv
2026-09-08_22-07-45,farm-enews,enews.tw,enews.tw,2025-03-26,https://www.threads.com/@enews.tw/post/DHqCoLRPSHl,https://enews.tw/article/1247768?uid=990,,990,0.0,enews.tw,['farm-enews'],1,enews.tw/artic… 2 / 2,sweep_b2_hits.csv
2026-09-08_22-07-45,farm-enews,enews.tw,enews.tw,2025-03-19,https://www.threads.com/@enews.tw/post/DHYKjLZvFmr,https://enews.tw/post/DHYKjLZvFmr,,,2000.0,enews.tw,[],0,主辦單位說「計劃不變，照常進行」 金秀賢見面會參加條件曝🌸,sweep_b2_hits.csv
2026-09-08_22-07-45,farm-enews,enews.tw,enews.tw,2025-03-25,https://www.threads.com/@enews.tw/post/DHng9RvP4QS,https://enews.tw/article/1247720?uid=990,,990,0.0,enews.tw,['farm-enews'],1,最新消息🔥金秀賢確定不來台灣了！！ enews.tw/artic…,sweep_b2_hits.csv
2026-09-08_22-07-45,farm-enews,enews.tw,enews.tw,2025-03-25,https://www.threads.com/@enews.tw/post/DHng1S4vpEi,https://enews.tw/post/DHng1S4vpEi,,,12.0,enews.tw,[],0,確定了🔥🔥🔥 金秀賢不來台灣了 演唱會、見面會通通取消❌,sweep_b2_hits.csv
2026-09-08_22-07-45,farm-enews,enews.tw,enews.tw,2025-03-25,https://www.threads.com/@enews.tw/post/DHng5wnvx-K,https://enews.tw/article/1247720?uid=990,,990,0.0,enews.tw,['farm-enews'],1,還是敵不過輿論壓力... enews.tw/artic… 2 / 2,sweep_b2_hits.csv
2026-09-08_22-07-45,farm-enews,enews.tw,enews.tw,2025-03-19,https://www.threads.com/@enews.tw/post/DHX0ctGv7zN,https://enews.tw/article/1247507?uid=990,,990,133.0,enews.tw,['farm-enews'],1,是三重客運265區間車！！ enews.tw/artic…,sweep_b2_hits.csv
2026-09-08_22-07-45,farm-enews,enews.tw,enews.tw,2025-03-19,https://www.threads.com/@enews.tw/post/DHYKmeCvrwE,https://enews.tw/article/1247522?uid=990,,990,15.0,enews.tw,['farm-enews'],1,enews.tw/artic…,sweep_b2_hits.csv
2026-09-08_22-07-45,farm-enews,enews.tw,enews.tw,2025-03-19,https://www.threads.com/@enews.tw/post/DHXRHIRvW9p,https://enews.tw/article/1247487?uid=990,,990,165.0,enews.tw,['farm-enews'],1,enews.tw/artic…,sweep_b2_hits.csv
2026-09-08_22-07-45,farm-enews,enews.tw,enews.tw,2025-03-19,https://www.threads.com/@enews.tw/post/DHX0ngKvTbe,https://enews.tw/article/1247507?uid=990,,990,3.0,enews.tw,['farm-enews'],1,是三重客運265區間車！！ enews.tw/artic…,sweep_b2_hits.csv
2026-09-08_22-07-45,farm-enews,enews.tw,enews.tw,2025-03-19,https://www.threads.com/@enews.tw/post/DHX0iqUvtso,https://enews.tw/article/1247507?uid=990,,990,24.0,enews.tw,['farm-enews'],1,是三重客運265區間車！！ enews.tw/artic…,sweep_b2_hits.csv
2026-09-08_22-07-45,farm-enews,enews.tw,enews.tw,2025-03-18,https://www.threads.com/@enews.tw/post/DHVcNuXvfeS,https://enews.tw/article/1247464?uid=990,,990,191.0,enews.tw,['farm-enews'],1,enews.tw/artic…,sweep_b2_hits.csv
2026-09-08_22-07-45,farm-enews,enews.tw,enews.tw,2025-03-18,https://www.threads.com/@enews.tw/post/DHVTNbwPGp2,https://enews.tw/article/1247460?uid=990,,990,0.0,enews.tw,['farm-enews'],1,Gold Medalist 官方聲明重點整理： 1️⃣ 關於第二次存證信函 本公司未曾要求金賽綸賠償任何損失，信函內容遭家屬曲解。 信函目的是法律說明，並表達願與金賽綸協商還款方式。 2024年4月1日，該筆債務正式列為呆帳，本公司未再催促還款。 2️⃣ 關於金賽綸 3 月 24 日的 SNS 貼文 照片發布時正值《淚,sweep_b2_hits.csv
2026-09-08_22-07-45,farm-enews,enews.tw,enews.tw,2025-03-18,https://www.threads.com/@enews.tw/post/DHVUKAAP_6G,https://enews.tw/article/1247449?uid=990,,990,0.0,enews.tw,['farm-enews'],1,張家寧聲明重點整理： 1️⃣YouTube頻道與公司成立背景 •2016年與王崇睿（Andy老師）共同創立「眾量級CROWD」頻道。 •2018年與曾淑惠成立「群海娛樂股份有限公司」，由曾淑惠擔任董事長，負責商業營運與財務管理。 •張家寧與Andy老師僅擔任公司董事，每月領取相同薪資及獎金。 2️⃣未參與公司營運，財務,sweep_b2_hits.csv
2026-09-08_22-07-45,farm-enews,enews.tw,enews.tw,2025-03-17,https://www.threads.com/@enews.tw/post/DHSrDqaP_cW,https://enews.tw/article/1247412?uid=990,,990,4.0,enews.tw,['farm-enews'],1,這是今天的連結！ enews.tw/artic…,sweep_b2_hits.csv
2026-09-08_22-07-45,farm-enews,enews.tw,enews.tw,2025-03-14,https://www.threads.com/@enews.tw/post/DHKh2VOvhzw,https://enews.tw/post/DHKh2VOvhzw,,,3.0,enews.tw,[],0,本計畫下週發表正式聲明 但因金秀賢身心狀況不穩緊急發布 坦承曾與金賽綸交往過‼️,sweep_b2_hits.csv
2026-09-08_22-07-45,farm-enews,enews.tw,enews.tw,2025-03-14,https://www.threads.com/@enews.tw/post/DHKh7czPDsK,https://enews.tw/article/1247346?uid=990,,990,1.0,enews.tw,['farm-enews'],1,只承認交往1年，否認未成年 enews.tw/artic… 2 / 2,sweep_b2_hits.csv
2026-09-08_22-07-45,farm-enews,enews.tw,enews.tw,2025-03-12,https://www.threads.com/@enews.tw/post/DHGB-OtvXbL,https://enews.tw/artic,,,1.0,enews.tw,['farm-enews'],1,裡面還有官兵的日記備稿跟反省書📄 enews.tw/artic… 2 / 2,sweep_b2_hits.csv
2026-09-08_22-07-45,farm-enews,enews.tw,enews.tw,2025-03-12,https://www.threads.com/@enews.tw/post/DHFiGt3PPH8,https://enews.tw/artic,,,5.0,enews.tw,['farm-enews'],1,網上流出最新照片了... enews.tw/artic…,sweep_b2_hits.csv
2026-09-08_22-07-45,farm-enews,enews.tw,enews.tw,2025-03-12,https://www.threads.com/@enews.tw/post/DHFiVPdP8kf,https://enews.tw/article/1247256?uid=990,,990,1.0,enews.tw,['farm-enews'],1,金秀賢親吻照流出！經紀公司沈默一晚「低調回4字」　品牌方開始切割 enews.tw/artic… 2 / 2,sweep_b2_hits.csv
2026-09-08_22-07-45,farm-enews,enews.tw,enews.tw,2025-03-12,https://www.threads.com/@enews.tw/post/DHFdEGSv9en,https://enews.tw/post/DHFdEGSv9en,,,26.0,enews.tw,[],0,這真的是台灣奇妙都市傳說😅 牛肉湯餃掛機車上被幹走 台中男被逮狡辯：很多人隨便拿，這很正常 ？？？？？,sweep_b2_hits.csv
2026-09-08_22-07-45,farm-enews,enews.tw,enews.tw,2025-03-12,https://www.threads.com/@enews.tw/post/DHFdGCVvUyl,https://enews.tw/artic,,,0.0,enews.tw,['farm-enews'],1,手機、錢包、鑰匙都不會被偷...如果是食物就不一樣了😅 enews.tw/artic… 2 / 2,sweep_b2_hits.csv
2026-09-08_22-07-45,farm-enews,enews.tw,enews.tw,2025-03-11,https://www.threads.com/@enews.tw/post/DHDkUcgPOqE,https://enews.tw/post/DHDkUcgPOqE,,,8.0,enews.tw,[],0,韓媒再爆金秀賢、金賽綸親密合照... 金賽綸生前求饒簡訊也曝光了😲😲😲😲 金秀賢金賽綸 圖／翻攝自橫豎研究所 YT,sweep_b2_hits.csv
2026-09-08_22-07-45,farm-enews,enews.tw,enews.tw,2025-03-11,https://www.threads.com/@enews.tw/post/DHDkaYVv5cb,https://enews.tw/artic,,,0.0,enews.tw,['farm-enews'],1,這下... enews.tw/artic… 2 / 2,sweep_b2_hits.csv
2026-09-08_22-07-45,farm-enews,enews.tw,enews.tw,2025-03-11,https://www.threads.com/@enews.tw/post/DHDgNVoPZ_3,https://enews.tw/article/1247228?uid=990,,990,0.0,enews.tw,['farm-enews'],1,還有限量小卡❗️ enews.tw/artic… 2 / 2,sweep_b2_hits.csv
2026-09-08_22-07-45,farm-enews,enews.tw,enews.tw,2025-03-05,https://www.threads.com/@enews.tw/post/DG0AU93v1LP,https://enews.tw/post/DG0AU93v1LP,,,2.0,enews.tw,[],0,王大陸出事 他應該是最大受害者吧😅 出道作品再-1 😭😭😭 圖／翻攝自微博,sweep_b2_hits.csv
2026-09-08_22-07-45,farm-enews,enews.tw,enews.tw,2025-03-05,https://www.threads.com/@enews.tw/post/DG0AczUPPnS,https://enews.tw/artic,,,0.0,enews.tw,['farm-enews'],1,中國娛樂圈未解之謎... enews.tw/artic… 2 / 2,sweep_b2_hits.csv
2026-09-08_22-07-45,farm-enews,enews.tw,enews.tw,2025-03-05,https://www.threads.com/@enews.tw/post/DGzV1UPvZ6A,https://enews.tw/post/DGzV1UPvZ6A,,,35.0,enews.tw,[],0,騎士被撞飛重摔落地 「頭部重創」送醫搶救1小時不治,sweep_b2_hits.csv
2026-09-08_22-07-45,farm-enews,enews.tw,enews.tw,2025-03-05,https://www.threads.com/@enews.tw/post/DGzV3TaPtg7,https://enews.tw/article/1246992?uid=990,,990,0.0,enews.tw,['farm-enews'],1,enews.tw/artic… 2 / 2,sweep_b2_hits.csv
2026-09-08_22-07-45,farm-enews,enews.tw,enews.tw,2025-02-27,https://www.threads.com/@enews.tw/post/DGkNhzpvl4R,https://enews.tw/article/1246832?uid=990,,990,3.0,enews.tw,['farm-enews'],1,當事夫妻到案了❗️認：一時興起 enews.tw/artic…,sweep_b2_hits.csv
2026-09-08_22-07-45,farm-enews,enews.tw,enews.tw,2025-02-26,https://www.threads.com/@enews.tw/post/DGh34EuvfvM,https://enews.tw/article/1246792?uid=990,,990,0.0,enews.tw,['farm-enews'],1,enews.tw/artic… 2 / 2,sweep_b2_hits.csv
2026-09-08_22-07-45,farm-enews,enews.tw,enews.tw,2025-02-26,https://www.threads.com/@enews.tw/post/DGhlIQ3vtom,https://enews.tw/article/1246780?uid=990,,990,0.0,enews.tw,['farm-enews'],1,enews.tw/artic…,sweep_b2_hits.csv
2026-09-08_22-07-45,farm-enews,enews.tw,enews.tw,2025-02-24,https://www.threads.com/@enews.tw/post/DGctg6RPhRv,https://enews.tw/article/1246660?uid=990,,990,0.0,enews.tw,['farm-enews'],1,enews.tw/artic… 2 / 2,sweep_b2_hits.csv
2026-09-08_22-07-45,farm-enews,enews.tw,enews.tw,2025-02-21,https://www.threads.com/@enews.tw/post/DGUuwfOPiX9,https://enews.tw/article/1246586?uid=990,,990,2.0,enews.tw,['farm-enews'],1,★《ENews》提醒您 飲酒過量，有害健康 開車不喝酒，酒後不開車。 enews.tw/artic… 2 / 2,sweep_b2_hits.csv
2026-09-08_22-07-45,farm-enews,enews.tw,enews.tw,2025-02-20,https://www.threads.com/@enews.tw/post/DGSRl1BPjH3,https://enews.tw/article/1246550?uid=990,,990,2.0,enews.tw,['farm-enews'],1,enews.tw/artic… 2 / 2,sweep_b2_hits.csv
2026-09-08_22-07-45,farm-enews,enews.tw,enews.tw,2025-02-19,https://www.threads.com/@enews.tw/post/DGPVVWQvF2Z,https://enews.tw/article/1246501?uid=990,,990,1.0,enews.tw,['farm-enews'],1,enews.tw/artic… 2 / 2,sweep_b2_hits.csv
2026-09-08_22-07-45,farm-enews,enews.tw,enews.tw,2025-02-18,https://www.threads.com/@enews.tw/post/DGMrxz2Pcpf,https://enews.tw/article/1246445?uid=990,,990,0.0,enews.tw,['farm-enews'],1,enews.tw/artic… 2 / 2,sweep_b2_hits.csv
2026-09-08_22-07-45,farm-enews,enews.tw,enews.tw,2025-02-17,https://www.threads.com/@enews.tw/post/DGKFbuJvaTI,https://enews.tw/artic,,,312.0,enews.tw,['farm-enews'],1,enews.tw/artic…,sweep_b2_hits.csv
2026-09-08_22-07-45,farm-enews,enews.tw,enews.tw,2025-02-17,https://www.threads.com/@enews.tw/post/DGK0BHdvSHI,https://enews.tw/article/1246425?uid=990,,990,177.0,enews.tw,['farm-enews'],1,enews.tw/artic…,sweep_b2_hits.csv
2026-09-08_22-07-45,farm-enews,enews.tw,enews.tw,2025-02-17,https://www.threads.com/@enews.tw/post/DGKjWS8PP7s,https://enews.tw/article/1246410?uid=990,,990,0.0,enews.tw,['farm-enews'],1,肯德基優惠↓↓ enews.tw/artic… 繼光香香雞優惠↓↓ enews.tw/artic… 2 / 2,sweep_b2_hits.csv
2026-09-08_22-07-45,cand-docilepuppy,itigeryou.com,leealy796,2026-03-14,https://www.threads.com/@leealy796/post/DV4f71nkv_T,https://itigeryou.com/doc_bk9HT0licktKZE1XQ2ZKRDltR0liUT09,threads9656,,0.0,itigeryou.com,['cand-docilepuppy'],1,這下真的慌了！  不是趙露思反擊了，而是王晶說的「1句話」徹底揭了銀河酷娛「老底」，一針見血！ itigeryou.com/doc_b… 2 / 2,sweep_b2_hits.csv
2026-09-08_22-07-45,cand-docilepuppy,itigeryou.com,leealy796,2026-02-16,https://www.threads.com/@leealy796/post/DUz0hVOE4Cw,https://itigeryou.com/doc_QkRMSFp1MkVoVVZnNHoxWFk3ZmRBZz09,threads9656,,0.0,itigeryou.com,['cand-docilepuppy'],1,萬萬沒想到！許凱事件「再次升級」，最害怕的不是許凱本人，也不是于正，而是周也！ itigeryou.com/doc_Q… 2 / 2,sweep_b2_hits.csv
2026-09-08_22-07-45,cand-docilepuppy,itigeryou.com,leealy796,2026-02-01,https://www.threads.com/@leealy796/post/DUNFJSKEgn8,https://itigeryou.com/doc_QkRMSFp1MkVoVVh6aDBZUElnNjRzdz09,threads9656,,0.0,itigeryou.com,['cand-docilepuppy'],1,萬萬沒想到！許凱事件「再次升級」，最害怕的不是許凱本人，也不是于正，而是周也！ itigeryou.com/doc_Q… 2 / 2,sweep_b2_hits.csv
2026-09-08_22-07-45,cand-docilepuppy,itigeryou.com,dison26475,2026-01-16,https://www.threads.com/@dison26475/post/DTk6ZfOEulF,https://itigeryou.com/doc_cEUwUElWUW5aVDB3VmtISU85RU9SUT09,threads14074,,0.0,itigeryou.com,['cand-docilepuppy'],1,太酷！趙露思攜新歌霸榜，從內娛殺回來了！網友：真的活成了許妍 itigeryou.com/doc_c… 2 / 2,sweep_b2_hits.csv
2026-09-08_22-07-45,cand-docilepuppy,itigeryou.com,dison26475,2026-01-04,https://www.threads.com/@dison26475/post/DTF2XzzEvqF,https://itigeryou.com/doc_cEUwUElWUW5aVDB3VmtISU85RU9SUT09,threads14074,,0.0,itigeryou.com,['cand-docilepuppy'],1,太酷！趙露思攜新歌霸榜，從內娛殺回來了！網友：真的活成了許妍 itigeryou.com/doc_c… 2 / 2,sweep_b2_hits.csv
2026-09-08_22-07-45,cand-docilepuppy,itigeryou.com,leealy796,2025-10-28,https://www.threads.com/@leealy796/post/DQVcKoXkn3v,https://itigeryou.com/doc_QkRMSFp1MkVoVVh6aDBZUElnNjRzdz09,threads9656,,0.0,itigeryou.com,['cand-docilepuppy'],1,萬萬沒想到！許凱事件「再次升級」，最害怕的不是許凱本人，也不是于正，而是周也！ itigeryou.com/doc_Q… 2 / 2,sweep_b2_hits.csv
2026-09-08_22-07-45,cand-docilepuppy,itigeryou.com,leealy796,2025-09-18,https://www.threads.com/@leealy796/post/DOu6Dv8kjkI,https://itigeryou.com/doc_QmlWQnF1ZkhKK0VVdEYyTWs3aTVaQT09,threads9656,,0.0,itigeryou.com,['cand-docilepuppy'],1,拋妻棄子入籍英國！68歲老戲骨「孤身一人坐輪椅」傷害多名女星「風流內幕曝光」網嘆：都是報應 itigeryou.com/doc_Q… 2 / 2,sweep_b2_hits.csv
2026-09-08_22-07-45,cand-docilepuppy,itigeryou.com,yejemav128,2025-09-16,https://www.threads.com/@yejemav128/post/DOqdLc8ktS_,https://itigeryou.com/doc_V05DQ1RnNWd5NERpNWMzSkNNQ2xiZz09,threads4397,,0.0,itigeryou.com,['cand-docilepuppy'],1,萬萬沒想到！原來成毅才是「真正的聰明人」！于朦朧當初要是像成毅，也就不會這樣了~ itigeryou.com/doc_V… 2 / 2,sweep_b2_hits.csv
2026-09-08_22-07-45,cand-docilepuppy,itigeryou.com,hemiho4545,2025-09-16,https://www.threads.com/@hemiho4545/post/DOqWQa9Eqf_,https://itigeryou.com/doc_V05DQ1RnNWd5NERpNWMzSkNNQ2xiZz09,threads4423,,0.0,itigeryou.com,['cand-docilepuppy'],1,萬萬沒想到！原來成毅才是「真正的聰明人」！于朦朧當初要是像成毅，也就不會這樣了~ itigeryou.com/doc_V… 2 / 2,sweep_b2_hits.csv
2026-09-08_22-07-45,cand-docilepuppy,itigeryou.com,doushijiahao265,2025-09-16,https://www.threads.com/@doushijiahao265/post/DOqLA07EUMs,https://itigeryou.com/doc_dlZNd3dqT0ZuZytqZmthM1pwQUk4Zz09,threads5248,,0.0,itigeryou.com,['cand-docilepuppy'],1,眼神兒騙不了人！回看馬天宇和于朦朧參加快本同框，眼尖網友發現「1個驚人細節」：早已暴露「殘酷真相」 itigeryou.com/doc_d… 2 / 2,sweep_b2_hits.csv
2026-09-08_22-07-45,cand-docilepuppy,itigeryou.com,mariakeppel8,2025-09-11,https://www.threads.com/@mariakeppel8/post/DOc-Tc6kuDP,https://itigeryou.com/doc_U3RKaGFybnkrb2x5TEhsMHZyc0tZZz09,threads9603,,0.0,itigeryou.com,['cand-docilepuppy'],1,她長得太美被導演「據為己有」，同居27年沒證沒娃，63歲不治身亡 itigeryou.com/doc_U… 2 / 2,sweep_b2_hits.csv
2026-09-08_22-07-45,cand-docilepuppy,itigeryou.com,summer_699,2025-07-09,https://www.threads.com/@summer_699/post/DL5f4qUTN5C,https://itigeryou.com/doc_MXRBTVFMOVZ2R1pkM25jWHI3eGc5Zz09,,,0.0,itigeryou.com,['cand-docilepuppy'],1,昔日「古裝男神」今成「基層干部」，胡歌滿臉胡須大變樣，模樣滄桑認不出 itigeryou.com/doc_M…,sweep_b2_hits.csv
2026-09-08_22-07-45,cand-docilepuppy,itigeryou.com,ksxyiy,2025-06-09,https://www.threads.com/@ksxyiy/post/DKqhosdTohX,https://itigeryou.com/doc_RUJ4cWxSRUgvZFZwZHlBa2diTGRZZz09,threads7482,,0.0,itigeryou.com,['cand-docilepuppy'],1,離婚一年半，再看官宣喜訊的章子怡，已是汪峰「高攀不起」的存在 itigeryou.com/doc_R… 2 / 2,sweep_b2_hits.csv
2026-09-08_22-07-45,cand-docilepuppy,itigeryou.com,ksxyiy,2025-06-08,https://www.threads.com/@ksxyiy/post/DKn9G5IT6cb,https://itigeryou.com/doc_VENkS0gxaEM3WTJ0aTZ5Tkw4Q2dmZz09,threads7482,,0.0,itigeryou.com,['cand-docilepuppy'],1,​​同樣彎腰防走光！楊穎、楊冪、熱巴小心翼翼，柳巖自然大方引圍觀：這差距太直觀​​ itigeryou.com/doc_V… 2 / 2,sweep_b2_hits.csv
2026-09-08_22-07-45,cand-singles,chinanewscenter.com,chinesehotnews,2026-09-08,https://www.threads.com/@chinesehotnews/post/DdBCE8gFjWk,https://chinanewscenter.com/archives/61507,,,0.0,chinanewscenter.com,['cand-singles'],1,宗馥莉老公是李继耐儿子李磊，有两个儿子；李磊被习近平逼出家当和尚 chinanewscenter.com/archi…,sweep_b2_hits.csv
2026-09-08_22-07-45,cand-singles,chinanewscenter.com,chinesehotnews,2026-09-08,https://www.threads.com/@chinesehotnews/post/DdA_HEQEcfZ,https://chinanewscenter.com/archives/61484,,,1.0,chinanewscenter.com,['cand-singles'],1,三任是封控，这次是什么？习近平为连任要搞乱中国，李强王小洪何立峰蔡奇等将接连出手 李强：闭关锁国的出入境条理 何立峰：国防动员司 王小洪很快将行动，国内将爆炸四起。 当北京街头布满武警和铁丝网、军队内部暗流涌动的时候，中共的文职官僚系统也没有闲着，他们正在法律和行政体系上为一场极端状态做最后的准备。（何立峰指挥马仔干的,sweep_b2_hits.csv
2026-09-08_22-07-45,cand-singles,chinanewscenter.com,chinesehotnews,2026-09-08,https://www.threads.com/@chinesehotnews/post/DdA7_B7lful,https://chinanewscenter.com/archives/61457,,,0.0,chinanewscenter.com,['cand-singles'],1,或引发战争？加中秘密军谈曝光 川普怒捶加拿大！ 饱受外界质疑签署中加联合执法协议的加拿大，与中共军方重启了中断八年的防务对话，表达了加强两军交流合作的意愿。值得注意的是，这次对话是以不太正常的渠道传播出来的。 据中共国防部官网消息，中加第五次国防部工作会晤于星期五（9月4号）在加拿大举行，双方就共同关心的国际和地区问题,sweep_b2_hits.csv
2026-09-08_22-07-45,cand-singles,chinanewscenter.com,chinesehotnews,2026-09-07,https://www.threads.com/@chinesehotnews/post/Dc-fYq1nM3x,https://chinanewscenter.com/archives/61433,,,0.0,chinanewscenter.com,['cand-singles'],1,人民日报： 胡锦涛决定把现任的七个常委通通干掉、全部撤换 现在的中共内部，也正演着一出同样的戏。大家都知道习近平确定要下台，虽然还没有正式官宣，但这里面可以操作的空间实在太多了。当你掌握了中共内部的重要消息，无论级别高低，都能借机搞出不少动作。 绍兴水乡的“葫芦爷”与《人民日报》的微言大义 这两天，绍兴景区一户零河而居,sweep_b2_hits.csv
2026-09-08_22-07-45,cand-singles,chinanewscenter.com,chinesehotnews,2026-09-07,https://www.threads.com/@chinesehotnews/post/Dc-JllLAL3E,https://chinanewscenter.com/archives/61427,,,1.0,chinanewscenter.com,['cand-singles'],1,"Dexit, 德国要离开，欧盟将不复存在！ 德国选择党（AfD）在德国政坛快速崛起之际，党主席爱丽丝・魏德尔（Alice Weidel）有关欧盟、欧元和边境政策的强硬立场再次成为焦点。 9月6日，社交媒体X上一段有关魏德尔的视频被大量转发。一则英文帖子甚至宣称，魏德尔已经宣布，一旦AfD赢得“即将举行的选举”，就将“废",sweep_b2_hits.csv
2026-09-08_22-07-45,cand-singles,chinanewscenter.com,chinesehotnews,2026-09-07,https://www.threads.com/@chinesehotnews/post/Dc-HVEwFnPB,https://chinanewscenter.com/archives/61410,,,1.0,chinanewscenter.com,['cand-singles'],1,龚正辞职 朱忠明任上海代理市长 分析：习憎恨年轻干部 日前，龚正辞去上海市市长职务，朱忠明出任上海市副市长、代理市长。陆媒称，朱忠明是中共官场第二年轻的省级政府“一把手”。近日，中共党媒发文批评年轻干部。习近平也曾说，“年轻干部......不能像储君一样供在那里坐等提拔。”分析指，这表明习憎恨被传为“接班人”的中共高官,sweep_b2_hits.csv
2026-09-08_22-07-45,cand-singles,chinanewscenter.com,chinesehotnews,2026-09-06,https://www.threads.com/@chinesehotnews/post/Dc9frfpgejv,https://chinanewscenter.com/archives/61394,,,3.0,chinanewscenter.com,['cand-singles'],1,枪弹分离是为了防止士兵造反，但控制不了军队拿到枪炮 墙外宣传的“中共军队因为枪弹分离制度而无法造反”云云，对于大战区级别来说根本就不是问题，实际上对于集团军级别来说也不是问题。 枪弹分离并不是为了防止军队造反，而是为了防止再次出现1994年的“建国门事件”。当时北京卫戍区的一个副连长田明建，因为第一胎是女儿，妻子偷偷怀,sweep_b2_hits.csv
2026-09-08_22-07-45,cand-singles,chinanewscenter.com,chinesehotnews,2026-09-06,https://www.threads.com/@chinesehotnews/post/Dc9ZMi9gX52,https://chinanewscenter.com/archives/61386,,,6.0,chinanewscenter.com,['cand-singles'],1,北京卫戍区司令陈源已经被军纪委拿下！调查李克强之死 在今年1月张又侠、刘振立被习近平集团刺杀之前，虽然蔡奇作为中办主任名义上领导中央警卫局，但刘振立作为中央军委联合参谋长，实际上统一指挥着北京卫戍区部队和中央警卫局，并且还有38军特战旅常年驻守在北京西山，所以张又侠、刘振立当时有恃无恐。 去年10月中共四中全会期间，张,sweep_b2_hits.csv
2026-09-08_22-07-45,cand-singles,chinanewscenter.com,chinesehotnews,2026-09-05,https://www.threads.com/@chinesehotnews/post/Dc7Lr8-HE71,https://chinanewscenter.com/archives/61348,,,1.0,chinanewscenter.com,['cand-singles'],1,共享丈夫6年！双胞胎姊妹吐心声 世界上有许多双胞胎感情好到分享生活中的一切，但巴西有一对双胞胎姊妹，不仅同住一个屋檐下，甚至还“共享同一个丈夫”!这起奇特的婚姻关系近日在网络引发热议，面对外界的批评与酸言酸语，姊妹俩也亲自出面捍卫她们不寻常的幸福生活。 据外媒《The Sun》报道，巴西35岁双胞胎姊妹莱拉(Laila,sweep_b2_hits.csv
2026-09-08_22-07-45,cand-singles,chinanewscenter.com,chinesehotnews,2026-09-05,https://www.threads.com/@chinesehotnews/post/Dc6--PFlcCf,https://chinanewscenter.com/archives/61330,,,3.0,chinanewscenter.com,['cand-singles'],1,钟绍军是习近平家臣，深得彭丽媛习明泽喜欢！ 咱们再回头看看8月底那场震动政坛的调动——全国人大常委会免去了张又侠、刘振立的人大代表资格，同时也免去了钟绍军的人大代表资格。 结果网上一堆“舔习博主”又开始带节奏，强行把钟绍军说成是张又侠的人马，甚至编造出所谓“钟绍军背叛习近平投靠张又侠”的狗血剧。这简直就是颠倒黑白！ 钟,sweep_b2_hits.csv
2026-09-08_22-07-45,cand-singles,chinanewscenter.com,chinesehotnews,2026-09-05,https://www.threads.com/@chinesehotnews/post/Dc6zvn-GDI6,https://chinanewscenter.com/archives/61321,,,1.0,chinanewscenter.com,['cand-singles'],1,何立峰滞留中纪委被中纪委调查 胡春华坚持要清算习集团，这正好说出了中共军方的心声。 胡锦涛因为胜券在握，才会让温家宝按照组织程序进行“文斗”解决。假如中共五中全会上以温家宝的方式解决不了，胡锦涛就会让胡春华以“武斗”的方式解决。 习近平福建帮的财务总管何立峰，此前没有出席在美国召开的二十国集团（G20）财长会议。实际上,sweep_b2_hits.csv
2026-09-08_22-07-45,cand-singles,chinanewscenter.com,chinesehotnews,2026-09-05,https://www.threads.com/@chinesehotnews/post/Dc6groEkQlj,https://chinanewscenter.com/archives/61312,,,2.0,chinanewscenter.com,['cand-singles'],1,副部级干部杜尚泽，系习近平与中国一级女星演员杜宁林私生女 据悉，中国最年轻80后女性副部级干部杜尚泽，系习近平与中国一级女星演员杜宁林私生女，单从五官、形态、中国政府体制链此信息可信度颇高。 据悉，中国最年轻80后女性副部级干部杜尚泽，系习近平与中国一级女星演员杜宁林私生女，单从五官、形态、中国政府体制链此信息可信度颇,sweep_b2_hits.csv
2026-09-08_22-07-45,cand-singles,chinanewscenter.com,chinesehotnews,2026-09-05,https://www.threads.com/@chinesehotnews/post/Dc49XQxkR2E,https://chinanewscenter.com/archives/61302,,,0.0,chinanewscenter.com,['cand-singles'],1,"习近平埃及之行出大包？欢迎中华民国总统到访 习近平埃及之行出大包？一块看板意外引爆网络!出大包？习近平出访埃及看板阿拉伯文竟写“欢迎中华民国总统” 阿波罗网王笃若报导/习近平埃及之行出大包？一块看板意外引爆网络! 一块高速公路欢迎看板，硬生生把习近平这场""国事访问""变成了大型认知失调现场。 美联社实拍照片显示，埃及一块",sweep_b2_hits.csv
2026-09-08_22-07-45,cand-singles,chinanewscenter.com,chinesehotnews,2026-09-04,https://www.threads.com/@chinesehotnews/post/Dc4YSw_mj4v,https://chinanewscenter.com/archives/61274,,,12.0,chinanewscenter.com,['cand-singles'],1,胡锦涛自责：自己和江泽民要求习下李上害死了李克强！从没想过习近平用暗杀对付党内同志 对于具体的处理张又侠、刘振立案件，中共元老并没有达成共识。当时俞正声还对曾庆红强调：“活要见人，死要见尸。” 8月底，中共保守派主导的人大常委会突然免去了张又侠、刘振立的中央军委职务和人大代表资格，并没有提前和党中央决策议事协调机构打招,sweep_b2_hits.csv
2026-09-08_22-07-45,cand-singles,chinanewscenter.com,chinesehotnews,2026-09-04,https://www.threads.com/@chinesehotnews/post/Dc2yJ4Ilf1_,https://chinanewscenter.com/archives/61258,,,4.0,chinanewscenter.com,['cand-singles'],1,打脸习近平，普京偏偏提了令习政府羞耻的三件事 日前在吉尔吉斯斯坦比什凯克举行的上合峰会期间，中俄双边会谈中，据克里姆林宫公布记录及法广等媒体转述，俄罗斯总统普京开口便点出三件事，先向西藏泥石流遇难者家属致哀，再提议把中俄免签做成永久安排，接着再次公开感谢江泽民出卖国土给俄罗斯。而后中共官媒新华社发出的正式电讯，把这三段,sweep_b2_hits.csv
2026-09-08_22-07-45,cand-singles,chinanewscenter.com,chinesehotnews,2026-09-04,https://www.threads.com/@chinesehotnews/post/Dc2vE2flZbg,https://chinanewscenter.com/archives/61233,,,0.0,chinanewscenter.com,['cand-singles'],1,不是冰川崩塌，最新影像曝西藏泥石流的真正原因：人类爆破震裂基岩！ 尼泊尔与中国近期发生严重洪灾造成重大死伤，灾害成因也受关注。根据分析师Jose Gefaell 发布的 X 贴文，最新无人机影像及卫星资料显示，事发地点疑似并非单纯的“冰川崩塌”，而是冰川下方的山体基岩先发生大规模崩塌，进而牵动上方部分冰川一同滑落，最终,sweep_b2_hits.csv
2026-09-08_22-07-45,cand-singles,chinanewscenter.com,chinesehotnews,2026-09-04,https://www.threads.com/@chinesehotnews/post/Dc2uYxOFeeE,https://chinanewscenter.com/archives/61225,,,0.0,chinanewscenter.com,['cand-singles'],1,画面流出！习念小本本 蔡奇王毅满脸不屑 习近平这次出访，又有画面引发外界热议。 8月30日，习近平飞抵吉尔吉斯斯坦，出席2026年上海合作组织峰会。就在习近平夫妇走下飞机的过程中，一段约17秒的外媒原始画面，在央视报道中被一刀切，随后却在海外社交平台流传，并迅速引发逐帧解读。 更有意思的是，8月31日峰会现场，又出现了,sweep_b2_hits.csv
2026-09-08_22-07-45,cand-singles,chinanewscenter.com,chinesehotnews,2026-09-04,https://www.threads.com/@chinesehotnews/post/Dc2aTcmkcWl,https://chinanewscenter.com/archives/61214,,,0.0,chinanewscenter.com,['cand-singles'],1,花甲少年中科院院士陈国强，淫乱海南医科大学纪实 有人举报海南医科大学校长和本校至少四个女性发生过不正当关系。就其叙述来看，这简直是一部《淫乱校园》连续剧，在祖国大陆当校长真的是极端的性福，极端的安逸，极端的巴适。 花甲少年中科院院士陈国强，大学校长淫乱海南医科大学纪实 标题：海南特大新闻：下面的内容句句属实，请大家拍照,sweep_b2_hits.csv
2026-09-08_22-07-45,cand-singles,chinanewscenter.com,chinesehotnews,2026-09-04,https://www.threads.com/@chinesehotnews/post/Dc2LGeskZ_O,https://chinanewscenter.com/archives/61205,,,2.0,chinanewscenter.com,['cand-singles'],1,不会英语的袁腾飞天命之年出走美国，中国爆名人出走潮 据说老袁，8月26号已经到了美国了，具体的落脚地点是在美国的德州。 今天才把照片和信息向全网公布。 袁腾飞的英语水平极差，正是因为英语水平的限制，才导致他迟迟不敢动身。 他是1972年2月9号出生，今年刚满54岁。 50岁属于是知天命的年龄，就这样，就这么突然想不开，,sweep_b2_hits.csv
2026-09-08_22-07-45,cand-singles,chinanewscenter.com,chinesehotnews,2026-09-03,https://www.threads.com/@chinesehotnews/post/Dcz4zvvlkXO,https://chinanewscenter.com/archives/61196,,,2.0,chinanewscenter.com,['cand-singles'],1,灯下母亲泣血写信给远方儿子：别回来！闯天下 这是近日内地流传甚广的一个留学生妈妈给儿子的信，千言万语告诉儿子一句话，“别回来”，引发网友热烈讨论。 有网友评论称：告诉他不要选故土，要选沃土。不要想着落叶归根，要学着落地生根。 故乡，不过是祖先流浪的最后一站，如果已经乌烟瘴气，就不必挂念，哪里有利于你，哪里就是你的故乡。,sweep_b2_hits.csv
2026-09-08_22-07-45,cand-singles,chinanewscenter.com,chinesehotnews,2026-09-03,https://www.threads.com/@chinesehotnews/post/DczqSjsgGwp,https://chinanewscenter.com/archives/61189,,,7.0,chinanewscenter.com,['cand-singles'],1,张又侠、刘振力被正式免职之后，习近平突然密集出访; 解放军气炸了！ 北戴河会议结束后，习近平先是高调纪念江泽民。8 月 28 日，全国人大常委会正式终止张又侠、刘振力两人的人大代表资格，同时免去二人在国家中央军委的职务。 仅仅两天之后，习近平离开北京，开启一连串密集外交行程。按照目前披露的安排： 习近平先参加上合组织峰,sweep_b2_hits.csv
2026-09-08_22-07-45,cand-singles,chinanewscenter.com,chinesehotnews,2026-09-01,https://www.threads.com/@chinesehotnews/post/Dcwj-a8mKbm,https://chinanewscenter.com/archives/61145,,,1.0,chinanewscenter.com,['cand-singles'],1,建制派内部撕裂，改革派要依法治国，保守派坚决不愿意清算！ 随着习近平在中共二十大上非法连任，并涉嫌暗杀及实施个人独裁倒行逆施，中共元老们对于“逼迫习近平下台”这一诉求，在目标上是一致且毫无异议的。然而，在如何处理习近平夫妇的问题上，内部却产生了严重的分歧。 习近平作为中共第五代领导人，中共保守派因担心动摇中共的统治根基,sweep_b2_hits.csv
2026-09-08_22-07-45,cand-singles,chinanewscenter.com,chinesehotnews,2026-09-01,https://www.threads.com/@chinesehotnews/post/Dcu5ZXunGMn,https://chinanewscenter.com/archives/61113,,,1.0,chinanewscenter.com,['cand-singles'],1,"胡春华坚持清算，保守派很可能同意李强任总书记的主张 在中共五中全会召开前，李强取代习近平在黑龙江调研并大谈粮食安全，和他的小弟朱忠明接任上海市市长一职。预示著李强地位的提升。 8月24日至26日，中共总理李强赴黑龙江、吉林调研，走访北大荒农场、万亩水稻田、农科院，大谈粮食安全是""国之大者""，""中国人的饭碗任何时候都要牢",sweep_b2_hits.csv
2026-09-08_22-07-45,cand-singles,chinanewscenter.com,chinesehotnews,2026-09-01,https://www.threads.com/@chinesehotnews/post/Dcu3A1LEWzp,https://chinanewscenter.com/archives/61105,,,6.0,chinanewscenter.com,['cand-singles'],1,“羞辱习主席、践踏习主席”！习近平遭遇解放军强烈抵抗甚至要造反 中共当局终于近日宣布，免去中央军委副主席张又侠和中央军委委员刘振立的职务。同时，被外界视为习近平在军队系统中的重要亲信的钟绍军也被官宣免职。专家分析，中共军队中已没有可以服众的军头，习近平虽有权力，却指挥不动军队，将面临军队的软抵抗。 中共当局终于近日宣布,sweep_b2_hits.csv
2026-09-08_22-07-45,cand-singles,chinanewscenter.com,chinesehotnews,2026-09-01,https://www.threads.com/@chinesehotnews/post/Dcu1xNTDq2U,https://chinanewscenter.com/archives/61098,,,3.0,chinanewscenter.com,['cand-singles'],1,官媒被抓包偷改名单！政治局24人剩21人 中共军方与高层人事大清洗风暴急遽扩大，甚至直接撼动了中共最高权力核心。香港《明报》与外媒披露，官媒《新华网》的领导机构名单近日悄悄遭到修改，原本由24人组成的中共中央政治局已被砍到只剩21人，前军委副主席张又侠等人已遭除名；预计将于10月召开的中共二十届五中全会，恐将一口气开除,sweep_b2_hits.csv
2026-09-08_22-07-45,cand-singles,chinanewscenter.com,chinesehotnews,2026-08-31,https://www.threads.com/@chinesehotnews/post/DcuD95VGCRT,https://chinanewscenter.com/archives/61089,,,4.0,chinanewscenter.com,['cand-singles'],1,中共《国防动员法》“抢劫法”出台 按：这是一场邪恶的计划，从三年疫情封控到《国防动员法》大修：一场以“备战”为幌子、实施关门抢劫与极权复辟的终极剧本开始了。 2026年8月28日，中共人大常委会表决通过了新修订《国防动员法》，新法将于2026年10月1日起施行。引发全网对“即将打仗、强制征兵、征用私产”的极度恐慌。 《,sweep_b2_hits.csv
2026-09-08_22-07-45,cand-singles,chinanewscenter.com,chinesehotnews,2026-08-31,https://www.threads.com/@chinesehotnews/post/DctnvNKmxHV,https://chinanewscenter.com/archives/61065,,,2.0,chinanewscenter.com,['cand-singles'],1,重返新加坡! 中国富豪急寻退路，香港已被抛弃 根据美国消费者新闻与商业频道（CNBC）记者李颖珊（Lee Ying Shan）报道，先前因新加坡监管趋严而将目光转向香港、杜拜与东京的中国富裕阶层，如今部分人正重新考虑新加坡。这项资产配置方向的逆转，正值北京大幅加强对中国居民海外财富与所得的税务审查之际，加上地缘政治、安,sweep_b2_hits.csv
2026-09-08_22-07-45,cand-singles,chinanewscenter.com,chinesehotnews,2026-08-31,https://www.threads.com/@chinesehotnews/post/DcsTqkOFauh,https://chinanewscenter.com/archives/61031,,,3.0,chinanewscenter.com,['cand-singles'],1,张又侠被罢免人大代表职务后，为防军人造反！北京街头聚集众多武警 在张又侠被罢免人大代表职务并被免职后，网上突然传出北京街头在夜色中行走众多军人的视频，也引发外界猜测。军人已经明确表示不满，不再听从习近平调遣。 张又侠被免职后 传北京街头聚集众多军人 时评人向阳在X平台的贴文中写道：“也许（习近平）总是觉得身边人拉帮结派,sweep_b2_hits.csv
2026-09-08_22-07-45,cand-singles,chinanewscenter.com,chinesehotnews,2026-08-30,https://www.threads.com/@chinesehotnews/post/DcpvGxflR-r,https://chinanewscenter.com/archives/60993,,,2.0,chinanewscenter.com,['cand-singles'],1,明知处理张又侠、刘振立会激怒解放军，曾庆红赵乐际图的是什么？ 2026年8月28日，全国人大常委会发布官方公告，宣布撤销张又侠中央军委副主席职务、消除刘振立中央军委委员职务，并同时终止两人的全国人大代表资格。外界分析指出，这份公告不仅是政治职务的剥夺，更是一张隐形的“死亡处理单”。 按照建制内保守派以往的惯例，若高层人,sweep_b2_hits.csv
2026-09-08_22-07-45,cand-singles,chinanewscenter.com,chinesehotnews,2026-08-30,https://www.threads.com/@chinesehotnews/post/DcpsjQlkZMh,https://chinanewscenter.com/archives/60984,,,1.0,chinanewscenter.com,['cand-singles'],1,人民网讽刺李克强：把连锁店改成村头小卖部！ 中国经济乏善可陈，今年增长速度是负10%。别相信中国国家统计局周三（7月15日）公布的增长4.3%的鬼话。 中国国家统计局周三（7月15日）公布，今年第二季度的经济增长显著放缓至4.3%。 这个数字低于全年经济增长目标，创下自2022年第四季以来的新低，也比今年第一季的5%大,sweep_b2_hits.csv
2026-09-08_22-07-45,cand-singles,chinanewscenter.com,chinesehotnews,2026-08-30,https://www.threads.com/@chinesehotnews/post/DcprL0wEXm8,https://chinanewscenter.com/archives/60976,,,35.0,chinanewscenter.com,['cand-singles'],1,2022年北戴河会议上确认李克强任二十大总书记，才有李克强深圳讲话 最近的消息来源指出，2022年北戴河会议上确认李克强任二十大总书记，才有李克强深圳讲话。 当时习近平全盘同意的二十大人事安排： 李克强 -- 总书记 汪洋 -- 总理 胡春华 -- 政协主席 二十一大后，胡春华当总书记。继续改革开放， 北戴河会议后，李,sweep_b2_hits.csv
2026-09-08_22-07-45,cand-singles,chinanewscenter.com,chinesehotnews,2026-08-30,https://www.threads.com/@chinesehotnews/post/DcpNHpBERaR,https://chinanewscenter.com/archives/60968,,,7.0,chinanewscenter.com,['cand-singles'],1,将胡锦涛架出会场的孔绍逊，空降成甘肃省长！打脸胡海峰 中共高层人事持续震荡，甘肃高层换人。今天（8月29日），孔绍逊已任甘肃省委副书记、省政府党组书记。在中共二十大上，时任中共中央办公厅副主任孔绍逊曾把前党魁胡锦涛架出会场，之后受到党魁习近平的重用。 据新甘肃客户端8月29日消息，甘肃省委副书记、省政府党组书记孔绍逊当,sweep_b2_hits.csv
2026-09-08_22-07-45,cand-singles,chinanewscenter.com,chinesehotnews,2026-08-29,https://www.threads.com/@chinesehotnews/post/DcotlteGRlg,https://chinanewscenter.com/archives/60952,,,3.0,chinanewscenter.com,['cand-singles'],1,从张又俠、刘振立被免职看中共高层权斗真相：保守派不追究，改革派要清算 权力博弈与“退场机制”：从张又俠、刘振立被免职看中共高层权斗真相 2月28日，全国人大常委会发布决议，正式免去张又侠的中央军委副主席职务及刘振立的中央军委委员职务，并同步终止了二人的全国人大代表资格。这一人事变动不仅轰动政坛，也让外界对其背后的深层政,sweep_b2_hits.csv
2026-09-08_22-07-45,cand-singles,chinanewscenter.com,chinesehotnews,2026-08-29,https://www.threads.com/@chinesehotnews/post/DcoZMm0IMWY,https://chinanewscenter.com/archives/60929,,,1.0,chinanewscenter.com,['cand-singles'],1,喜马拉雅冰川溃决灾难调查：在断层与大国工程交织的河谷里 一、 突发巨灾：跨国河谷里的“混凝土墙” 2026年8月26日上午10时30分左右，喜马拉雅山脉中尼边境地区突发特大灾难。一堵夹杂着巨石、冰块与泥浆的恶浪顺着山谷倾泻而下，目击者形容其宛如“一堵会跑的混凝土墙”。 这场碎屑洪流沿伦德河（Lhende River）冲,sweep_b2_hits.csv
2026-09-08_22-07-45,cand-singles,chinanewscenter.com,chinesehotnews,2026-08-29,https://www.threads.com/@chinesehotnews/post/Dcm1voQlbr2,https://chinanewscenter.com/archives/60921,,,4.0,chinanewscenter.com,['cand-singles'],1,中共密令把西藏泥石流，强调成尼泊尔发生泥石流 8月26日，中国和尼泊尔边境爆发罕见泥石流，灾害造成无数人失踪，口岸建筑被冲毁。灾害发生后，中共一如既往掩盖灾情，封杀网络，压制舆论。网传中共网信办密令，要求中国国内媒体只能转发党媒统一报导，强调尼泊尔发生泥石流。 2026年8月26日，中国和尼泊尔边境爆发罕见泥石流，灾害,sweep_b2_hits.csv
2026-09-08_22-07-45,cand-singles,chinanewscenter.com,chinesehotnews,2026-08-29,https://www.threads.com/@chinesehotnews/post/Dcm0bksFuQp,https://chinanewscenter.com/archives/60912,,,1.0,chinanewscenter.com,['cand-singles'],1,四中全会之前，张又侠和习近平已经撕破脸，成你死我活的斗争！ 以下是youtuber墙内普通人在2025年四中全会前夕，10月20日前发表的文章：张又侠和习近平已经撕破脸，成你死我活的斗争！ 上周五，中共国防部官宣中共 9 名上将落马。本周一开始，四中全会墙外各种消息漫天飞：有跪舔习近平的，认为习近平依然大权在握；有怕中,sweep_b2_hits.csv
2026-09-08_22-07-45,cand-singles,chinanewscenter.com,chinesehotnews,2026-08-28,https://www.threads.com/@chinesehotnews/post/DcmbSkEj619,https://chinanewscenter.com/archives/60899,,,15.0,chinanewscenter.com,['cand-singles'],1,四中全会张又侠已经控制会场要求习近平下台；北京公安局局长董亦军被82集团军响箭特战旅打死 2026年8月28日，中共全国人大常委会第二十四次会议闭幕，会后通报免去张又侠的国家中央军委副主席职务、免去刘振立的国家中央军委委员职务，并罢免两人的全国人大代表职务。 张又侠与刘振立2026年1月24日突然被同时官宣调查，至今七,sweep_b2_hits.csv
2026-09-08_22-07-45,cand-singles,chinanewscenter.com,chinesehotnews,2026-08-28,https://www.threads.com/@chinesehotnews/post/Dcks7oEoORd,https://chinanewscenter.com/archives/60877,,,3.0,chinanewscenter.com,['cand-singles'],1,景甜是远亲王习远平的女人，习捧景甜和捧张澜澜一个路数又都是陕西人 2004-2005年，17-18岁的景甜北舞退学，签约路征一手成立的“星光灿烂影业公司”（此公司只有景甜一个签约艺人）正式出道。网传路征表面是万达股东、影视投资人，实际为习远平的白手套。 2010年，景甜凭借浪漫爱情电影《我的美女老板》崭露头角；2011,sweep_b2_hits.csv
2026-09-08_22-07-45,cand-singles,chinanewscenter.com,chinesehotnews,2026-08-27,https://www.threads.com/@chinesehotnews/post/Dcj0b1eiec5,https://chinanewscenter.com/archives/60850,,,0.0,chinanewscenter.com,['cand-singles'],1,李强接任总书记？纯粹鬼扯！习近平不可能交出任何权力除非拿枪逼着 墙外近日盛传在二十一大上，习近平将因病辞去中共中央总书记一职，但仍保留国家主席与中央军委主席职务，并由李强接任总书记。海外舆论甚至开始为李强铺路造势，不仅将新上任的两名中纪委副书记归为其人马，还突发传出所谓301医院的病历资料，营造习身体状况已无法承受高强,sweep_b2_hits.csv
2026-09-08_22-07-45,cand-singles,chinanewscenter.com,chinesehotnews,2026-08-27,https://www.threads.com/@chinesehotnews/post/DcjNL14FJ3f,https://chinanewscenter.com/archives/60817,,,1.0,chinanewscenter.com,['cand-singles'],1,突“撩裙踢腿”大跳！中国女子大闹新加坡街头进行快闪热舞 来自中国长沙的“弗兰舞团”日前在新加坡牛车水餐厅及街头进行快闪热舞，舞者身穿传统娘惹服饰却大跳激烈抬腿、踢脚与劈叉等动作，画面曝光后引发新加坡当地文化界与民众强烈不满，痛批其不顾卫生扰民且严重亵渎、挪用峇峇娘惹文化。 综合星媒报道，该舞团领舞者“神童童”与4名舞者,sweep_b2_hits.csv
2026-09-08_22-07-45,cand-singles,chinanewscenter.com,chinesehotnews,2026-08-27,https://www.threads.com/@chinesehotnews/post/DcjMMrvIJgF,https://chinanewscenter.com/archives/60809,,,0.0,chinanewscenter.com,['cand-singles'],1,中国吉隆海关边检等10个部门一夜灭顶！下游村庄全被淹没 尼泊尔与中国西藏交界的山区发生大规模山崩与洪灾，造成至少165人丧生、数百人失联。一名从西藏出发前往尼泊尔的中国女子心有馀悸还原生死瞬间，透露当时路树与电线杆瞬间被冲倒，滚滚洪流直扑而来，因情况过于危急连回转的时间都没有，只能一路疯狂倒车3公里才惊险逃过一劫。 综,sweep_b2_hits.csv
2026-09-08_22-07-45,cand-singles,chinanewscenter.com,chinesehotnews,2026-08-25,https://www.threads.com/@chinesehotnews/post/DccpRIykWIT,https://chinanewscenter.com/archives/60722,,,112.0,chinanewscenter.com,['cand-singles'],1,外卖员报复社会 往几千份餐食里投毒 日前，有知情者爆料称，一名河南村镇银行受害者生活艰难，最后去跑单送外卖。期间，他用针管往几千份外卖里投毒，还拍视频号召群里的几百人跟他学。 8月23日，海外X平台博主“罗翔——破幕推墙”转发一则网友投稿。该网友表示，自己是河南村镇银行受害者，他看到在一个追款群组里，有个受害者生活艰难,sweep_b2_hits.csv
2026-09-08_22-07-45,cand-singles,chinanewscenter.com,chinesehotnews,2026-08-26,https://www.threads.com/@chinesehotnews/post/DcfEv89log_,https://chinanewscenter.com/archives/60791,,,5.0,chinanewscenter.com,['cand-singles'],1,301医院黑客病历和没有第四任同日疯传，逼习近平下台的不仅只有建制派！ 在人民大会堂举行的“纪念江泽民同志诞诞辰100周年座谈会”上的细节，最高领导人在6000人面前亲口赞扬江泽民“主动不再担任中央领导职务”、“主动辞去中央军委主席”的历史往事。 301医院病历和没有第四任同日疯传，逼习近平下台的不仅只有建制派！ 在中,sweep_b2_hits.csv
2026-09-08_22-07-45,cand-singles,chinanewscenter.com,chinesehotnews,2026-08-25,https://www.threads.com/@chinesehotnews/post/DceOLsXiUT2,https://chinanewscenter.com/archives/60773,,,1.0,chinanewscenter.com,['cand-singles'],1,习近平和梦雪私生子拜赖昌星为干爹！现在已经成为浙江的一个市长 万能的网友啊，谁能告诉我。苏小和说的杭州市市长是习近平的私生子，是哪个市长啊。 这个视频 习近平的五个私生子：蒋仁正、王荣鹏、褚阳、柯利明和另外一个不愿意认他的美国籍孩子， 没有他呀！ 他和梦雪生的那个。拜了赖昌星当干爹。肯定是九零后了。是军方查到后，通过D,sweep_b2_hits.csv
2026-09-08_22-07-45,cand-singles,chinanewscenter.com,chinesehotnews,2026-08-25,https://www.threads.com/@chinesehotnews/post/Dcc6HswINbf,https://chinanewscenter.com/archives/60749,,,4.0,chinanewscenter.com,['cand-singles'],1,中共航空公司权力变大？在上海机场拦下美国公民 中共出入境新规尚未执行，不断有机场严控中国公民的消息传出。近日，网传一对持有中美两国护照的父子在上海浦东国际机场办登机牌时，被香港某航空公司拦截边控，最后父子未能成行。有网友感慨道：连航空公司都“有权力边控你”，它就是“中共维持政权统治的部门”。 美国公民在上海机场 被航空,sweep_b2_hits.csv
2026-09-08_22-07-45,cand-singles,chinanewscenter.com,chinesehotnews,2026-08-25,https://www.threads.com/@chinesehotnews/post/Dccoy5sm-VD,https://chinanewscenter.com/archives/60715,,,2.0,chinanewscenter.com,['cand-singles'],1,墙内流行万润南对习的评价 ：一手好牌打了个稀巴烂！ 北戴河会议刚刚落幕，习近平明年二十一大是否继续连任，再度成为舆论焦点。 就在这个时候，网络突然翻出万润南几年前的一段评价：“一手好牌打了个稀巴烂”，“治国无方，搞权斗很有办法”。为什么这番旧话此时又火了？ 与此同时，美国2028大选已经提前开打，最新民调显示，卢比奥对,sweep_b2_hits.csv
2026-09-08_22-07-45,cand-singles,chinanewscenter.com,chinesehotnews,2026-08-25,https://www.threads.com/@chinesehotnews/post/DccbnngDaCN,https://chinanewscenter.com/archives/60706,,,2.0,chinanewscenter.com,['cand-singles'],1,失业、断供、睡桥洞！深圳大萧条来了！ “九五年属猪的，两口子双双失业，也算是同猪共苦了哈。经营了七年的婚庆公司，也在前两天光荣的倒闭了。房租到期了，这回彻底搬出来了。 哎呀，房贷车贷，还有个孩子，怎么办呢，铁子？干点啥呀，咱俩？要我说，我跑外卖，然后你开网约车。” “问一下大家，你们的房贷都是多少钱一个月？我真的每个月,sweep_b2_hits.csv
2026-09-08_22-07-45,cand-singles,chinanewscenter.com,chinesehotnews,2026-08-23,https://www.threads.com/@chinesehotnews/post/DcZDakBIJpN,https://chinanewscenter.com/archives/60651,,,12.0,chinanewscenter.com,['cand-singles'],1,四中全会习近平同意下台，五中全会原订七月召开，中纪委全会原订七月前召开 8月22日，中纪委突然召开20届第六次全体会议，时间特别敏感，情况非常诡异。通常中纪委全会都是在每年1月召开，比如今年1月12日到14日召开了20届中纪委第五次全体会议，布置了今年进行党政系统大清洗的任务。 当时的情况是，去年10月中全会开完，习近,sweep_b2_hits.csv
2026-09-08_22-07-45,cand-singles,chinanewscenter.com,chinesehotnews,2026-08-24,https://www.threads.com/@chinesehotnews/post/DcaOEEyDiT5,https://chinanewscenter.com/archives/60690,,,3.0,chinanewscenter.com,['cand-singles'],1,中纪委副书记傅奎被调查抄家 中纪委会期间现异常 日前有爆料说，王岐山的旧部傅奎在中纪委六次全会当天被抄家，他在会议期间罕见坐在主席台下，引发关注。而同一天被抄家的还有甘肃省委副书记石谋军。据说原湖南省副省长谢建辉与傅奎共同的“白手套”从新西兰飞抵长沙机场后，遭中纪委带走，谢建辉把傅奎最核心的违法证据交代给中纪委。 爆傅,sweep_b2_hits.csv
2026-09-08_22-07-45,cand-singles,chinanewscenter.com,chinesehotnews,2026-08-23,https://www.threads.com/@chinesehotnews/post/DcZELdPGuYo,https://chinanewscenter.com/archives/60658,,,4.0,chinanewscenter.com,['cand-singles'],1,协调小组批评李希，首鼠两端的李希无奈召开中纪委全会； 8月22日，中纪委突然召开20届第六次全体会议，时间特别敏感，情况非常诡异。通常中纪委全会都是在每年1月召开，比如今年1月12日到14日召开了20届中纪委第五次全体会议，布置了今年进行党政系统大清洗的任务。 当时的情况是，去年10月中全会开完，习近平答应按照华国锋模,sweep_b2_hits.csv
2026-09-08_22-07-45,cand-singles,chinanewscenter.com,chinesehotnews,2026-08-23,https://www.threads.com/@chinesehotnews/post/DcY3ZHrlYTV,https://chinanewscenter.com/archives/60644,,,11.0,chinanewscenter.com,['cand-singles'],1,胡春华提出条件，若接班必依法办事；保守派失望而军方支持 当年刘少奇集团被打成反党集团，是文化大革命的开始；林彪集团被打成反党集团，是文化大革命由盛转衰；四人帮集团被打成反党集团，是文化大革命的结束。 去年中共四中全会，中共保守派建议习近平按照华国锋模式下台，保留习近平中共第五代领导人地位。然而今年1月，习近平集团刺杀张,sweep_b2_hits.csv
2026-09-08_22-07-45,cand-singles,chinanewscenter.com,chinesehotnews,2026-08-23,https://www.threads.com/@chinesehotnews/post/DcX4ELhESCk,https://chinanewscenter.com/archives/60628,,,2.0,chinanewscenter.com,['cand-singles'],1,曝恒大歌舞团提供3大类服务 惹怒习近平 恒大歌舞团破产清算后，陆媒网易2025年9月25日刊文《许家印终于交代了！一年3000万，养了60名恒大歌舞团，提供3大服务！》，称其为贵宾表演、陪吃喝及危机公关。加拿大评论员盛雪分析，歌舞团可能是许家印编织政商关系网、触碰最高权力禁区的工具。 恒大歌舞团：白珊珊的＂夺命十八蹲＂,sweep_b2_hits.csv
2026-09-08_22-07-45,cand-singles,chinanewscenter.com,chinesehotnews,2026-08-23,https://www.threads.com/@chinesehotnews/post/DcXVWBojjNz,https://chinanewscenter.com/archives/60619,,,7.0,chinanewscenter.com,['cand-singles'],1,大陆“太白昼见”大凶天象现，习近平必死无疑！ 天象昭示著人间的变化，自古都不虚。近期天象再度预示著朝廷动荡，君臣有忧，以及后宫生变。 “太白昼见”又现 8月16日下午3点多，有山西临县网友拍摄到了“太白昼见”的天象。太白，即金星，在中国古代被称为“太白星”或“启明星、长庚星”。据悉，8月15日，金星到达东大距，亮度高达,sweep_b2_hits.csv
2026-09-08_22-07-45,cand-singles,chinanewscenter.com,chinesehotnews,2026-08-14,https://www.threads.com/@chinesehotnews/post/DcAlVXxkb_p,https://chinanewscenter.com/archives/59948,,,14.0,chinanewscenter.com,['cand-singles'],1,红二代和军二代向习近平发出最后通牒：8月31号之前下台！否则兵戎相见 以下是本站整理的中国社会九月之前必然动荡的原因： 北戴河会议达成历史性共识，红二代、中共元老与军队老军头联手，强烈支持温家宝和胡春华彻底清算习近平集团。 一、 “8月30日最后通牒”与红二代逼宫传闻 根据节目所述，这一爆料源自海外企业家胡力任等管道的,sweep_b2_hits.csv
2026-09-08_22-07-45,cand-singles,chinanewscenter.com,chinesehotnews,2026-08-23,https://www.threads.com/@chinesehotnews/post/DcXRBOfDnlP,https://chinanewscenter.com/archives/60603,,,2.0,chinanewscenter.com,['cand-singles'],1,外国老婆“每晚急着啪啪啪”　吓坏台湾男子 一名务农男透露，接受长辈安排到越南相亲，闪电订婚后，没想到女方在性方面非常主动，就怕意外怀孕，因此一路踩煞车，“不过她还蛮热情...一直想跟我做！”返台后，原PO反而越想越不安，担心女方是否只是刻意迎合自己？文章曝光后，一票网友也劝他婚前谨慎确认，直呼“小心当接盘侠”。 原PO,sweep_b2_hits.csv
2026-09-08_22-07-45,cand-singles,chinanewscenter.com,chinesehotnews,2026-08-22,https://www.threads.com/@chinesehotnews/post/DcWZCNAIAa5,https://chinanewscenter.com/archives/60586,,,3.0,chinanewscenter.com,['cand-singles'],1,张又侠刘振立案件将最终压垮中共！军方已经萌生反意 一、 兵临城下与妥协条件 五中全会召开在即，各方势力已提前布局。海外有传闻称，高层正考虑提出一项退位条件：可卸任总书记，未来也可交出国家主席职务，但必须留任中央军委主席。 这一设想的意图显而易见：只要握有军权，便能继续掌控军队人事，再布局数年，待胡锦涛、温家宝等元老进一,sweep_b2_hits.csv
2026-09-08_22-07-45,cand-singles,chinanewscenter.com,chinesehotnews,2026-08-22,https://www.threads.com/@chinesehotnews/post/DcVSISnIO2G,https://chinanewscenter.com/archives/60570,,,50.0,chinanewscenter.com,['cand-singles'],1,解放军老军头已经控制北京；要求习近平五中全会下台否则全家性命不保 chinanewscenter.com/archi…,sweep_b2_hits.csv
2026-09-08_22-07-45,cand-singles,chinanewscenter.com,chinesehotnews,2026-08-22,https://www.threads.com/@chinesehotnews/post/DcVPa9qEX3B,https://chinanewscenter.com/archives/60554,,,2.0,chinanewscenter.com,['cand-singles'],1,中共改革派只占全党40%，40%是保守派，而剩余20%是习近平集团 华国锋当年凭借毛泽东个人的喜怒被提拔为国务院副总理，并在周恩来去世后接任总理。然而，毛泽东在1976年逝世仅两天后，华国锋便联合李先念、叶剑英抓捕了“四人帮”集团及毛泽东指定的接班人毛远新。华国锋当时向叶剑英解释，之所以选择武力手段，是因为召开政治局会,sweep_b2_hits.csv
2026-09-08_22-07-45,cand-singles,chinanewscenter.com,chinesehotnews,2026-08-22,https://www.threads.com/@chinesehotnews/post/DcVO3Rikc0W,https://chinanewscenter.com/archives/60547,,,4.0,chinanewscenter.com,['cand-singles'],1,习近平传位于李强，和胡锦涛病危一样，是习近平反党集团制造的谣言 墙外关于中共高层换人的流言近期层出不穷。除了“胡锦涛病重”、“温家宝被抓”等传闻外，还出现了“习近平累了，不想干第四任期，打算传位给李强”的说法。这类观点认为，李强作为习近平的内阁总管，传位给他相当于习近平实现“垂帘听政”。然而，将这种传闻与历史逻辑及中共,sweep_b2_hits.csv
2026-09-08_22-07-45,cand-singles,chinanewscenter.com,chinesehotnews,2026-08-22,https://www.threads.com/@chinesehotnews/post/DcU2fSUjRzF,https://chinanewscenter.com/archives/60538,,,5.0,chinanewscenter.com,['cand-singles'],1,朝鲜巨大恐怖降临！大学生们突破政府封锁 金策工业综合大学（简称金策工大）的一些大学生突破政府的防火墙接触国外网站下载韩国视频收视、散布的行为被揭发了。12日，DailyNK平壤市消息人士表示：“开发和利用迂回国外信息防火墙的技术，偷偷观看韩国视频，还进行散布的金策工大7名学生上个月末被国家情报局逮捕了。” 阿波罗网评论,sweep_b2_hits.csv
2026-09-08_22-07-45,cand-singles,chinanewscenter.com,chinesehotnews,2026-08-22,https://www.threads.com/@chinesehotnews/post/DcUziLbEZnb,https://chinanewscenter.com/archives/60529,,,0.0,chinanewscenter.com,['cand-singles'],1,华人圈炸锅！持绿卡者更新护照 必须回中国？ 就在这两天，海外华人圈炸锅了。 一条消息正在快速传播：中共驻外领事馆正暗中收紧甚至拒绝为海外华人更换护照，以“必须回国办理”为由，企图将已经逃出牢笼的海外同胞再逼回墙内。 如果这是真的，问题就严重了。因为护照原本只是一个旅行证件，但如果它被变成一道“回国通行证”，甚至成为筛选,sweep_b2_hits.csv
2026-09-08_22-07-45,cand-singles,chinanewscenter.com,chinesehotnews,2026-08-21,https://www.threads.com/@chinesehotnews/post/DcSvJq-lcBf,https://chinanewscenter.com/archives/60504,,,10.0,chinanewscenter.com,['cand-singles'],1,极速进入锁国模式，中国海关全面拦人 普通人再也润不出去了 请试想一下这个场景：你已经买好了机票，办好了登机手续，甚至已经抑制不住兴奋给国外的朋友发了最后一条信息：“我几点几点落地，你在机场等我呀！”然而，就在你排队走向海关、把护照递进边检柜台的那一刻，命运的绞刑架悄然落下。在这一瞬间，你苦心经营的一切、你自以为逃出生天,sweep_b2_hits.csv
2026-09-08_22-07-45,cand-singles,chinanewscenter.com,chinesehotnews,2026-08-20,https://www.threads.com/@chinesehotnews/post/DcR_nfvGNhU,https://chinanewscenter.com/archives/60481,,,4.0,chinanewscenter.com,['cand-singles'],1,彭丽媛为什么不参加朱镕基追悼会？她恨透了朱镕基！ 从远华案到军费审计：朱镕基与习近平家族的恩怨重构 一、 彭丽媛缺席朱镕基追悼会的谜团 朱镕基告别式上，彭丽媛的缺席引发了外界对朱习两家历史交集的广泛讨论。 按照中共高层的政治规矩，正国级老领导逝世后，现任最高领导人及夫人通常会共同出席告别仪式以示尊重。然而在朱镕基的追悼,sweep_b2_hits.csv
2026-09-08_22-07-45,cand-singles,chinanewscenter.com,chinesehotnews,2026-08-20,https://www.threads.com/@chinesehotnews/post/DcRZrfTGqE4,https://chinanewscenter.com/archives/60462,,,0.0,chinanewscenter.com,['cand-singles'],1,从远华案到权力重构：中共高层四十年博弈与习近平的权力兴衰 一、 远华案幕后：朱镕基主导与赖昌星的“牵线” 1. 朱镕基主导打击走私与“红楼”大案 厦门远华案是中共执政史上涉案金额极其巨大、牵涉官员极广的走私大案。此案当时由时任国务院总理朱镕基一手主导并亲自督办。朱镕基当时以“准备100口棺材，99口留给贪官”的铁腕姿态,sweep_b2_hits.csv
2026-09-08_22-07-45,cand-singles,chinanewscenter.com,chinesehotnews,2026-08-20,https://www.threads.com/@chinesehotnews/post/DcQAEL7EQ0b,https://chinanewscenter.com/archives/60430,,,270.0,chinanewscenter.com,['cand-singles'],1,杨兰兰是习近平和铁凝的女儿，铁凝职位比彭丽媛还高！副国级领导耶 2025年7月，持有澳洲永久居留权的23岁华裔女子杨兰兰在雪梨玫瑰湾地区逆向撞上一辆奔驰，导致奔驰司机重伤，其拒绝接受酒测的行为也让自己面临了危险驾驶等多项指控。事件发生后，杨兰兰神秘的身世背景与巨额财富来源成为了海内外网友的关注焦点，甚至有爆料消息称杨兰,sweep_b2_hits.csv
2026-09-08_22-07-45,cand-singles,chinanewscenter.com,chinesehotnews,2026-08-20,https://www.threads.com/@chinesehotnews/post/DcRQSeAIAtR,https://chinanewscenter.com/archives/60454,,,1.0,chinanewscenter.com,['cand-singles'],1,重庆发生大规模抗暴运动，高压锅下的“保路运动”再次从四川发起 近日，多名男性直播主为博取流量，在大陆知名经纪公司“时代峰峻”重庆总部外挑衅前来打卡的女粉丝，引发冲突，警方逮捕1名男子。18日晚，大批男性群众到场抗议，警方出动大批警力清场，多人被带走，时代峰峻也紧急叫停所有练习生线下训练。 北京时代峰峻文化艺术发展有限公,sweep_b2_hits.csv
2026-09-08_22-07-45,cand-singles,chinanewscenter.com,chinesehotnews,2026-08-20,https://www.threads.com/@chinesehotnews/post/DcPdLlWCRAq,https://chinanewscenter.com/archives/60402,,,31.0,chinanewscenter.com,['cand-singles'],1,习近平若连任，中共将脑死亡，就是习家王朝！现在已开始闭关锁国 温家宝等于是在给中共做一个头部手术，切掉习近平集团这个脑瘤。假如手术成功，胡春华上台，中共还有可能继续改革开放，进行政治体制改革；假如手术失败，中共就会脑死亡，习近平集团就会把中国变成习家王朝。 有人认为中国不会变成大号朝鲜，认为中国经过四十年改革开放，民主,sweep_b2_hits.csv
2026-09-08_22-07-45,cand-singles,chinanewscenter.com,chinesehotnews,2026-08-20,https://www.threads.com/@chinesehotnews/post/DcPcS6ioLLX,https://chinanewscenter.com/archives/60394,,,8.0,chinanewscenter.com,['cand-singles'],1,陈希正在被中纪委调查，习近平硬让他上了江泽民纪念大会主席台！ 8月17日，习近平集团的大脑陈希出现在江泽民纪念大会，很多人认为陈希没事了。上次马兴瑞出现在93阅兵和国庆庆典，但最后马兴瑞还是被温家宝拿下，从被免职到正式落马，时间长度超过半年。陈希不仅涉及中央党校刺杀张又侠、刘振立案件，而且是突破习近平集团核心福建帮的关,sweep_b2_hits.csv
2026-09-08_22-07-45,cand-singles,chinanewscenter.com,chinesehotnews,2026-08-19,https://www.threads.com/@chinesehotnews/post/DcOisU7FOeA,https://chinanewscenter.com/archives/60383,,,0.0,chinanewscenter.com,['cand-singles'],1,轰动美国！在胡锦涛身边7年！双面女艳谍方芳直通毛家族 曾因以美人计接近美国前联邦众议员埃里克・史瓦维尔（Eric Swalwell）而震动美国政坛的中共女间谍方芳（Christine Fang），其真实背景近日进一步曝光。 美国白宫政府透明度工作小组解密近150页联邦调查局（FBI）机密档案。美国媒体《福克斯新闻》（F,sweep_b2_hits.csv
2026-09-08_22-07-45,cand-singles,chinanewscenter.com,chinesehotnews,2026-08-19,https://www.threads.com/@chinesehotnews/post/DcNfkXNEdCv,https://chinanewscenter.com/archives/60360,,,0.0,chinanewscenter.com,['cand-singles'],1,彭丽媛没有现身朱镕基追悼会，很可能正滞留在中纪委 北戴河会议、江泽民冥诞大会，还有朱镕基的告别仪式，全部赶上一个点发生了。外界关注的不只是习近平讲了什么，还包括有谁来了、谁没来，因为这里藏着中共政治情况的风向标。而今天朱镕基的告别仪式再出现异象。 与此同时，习近平敲定访美的时间，但是他为了防止发生意外，做了一个反常的动,sweep_b2_hits.csv
2026-09-08_22-07-45,cand-singles,chinanewscenter.com,chinesehotnews,2026-08-18,https://www.threads.com/@chinesehotnews/post/DcMdGDSmL-E,https://chinanewscenter.com/archives/60320,,,2.0,chinanewscenter.com,['cand-singles'],1,北戴河会议落幕，张又侠去向成焦点，习近平被军人搞怕了！ 中共中央领导人与退休元老每年举行的北戴河会议似乎已经结束，目前外界关注焦点转向约一年后的中共党代会，以及届时将选出的下一届领导班子。尽管当地戒备会明显加强，但中国对于会议内容相当保密，甚至不会证实是否召开。 　　北戴河会议疑落幕 张又侠去向成焦点，习近平被军人搞怕,sweep_b2_hits.csv
2026-09-08_22-07-45,cand-singles,chinanewscenter.com,chinesehotnews,2026-08-18,https://www.threads.com/@chinesehotnews/post/DcL7MTfoPud,https://chinanewscenter.com/archives/60279,,,0.0,chinanewscenter.com,['cand-singles'],1,习近平让江绵恒大宴红二代，仅习家人出席？红二代不愿与习近平再有交集 围绕纪念江泽民的事情，习近平当局近期动作频频。不仅此前高调举行了万人出席的纪念大会，耗费了大量的人力、物力与财力，紧接着又由中共中央政治局常委蔡奇出面，举办了一场为期两天的“江泽民生平与思想研讨会”，由中宣传部部长李书磊主持，召集了一批专家学者探讨江泽,sweep_b2_hits.csv
2026-09-08_22-07-45,cand-singles,chinanewscenter.com,chinesehotnews,2026-08-18,https://www.threads.com/@chinesehotnews/post/DcK8UDdkfcA,https://chinanewscenter.com/archives/60272,,,4.0,chinanewscenter.com,['cand-singles'],1,"蔡奇强奸幼女，其下述郁廷栋性侵女子致其脾脏破裂免职了事 日前，杭州的一场商务酒局上，中共国企官员涉嫌性侵建发房产的女营销，并导致对方脾脏破裂送医，事件传出两个版本，事后涉事官员被免职并被带走调查。 蔡奇自己玩幼女, 下属数百官员红楼淫乱 这是近期杭州发生的第二起酒局性侵案。 2026年8月17日，陆媒“第一财经”报导称",sweep_b2_hits.csv
2026-09-08_22-07-45,cand-singles,chinanewscenter.com,chinesehotnews,2026-03-18,https://www.threads.com/@chinesehotnews/post/DWC15cbFKmP,https://chinanewscenter.com/archives/4986,,,214.0,chinanewscenter.com,['cand-singles'],1,习近平在美国的长子被杀害，有人说是刘振立的手下干的 在刚刚结束的2026年全国两会期间，最高领导层的一举一动都成为了外界反复研判的显微镜。然而，在这场政治盛会的肃穆气氛下，一种异样的情绪正悄然蔓延。观察人士指出，处于权力核心的习近平，在会议期间展现出了前所未有的低落与焦躁，而这背后，似乎隐藏着一桩跨越半个世纪的家族隐秘,sweep_b2_hits.csv
2026-09-08_22-07-45,cand-singles,chinanewscenter.com,chinesehotnews,2026-08-18,https://www.threads.com/@chinesehotnews/post/DcK6o5Km5WG,https://chinanewscenter.com/archives/60263,,,0.0,chinanewscenter.com,['cand-singles'],1,习近平狗头军师心腹陈希突然露面，表情怪异似从中纪委刚出来 8月17日中共前党魁江泽民百年冥诞，中共前中组部部长陈希和中央军委前副主席范长龙现身，引发关注。两人此前均传出不妙的消息。 当天，从中共央视播出的现场画面显示，温家宝、王岐山、汪洋、张德江、俞正声、栗战书、曾庆红等退休的正国级元老出席。此外，卸任中央党校校长后，,sweep_b2_hits.csv
2026-09-08_22-07-45,cand-singles,chinanewscenter.com,chinesehotnews,2026-08-18,https://www.threads.com/@chinesehotnews/post/DcK4dapkYI0,https://chinanewscenter.com/archives/60235,,,1.0,chinanewscenter.com,['cand-singles'],1,五大战区全倒戈？新华社罕见隐去解放军名单背后的政局暗涌 在中共官方高度讲究政治礼仪、严格规范报道顺序与人员名单的政治体制下，党和国家重大活动的新闻通稿向来被称为政局的“风向标”。 谁出席、谁缺席、谁的姓名排在什么位置，都有着极其严密的政治逻辑。 然而，在近期官方发布的高规格纪念活动新闻稿中，新华社的表述却出现了令人瞩目,sweep_b2_hits.csv
2026-09-08_22-07-45,cand-singles,chinanewscenter.com,chinesehotnews,2026-08-18,https://www.threads.com/@chinesehotnews/post/DcKeEalDpZ3,https://chinanewscenter.com/archives/60209,,,0.0,chinanewscenter.com,['cand-singles'],1,FBI曝中国女间谍方芳案最新细节 加州前民主党籍联邦众议员史沃威尔(Eric Swalwell)与被联邦调查局（FBI）怀疑具有中国情报背景的华裔女子方芳（Christine Fang或Fang Fang，音译）之间的关系，爆出新细节。加州邮报报道，最新解密的FBI调查文件显示，史沃威尔曾向调查人员承认，他与方芳曾有多,sweep_b2_hits.csv
2026-09-08_22-07-45,cand-singles,chinanewscenter.com,chinesehotnews,2026-08-18,https://www.threads.com/@chinesehotnews/post/DcKdawcEUjh,https://chinanewscenter.com/archives/60201,,,0.0,chinanewscenter.com,['cand-singles'],1,举报郭德纲的人是曲协的，网名：我就是个码字的 7月24日，郭德纲在武汉演出京剧《济公活佛》时，把经典红色歌曲《弹起我心爱的土琵琶》里的那句“微山湖上静悄悄”，顺口改成了“紫禁城中静悄悄”，还加上了一串搞笑的戏谑词，没想到这个现场抛出的喜剧包袱却被观众举报了。近日，举报者身份被曝光了。 武汉市文旅局的一纸立案通知，把郭德,sweep_b2_hits.csv
2026-09-08_22-07-45,cand-singles,chinanewscenter.com,chinesehotnews,2026-08-17,https://www.threads.com/@chinesehotnews/post/DcJqbZzGnZX,https://chinanewscenter.com/archives/60184,,,14.0,chinanewscenter.com,['cand-singles'],1,胡锦涛不出面，习近平集团的蔡奇何立峰王小洪们就只能接受清算！ 今天上午（北京时间），人民大会堂举行了纪念江泽民诞辰100周年大会。一个棺材盖了三年多的人，被习近平亲自重新“抬”了出来。然而，棺材盖刚一揭开，第一记重锤就砸在了习近平自己的头上。 中央电视台综合频道（CCTV-1）自8月11日起在晚间黄金8点档播出的江泽民,sweep_b2_hits.csv
2026-09-08_22-07-45,cand-singles,chinanewscenter.com,chinesehotnews,2026-08-17,https://www.threads.com/@chinesehotnews/post/DcJl7RiGwkd,https://chinanewscenter.com/archives/60177,,,1.0,chinanewscenter.com,['cand-singles'],1,CCTV：邓小平退了，江泽民也退了！今上为何不退？ 今天上午（北京时间），人民大会堂举行了纪念江泽民诞辰100周年大会。一个棺材盖了三年多的人，被习近平亲自重新“抬”了出来。然而，棺材盖刚一揭开，第一记重锤就砸在了习近平自己的头上。 中央电视台综合频道（CCTV-1）自8月11日起在晚间黄金8点档播出的江泽民纪录片中，,sweep_b2_hits.csv
2026-09-08_22-07-45,cand-singles,chinanewscenter.com,chinesehotnews,2026-08-17,https://www.threads.com/@chinesehotnews/post/DcISPM1lS5W,https://chinanewscenter.com/archives/60157,,,2.0,chinanewscenter.com,['cand-singles'],1,江泽民出卖的中国国土面积应该是160万平方公里，蒙古的156万平方公里不是他出卖的 1999年12月9日和10日，是中国人耻辱的日子。在这两天里，江泽民在北京与来访的俄罗斯总统叶利钦签定了《中华人民共和国政府和俄罗斯联邦政府关 于中俄国界线东西两段的叙述议定书》（以下简称《议定书》）。那片本来完全可以如香港、澳门一样回,sweep_b2_hits.csv
2026-09-08_22-07-45,cand-singles,chinanewscenter.com,chinesehotnews,2026-08-17,https://www.threads.com/@chinesehotnews/post/DcIN6TskVGf,https://chinanewscenter.com/archives/60149,,,0.0,chinanewscenter.com,['cand-singles'],1,全民抓间谍失控！传大学生庐山测量实习竟被扣留 近日网上传出一张聊天截图，内容是某高校地理信息专业的学生向校方求助，说他们在庐山测量实习时，被当地人怀疑是“间谍”报警，公安要求他们提供“证明或介绍信”，上面要有“老师签名或者学校公章”，以证明他们确实是实习学生，否则不放他们下庐山。 2026年8月，网传大陆学生在庐山测量,sweep_b2_hits.csv
2026-09-08_22-07-45,cand-singles,chinanewscenter.com,chinesehotnews,2026-08-16,https://www.threads.com/@chinesehotnews/post/DcHYTp7mNV6,https://chinanewscenter.com/archives/60123,,,2.0,chinanewscenter.com,['cand-singles'],1,"中国惊现大量不祥凶兆天象, 宛如1976年毛朱周去世时 近日北京的天安门广场附近，冒出大量黑烟，不祥之兆让人联想到中国异象频频。 “嘘！哇塞，大晚上，一个红火带，这什么玩意儿？” “看，三个太阳，什么情况？三个太阳！” “咱也不知道咋的了，我来这个屯，我的舅妈刚出殡，从过年春节到现在，6个月了，死了11口人；我住那个屯",sweep_b2_hits.csv
2026-09-08_22-07-45,cand-singles,chinanewscenter.com,chinesehotnews,2026-08-16,https://www.threads.com/@chinesehotnews/post/DcHXQZjD_cI,https://chinanewscenter.com/archives/60115,,,3.0,chinanewscenter.com,['cand-singles'],1,习近平高调捧江别有所图 却被朱镕基去世点破 中共给朱镕基的讣告暗藏玄机。改革开放和前中共党魁江泽民无关。习近平高调捧江别有所图，却被朱镕基去世点破。最大的历史教训是，政治体制不变，朱镕基推动的改革“一夜归零”。 中共给朱镕基的讣告暗藏玄机 中共正式宣布前总理朱镕基8月12日去世，享年98岁。盘点一下朱镕基留下的遗产，就,sweep_b2_hits.csv
2026-09-08_22-07-45,cand-singles,chinanewscenter.com,chinesehotnews,2026-08-16,https://www.threads.com/@chinesehotnews/post/DcFUW8UkY9c,https://chinanewscenter.com/archives/60082,,,21.0,chinanewscenter.com,['cand-singles'],1,北戴河发生火拼，习近平仓惶逃回北京，中南海附近要戒严 北戴河发生火拼，习近平仓惶逃回北京。胡力任说的。说北京有他自己的势力。他不敢离开北京 chinanewscenter.com/archi…,sweep_b2_hits.csv
2026-09-08_22-07-45,cand-singles,chinanewscenter.com,chinesehotnews,2026-08-16,https://www.threads.com/@chinesehotnews/post/DcFzgMLEb-R,https://chinanewscenter.com/archives/60094,,,3.0,chinanewscenter.com,['cand-singles'],1,习近平面露死相，气若游丝，妖怪附体靠年轻人鲜血活着 chinanewscenter.com/archi…,sweep_b2_hits.csv
2026-09-08_22-07-45,cand-singles,chinanewscenter.com,chinesehotnews,2026-08-14,https://www.threads.com/@chinesehotnews/post/DcCLDWxoKCQ,https://chinanewscenter.com/archives/60058,,,3.0,chinanewscenter.com,['cand-singles'],1,四中全会习近平已同意下台，后又暗杀张又侠刘震立密谋翻盘！现在要鱼死网破 chinanewscenter.com/archi…,sweep_b2_hits.csv
2026-09-08_22-07-45,cand-singles,chinanewscenter.com,chinesehotnews,2026-08-14,https://www.threads.com/@chinesehotnews/post/DcBpMnzID02,https://chinanewscenter.com/archives/60027,,,2.0,chinanewscenter.com,['cand-singles'],1,习近平要鱼死网破，开始对元老帮和军人同时下手！ 读完江峰的四中全会决议的下列文章后： 建制派对之江新军、福建帮和栗战书的清算来自于四中全会决议 四中全会习近平已经辞职，刘源任代理军委主席，汪洋代理总书记！ 旧谣新读：张又侠软禁习近平夫妇，签署董军被双规军令，胡锦涛等很生气！ 胡锦涛在，军队尚可稳定；胡锦涛死，军人必武力,sweep_b2_hits.csv
2026-09-08_22-07-45,cand-singles,chinanewscenter.com,chinesehotnews,2026-08-14,https://www.threads.com/@chinesehotnews/post/DcBnL0xlX8f,https://chinanewscenter.com/archives/60012,,,12.0,chinanewscenter.com,['cand-singles'],1,四中全会习近平已经辞职，刘源任代理军委主席，汪洋代理总书记！ 去年的十九届四中全会（或相关内部会议）上，双方曾达成过初步安排： 当时，中央政治局委员连续三天接受质询并进行检查。夜间由中央候补委员分组讨论至深夜。习近平本人也在会上作了自我检查，范围涵盖经济、防疫政策，乃至十九大后修改任期规则、二十大强行连任等根本问题。 ,sweep_b2_hits.csv
2026-09-08_22-07-45,cand-singles,chinanewscenter.com,chinesehotnews,2026-08-14,https://www.threads.com/@chinesehotnews/post/DcBmI0xIBHa,https://chinanewscenter.com/archives/59994,,,9.0,chinanewscenter.com,['cand-singles'],1,胡锦涛在，军队尚可稳定；胡锦涛死，军人必武力抗习！ 根据墙外消息，在张又侠和刘振立事件发生后，陆军司令员李桥铭反应强烈，一度传出其前往河南新乡、甚至准备动用第83集团军进京的说法。 然而，李桥铭随后被撤销了全国人大代表资格。其背后的逻辑在于：习近平破例，并不意味着其他人可以用另一种破例（如私自动用军队）的方式去解决习近,sweep_b2_hits.csv
2026-09-08_22-07-45,cand-singles,chinanewscenter.com,chinesehotnews,2026-08-14,https://www.threads.com/@chinesehotnews/post/DcAorB2FUYT,https://chinanewscenter.com/archives/59955,,,2.0,chinanewscenter.com,['cand-singles'],1,张又侠刘震立很可能是被王小洪蔡奇人马乱枪打死的！ 如今，中共军方的大清洗已进入黑箱化时代。 中共高级将领被官宣查办或“被失踪”之后，是死是活？外界很难知道。 但是，无论中共怎么掩盖真相，总有消息在海内外流传。 而中共所称的“谣言”，常常是遥遥领先的预言。 1月24日，中共国防部发言人宣布：中共政治局委员、中央军委副主席,sweep_b2_hits.csv
2026-09-08_22-07-45,cand-singles,chinanewscenter.com,chinesehotnews,2026-08-14,https://www.threads.com/@chinesehotnews/post/DcAkbVmFLBe,https://chinanewscenter.com/archives/59941,,,5.0,chinanewscenter.com,['cand-singles'],1,江泽民时代江朱曾考虑把共产党换个名字：社民党 据报道，前美国总统特别助理、知名中国问题专家李侃如（Kenneth Lieberthal）曾回忆，在 1999 年中国申请加入世贸组织（WTO）的敏感时期，时任中共国务院总理朱镕基在一场私下对话中向他坦诚质问：“到底需要什么，才能让美国真正相信中国？” 李侃如当时给出了一个,sweep_b2_hits.csv
2026-09-08_22-07-45,cand-singles,chinanewscenter.com,chinesehotnews,2026-08-14,https://www.threads.com/@chinesehotnews/post/DcAiY0BFT0s,https://chinanewscenter.com/archives/59933,,,2.0,chinanewscenter.com,['cand-singles'],1,官媒迅速封锁朱镕基去世消息，习近平在怕什么？ 随着前中共国务院总理朱镕基离世的消息传出，微博等社交平台上涌现大量关于上世纪九十年代“职工下岗”、“医疗市场化”及“教育产业化”的历史记忆与民间讨论。许多民众回忆起当年缺乏配套保障政策下，底层百姓所承受的生计重压与悲凉现实。 然而，官方对此反应极为敏感与迅速。讣告发布不到一,sweep_b2_hits.csv
2026-09-08_22-07-45,cand-singles,chinanewscenter.com,chinesehotnews,2026-08-13,https://www.threads.com/@chinesehotnews/post/Db9_rUam4ZW,https://chinanewscenter.com/archives/59883,,,2.0,chinanewscenter.com,['cand-singles'],1,朱镕基离世，各路反共人马向北京聚集；老军头要求释放张又侠 前中共总理朱镕基于 8 月 12 日因病医治无效在北京逝世。由于正值北戴河会议这一敏感时期，坊间一时间传闻四起。 有人认为朱镕基遭遇陷害、被故意拔掉了管子；也有网友翻出朱镕基在中共十九大上拒绝为修宪连任的习近平鼓掌的往事。不仅如此，当时朱镕基还冷眼看着习近平，公,sweep_b2_hits.csv
2026-09-08_22-07-45,cand-singles,chinanewscenter.com,chinesehotnews,2026-08-13,https://www.threads.com/@chinesehotnews/post/Db93egAAMZ2,https://chinanewscenter.com/archives/59868,,,3.0,chinanewscenter.com,['cand-singles'],1,解放军老军头对稳定军队发挥着作用，他们一致支持温家宝胡春华清算习近平集团 今年1月，张又侠、刘震立突然被习近平集团刺杀，中共军方大乱。中共军方和地方不一样，不仅有派系，而且有山头，军队里上下级关系非常密切。在中共上将几乎团灭的情况下，中共老军头的态度就非常关键。 张又侠协助习近平二十大非法连任，之后习近平就安排苗华和何,sweep_b2_hits.csv
2026-09-08_22-07-45,cand-singles,chinanewscenter.com,chinesehotnews,2026-08-13,https://www.threads.com/@chinesehotnews/post/Db91lAljqS3,https://chinanewscenter.com/archives/59861,,,0.0,chinanewscenter.com,['cand-singles'],1,正国级中共元老中的保守派与改革派清单 保守派与改革派：元老阵营的划界与立场 上期节目有人问，中共元老里还有多少保守派？副国级人数太多就不予以列举了。 在世的正国级中共保守派元老，包括： 朱镕基 罗干 曾庆红 贾庆林 张德江 贺国强 李长春 张高丽 刘云山 王岐山 栗战书 等人。 在世的正国级中共改革派元老则包括： 胡锦,sweep_b2_hits.csv
2026-09-08_22-07-45,cand-singles,chinanewscenter.com,chinesehotnews,2026-08-13,https://www.threads.com/@chinesehotnews/post/Db9zY4MlpXl,https://chinanewscenter.com/archives/59844,,,4.0,chinanewscenter.com,['cand-singles'],1,习近平权力到头了？真正的大戏才刚开始 央视8月11日起，在CCTV-1黄金时段首播12集文献纪录片《江泽民》，具体安排是每天播出两集，从11日持续到16日。这是纪念江泽民诞辰100周年系列活动的前戏，真正的高潮是8月17日在人民大会堂的纪念大会，据悉参会人数超过6000，引人注目的是诸多久未露面的大佬都将齐齐登场，包括,sweep_b2_hits.csv
2026-09-08_22-07-45,cand-singles,chinanewscenter.com,chinesehotnews,2026-08-12,https://www.threads.com/@chinesehotnews/post/Db8m5QfoJjm,https://chinanewscenter.com/archives/59828,,,1.0,chinanewscenter.com,['cand-singles'],1,深圳2000人被抓 一夜之间规则变了！ Finding评论文章：深圳华强北2000余人被抓：一门20年生意的终结。华强北卖水货手机已经不是新闻，这门生意持续了二十多年。从最早的港行诺基亚，到后来的美版、日版iPhone，再到少量的谷歌Pixel，华强北就是靠着这条灰色产业链，养活了几十万人，并把货铺到了全国每一个县城的,sweep_b2_hits.csv
2026-09-08_22-07-45,cand-singles,chinanewscenter.com,chinesehotnews,2026-08-12,https://www.threads.com/@chinesehotnews/post/Db7OjzLjUAS,https://chinanewscenter.com/archives/59782,,,21.0,chinanewscenter.com,['cand-singles'],1,北戴河元老意见一致，追究习近平二十大非法连任责任并启动政治体制改革 本周，中共北戴河度假即将结束。 在这十天里，曾庆红带着贾庆林、张德江四处走访串联中共元老，然而收到的反馈却让他们十分失望。 一、 保守派与改革派元老态度：众叛亲离与严厉质问 1. 保守派元老：对曾庆红三人深感不满 中共保守派元老首先就对曾庆红等人提出了,sweep_b2_hits.csv
2026-09-08_22-07-45,cand-singles,chinanewscenter.com,chinesehotnews,2026-08-12,https://www.threads.com/@chinesehotnews/post/Db7RGCcgI_q,https://chinanewscenter.com/archives/59806,,,3.0,chinanewscenter.com,['cand-singles'],1,实名举报舅舅的女警汪欣雨，被强制送入精神病院 实名举报舅舅的女警汪欣雨，被强制送入精神病院，微博被官方拿下，以汪欣雨的名义发布认错帖子，看来检察官的爹没斗过副市长的舅舅！ 楼主点评：没有法制的社会，就是一场弱肉强食的狂欢盛宴！ 这起事件最让人感到荒诞的，并不是“舅舅”和“外甥女”之间的家庭矛盾，而是一个普通人面对权力关,sweep_b2_hits.csv
2026-09-08_22-07-45,cand-singles,chinanewscenter.com,chinesehotnews,2026-08-12,https://www.threads.com/@chinesehotnews/post/Db7J7AzDQwo,https://chinanewscenter.com/archives/59757,,,14.0,chinanewscenter.com,['cand-singles'],1,张又侠在被捕之前安排好了：刘源代理军委主席；刘现在掌控82集团军 随着习近平抓捕张又侠，随之陷入骑虎难下的困境，日前有爆料说邓朴方加入战团反习，准备要干掉习近平；此外还有消息说刘源已经掌控82集团军。 习近平在军队臭了！刘源在团级以上干部会议上揭露习近平家族两万亿贪腐来自军费；一带一路贪腐渠道曝光！ 2025年11月新,sweep_b2_hits.csv
2026-09-08_22-07-45,cand-singles,chinanewscenter.com,chinesehotnews,2026-08-11,https://www.threads.com/@chinesehotnews/post/Db4UycqgHjz,https://chinanewscenter.com/archives/59723,,,0.0,chinanewscenter.com,['cand-singles'],1,新闻联播连续四天下架习近平，习近平究竟有多贪？ 你们知道吗？“习近平”这三个字，已经连续四天没有出现在《新闻联播》中了！ 从 8月7日 开始，经历 8月8日、8月9日，直到 8月10日，连续整整四天，央视新闻联播中完全没有了习近平的名字。 虽然北戴河会议早就已经开幕，会议召开后也确实鲜少有公开新闻，但直到 8月6日，“,sweep_b2_hits.csv
2026-09-08_22-07-45,cand-singles,chinanewscenter.com,chinesehotnews,2026-08-10,https://www.threads.com/@chinesehotnews/post/Db3Wp1HlVwb,https://chinanewscenter.com/archives/59684,,,21.0,chinanewscenter.com,['cand-singles'],1,红二代率兵攻入北戴河，协助元老向习近平发难！ 最近，旅美的上海实业家胡力任在社交平台及海外网络上披露了来自内部的爆料： 胡力任的消息来源指出，在北戴河会议期间，中共军二代和红二代群体已向习近平提出了当面质疑。 胡力任表示，习近平当年能够上位很大程度上依赖于红二代的推举。用圈内的话说，当年大家是把国家当成一个“红色股份制,sweep_b2_hits.csv
2026-09-08_22-07-45,cand-singles,chinanewscenter.com,chinesehotnews,2026-08-10,https://www.threads.com/@chinesehotnews/post/Db3U74XoFl6,https://chinanewscenter.com/archives/59668,,,0.0,chinanewscenter.com,['cand-singles'],1,外甥女汪雨欣举报长沙原副市长付胜华贪腐！ 日前，网传原湖南省长沙副市长付胜华的外甥女汪雨欣实名举报他要让自己色诱上级，并举报付胜华贪腐几百亿元，还让其儿子把钱转移到海外。引发网络关注。目前还无法确认这则爆料的真实性，但十几年前，原中央军委总后勤部副部长谷俊山被爆把自己的亲生女儿献给徐才厚。 原湖南省长沙副市长付胜华被举,sweep_b2_hits.csv
2026-09-08_22-07-45,cand-singles,chinanewscenter.com,chinesehotnews,2026-08-10,https://www.threads.com/@chinesehotnews/post/Db3SrZilED1,https://chinanewscenter.com/archives/59659,,,3.0,chinanewscenter.com,['cand-singles'],1,"一片汪洋！上海人纷纷哀嚎！中共官方却轻描淡写 ""白海豚""今（9日）傍晚在中国浙江省沿海登陆，最大风力达14级，成为今年登陆中国的最强台风。而今年7月底才被""百年一遇暴雨""淹成汪洋的上海市，早在白海豚来袭前，今日市中心城区再度因暴雨在短短几小时内被淹成一片，多地区水位至少到小腿肚，不少汽机车因泡水抛锚，路人寸步难行。 综",sweep_b2_hits.csv
2026-09-08_22-07-45,cand-singles,chinanewscenter.com,chinesehotnews,2026-08-10,https://www.threads.com/@chinesehotnews/post/Db2K8yykSlT,https://chinanewscenter.com/archives/59633,,,3.0,chinanewscenter.com,['cand-singles'],1,胡锦涛刘源掌控军队，张升民听刘源的！习近平越折腾，越能更好的进行政治体制改革！ 毛泽东曾说“枪杆子里面出政权”。中共政权从诞生第一天直到今天，都是靠暴力维持的。中共嘴上说的是“党指挥枪”，实际情况却是“枪决定党”。 张升民说自己只听刘源的！这是张又侠在位时和胡锦涛商谈的结果！以前的传闻是真的 胡温全力支持，五大战区集体,sweep_b2_hits.csv
2026-09-08_22-07-45,cand-singles,chinanewscenter.com,chinesehotnews,2026-08-09,https://www.threads.com/@chinesehotnews/post/DbztM1Kkf_x,https://chinanewscenter.com/archives/59598,,,6.0,chinanewscenter.com,['cand-singles'],1,清君侧！ 西部战区、北部战区多股军队开始往北京聚集 清君侧！ 西部战区、北部战区多股军队开始往北京聚集。这个消息时胡力任爆料的。胡老在军队有人脉，经常报道军队的事情。 如果从张又侠履历来说，张又侠的根基在13军和14军，在西部战区。而张又侠又在沈阳军区做过司令员，所以这是完全可能的。 张又侠出生于北京的高级干部家庭，其,sweep_b2_hits.csv
2026-09-08_22-07-45,cand-singles,chinanewscenter.com,chinesehotnews,2026-08-08,https://www.threads.com/@chinesehotnews/post/DbxI0C5kRsb,https://chinanewscenter.com/archives/59524,,,1.0,chinanewscenter.com,['cand-singles'],1,"北戴河会议上习近平公开检讨，说明二十大架离胡锦涛和李克强死亡原因 北戴河会议正在进行中，然而，其实就在北戴河会议前最后一刻，北京释放出了一个极不寻常的信号，一向强调""党中央定于一尊""的习近平，突然罕见认错，而且公开承认中国经济仍然面临困难和挑战。在熟悉中共政治的人眼里，这句话的分量非同一般。 为什么偏偏选在北戴河会议和",sweep_b2_hits.csv
2026-09-08_22-07-45,cand-singles,chinanewscenter.com,chinesehotnews,2026-08-07,https://www.threads.com/@chinesehotnews/post/Dbv_y5QoAvu,https://chinanewscenter.com/archives/59493,,,23.0,chinanewscenter.com,['cand-singles'],1,北戴河习近平同意胡春华接班，说明胡锦涛二十大被架离的原因 对于习近平来说，他自始至终没有考虑过让李强、蔡奇或者丁薛祥接班。毕竟习近平觉得自己身体还可以，起码还可以再干一届。 习近平认为自己的初心是好的： 台海局势：现在台湾民进党已经连续执政两届，假如2028年民进党再次大选胜利，台湾独立就不可阻挡了。 国际局势：美国特,sweep_b2_hits.csv
2026-09-08_22-07-45,cand-singles,chinanewscenter.com,chinesehotnews,2026-08-07,https://www.threads.com/@chinesehotnews/post/DbwBrHgCfNR,https://chinanewscenter.com/archives/59508,,,14.0,chinanewscenter.com,['cand-singles'],1,习近平运作成功北戴河会议不欢而散！曾庆红想保习近平，中国将进入极度震荡时期 昔日盟友，渐行渐远 很多人担心习近平和曾庆红会联手搞事情。确实，在历史上是曾庆红向江泽民推荐了习近平。然而早在十八大时期，习近平就通过王岐山敲打过曾庆红。 在此后很长一段时间里，习近平集团公开宣传“没有什么铁帽子王”，也没有“免死铁券”，实际上,sweep_b2_hits.csv
2026-09-08_22-07-45,cand-singles,chinanewscenter.com,chinesehotnews,2026-08-07,https://www.threads.com/@chinesehotnews/post/DbwAkDaifS1,https://chinanewscenter.com/archives/59500,,,1.0,chinanewscenter.com,['cand-singles'],1,北戴河曾庆红要求胡春华不要搞清算，要习近平参照“华国锋模式”下台 对于曾庆红来说，他的使命就是保证红色江山永不变色。要实现这一点，中共就不能用处理“四人帮”的模式处理习集团。一旦这样处理，就无法对全党全军交代，更无法对全国人民交代。 华国锋从怀仁堂政变到被逼宫的详细经过，习近平做事毫无底线！如果按胡锦涛所想用华国锋下台,sweep_b2_hits.csv
2026-09-08_22-07-45,cand-singles,chinanewscenter.com,chinesehotnews,2026-08-07,https://www.threads.com/@chinesehotnews/post/DbuE5XMDmJG,https://chinanewscenter.com/archives/59449,,,90.0,chinanewscenter.com,['cand-singles'],1,习近平想带铁凝杨兰兰出访美国，被元老拒绝！ 据北戴河会议传出的最新消息，元老帮对习近平的处置方针是：要求其配合完成后续政治表演，直到正式下台为止。 在这场“配合表演”的框架下，包括计划中的9月24日访美行程。然而，在细节谈判上，元老帮直接驳回了习近平希望带着妻子彭丽媛一同访美的要求： � 出境禁令：彭丽媛自两年多前访问,sweep_b2_hits.csv
2026-09-08_22-07-45,cand-singles,chinanewscenter.com,chinesehotnews,2026-08-07,https://www.threads.com/@chinesehotnews/post/DbujQvUFvbh,https://chinanewscenter.com/archives/59467,,,0.0,chinanewscenter.com,['cand-singles'],1,哭闹骂人争军衔 十大元帅之争夺内幕 蒋介石国民政府在大陆期间，授予一批高级将领上将以上军衔，没有听说过有人出来争军衔闹事。而中共在1955年授元帅、大将军衔时，却十分热闹。谦让者少，嫌军衔评低的人多，有些人甚至哭闹骂人争军衔。其中，所谓“粟裕让帅”很可能是子虚乌有的宣传，四野大佬刘亚楼甚至请出林彪为其游说，但刘最终还是,sweep_b2_hits.csv
2026-09-08_22-07-45,cand-singles,chinanewscenter.com,chinesehotnews,2026-08-07,https://www.threads.com/@chinesehotnews/post/DbuiSvqFO4R,https://chinanewscenter.com/archives/59459,,,3.0,chinanewscenter.com,['cand-singles'],1,"夏付钢夏大侠斩杀村霸一家，全民欢呼并强烈支持！ 河南西平县警方通报，7月30日51岁租户夏付钢因邻里纠纷持械刺伤邻居侯某立一家，造成至少1死4伤，疑为""灭门案""，嫌犯在逃，警方悬赏2-5万元缉凶。网传起因是夏父遭邻居殴打，夏怒而行凶。当地舆论强烈同情嫌犯，称其""为民除害大英雄""，村民自发送水送粮，社交媒体相关言论已遭删",sweep_b2_hits.csv
2026-09-08_22-07-45,cand-singles,chinanewscenter.com,chinesehotnews,2026-08-07,https://www.threads.com/@chinesehotnews/post/DbuEbIMCe8W,https://chinanewscenter.com/archives/59442,,,0.0,chinanewscenter.com,['cand-singles'],1,老军头集体抵制习近平；新中央军委名单确立：胡春华接掌军委主席 八一招待会诡异一幕：老军头集体抵制，军委委员全员缺席 今年八一建军节前夕在北京八一大楼举行的建军节招待会，成为了新旧权力交接最公开的晴雨表。在这场本应展示军方团结的盛会上，出现了极其罕见且诡异的场景：军二代、红二代及高阶将领集体缺席抵制。 八一招待会缺席名单,sweep_b2_hits.csv
2026-09-08_22-07-45,cand-singles,chinanewscenter.com,chinesehotnews,2026-08-05,https://www.threads.com/@chinesehotnews/post/Dbpccoekd5u,https://chinanewscenter.com/archives/59342,,,4.0,chinanewscenter.com,['cand-singles'],1,北京发布重量级文件！凭票供应要来了？ 中华全国供销合作总社8月1日发布“十五五发展规划”，提出到2030年新建、改造上百个国家战略农资储备库，并在产粮大县建设约1000个县域农资配送中心。供销社业务正从传统农资供应延伸至农村超市和应急保供。受访学者认为，供销体系重新扩张，显示中国经济政策正在回到国家主导、压缩民营经营空,sweep_b2_hits.csv
2026-09-08_22-07-45,cand-singles,chinanewscenter.com,chinesehotnews,2026-08-05,https://www.threads.com/@chinesehotnews/post/DbpcDGWlh82,https://chinanewscenter.com/archives/59335,,,1.0,chinanewscenter.com,['cand-singles'],1,迂腐的元老们还在讨论习近平下台方式；习派已经关上了中国大门要批斗资本家了！ 一、 出入境新规背后的真相：为倒行逆施的闭关锁国合法化背书 7月31日，李强主持召开国务院常务会议，发布了出入境管理规定，让墙内外一片哗然。实际上，这项新的出入境管理规定，只不过是将2020年以来习近平集团各种倒行逆施的边控措施合法化了。以此也,sweep_b2_hits.csv
2026-09-08_22-07-45,cand-singles,chinanewscenter.com,chinesehotnews,2026-08-04,https://www.threads.com/@chinesehotnews/post/DbofFwLmm51,https://chinanewscenter.com/archives/59291,,,0.0,chinanewscenter.com,['cand-singles'],1,胡锦涛温家宝和胡春华是改革派放出的鱼饵，不怕习近平暗杀！ 一、“胡锦涛全家灭门”传闻的由来与异常 7月31日凌晨，网上突然传出消息，称胡锦涛全家发生食物中毒，送院抢救无效，胡锦涛、刘永清以及胡海峰全部去世。 这则消息出现的时机非常耐人寻味——恰好是在7月30日中共官方刚刚宣布将于10月召开二十届五中全会之后。虽然随后发,sweep_b2_hits.csv
2026-09-08_22-07-45,cand-singles,chinanewscenter.com,chinesehotnews,2026-08-04,https://www.threads.com/@chinesehotnews/post/Dbn68z-Fvum,https://chinanewscenter.com/archives/59282,,,6.0,chinanewscenter.com,['cand-singles'],1,精准算计！6个月-3年不准出境 废掉你的永居 Finding：6个月-3年不准出境，对于一个拿着中国护照+外国永居的人来说，不是“晚走半年”，是直接判了你永居的死刑。 因为全世界所有发达国家的永居，保的都不是一张卡，保的是“人必须在”。而“人必须在”是用天数来算的。 中国的新规，就是用中国的行政时间，去精准绞杀外国的移,sweep_b2_hits.csv
2026-09-08_22-07-45,cand-singles,chinanewscenter.com,chinesehotnews,2026-08-04,https://www.threads.com/@chinesehotnews/post/DbmeUMDEYXI,https://chinanewscenter.com/archives/59268,,,2.0,chinanewscenter.com,['cand-singles'],1,为抗议习近平领导，八一建军节招待会，老军头集体缺席！ 在每年的8月1日“建军节”前夕，中共国防部于北京八一大楼举行的建军节招待会，历来是观察中共军方高层团结度、军政关系以及内部政治风向的重要窗口。 然而，在最近一次的八一招待会上，军中老干部及“红二代”高级将领的集体缺席，引发了海外政治观察家与自媒体的强烈关注。有分析指,sweep_b2_hits.csv
2026-09-08_22-07-45,cand-singles,chinanewscenter.com,chinesehotnews,2026-08-03,https://www.threads.com/@chinesehotnews/post/DblgtyrFl5P,https://chinanewscenter.com/archives/59240,,,2.0,chinanewscenter.com,['cand-singles'],1,北京谣言：习近平死了！ 【北京传闻】从“莫名其妙的发展”到“僵尸治国”：关于中共高层政治与习死讯传闻的幕后解析 **编者按**：本文整理自相关口述记录，旨在梳理与呈现关于北京近期高层政治传言、宣传失误及历史镜像的讨论。文中所涉及观点与传言仅供参考。 一、 导言：传闻收集与“事出反常必有妖” 大家好！中共中国北京的老百姓,sweep_b2_hits.csv
2026-09-08_22-07-45,cand-singles,chinanewscenter.com,chinesehotnews,2026-08-03,https://www.threads.com/@chinesehotnews/post/DbkZNAPoN3N,https://chinanewscenter.com/archives/59210,,,0.0,chinanewscenter.com,['cand-singles'],1,王小洪马仔，北京公安局局长董亦军被82集团军响箭特战旅打死 chinanewscenter.com/archi…,sweep_b2_hits.csv
2026-09-08_22-07-45,cand-singles,chinanewscenter.com,chinesehotnews,2026-08-03,https://www.threads.com/@chinesehotnews/post/DbkXPQ-HKV3,https://chinanewscenter.com/archives/59187,,,5.0,chinanewscenter.com,['cand-singles'],1,突发：两股人马冲进人大，赵乐际被带走？因保护张又侠刘震立！ 今日再传出重磅消息：现任中共中央政治局常委、全国人大常委会委员长赵乐际，刚刚被两股人马带走！ 第一股人马：中共中央纪律检查委员会（中纪委）的人； 第二股人马：公安部的特警。 据传，中央政治局常委赵乐际，正在遭到中央纪检委的调查和审查！赵乐际领导的全国人大常委会,sweep_b2_hits.csv
2026-09-08_22-07-45,cand-singles,chinanewscenter.com,chinesehotnews,2026-08-03,https://www.threads.com/@chinesehotnews/post/DbkV0-DnBN8,https://chinanewscenter.com/archives/59177,,,1.0,chinanewscenter.com,['cand-singles'],1,习近平从来没有掌控过军队，军队随时可能造反！西南军区将打响第一枪 深度解析：建军99周年前的权力清洗与军心迷局 习近平从来没有掌控过军队，军队随时可能造反！西南军区将打响第一枪 习近平从未掌控军队，二十一大必然下台！ 8月1日中共建军99周年之际，在7月31日的政治局会议上，习近平再次重申要“如期实现建军一百年奋斗目标,sweep_b2_hits.csv
2026-09-08_22-07-45,cand-singles,chinanewscenter.com,chinesehotnews,2026-08-01,https://www.threads.com/@chinesehotnews/post/DbhB4bTD-nJ,https://chinanewscenter.com/archives/59112,,,0.0,chinanewscenter.com,['cand-singles'],1,愣是一个人都没招到！今年最惨的3所985/211 2026年高考录取已经进入收尾阶段，全国绝大多数省份都已完成本科批次录取工作。 走到现在这个阶段，还在征集的计划，大多只剩下三类：公办高校的中外合作办学（学费动辄2-3万起步）、民办高校专业、独立学院。学费贵、性价比低，没人报，很正常。 但今年，诡异的事情发生了—— 在,sweep_b2_hits.csv
2026-09-08_22-07-45,cand-singles,chinanewscenter.com,chinesehotnews,2026-08-01,https://www.threads.com/@chinesehotnews/post/DbgaccMibdw,https://chinanewscenter.com/archives/59103,,,1.0,chinanewscenter.com,['cand-singles'],1,前公安部十局局长昨天在北京跳楼自杀 7月31日，旅美公民记者赵兰健在X平台发布独家消息：原铁道部公安局局长、公安部十局局长姜战林，于7月30日在北京石景山区一商场跳楼轻生。帖文附有疑似坠楼现场视频。截至发稿，中共官方媒体及北京市警方均无任何相关通报，消息尚待证实。 姜战林，1955年生，北京延庆人，被指为落马铁道部部长,sweep_b2_hits.csv
2026-09-08_22-07-45,cand-singles,chinanewscenter.com,chinesehotnews,2026-08-01,https://www.threads.com/@chinesehotnews/post/DbgXqS9lajN,https://chinanewscenter.com/archives/59083,,,8.0,chinanewscenter.com,['cand-singles'],1,中共高官出事的传闻四起 部分已证实 涉及习近平连任问题的中共二十一大明年召开，今年10月的二十届五中全会，官方确认以整党为主题。近期有关高官出事的传闻四起，部分已获证实。分析指出，中共黑箱操作，政治传闻亦值得观察，当局清洗动作与二十一大前“封口”有关。 国企官员接连落马 爆料者提前预告 7月31日，中共中纪委官网通报，,sweep_b2_hits.csv
2026-09-08_22-07-45,cand-singles,chinanewscenter.com,chinesehotnews,2026-08-01,https://www.threads.com/@chinesehotnews/post/DbgXKzqGs3n,https://chinanewscenter.com/archives/59074,,,0.0,chinanewscenter.com,['cand-singles'],1,李强强推出入境新规 真正恐怖的是这几个关键词 6月29日，中国国务院常务会议通过《国务院关于出境入境管理的规定》，将于9月15日起施行。 读完最直观的感觉是，出境管理的权力被进一步制度化：从风险地区“劝阻”、核验电子数据，到行政处罚结束后的禁出境，许多条款都留下了较大的解释空间。好听点说，“边控”从此更有法可依，如果被,sweep_b2_hits.csv
2026-09-08_22-07-45,cand-singles,chinanewscenter.com,chinesehotnews,2026-08-01,https://www.threads.com/@chinesehotnews/post/Dbe3HJPDrNA,https://chinanewscenter.com/archives/59027,,,0.0,chinanewscenter.com,['cand-singles'],1,中共狂印钞票，人均印钱22万人民币；为什么菜价还在跌？ 先说一个让人摸不着头脑的现象。 今年上半年，中国央行公布了一个吓人的数字——全国广义货币余额突破356万亿元，光是上半年就往市场里注了超过16万亿新钱。 按常理，钱印多了不是要通货膨胀吗？不是菜价肉价要飞涨吗？ 然而去菜市场一看——西红柿两块五，黄瓜一块八，猪五花,sweep_b2_hits.csv
2026-09-08_22-07-45,cand-singles,chinanewscenter.com,chinesehotnews,2026-08-01,https://www.threads.com/@chinesehotnews/post/Dbe2FLqgLq0,https://chinanewscenter.com/archives/59019,,,1.0,chinanewscenter.com,['cand-singles'],1,"打响反抗中央暴政第一枪！地方开始向中央发难 大家有没有发现，中共官场有一个几乎从不打破的规矩——再困难，也要说""稳中向好""；再缺钱，也要说""运行平稳""。 可就在最近，东北重镇长春却突然公开和北京唱反调，到底发生了什么，竟然让地方政府连""统一口径""都顾不上了？ 更巧的是，就在长春喊难的同时，中国重磅经济数据接连公布，一个",sweep_b2_hits.csv
2026-09-08_22-07-45,cand-singles,chinanewscenter.com,chinesehotnews,2026-08-01,https://www.threads.com/@chinesehotnews/post/Dbe1nuKES7w,https://chinanewscenter.com/archives/59008,,,3.0,chinanewscenter.com,['cand-singles'],1,闭关锁国新高潮！中国新规，多个条款令人惊慌 中国官方星期五（7月31日）公布新的出入境管理规定，中国公民若违反技术进出口等规定并被认定可能危害国家产业或科技安全，可被禁止出境。 据新华社报道，中国国务院发布的规定明确，中国公民违反出口管制、技术进出口管理等规定，可能危害国家产业安全或技术安全的，国务院商务等有关主管部门,sweep_b2_hits.csv
2026-09-08_22-07-45,cand-singles,chinanewscenter.com,chinesehotnews,2026-07-31,https://www.threads.com/@chinesehotnews/post/DbdvonmlS7i,https://chinanewscenter.com/archives/59000,,,2.0,chinanewscenter.com,['cand-singles'],1,因为反对抓捕张又侠，赵乐际被王小洪秘密抓捕 据传，中央政治局常委赵乐际，正在遭到中央纪检委的调查和审查！ 赵乐际领导的全国人大常委会，曾四次拒绝罢免张又侠和刘振立的全国人大代表资格，这导致张又侠和刘振立不能被进行名义上的逮捕，尽管张又侠和刘振立已经被抓捕和关押。 据传，中央政治局常委赵乐际，正在遭到中央纪检委的调查和审,sweep_b2_hits.csv
2026-09-08_22-07-45,cand-singles,chinanewscenter.com,chinesehotnews,2026-07-31,https://www.threads.com/@chinesehotnews/post/DbdtSdgEa4f,https://chinanewscenter.com/archives/58978,,,1.0,chinanewscenter.com,['cand-singles'],1,疯传胡锦涛夫妇儿子突然离世 网友：想到李克强 近年来，中国国家主席习近平逐渐收拢个人权力，在清洗潜在挑战者的同时，持续透过宣传“人走茶凉”、取消元老座谈等方式切断党内元老干政的机会，彻底架空退休元老发挥影响力的空间，甚至在公开场合直接架走前任国家主席胡锦涛。近期有香港媒体人爆料称，胡锦涛及其夫人刘永清、儿子胡海峰疑似因,sweep_b2_hits.csv
2026-09-08_22-07-45,cand-singles,chinanewscenter.com,chinesehotnews,2026-07-31,https://www.threads.com/@chinesehotnews/post/DbccmG3ES0a,https://chinanewscenter.com/archives/58952,,,4.0,chinanewscenter.com,['cand-singles'],1,中共党员隐瞒党员身份赴美，在美国飞机场被捕！ 一名隐瞒中共党籍与17年军旅经历的中国男子，近日持10年签证入境美国时当场被捕，暴露出海外华人身份审查正全面收紧的现实。分析人士指出，美国近年不断强化对中共关联背景的调查力度，呼吁华人认清中共本质、及早以证明文件完成组织切割。 机场秒捕震动华人圈 隐瞒党籍军旅背景为哪般？ ,sweep_b2_hits.csv
2026-09-08_22-07-45,cand-singles,chinanewscenter.com,chinesehotnews,2026-07-30,https://www.threads.com/@chinesehotnews/post/DbbcwSECSqO,https://chinanewscenter.com/archives/58919,,,1.0,chinanewscenter.com,['cand-singles'],1,照片疯传：王虹导师凝视徒弟眼神，全网破防 王虹国际会议作报告！导师站窗外凝望像慈祥父亲，恩师打扮好简朴 在斩获数学界至高荣誉菲尔兹奖后，35岁的王虹没有选择高调亮相、接受各界祝贺，而是低调奔赴2026年国际数学家大会（ICM）深耕学术。 本次大会她受邀站上分析分会场的核心讲台，带来一场时长45分钟的重磅特邀报告。 报告,sweep_b2_hits.csv
2026-09-08_22-07-45,cand-singles,chinanewscenter.com,chinesehotnews,2026-07-30,https://www.threads.com/@chinesehotnews/post/DbbL9TaFaNM,https://chinanewscenter.com/archives/58911,,,3.0,chinanewscenter.com,['cand-singles'],1,一张截图引爆全网 北戴河前夜出大事？ 一张截图突然刷爆中文互联网，社交平台热传的截图显示，有网友在360搜索里输入一个普通汉字，结果跳出来的，却是一位最不应该出现的人物。 习近平失去了军权，二十一大必然下台！ 全民厌习，弃习，北戴河建制派可以用来牵制习！ pic.twitter.com/FzOrj… — CNC热点 (,sweep_b2_hits.csv
2026-09-08_22-07-45,cand-singles,chinanewscenter.com,chinesehotnews,2026-07-30,https://www.threads.com/@chinesehotnews/post/DbZfF6jDsiD,https://chinanewscenter.com/archives/58894,,,22.0,chinanewscenter.com,['cand-singles'],1,上海武警司令陈源等27名军官参与谋杀李克强一案，军方调查并集中关押证人被习近平派人全部消灭 chinanewscenter.com/archi…,sweep_b2_hits.csv
2026-09-08_22-07-45,cand-singles,chinanewscenter.com,chinesehotnews,2026-07-29,https://www.threads.com/@chinesehotnews/post/DbYo1RMlGJK,https://chinanewscenter.com/archives/58877,,,0.0,chinanewscenter.com,['cand-singles'],1,重大信号，习近平在党媒成小丑；话不会说，丑照满世界飞！ 先来和大家分享一个趣闻。一位网友突发奇想，在百度搜索了一下“比习近平更傻的人”，百度给出的结果是，“抱歉没有找到比习近平更傻的人”。 当然这是民意的表达，习近平上台这十多年，可谓树敌无数，生生的把无数曾经支持过他，甚至虽然不支持也不反对他的人，变成了天天盼着他挂掉,sweep_b2_hits.csv
2026-09-08_22-07-45,cand-singles,chinanewscenter.com,chinesehotnews,2026-07-29,https://www.threads.com/@chinesehotnews/post/DbYmVToFjt3,https://chinanewscenter.com/archives/58870,,,3.0,chinanewscenter.com,['cand-singles'],1,王虹，谢谢你说出“discouraged”; 这是我们移民一代的心理话！ 菲尔兹奖90年历史，第三位女性得主诞生！ 法国总统马克龙亲自致电，纽约大学连发三条推文，普林斯顿高等研究院第一时间把她的海报贴在账号里。 广西桂林中学连夜发文，北京大学连夜祝贺，连她曾经只待过一年的地球与空间科学学院，都单独写了一篇开屏。 可王虹,sweep_b2_hits.csv
2026-09-08_22-07-45,cand-singles,chinanewscenter.com,chinesehotnews,2026-07-29,https://www.threads.com/@chinesehotnews/post/DbYjGSkoOW2,https://chinanewscenter.com/archives/58855,,,1.0,chinanewscenter.com,['cand-singles'],1,习近平二十一大到底能不能连任？ 分析了目前网络上截然相反的两种派别观点，并结合中共体制内的政治逻辑与权力运行机制进行了深入剖析。 以下是视频的核心内容总结： 一、 网上争论的两派观点 1. A方观点：锁定连任派 核心论点：坚称确切消息表明，习近平已成功锁定二十一大连任。 主要论据： 联合发文：在2026年7月下旬（北戴,sweep_b2_hits.csv
2026-09-08_22-07-45,cand-singles,chinanewscenter.com,chinesehotnews,2026-07-28,https://www.threads.com/@chinesehotnews/post/DbU8-iuoL-T,https://chinanewscenter.com/archives/58838,,,31.0,chinanewscenter.com,['cand-singles'],1,外交部发言人毛宁是毛泽东私生女，将接任周恩来私生子王毅的外交部部长职务 天天聊习近平、张又侠、王岐山、温家宝这些人的高层内斗，听起来挺高大上，其实中共体制说白了就是一个吃喝嫖赌操作下的流氓江湖。 比这些高大上叙事更有趣的，是关于王岐山的故事。在这点上我非常佩服郭文贵，他通过向全世界传播王岐山和范冰冰的故事，起到了一种特,sweep_b2_hits.csv
2026-09-08_22-07-45,cand-singles,chinanewscenter.com,chinesehotnews,2026-07-28,https://www.threads.com/@chinesehotnews/post/DbU4OW4oNQ8,https://chinanewscenter.com/archives/58822,,,6.0,chinanewscenter.com,['cand-singles'],1,习近平二十一大必然下台，胡春华坚决要求清算习近平集团！胡锦涛只清算福建帮 习近平失去军权后，其下台也顺理成章了。 再强调一次，中共权力的本质不是民主，而是暴力。谁掌握了枪杆子，谁就掌握了中共的最高权力。 1989年“六四”时期，即便赵紫阳赢得了民心，然而邓小平赢得了暴力。二十大时也是如此，而现在习近平失去了中共军权，习,sweep_b2_hits.csv
2026-09-08_22-07-45,cand-singles,chinanewscenter.com,chinesehotnews,2026-07-28,https://www.threads.com/@chinesehotnews/post/DbU1eQNG_e2,https://chinanewscenter.com/archives/58804,,,7.0,chinanewscenter.com,['cand-singles'],1,张又侠协助习近平二十大夺权，江泽民大怒被杀！ 2022年初发生了两件大事：一件是北京冬奥会，另一件是俄罗斯入侵乌克兰。与此同时，还发生了两件看似不起眼的小事：一件是铁链女被曝光，另一件是谷爱凌被捧红。这些事都集中在2022年春节前后发生，可以说是“事出反常必有妖”。 “习近平非法政变必须下台” – 这才是天安门红墙所喷,sweep_b2_hits.csv
2026-09-08_22-07-45,cand-singles,chinanewscenter.com,chinesehotnews,2026-07-28,https://www.threads.com/@chinesehotnews/post/DbU3PD5IJd_,https://chinanewscenter.com/archives/58815,,,2.0,chinanewscenter.com,['cand-singles'],1,习近平是如何失去军权的？许其亮为何自杀？ 习近平二十大通过政变三任后，习近平集团很快就发生了内讧。苗华、何卫东要抢夺张又侠的军权，逼迫张又侠退休，并借故拿下了张又侠的嫡系、国防部长李尚福，彻底把张又侠推到了中共元老一边。 2024年3月，张又侠正式和习近平夫妇翻脸，当众赶走了彭丽媛的马仔、军中太监钟绍军。之后，张又侠又,sweep_b2_hits.csv
2026-09-08_22-07-45,cand-singles,chinanewscenter.com,chinesehotnews,2026-07-27,https://www.threads.com/@chinesehotnews/post/DbTUwcVlpxV,https://chinanewscenter.com/archives/58795,,,0.0,chinanewscenter.com,['cand-singles'],1,十级地震！中国AI最怕曝光的底牌全漏了 2026年7月下旬，全球科技界和资本圈发生了一场毫无预兆的十级地震。 中国AI领域的顶流、刚刚在全球开源社区封神的独角兽——DeepSeek，其创始人梁文锋的一场长达近4小时、字数超过3.4万字的内部投资者交流会议纪要，在未经授权的情况下被意外泄露，在中文互联网乃至欧美科技圈疯传,sweep_b2_hits.csv
2026-09-08_22-07-45,cand-singles,chinanewscenter.com,chinesehotnews,2026-07-27,https://www.threads.com/@chinesehotnews/post/DbSKs5bHDkS,https://chinanewscenter.com/archives/58787,,,0.0,chinanewscenter.com,['cand-singles'],1,"中共和满清一样是外来政权，习近平“刨了自己的祖先” 阿波罗网评论员王笃然分析：中国传统上判定""华夷之辨""，从来不是血统论，而是文化认同论——""夷狄入中国则中国之，中国入夷狄则夷狄之""。这句话的意思是：周边少数民族如果来到中原、学习并施行中原的礼乐法度，就可以把他们当做""中国""看待；相反，中原政权如果放弃礼义、改用蛮夷的",sweep_b2_hits.csv
2026-09-08_22-07-45,cand-singles,chinanewscenter.com,chinesehotnews,2026-07-25,https://www.threads.com/@chinesehotnews/post/DbOVetklA96,https://chinanewscenter.com/archives/58751,,,1.0,chinanewscenter.com,['cand-singles'],1,北京地铁冷冷清清，2200万人潮不在 现状惊人 大家有没有发现，近来的北京似乎变了模样？2180万人潮不在、百业倒闭，街道冷清的让人震惊。 “为什么感觉北京突然间就没人了，别怀疑你的视觉！” “现在刚刚晚上7点40多分的北京，这是餐饮一条街 ，无论是中餐，西餐，日餐都一样，都没什么人。” “都说北京一两千多万人，但走街,sweep_b2_hits.csv
2026-09-08_22-07-45,cand-singles,chinanewscenter.com,chinesehotnews,2026-07-25,https://www.threads.com/@chinesehotnews/post/DbOUbfoFWAx,https://chinanewscenter.com/archives/58738,,,1.0,chinanewscenter.com,['cand-singles'],1,菲尔兹奖获奖人王虹获奖发言没感谢北大！何错之有？ 菲尔兹奖获奖人王虹的发言，引发了巨大的讨论热度。 因为她对母校北大根本没有做什么感谢，相反重点感谢了法国的导师，以及在法国的留学经历 更有意思的是，王虹在另一个短片中。谈了她在北大的生活，异常艰难，以至于学不下去，都想转行搞建筑学了。 相反，到了法国之后压力骤减，他的导,sweep_b2_hits.csv
2026-09-08_22-07-45,cand-singles,chinanewscenter.com,chinesehotnews,2026-07-25,https://www.threads.com/@chinesehotnews/post/DbOTy6TmnWP,https://chinanewscenter.com/archives/58730,,,1.0,chinanewscenter.com,['cand-singles'],1,肖杰被查，系海南三沙建市后首任市委书记、市长 中国海南省人大常委会副主任、中共第十九次全国代表大会代表肖杰，涉嫌严重违纪违法被立案调查后，中共中央纪委国家监委今（25日）公告将其开除党籍。 中共中央纪委国家监委网站指出，肖杰无视中央8项规定精神违规收受礼品、接受可能影响公正执行公务的宴请、在干部选拔任用工作中为他人谋取,sweep_b2_hits.csv
2026-09-08_22-07-45,cand-singles,chinanewscenter.com,chinesehotnews,2026-07-25,https://www.threads.com/@chinesehotnews/post/DbNLBgyoPcZ,https://chinanewscenter.com/archives/58703,,,1.0,chinanewscenter.com,['cand-singles'],1,马兴瑞、彭丽媛老家官员突异常卸职 五深圳旧部落马 日前，原济南市纪委书记杨光忠突然异常卸职，他曾在马兴瑞与彭丽媛的老家山东省菏泽市任职多年。马兴瑞出事后，他曾主政过的深圳已有五名旧部相继落马，包括最近“主动投案”的原深圳市委统战部部长王强。 原济南市纪委书记杨光忠异常卸职 2026年7月20日，据更新后的山东省济南市纪,sweep_b2_hits.csv
2026-09-08_22-07-45,cand-singles,chinanewscenter.com,chinesehotnews,2026-07-24,https://www.threads.com/@chinesehotnews/post/DbKlqmPEYrH,https://chinanewscenter.com/archives/58605,,,223.0,chinanewscenter.com,['cand-singles'],1,李克强女儿海外爆料：习近平私生女杨兰兰和婚生女习明泽各有一千亿美元 chinanewscenter.com/archi…,sweep_b2_hits.csv
2026-09-08_22-07-45,cand-singles,chinanewscenter.com,chinesehotnews,2026-07-25,https://www.threads.com/@chinesehotnews/post/DbMyKDulQVg,https://chinanewscenter.com/archives/58687,,,0.0,chinanewscenter.com,['cand-singles'],1,西部战区要起义！地方和中央关系已到最危险时刻 2026年上半年财政收支，表面看是一份“企稳”的答卷，细看则是中国财政结构性矛盾全面暴露的半年。总账很能说明问题：一般公共预算收入12.1万亿，增长4.7%，支出14.33万亿，增长1.5%。收支缺口2.22万亿。但这只是“小口径”。如果加上政府性基金这本大账，问题就很大。,sweep_b2_hits.csv
2026-09-08_22-07-45,cand-singles,chinanewscenter.com,chinesehotnews,2026-07-25,https://www.threads.com/@chinesehotnews/post/DbMno2klmXr,https://chinanewscenter.com/archives/58663,,,1.0,chinanewscenter.com,['cand-singles'],1,老军委主席威武？！军队将领为何选择团结在胡锦涛周围 一、 历史的镜鉴：军权失控与党魁的命运 中共最近一次党魁倒台，是赵紫阳因为“六四事件”被中共元老软禁。 温家宝的亲历： 赵紫阳当时的中办主任正是温家宝，温家宝全程经历了赵紫阳倒台的全过程。当时，中央警卫局原则上应归中办主任温家宝直接指挥，但在李鹏发表了臭名昭著的“42,sweep_b2_hits.csv
2026-09-08_22-07-45,cand-singles,chinanewscenter.com,chinesehotnews,2026-07-25,https://www.threads.com/@chinesehotnews/post/DbMm1GnAE__,https://chinanewscenter.com/archives/58656,,,1.0,chinanewscenter.com,['cand-singles'],1,建制派抓马兴瑞、陈希，震慑彭丽媛，等于要了习近平的命！ 温家宝重掌大局：剪其羽翼，逼降习集团 控制中共党权的工作，目前主要由温家宝来主持。温家宝担任了党中央决策议事协调机构的组长，实际上成为了新的党内核心/掌门人。 习近平集团一直试图与党中央决策议事协调机构斗法，然而随着温家宝逐步控制了中共的组织权和纪律权，习近平集团,sweep_b2_hits.csv
2026-09-08_22-07-45,cand-singles,chinanewscenter.com,chinesehotnews,2026-07-25,https://www.threads.com/@chinesehotnews/post/DbMlaJglb4S,https://chinanewscenter.com/archives/58649,,,0.0,chinanewscenter.com,['cand-singles'],1,复辟文革？江金权是最坏的推手！查他，就是打脸习近平！ 最近网络上传出消息，说习近平的“大笔杆子”江金权被抄家。相信很多熟悉中共政治的朋友，马上会意识到中共党内又出了大事。 下面让我们来看看当年，毛泽东的这个“第一笔杆子”戚本禹是怎么被抓的，从中可以帮助我们分析中共党内出了什么大事，借此判断习近平今天要干什么。 好，下面,sweep_b2_hits.csv
2026-09-08_22-07-45,cand-singles,chinanewscenter.com,chinesehotnews,2026-07-24,https://www.threads.com/@chinesehotnews/post/DbMEv4SoIZ4,https://chinanewscenter.com/archives/58640,,,1.0,chinanewscenter.com,['cand-singles'],1,澳洲中国外交官气炸集体离场 澳洲执政党工党23日举行第50届全国大会，会前预告的“神秘来宾”竟是台湾驻澳洲代表处官员，引发在场中国外交官不满，集体离场抗议。 澳洲媒体报道，为期3天的工党（Australian Labor Party）全国大会昨天在南澳州（SA）首府阿得雷德（Adelaide）揭幕，会前即预告会有“神秘,sweep_b2_hits.csv
2026-09-08_22-07-45,cand-singles,chinanewscenter.com,chinesehotnews,2026-07-24,https://www.threads.com/@chinesehotnews/post/DbKnykVIAL_,https://chinanewscenter.com/archives/58615,,,0.0,chinanewscenter.com,['cand-singles'],1,习近平狗头军师江金权被抄家，他为习近平三任提供狗屁理论并大战改革派 近日，海外盛传中共前中央政策研究室主任江金权被带走，并被抄家。江金权曾在中共中央政策研究室担任王沪宁的下属十多年。江金权一度被认为是习近平手下头号“笔杆子”，也是中共官方对“两个确立”政治论述的核心阐述者与推手之一。 海外对江金权为何被带走、抄家说法不,sweep_b2_hits.csv
2026-09-08_22-07-45,cand-singles,chinanewscenter.com,chinesehotnews,2026-07-22,https://www.threads.com/@chinesehotnews/post/DbFEnKAoI5g,https://chinanewscenter.com/archives/58487,,,33.0,chinanewscenter.com,['cand-singles'],1,王毅父亲周恩来母亲王昆，岳父是周恩来秘书钱嘉东，夫人钱韦被加拿大拒发签证 chinanewscenter.com/archi…,sweep_b2_hits.csv
2026-09-08_22-07-45,cand-singles,chinanewscenter.com,chinesehotnews,2026-07-23,https://www.threads.com/@chinesehotnews/post/DbJhrhsmC5l,https://chinanewscenter.com/archives/58596,,,3.0,chinanewscenter.com,['cand-singles'],1,从习近平八月大凶下台，看中共内部正统红二代接管军权 近期，海外政论圈与网络上流传着一则引人关注的说法：有分析预测，至8月31日前后，习近平将面临政治上的“大凶”局势，甚至可能被迫下台。 推背图46象解读：有一军人身带弓，习近平八月大凶，中国内斗是红二代之间的争斗。大家要鱼死网破，草头共被吹翻在地，共产党从此消亡，习近平,sweep_b2_hits.csv
2026-09-08_22-07-45,cand-singles,chinanewscenter.com,chinesehotnews,2026-07-23,https://www.threads.com/@chinesehotnews/post/DbJYWbKifzG,https://chinanewscenter.com/archives/58586,,,0.0,chinanewscenter.com,['cand-singles'],1,正统红二代夺取军权成功，军委秘密文件下发团级干部，军队只听刘源命令！ 正统之争与“伪光正”：习近平的合法性危机 习近平之所以在中共体制内一通乱搞，主要是他自认为自己是中国共产党的“正宗传人”，用中国的话讲就是所谓的“名正言顺”。 旧闻：百名将军联署召开五中全会：张又侠军委主席，刘源总书记，习近平国家主席 然而，在共产党,sweep_b2_hits.csv
2026-09-08_22-07-45,cand-singles,chinanewscenter.com,chinesehotnews,2026-07-23,https://www.threads.com/@chinesehotnews/post/DbIAaFdFte_,https://chinanewscenter.com/archives/58551,,,1.0,chinanewscenter.com,['cand-singles'],1,"效仿毛泽东搞车震，习近平全国选妃揭秘，美女乘务员”神秘任务”令人震惊 一段视频，撕开了习近平专列女乘务员招聘的神秘面纱——网友刷屏震惊：""这哪里是招乘务员，分明是为习近平专列举办一场顶级隐形选秀！"" 能登上这趟车的，都是什么人？ 毛泽东玩过近千女人，无数二奶妻妾成群, 军队文工团是其后宫可以随便让歌舞团员陪睡陪玩， 更",sweep_b2_hits.csv
2026-09-08_22-07-45,cand-singles,chinanewscenter.com,chinesehotnews,2026-07-23,https://www.threads.com/@chinesehotnews/post/DbH-y0wFT5P,https://chinanewscenter.com/archives/58526,,,1.0,chinanewscenter.com,['cand-singles'],1,习近平失去军方支持，丁薛祥公开场合藐视习近平！ 7月14日，马兴瑞双开。副国级高官轰然落马，本应是最大焦点。但全网的目光，几乎没在马兴瑞身上停留几秒，就瞬间转向了另一个人——丁薛祥。6月29日，《人民至上》音乐会现场，一段只有四秒的视频，把「小丁子」直接送上热搜第一，让全网脑补出一部权斗大戏。 另一组照片，也在悄悄流传,sweep_b2_hits.csv
2026-09-08_22-07-45,cand-singles,chinanewscenter.com,chinesehotnews,2026-07-23,https://www.threads.com/@chinesehotnews/post/DbH9vQLoA0Q,https://chinanewscenter.com/archives/58518,,,0.0,chinanewscenter.com,['cand-singles'],1,体制内开始注销护照！国企高管酒驾被罚开出公职只为出境 一本护照，正在成为中国最难拿回来的东西。 最近，一则消息在网络上迅速发酵：不少体制内人员，不仅被要求上交护照，甚至开始被要求主动注销护照。与此同时，还有网友爆料，相关部门正在倒查过去五年的出国记录。更耐人寻味的是，金融系统还传出一个离奇故事：有人为了拿回护照，竟然故,sweep_b2_hits.csv
2026-09-08_22-07-45,cand-singles,chinanewscenter.com,chinesehotnews,2026-07-22,https://www.threads.com/@chinesehotnews/post/DbFFZMnkZP3,https://chinanewscenter.com/archives/58494,,,3.0,chinanewscenter.com,['cand-singles'],1,王毅是周恩来私生子是赵家人！是保守派的太子建制派相信他 中共保守派的“太子”：王毅的真实背景与红朝权力暗战 一、天安门广场的“傲慢”：王毅与习、蔡的微妙互动 今年 5 月特朗普访华期间，习近平在天安门广场为其举行了隆重的欢迎仪式。当时有一个非常值得注意的现场细节：当习近平带着特朗普逐一与中共高官握手致意时，王毅竟然完全,sweep_b2_hits.csv
2026-09-08_22-07-45,cand-singles,chinanewscenter.com,chinesehotnews,2026-07-22,https://www.threads.com/@chinesehotnews/post/DbE6UHPkaG9,https://chinanewscenter.com/archives/58471,,,1.0,chinanewscenter.com,['cand-singles'],1,纪委建制派在查王小洪和何立峰 湖北省委第一巡视组原组长李平涉嫌严重违纪违法接受审查调查。值得注意的是，公开渠道几乎无法查到李平的履历与出生年月。这样一位在体制内长期担任要职的官员，其简历信息的缺失引发了外界的大量猜测与讨论。 经梳理，李平的履历至少牵连到马兴瑞、何立峰两位政治局委员，国务委员王小洪，以及王祥喜、楼阳生两,sweep_b2_hits.csv
2026-09-08_22-07-45,cand-singles,chinanewscenter.com,chinesehotnews,2026-07-21,https://www.threads.com/@chinesehotnews/post/DbD7jI-oNbN,https://chinanewscenter.com/archives/58453,,,0.0,chinanewscenter.com,['cand-singles'],1,下一任总书记：习明泽？ 下一任总书记：习明泽 。小概率，但是不等于零概率。很多人一听这个名字就觉得是天方夜谭。我也认为可能性很小，但在这个体制下，小，不等于绝无可能。 一、游戏规则已经重写了 过去四十年的游戏，叫集体领导、任期制、接班梯队。这个游戏的底层逻辑，是互不信任基础上的互相制衡。 但从修宪拿掉国家主席任期制开始,sweep_b2_hits.csv
2026-09-08_22-07-45,cand-singles,chinanewscenter.com,chinesehotnews,2026-07-21,https://www.threads.com/@chinesehotnews/post/DbD7EZhkcbf,https://chinanewscenter.com/archives/58446,,,4.0,chinanewscenter.com,['cand-singles'],1,"中国正变成一座火药桶, 习近平不下台随时可能内乱 曾几何时，人们常说，中国人最大的优点就是“能忍”。再大的委屈，咬咬牙；再苦的日子，熬一熬。但如今，这种忍耐，似乎已经到了极限。 近几年，中国经济持续下滑，失业潮、降薪潮、欠薪潮一波接着一波，房地产崩盘、消费降级、中产返贫，让越来越多人陷入焦虑。与此同时，当局不断强化维稳",sweep_b2_hits.csv
2026-09-08_22-07-45,cand-singles,chinanewscenter.com,chinesehotnews,2026-07-21,https://www.threads.com/@chinesehotnews/post/DbC0MSxIOqW,https://chinanewscenter.com/archives/58438,,,9.0,chinanewscenter.com,['cand-singles'],1,建制派发力，深圳围剿齐桥桥和杨兰兰；小红书齐声叫好！ 提到“杨兰兰”在澳洲的2700亿澳元存款，据爆料，胡锦涛准备在深圳开始抓捕杨兰兰。这两天深圳地铁实施了全方位安检，进深圳地铁跟进高铁站一样，全部要查验、过X光。有人质疑这是否是为了11月的APEC大会，但距离APEC还有4个月，没必要现在就得罪民众。 深圳突然升级安,sweep_b2_hits.csv
2026-09-08_22-07-45,cand-singles,chinanewscenter.com,chinesehotnews,2026-07-21,https://www.threads.com/@chinesehotnews/post/DbCyA11FqJT,https://chinanewscenter.com/archives/58415,,,2.0,chinanewscenter.com,['cand-singles'],1,胡海峰升正部级，任其父胡锦涛老巢甘肃省委常委兰州市委书记 chinanewscenter.com/archi…,sweep_b2_hits.csv
2026-09-08_22-07-45,cand-singles,chinanewscenter.com,chinesehotnews,2026-07-21,https://www.threads.com/@chinesehotnews/post/DbCzDh8nJVU,https://chinanewscenter.com/archives/58423,,,6.0,chinanewscenter.com,['cand-singles'],1,李书磊被查！墙内公开骂习近平，小红书暗讽独裁丑态多日未被下架 朋友们，给大家播报一个好消息：中国已经开始变天了！ 现在在中国墙内，你竟然可以公开在社交媒体上发帖子去讽刺习近平，去公开讽刺“习包子”的所作所为，公开讽刺他那可笑之极、牛头不对马嘴、完全没有逻辑的低智行为。 这件事就发生在6月30日的政治局会议之后。从7月份,sweep_b2_hits.csv
2026-09-08_22-07-45,cand-singles,chinanewscenter.com,chinesehotnews,2026-07-21,https://www.threads.com/@chinesehotnews/post/DbCXAb1EUv_,https://chinanewscenter.com/archives/58403,,,1.0,chinanewscenter.com,['cand-singles'],1,谢贤遗嘱曝光张柏芝处境，三胎生父真相大白 今日，“四哥”谢贤安详离世，享年89岁。 很多人关心，谢贤的葬礼，到底该请张柏芝还是王菲。 而谢贤的一封遗嘱，给出了答案。 这封遗嘱其中的遗产分配内容，不仅曝光了张柏芝的真实处境，也侧面透露了三胎生父的真相…… 回顾过往多年，张柏芝自从独自生下三胎小儿子后，人生就深陷无尽的流言,sweep_b2_hits.csv
2026-09-08_22-07-45,cand-singles,chinanewscenter.com,chinesehotnews,2026-07-19,https://www.threads.com/@chinesehotnews/post/Da9OP_ejTWt,https://chinanewscenter.com/archives/58280,,,619.0,chinanewscenter.com,['cand-singles'],1,李克强女儿在美国公布父亲被迫害时发出的求救信，预感习近平容不下他 根据海内外最新爆料，前天我们曾披露过李克强的女儿已经抵达美国、准备出面揭露其父亲去世真相的消息。 目前有了最新进展，她首先公布了一封李克强在临终前写给她和母亲程虹的亲笔私信。这封信里隐藏了极其巨大的信息量，几乎让外界能够直接窥见其猝然离世的真实内幕。 “,sweep_b2_hits.csv
2026-09-08_22-07-45,cand-singles,chinanewscenter.com,chinesehotnews,2026-07-20,https://www.threads.com/@chinesehotnews/post/DbAWTiNlmaM,https://chinanewscenter.com/archives/58372,,,3.0,chinanewscenter.com,['cand-singles'],1,中国经济全面崩盘！习近平谎言被彻底粉碎！这厮可能取消中国股市 近日，中国国家统计局公布了2026年1—6月份全国固定资产投资基本情况，这份数据不是放缓，是全线失血。-5.7%，是中国有固定资产投资统计以来最难看的半年报之一。概念解释：固定资产投资（不含农户）是以货币形式表现的在一定时期内完成的建造和购置固定资产的工作量,sweep_b2_hits.csv
2026-09-08_22-07-45,cand-singles,chinanewscenter.com,chinesehotnews,2026-07-20,https://www.threads.com/@chinesehotnews/post/DbAVD6qG5qs,https://chinanewscenter.com/archives/58361,,,3.0,chinanewscenter.com,['cand-singles'],1,胡锦涛压不住，军队要造反！中央急推习近平下台平众怒 在更广泛的政治维度上，倒习的组合拳正在全面铺开： 据很多消息来源，西部战区已经忍无可忍想造反，红二代邓朴方陈元刘源再不出面胡锦涛压不住了。于是急速告诉外界习近平主动要求下台。 1. “十大罪状”的中宣部手笔 大约两周前，海外媒体突然流传出一份以清晰图表形式呈现的“习近,sweep_b2_hits.csv
2026-09-08_22-07-45,cand-singles,chinanewscenter.com,chinesehotnews,2026-07-20,https://www.threads.com/@chinesehotnews/post/DbAUHDlkVmr,https://chinanewscenter.com/archives/58351,,,2.0,chinanewscenter.com,['cand-singles'],1,破坏中美关系元凶王毅被查即将下台，急速投靠建制派为时已晚！ 在外交层面上，高层变动的最新证据也已浮出水面。近日，菲律宾外交部公开表示，中国外交部长王毅本周将出席在马尼拉举行的东盟十一国外长会议。针对这一动向，美国国务卿卢比奥（编者注：原文表述如此）在回应是否会面时，仅冷淡地表示“持开放态度”。 这一表态透露出关键的政治,sweep_b2_hits.csv
2026-09-08_22-07-45,cand-singles,chinanewscenter.com,chinesehotnews,2026-07-20,https://www.threads.com/@chinesehotnews/post/DbATR2kEU8O,https://chinanewscenter.com/archives/58343,,,3.0,chinanewscenter.com,['cand-singles'],1,习近平五中全会下台的消息已经传达到500万正科级干部，人民日报怒斥习近平 近期，一则极具震撼性的消息在中南海与中共最底层权力末梢之间激起层层巨浪。据多方爆料，关于最高领导人即将下台的政治传言，已经通过极其微妙且隐晦的渠道，间接传达到了中共最底层的“科级及副科级”干部层面。 在中共严密的行政职级序列中，权力从顶层的正国级,sweep_b2_hits.csv
2026-09-08_22-07-45,cand-singles,chinanewscenter.com,chinesehotnews,2026-07-19,https://www.threads.com/@chinesehotnews/post/Da9LjxlEQZj,https://chinanewscenter.com/archives/58251,,,2.0,chinanewscenter.com,['cand-singles'],1,王毅搞坏中国外交，建制派马朝旭接任外长 北京外交部大楼，在外界眼中向来是一座“水泼不进”的深宫。与其他技术门槛较低、依靠关系便可轻松擢升的部门不同，外交事务不仅需要深厚的理论基础与历史纵深，更需要极高的地缘政治博弈经验。在过去十余年间，高层执意在所有领域“亲自部署、亲自指挥”，甚至在外交领域强推“战狼外交”，试图为国际,sweep_b2_hits.csv
2026-09-08_22-07-45,cand-singles,chinanewscenter.com,chinesehotnews,2026-07-19,https://www.threads.com/@chinesehotnews/post/Da9TqmrEbT9,https://chinanewscenter.com/archives/58301,,,2.0,chinanewscenter.com,['cand-singles'],1,川普指控中共干预美国选举，建制派元老要求习近平讲清楚！ 在内政乱成一团的同时，国际地缘政治环境也在2026年被彻底重新定义。美国大选进入倒计时，距离期中选举仅剩4个月，华盛顿对北京的敌意和反制措施正在以极具攻击性的方式爆发。 川普黄金时段全国演说：中共窃取2.2亿美国选民档案 7月16日晚间黄金时段，美国总统川普发表了,sweep_b2_hits.csv
2026-09-08_22-07-45,cand-singles,chinanewscenter.com,chinesehotnews,2026-07-19,https://www.threads.com/@chinesehotnews/post/Da9TODbkWQv,https://chinanewscenter.com/archives/58294,,,1.0,chinanewscenter.com,['cand-singles'],1,公安厅长黄瑞雪暴毙与“不幸离世”魔咒 就在上海高度戒备的同时，政法系统再度投下了一枚爆炸性炸弹。7月16日，四川官媒“川观新闻”发布了一则极度简洁的讣告：四川省副省长、省公安厅党委书记兼厅长黄瑞雪，因突发疾病医治无效，于7月15日晚不幸离世，享年仅54岁。 办公室自缢传闻甚嚣尘上 这篇讣告非常短，惜字如金，没有提及任何,sweep_b2_hits.csv
2026-09-08_22-07-45,cand-singles,chinanewscenter.com,chinesehotnews,2026-07-19,https://www.threads.com/@chinesehotnews/post/Da9M1LxDXrC,https://chinanewscenter.com/archives/58273,,,2.0,chinanewscenter.com,['cand-singles'],1,全国人民等待国家公开审判习近平！审判江青视频过200万 高层斗得你死我活，底层的民意也已经到了爆发的临界点。 这两天墙内发生了一件极其反常的大事：在审查严到连个敏感词都发不出的B站上，一段当年“四人帮”首要分子江青在法庭上接受公开审判的历史视频，播放量居然疯狂冲到了两三百万！ 按照中共网警的尿性，任何容易引发群众聚集、,sweep_b2_hits.csv
2026-09-08_22-07-45,cand-singles,chinanewscenter.com,chinesehotnews,2026-07-19,https://www.threads.com/@chinesehotnews/post/Da9MHhCmgGG,https://chinanewscenter.com/archives/58259,,,2.0,chinanewscenter.com,['cand-singles'],1,生殖器治国：少年得志的“私生子们”与慈善洗钱黑幕 在中共这个体制里，有一个非常奇特的现象：很多年轻人莫名其妙就突然爆红，少年得志，比如当年的韩寒、唱红歌的韩红、还有年少时就给尼克松献花的李连杰。 大家仔细想想，在中共国，真正有红色血统的亲生子女，比如胡锦涛的儿子、习近平的女儿，除了去哈佛留个学，哪一个在年轻时敢这么高调,sweep_b2_hits.csv
2026-09-08_22-07-45,cand-singles,chinanewscenter.com,chinesehotnews,2026-08-23,https://www.threads.com/@chinesehotnews/post/DcX8nUglTtY,https://chinanewscenter.com/archives/60636,,,8.0,chinanewscenter.com,['cand-singles'],1,解放军指责抓捕张又侠违法！习近平想连任但放风要交班；胡曾温联手狙击习近平连任！ chinanewscenter.com/archi…,sweep_b2_hits.csv
2026-09-08_22-07-45,cand-singles,chinanewscenter.com,chinesehotnews,2026-07-18,https://www.threads.com/@chinesehotnews/post/Da68YhXEU5f,https://chinanewscenter.com/archives/58230,,,2.0,chinanewscenter.com,['cand-singles'],1,重庆突发山体垮塌 多幢五六层楼房被埋 居民：还埋1大巴 今天上午，重庆彭水发生山体垮塌，多位当地居民称，像爆炸一样，连续垮塌多次，多栋五六层高的楼房和一辆大巴车被埋。 陆媒第一现场报导，7月17日，重庆彭水县三桥发生山体滑坡，一二十栋房屋被砸塌、坠入河中，现场一片狼藉。周边商户王女士回忆，滑坡发生时，整栋房子都在晃动，,sweep_b2_hits.csv
2026-09-08_22-07-45,cand-singles,chinanewscenter.com,chinesehotnews,2026-07-18,https://www.threads.com/@chinesehotnews/post/Da67g1MkTl2,https://chinanewscenter.com/archives/58222,,,2.0,chinanewscenter.com,['cand-singles'],1,"四川公安厅长厅长黄瑞雪被解放军西部战区炮击而亡 又一个，而且又是公安系统！官方突然宣布，54岁的四川副省长、公安厅厅长黄瑞雪""突发疾病，不幸离世""。可几乎与此同时，海外网络却疯传另一种说法。 近年来，从重庆到天津，从海关总署到地方公安，一位又一位中共高官，都以同样一句""不幸离世""画上句号。这到底只是巧合？还是一连串事件",sweep_b2_hits.csv
2026-09-08_22-07-45,cand-singles,chinanewscenter.com,chinesehotnews,2026-07-18,https://www.threads.com/@chinesehotnews/post/Da66zyPFcDy,https://chinanewscenter.com/archives/58214,,,3.0,chinanewscenter.com,['cand-singles'],1,烂尾师习近平要抓AI了，中国股市人工智能股应声而跌！ 7月17日，上海迎来第八届世界人工智能大会（WAIC）暨人工智能全球治理高级别会议。 由中国外交部主办、上海相关单位承办的世界人工智能大会，是中国向全球展现科技实力的重要平台，对外传递出要将中国AI从“产业发展工具”全面提升为“全球共用治理”的战略。 中国领导人习近,sweep_b2_hits.csv
2026-09-08_22-07-45,cand-singles,chinanewscenter.com,chinesehotnews,2026-07-18,https://www.threads.com/@chinesehotnews/post/Da66VNEDjjC,https://chinanewscenter.com/archives/58200,,,0.0,chinanewscenter.com,['cand-singles'],1,五年后手机消失？新一代AI通讯工具登场 7 月 17 日，主打 14.9 克极致轻薄的 Moonix AI 眼镜正式全球同步开售，这款预售期就收获超高关注度的设备，不再是需要依附手机使用的智能配件，而是搭载 eSIM 模块、具备独立通讯能力的全新终端。 很多人还没反应过来，我们用了十几年的智能手机，正第一次面临真正意义,sweep_b2_hits.csv
2026-09-08_22-07-45,cand-singles,chinanewscenter.com,chinesehotnews,2026-07-17,https://www.threads.com/@chinesehotnews/post/Da6CrD8Ca-O,https://chinanewscenter.com/archives/58193,,,18.0,chinanewscenter.com,['cand-singles'],1,"王毅下课，外交系统变天 北京外交系统，就要变天了！一条来自体制内的爆料突然引爆舆论——长期把持中共外交系统的王毅即将卸任，接替他的，竟然是一直低调的身边人。更巧的是，就在同一天，中共官媒宣布的一条外访消息，似乎就是接班前的一场""大考""？ 更耐人寻味的是，过去三年，两位最有希望接任外长的外交明星——秦刚、刘建超，都先后神",sweep_b2_hits.csv
2026-09-08_22-07-45,cand-singles,chinanewscenter.com,chinesehotnews,2026-07-16,https://www.threads.com/@chinesehotnews/post/Da2AXh8lsL8,https://chinanewscenter.com/archives/58177,,,1.0,chinanewscenter.com,['cand-singles'],1,经济学家高善文因为说出GDP真相而被习近平下令害死 曾因大胆直言中国经济真相，因而触怒中南海的知名经济学家高善文，7日因淋巴瘤病逝，享年55岁。 华尔街日报报道，高善文由于公开质疑中国国内生产毛额（GDP）成长率，触怒国家主席习近平，下令中共中央政治局常委、中央办公厅主任蔡奇彻查，高善文被全面禁止公开发言。 华尔街日报,sweep_b2_hits.csv
2026-09-08_22-07-45,cand-singles,chinanewscenter.com,chinesehotnews,2026-07-15,https://www.threads.com/@chinesehotnews/post/Da0iySXoJI9,https://chinanewscenter.com/archives/58155,,,0.0,chinanewscenter.com,['cand-singles'],1,王沪宁去朝鲜所为何事？清楚习近平流毒 根据中共中央对外联络部7月14日宣布的信息，中共中央政治局常委、全国政协主席王沪宁将于7月15日至17日率访朝。习近平6月刚刚对朝鲜进行过国事访问，朝鲜内阁总理朴泰成7月10日至12日也刚访华，王沪宁此时前往朝鲜，究竟是什么原因呢？仅仅是一些媒体所言的是“中朝高层近期频繁互动的延续,sweep_b2_hits.csv
2026-09-08_22-07-45,cand-singles,chinanewscenter.com,chinesehotnews,2026-07-15,https://www.threads.com/@chinesehotnews/post/DazRbFijoJl,https://chinanewscenter.com/archives/58131,,,0.0,chinanewscenter.com,['cand-singles'],1,2008年四川汶川大地震是核爆！中国曾于2020年6月22日继续进行地下核试验 《路透社》的一篇独家报道，曝光了一场美中两国最隐蔽的“地底核武战”。 一位入籍美国13年的华裔地震学教授，在北京机场登机返回波士顿的前一刻，突然被中国国安人员带走，并以“间谍罪”起诉。在黑牢里，他遭受了超过100次的连续逼供，身体被折磨到暴,sweep_b2_hits.csv
2026-09-08_22-07-45,cand-singles,chinanewscenter.com,chinesehotnews,2026-07-15,https://www.threads.com/@chinesehotnews/post/Dayz4-Sjv7J,https://chinanewscenter.com/archives/58127,,,0.0,chinanewscenter.com,['cand-singles'],1,红二代要求习近平向全党公开说明李克强被杀原因 红二代要求习近平向全党公开说明李克强被杀原因 习近平恶狠狠紧盯威胁李克强遗孀  权力折光镜：一张历史照片背后的政治密码与社会心理 在当下的政治图像学中，中国前国务院总理李克强遗体告别仪式上的一张现场抓拍，已经成为了一个近乎“都市传说”般的符号。画面中，国家主席习近平双掌覆握,sweep_b2_hits.csv
2026-09-08_22-07-45,cand-singles,chinanewscenter.com,chinesehotnews,2026-07-14,https://www.threads.com/@chinesehotnews/post/DayLNSKGrZ9,https://chinanewscenter.com/archives/58099,,,0.0,chinanewscenter.com,['cand-singles'],1,马兴瑞通报暗藏玄机，暗示习近平集团是党国叛徒 中共新华社刚刚正式宣布，给予二十届中央政治局委员、原新疆党委书记马兴瑞“开除党籍、开除公职”的处分。在这份俗称“双开”的通告中，不仅标志着这位昔日的“航天少帅”政治生涯的彻底终结，更在字里行间释放出极其罕见的政治杀机。 一、 绝杀令下：马兴瑞“双开”通告的异常分量 中共新华,sweep_b2_hits.csv
2026-09-08_22-07-45,cand-singles,chinanewscenter.com,chinesehotnews,2026-07-14,https://www.threads.com/@chinesehotnews/post/Dawxa1HlQno,https://chinanewscenter.com/archives/58060,,,13.0,chinanewscenter.com,['cand-singles'],1,习近平下台！习近平你死哪儿了？！ 广西洪灾持续扩大，短短数天7座水库接连溃坝或决口，大量村庄被淹，灾民断粮断水。网传溃坝预警延迟两小时、民间救援受限、外媒采访遭严控，引发广泛质疑。官方多次辟谣鳄鱼、毒蛇外逃，却接连被现场照片和视频打脸。随着灾情不断曝光，灾区还出现“习近平下台”“共产党下台”等标语。 中国民众怒了！“习,sweep_b2_hits.csv
2026-09-08_22-07-45,cand-singles,chinanewscenter.com,chinesehotnews,2026-07-14,https://www.threads.com/@chinesehotnews/post/DawzpWUFs3X,https://chinanewscenter.com/archives/58075,,,1.0,chinanewscenter.com,['cand-singles'],1,军方集中关押杀害李克强一案的证人，被习近平派人全部消灭 chinanewscenter.com/archi…,sweep_b2_hits.csv
2026-09-08_22-07-45,cand-singles,chinanewscenter.com,chinesehotnews,2026-07-14,https://www.threads.com/@chinesehotnews/post/DawzJMGEQIj,https://chinanewscenter.com/archives/58067,,,2.0,chinanewscenter.com,['cand-singles'],1,张国清不顾习近平警告去广西灾区，或重蹈李克强覆辙被游泳死 大家好，细心的网友最近列举了习近平这些年作出的一系列所谓“重要指示”。真是不列不知道，这一列真是吓人一跳---中国这是怎么啦？！ 咱们来看看习近平都作出过啥所谓的“指示”。 这些“指示”分别是，对福建泉州晋江市一鞋厂火灾事故、对所谓的防汛救灾工作，还有山西长治的,sweep_b2_hits.csv
2026-09-08_22-07-45,cand-singles,chinanewscenter.com,chinesehotnews,2026-07-14,https://www.threads.com/@chinesehotnews/post/DawwSZFFTeL,https://chinanewscenter.com/archives/58043,,,0.0,chinanewscenter.com,['cand-singles'],1,全球近50%AI人才来自中国大陆！但中国只是AI复制大国 最近，两张关于全球AI人才的数据图在网络上广泛传播，引发了大量讨论。 第一张图显示，到2025年，中国已经超过美国，成为全球顶级AI研究者的第一工作地；第二张图则显示，全球47%的顶级AI人才本科毕业于中国高校。因此，不少网友据此得出一个结论：中国AI已经全面超,sweep_b2_hits.csv
2026-09-08_22-07-45,cand-singles,chinanewscenter.com,chinesehotnews,2026-07-14,https://www.threads.com/@chinesehotnews/post/Dawvn0xFlJD,https://chinanewscenter.com/archives/58035,,,3.0,chinanewscenter.com,['cand-singles'],1,副总理刘国中透露：习近平失势，国务院再次拿到实权！ 在北京频下大到暴雨之际，中共中央政治局委员、国务院副总理刘国中于7月12日到北京调研。中共新华社对此活动的报道中有一个异常之处，那就是在新闻第一段，其强调，要深入学习贯彻习的“重要指示批示精神和中央政治局会议精神，贯彻落实国务院常务会议部署”。 在笔者的印象中，将“学,sweep_b2_hits.csv
2026-09-08_22-07-45,cand-singles,chinanewscenter.com,chinesehotnews,2026-07-14,https://www.threads.com/@chinesehotnews/post/DawvESSkcnv,https://chinanewscenter.com/archives/58025,,,0.0,chinanewscenter.com,['cand-singles'],1,美方拟全面封杀中国科学家！ 美中科技战持续升温，美国国家科学基金会（NSF）宣布重大政策转向，未来接受NSF资助的美国研究人员，原则上不得与美国政府列入限制名单的中国科研机构及中国科学家合作。新规放弃过去透过风险管理维持部分交流的做法，改采近乎全面禁止。 《Science》杂志报道，美国国家科学基金会（NSF）9日公布,sweep_b2_hits.csv
2026-09-08_22-07-45,cand-singles,chinanewscenter.com,chinesehotnews,2026-07-13,https://www.threads.com/@chinesehotnews/post/DauHgYQFrZJ,https://chinanewscenter.com/archives/58009,,,6.0,chinanewscenter.com,['cand-singles'],1,军权易手，习近平沦为吉祥物；习家军做鸟兽散随时被抓！ 7月初：中央军委大动作频传，暗示晋升了两名中共上将。在这场人事调整中，张又侠和刘振立一脉的中共保守派人马张曙光担任军纪委书记；而胡锦涛则提名中共改革派人马王刚出任空军司令。 这两大军事要职的易主，标志着中共军权的斗争已经告一段落，习近平集团以彻底失败告终。失去了对军,sweep_b2_hits.csv
2026-09-08_22-07-45,cand-singles,chinanewscenter.com,chinesehotnews,2026-07-13,https://www.threads.com/@chinesehotnews/post/DauENZzFrPp,https://chinanewscenter.com/archives/58002,,,0.0,chinanewscenter.com,['cand-singles'],1,福建帮危险，陈希已被拘留，蔡奇被变相拘留，王小洪等待随时被传讯！ 6月初：习近平集团的头号军师、中央党校校长陈希突然被免去职务，随即被中纪委直接采取隔离审查措施。 闽系铁三角被拆解：王小洪遭架空，蔡奇陷入“温氏疲劳战” 在权力的爪牙方面，胡锦涛与温家宝采取了极其精准的“打蛇打七寸”战略。如果说陈希是福建帮的大脑，那么公,sweep_b2_hits.csv
2026-09-08_22-07-45,cand-singles,chinanewscenter.com,chinesehotnews,2026-07-13,https://www.threads.com/@chinesehotnews/post/Dat6IGOkfbu,https://chinanewscenter.com/archives/57980,,,1.0,chinanewscenter.com,['cand-singles'],1,蔡奇被要求辞去中办主任职务，福建帮遭血洗十余名官员被抓 伴随着习近平本人的倒台，其中枢第一马仔蔡奇的地位也发生了剧烈动摇。在今年6月由朝鲜极其仓促地返回后，蔡奇连续缺席了五场按照惯例中办主任铁定必须出席的重要场合——包括接见外国元首，以及陪同习近平访问山东德州等。种种迹象表明，蔡奇已被剥夺了中办主任这一核心中的核心职位,sweep_b2_hits.csv
2026-09-08_22-07-45,cand-singles,chinanewscenter.com,chinesehotnews,2026-07-13,https://www.threads.com/@chinesehotnews/post/Dat4kcaETmE,https://chinanewscenter.com/archives/57962,,,3.0,chinanewscenter.com,['cand-singles'],1,习近平，你死哪儿了？！蔡奇被夺权与国内民怨的彻底总爆发 在内忧外患的夹击下，习近平的“大内总管”、中办主任蔡奇已处于实质上的失势状态。自从上次陪同习近平极为仓促地访问朝鲜（这也是胡锦涛特批的习近平最后一次出国）之后，蔡奇在整个6月份连续缺席了多场本该由中办主任铁定出席的重大政治场合——无论是接见外国元首，还是陪同总书记,sweep_b2_hits.csv
2026-09-08_22-07-45,cand-singles,chinanewscenter.com,chinesehotnews,2026-07-12,https://www.threads.com/@chinesehotnews/post/DatEbzKGl6A,https://chinanewscenter.com/archives/57946,,,3.0,chinanewscenter.com,['cand-singles'],1,董卿是孙力军情人，其丈夫上海滩大佬密春雷被执行了！ 谁也没想到，这一场价值近十亿的债务崩塌，竟然像一把冷酷的手术刀，把两段豪门婚姻的内里剖开得如此鲜明。如今，当昔日的“上海滩大佬”密春雷背负着9.33亿的执行款，被法院下达了限制消费令，连坐飞机、坐软卧都成了奢望时。 传丈夫和情人暗杀习近平，董卿罕见现身活动 近日，有工,sweep_b2_hits.csv
2026-09-08_22-07-45,cand-singles,chinanewscenter.com,chinesehotnews,2026-07-12,https://www.threads.com/@chinesehotnews/post/DatCGlziY9W,https://chinanewscenter.com/archives/57927,,,0.0,chinanewscenter.com,['cand-singles'],1,海外五毛散步谣言，说是习近平送陈希进秦城？本站早就报导是建制派干的！ 习近平与陈希长达半个世纪的交情，说翻脸就翻脸。这也再次印证，在中共这架高速运转的政治绞肉机面前，没有真正的赢家，也没有人能够全身而退。 本站六月十日新闻： 习近平彻底失去军权，李强李希纷纷倒戈，陈希被抓，蔡奇被剪裙边，王小洪随时进秦城；王沪宁何立峰纷,sweep_b2_hits.csv
2026-09-08_22-07-45,cand-singles,chinanewscenter.com,chinesehotnews,2026-07-11,https://www.threads.com/@chinesehotnews/post/DaqPrBIFfIv,https://chinanewscenter.com/archives/57919,,,1.0,chinanewscenter.com,['cand-singles'],1,洪水夺命，习却在花海喝咖啡！两个画面引爆网络 一个画面，是洪水中的中国。暴雨倾泻，洪水冲入家园。 广西多地遭遇严重灾害，官方通报至少39人死亡，大量民众紧急转移。有人被困，有人等待救援，灾区一片狼藉。 另一个画面，却是鲜花中的中国。2025年3月，习近平现身云南丽江。央视镜头里，古城、花海、传统文化表演，气氛祥和。 面,sweep_b2_hits.csv
2026-09-08_22-07-45,cand-singles,chinanewscenter.com,chinesehotnews,2026-07-11,https://www.threads.com/@chinesehotnews/post/DaqPLiMlDk8,https://chinanewscenter.com/archives/57908,,,1.0,chinanewscenter.com,['cand-singles'],1,牙科变天了？曾经种牙上万，如今六百 牙科是不是要变天了？以前提到种牙，大家第一反应就是＂贵到肉疼＂，一颗一两万起步，全口下来能买台车。可现在跑一趟公立医院，账单看得人恍惚，补个牙才几十块。 我们想说一句大实话，这波集采不是简单的降价促销，而是把口腔行业攒了十几年的暴利泡沫，一针扎破了。 先说眼下最扎眼的变化。走进公立三,sweep_b2_hits.csv
2026-09-08_22-07-45,cand-singles,chinanewscenter.com,chinesehotnews,2026-07-11,https://www.threads.com/@chinesehotnews/post/DaqOpJflrsm,https://chinanewscenter.com/archives/57899,,,1.0,chinanewscenter.com,['cand-singles'],1,中国年轻人约炮行为暴跌 在有稳定伴侣的前提下，大陆“00后”年轻人的性生活活跃度竟低于“80后”与“90初”世代，但这并非单纯的“性萧条”，而是注意力被短影音与手游重新分配; 与此同时，近十年结婚者超过9成都有婚前性行为，观念上却仍倾向保守，呈现“身体诚实、嘴巴说不要”的矛盾现象。 据《三联生活周刊》报道，这项由北京大,sweep_b2_hits.csv
2026-09-08_22-07-45,cand-singles,chinanewscenter.com,chinesehotnews,2026-07-11,https://www.threads.com/@chinesehotnews/post/Dao4tbEle3m,https://chinanewscenter.com/archives/57868,,,3.0,chinanewscenter.com,['cand-singles'],1,中国男10年签首次赴美 遭当天遣返 起因超简单 近日，一名22岁中国应届毕业生在社媒平台讲述了自己持美国10年期B1/B2签证首次赴美时，在底特律机场遭遇约5小时入境审查，最终选择撤回入境申请的经历。 赴美人员应如实说明入境目的，确保回答内容与实际行程相符，并提前准备相关证明材料，避免因信息不一致引发不必要的审查，甚至,sweep_b2_hits.csv
2026-09-08_22-07-45,cand-singles,chinanewscenter.com,chinesehotnews,2026-07-11,https://www.threads.com/@chinesehotnews/post/Dao5TRBjnxb,https://chinanewscenter.com/archives/57879,,,5.0,chinanewscenter.com,['cand-singles'],1,福建鞋厂惊传被献忠28死 老巢起火惊动习近平 7月9日，中国福建泉州晋江一间鞋厂发生严重火灾，多名员工被困在楼顶，有人跳楼逃生。官方通报称事故造成重大人员伤亡，目前已知至少28人死亡。此事惊动了习近平，他要求尽快查明事故原因，并严肃追责。 7月9日中午，福建泉州晋江市陈埭镇江头村的辉腾鞋业的5层楼厂房突发火灾，大火烧了,sweep_b2_hits.csv
2026-09-08_22-07-45,cand-singles,chinanewscenter.com,chinesehotnews,2026-07-10,https://www.threads.com/@chinesehotnews/post/DaoaWw9CV0a,https://chinanewscenter.com/archives/57845,,,1.0,chinanewscenter.com,['cand-singles'],1,大学讲师王莉霞在厦大期间勾搭上何立峰；何试用后进供给习近平 在王莉霞最终落马的余波中，外界舆论除聚焦于其错综复杂的政治盟友外，最引人瞩目的，莫过于她与现任政治局委员、国务院副总理何立峰之间纠缠多年的情色小传，以及那段被坊间称为“进贡”中南海的荒诞内幕。 这些流传于高层知情人口中的桃色线索，不仅是一段官场风流韵事，更是透,sweep_b2_hits.csv
2026-09-08_22-07-45,cand-singles,chinanewscenter.com,chinesehotnews,2026-07-10,https://www.threads.com/@chinesehotnews/post/DaoWCa1lgSg,https://chinanewscenter.com/archives/57836,,,0.0,chinanewscenter.com,['cand-singles'],1,高善文被病死，习近平亲自下令调查并处分高善文；海外五毛散步其病死过程 中国知名经济学家高善文日前因病去世，他生前曾因揭露经济真相触怒中共党魁而遭封杀。财经圈不少好友发文悼念他。其中知名经济学家林采宜在悼文中提到，2018年一名中共官员训斥一众金融机构的首席经济学家，并点名高善文。 据《新财富杂志》报导，高善文7月7日下,sweep_b2_hits.csv
2026-09-08_22-07-45,cand-singles,chinanewscenter.com,chinesehotnews,2026-07-10,https://www.threads.com/@chinesehotnews/post/DanoEa7FCOr,https://chinanewscenter.com/archives/57829,,,2.0,chinanewscenter.com,['cand-singles'],1,王毅秘密通报北欧四国：习近平即将在五中全会下台！ 前言： 当全世界的目光都聚焦在世界杯的绿茵赛场时，一场动摇中共权力核心的地缘政治风暴，正以极其隐蔽的方式在国际外交舞台上上演。本刊获得最新官方权威证据，种种迹象与直接文件表明：习近平即将在9月份举行的中共五中全会上，以身体原因为由，正式辞去中共中央总书记和中央军委主席职,sweep_b2_hits.csv
2026-09-08_22-07-45,cand-singles,chinanewscenter.com,chinesehotnews,2026-07-10,https://www.threads.com/@chinesehotnews/post/DannVt-lNOH,https://chinanewscenter.com/archives/57822,,,1.0,chinanewscenter.com,['cand-singles'],1,20大政变大清算：习栗家族“秘密钱袋子”倾覆，习家军全面倾覆！ ——多弗集团非法套现洗钱案收网，深度撕开周江勇、陈伟俊、胡衡华、楼阳生、王凯等地方诸侯的政商勾连网 近日，中国资本市场与政坛再度引爆深水炸弹。据知情人士爆料，多弗国际控股集团董事长、温州百亿富豪胡兴荣已被办案机关采取强制措施。 这起案件表面上是一场针对千亿,sweep_b2_hits.csv
2026-09-08_22-07-45,cand-singles,chinanewscenter.com,chinesehotnews,2026-07-10,https://www.threads.com/@chinesehotnews/post/DanlnuTlEmD,https://chinanewscenter.com/archives/57814,,,9.0,chinanewscenter.com,['cand-singles'],1,中纪委调查栗战书，其贪腐链和洗钱线路渐渐清晰！ 围绕栗战书家族的贪腐证据及洗钱线路，海外媒体（如《纽约时报》等）以及多方政治爆料曾进行过深度起底。其家族财富的积累与流转，高度依赖于“权力变现、跨国国企白手套、香港及离岸金融通道”这一经典高官洗钱闭环。 以下是根据公开爆料、媒体调查及纪委近期针对其白手套（如国文清、王江平,sweep_b2_hits.csv
2026-09-08_22-07-45,cand-singles,chinanewscenter.com,chinesehotnews,2026-07-10,https://www.threads.com/@chinesehotnews/post/DamO81GFrbc,https://chinanewscenter.com/archives/57800,,,1.0,chinanewscenter.com,['cand-singles'],1,习近平被隔离 – 他是一名残暴的独裁者，领导着一个犯罪组织 在中共所谓的“成立一百零五周年纪念大会”上，当习近平说到一句话的时候，他的嘴瞬间歪到一边。 另外，同样还是在这个讲话里，有四个字竟然被习近平反复重复了六遍。这四个字是什么？习近平为什么要在这个特殊的时候，反反复复的重复这么多遍？ 而中共新华社发布的几张照片里的,sweep_b2_hits.csv
2026-09-08_22-07-45,cand-singles,chinanewscenter.com,chinesehotnews,2026-07-10,https://www.threads.com/@chinesehotnews/post/DamNxelAC0P,https://chinanewscenter.com/archives/57784,,,0.0,chinanewscenter.com,['cand-singles'],1,蠢猪治国， 北京派出所发不出工资 “我们的股票市场，比历史上任何时候都更加强劲。目前，有19.2万亿美元正在投资我们的国家。这是历史上任何时期的六倍。我们正在美国建设比历史上任何时候都更多的工厂。所有人的401(k)退休账户，都达到了历史最高水平。” 这是美国总统川普(特朗普)在建国250周年庆典上自豪的讲话。 与此同,sweep_b2_hits.csv
2026-09-08_22-07-45,cand-singles,chinanewscenter.com,chinesehotnews,2026-07-10,https://www.threads.com/@chinesehotnews/post/DamM-zCgDbE,https://chinanewscenter.com/archives/57776,,,1.0,chinanewscenter.com,['cand-singles'],1,刘建超爆惊人绯闻！章子怡遭卷入 网疯猜：比秦刚案还震撼? 中国前中共中央对外联络部（中联部）部长刘建超近期再度成为社群平台讨论焦点，多个 X 账号接连发布贴文，除重提其过去与中国前外交部长秦刚事件的关联外，更出现涉及中国女星章子怡的传闻，引发社群热议。 图:翻摄自X账号@xzzzjpl 中国前中共中央对外联络部（中联部,sweep_b2_hits.csv
2026-09-08_22-07-45,cand-singles,chinanewscenter.com,chinesehotnews,2026-07-10,https://www.threads.com/@chinesehotnews/post/DamMJ3PkUCG,https://chinanewscenter.com/archives/57768,,,1.0,chinanewscenter.com,['cand-singles'],1,地狱就在中国南方，10秒！中国最扎心水灾写实 海外热传 7月7日，广西一名网友直播洪灾现场，吸引约2000人观看后突然遭关闭，账号随后受限，引发关注。与此同时，多段广西洪灾现场画面持续流传，官方公布的伤亡数字也受到质疑。一段讽刺“别发外网”的10秒动画在海外热传，折射出灾情传播与信息管控争议。外界关注的焦点已不仅是洪灾,sweep_b2_hits.csv
2026-09-08_22-07-45,cand-singles,chinanewscenter.com,chinesehotnews,2026-07-10,https://www.threads.com/@chinesehotnews/post/DamKOwLEW_F,https://chinanewscenter.com/archives/57748,,,1.0,chinanewscenter.com,['cand-singles'],1,河北男子晒“土掉渣”老婆，一打扮美女贵妇人惊呆全网 “这真的是同一个人？我不信！除非你让我碰一下！” 2025年8月，一段来自河北的视频，像一颗投入平静湖面的石子，在网络上掀起惊涛骇浪。视频里，37岁的农村小伙李强（化名），笑着搂着自己33岁的妻子王芳（化名）。镜头前的王芳，穿着松垮的条纹上衣，围着沾满油污的围裙，头发,sweep_b2_hits.csv
2026-09-08_22-07-45,cand-singles,chinanewscenter.com,chinesehotnews,2026-07-10,https://www.threads.com/@chinesehotnews/post/DamJwJWlhcb,https://chinanewscenter.com/archives/57741,,,2.0,chinanewscenter.com,['cand-singles'],1,"北京卫戍区司令陈源神秘消失,据传被乱枪打死；军委学习现重大异常 中共军方近日一次看似普通的集体学习，却因为党媒报道中的多个异常细节，再次引发外界对于中共军队内部局势的高度关注。 7月6日，新华社报道称，中共中央军委举行集体学习，由中央军委副主席张升民主持，主题是学习习近平在建党105周年大会上的讲话以及所谓习近平党建思",sweep_b2_hits.csv
2026-09-08_22-07-45,cand-singles,chinanewscenter.com,chinesehotnews,2026-07-08,https://www.threads.com/@chinesehotnews/post/Daisua2mk7B,https://chinanewscenter.com/archives/57732,,,4.0,chinanewscenter.com,['cand-singles'],1,高善文因为惹怒习近平而离世 他走了，却留下一个没人愿意回答的问题。 中国经济乱象 高善文演讲海内外网络热传 55岁的中国著名经济学家高善文突然去世，这位曾公开质疑官方经济数据、因此得罪习近平的人，为何会引发如此大的关注？与此同时，台湾首次出现疑似中共“跨境镇压”升级，嫌犯企图行凶后立即逃离；北约突然宣布一项足以改变未来,sweep_b2_hits.csv
2026-09-08_22-07-45,cand-singles,chinanewscenter.com,chinesehotnews,2026-07-08,https://www.threads.com/@chinesehotnews/post/Dair-N5IN8j,https://chinanewscenter.com/archives/57724,,,6.0,chinanewscenter.com,['cand-singles'],1,习近平马仔赵一德行凶，西安赛格千万老总被公开谋杀？现场惊悚录音疯传 近日，陕西西安赛格商户严鹏坠亡事件持续引发舆论关注。网传商场对其处罚上千万元，令其走投无路，最终被逼选择轻生。然而，日前一份事发现场录音流传网络，显示严鹏从高处坠楼后并未死亡，随后被胶带封嘴，拖到洗手间害死。 企查查APP显示，陕西利和商贸有限公司成立,sweep_b2_hits.csv
2026-09-08_22-07-45,cand-singles,chinanewscenter.com,chinesehotnews,2026-07-08,https://www.threads.com/@chinesehotnews/post/DairTyxmlBk,https://chinanewscenter.com/archives/57716,,,5.0,chinanewscenter.com,['cand-singles'],1,美海关一句打开微信 华女10年旅游签瞬间没了 原本只是想到美国旅游、探望朋友，没想到入境时却被带进俗称“小黑屋”的审查室，最后不但遭遣返，10年旅游签证也被当场注销。一名要求匿名的中国大陆女子表示，她去年曾持旅游签证赴美，期间因朋友介绍做了几天临时工，原以为只是赚点零用钱，不料一年后再次入境，海关查看其微信聊天纪录后，,sweep_b2_hits.csv
2026-09-08_22-07-45,cand-singles,chinanewscenter.com,chinesehotnews,2026-07-08,https://www.threads.com/@chinesehotnews/post/DairDYtIKR7,https://chinanewscenter.com/archives/57708,,,1.0,chinanewscenter.com,['cand-singles'],1,广西洪灾数据一夜翻盘，共产党已经失去执政合法性 这几天几乎被中国广西境内的洪水新闻刷屏，不论是推特还是Tiktok。但是中共官方的话语体系再次上演了一场荒诞的变脸：从最初信誓旦旦的“人员全部疏散、零伤亡”，到最高批示下达后转瞬变成“重大人员伤亡”。这幕数据魔术，撕开了当今中共国最冷酷的政治现实，百姓的生死从来不是一个客,sweep_b2_hits.csv
2026-09-08_22-07-45,cand-singles,chinanewscenter.com,chinesehotnews,2026-07-07,https://www.threads.com/@chinesehotnews/post/DaedvLBlmZ_,https://chinanewscenter.com/archives/57696,,,10.0,chinanewscenter.com,['cand-singles'],1,一声“哼”刷爆！李克强冥诞，21秒视频突然疯传 7月3日李克强65岁冥诞，一段2020年习近平在抗疫表彰大会连读错“特殊”“混淆”两字、李克强当场发出一声“哼”咳嗽的21秒旧视频突登热搜。网友将其与李克强改革派形象、2023年猝逝及中共高层权力斗争联系，引发“为何突然离世”等质疑。虽然相关解读缺乏公开证据，但官方长期缺,sweep_b2_hits.csv
2026-09-08_22-07-45,cand-singles,chinanewscenter.com,chinesehotnews,2026-07-06,https://www.threads.com/@chinesehotnews/post/Dad3SQGmk6U,https://chinanewscenter.com/archives/57679,,,0.0,chinanewscenter.com,['cand-singles'],1,有一军人身带弓，只言我是白头翁 《推背图》第46象已经并正在发生 本人曾做过研究，认为推背图是根据京房八宫卦按后天八卦顺时针方位而来，第一宫位是乾宫，然后依次为坎宫、艮宫、 震宫、 巽宫 、 离宫、 坤宫 和 兑宫依次而来。兑宫有四个卦象没有显示。具体可看视频：推背图象序是根据汉代京房八宫卦图顺序而来，推背图不是宋人打,sweep_b2_hits.csv
2026-09-08_22-07-45,cand-singles,chinanewscenter.com,chinesehotnews,2026-07-06,https://www.threads.com/@chinesehotnews/post/DadzNefoDg7,https://chinanewscenter.com/archives/57671,,,2.0,chinanewscenter.com,['cand-singles'],1,蔡奇、王毅、应勇全被审查。涉及习近平二十大架离胡锦涛的核心成员，全部进秦城！ 中国亚洲经济发展协会会长权顺基的轰然落马，绝非民政部或中纪委常规的“协会反腐”，而是一场针对高层权力核心定向爆破的政治大地震。 这个表面名不见经传的协会会长，实则是撬动红墙内三尊政治巨头——蔡奇、王毅、应勇——的超级枢纽与“政治掮客”。随着权,sweep_b2_hits.csv
2026-09-08_22-07-45,cand-singles,chinanewscenter.com,chinesehotnews,2026-07-06,https://www.threads.com/@chinesehotnews/post/Dadx9XvFo6o,https://chinanewscenter.com/archives/57664,,,4.0,chinanewscenter.com,['cand-singles'],1,胡锦涛全面重现官方主流媒体，赵一德接替蔡奇任中办主任 近期，海内外舆论场发生了一场堪称地震式的现象：以抖音官方党史账号、全国政协官媒为代表的各大主流媒体与官方渠道，突然开始铺天盖地、密集地推送前最高领导人胡锦涛在“中国共产党成立90周年”上的重要讲话，并高频重现邓小平的历史视频与“不折腾”等具有特定政治含义的治国口号。,sweep_b2_hits.csv
2026-09-08_22-07-45,cand-singles,chinanewscenter.com,chinesehotnews,2026-07-06,https://www.threads.com/@chinesehotnews/post/DadwUCyCdGG,https://chinanewscenter.com/archives/57657,,,3.0,chinanewscenter.com,['cand-singles'],1,胡春华上位前夕：内蒙古大清洗切断习近平与乌兰夫家族利益链 近期，内蒙古自治区兴安盟政协原一级巡视员胡春被严厉开除党籍，官方通报篇幅极长、涉案字数颇多。在波谲云诡的高层政治博弈中，这一看似地方中层官员的落马，实则是一场更大规模政治海啸的冰山一角。 如果我们把视野拉高，将“胡春被查”与“胡春华上位前夕”的宏大背景相挂钩，便,sweep_b2_hits.csv
2026-09-08_22-07-45,cand-singles,chinanewscenter.com,chinesehotnews,2026-07-05,https://www.threads.com/@chinesehotnews/post/DaaxvnLFgHm,https://chinanewscenter.com/archives/57641,,,6.0,chinanewscenter.com,['cand-singles'],1,胡锦涛彻底掌控军队，刚晋升为中共上将的张曙光和王刚是胡派人马 2026年7月3日，中央军委在此组织了上将晋升仪式。在此次仪式上，张曙光和王刚正式晋升为中共上将。 按照惯例，中共军队一般一年两次晋升上将。回顾过去，上一次晋升上将是在2025年12月22日，当时晋升的是中部战区司令韩盛年和东战区司令杨志斌。再往前追溯，上上,sweep_b2_hits.csv
2026-09-08_22-07-45,cand-singles,chinanewscenter.com,chinesehotnews,2026-07-05,https://www.threads.com/@chinesehotnews/post/DaawjbslHWD,https://chinanewscenter.com/archives/57637,,,0.0,chinanewscenter.com,['cand-singles'],1,恨惨烂尾帝，世界杯中国球迷穿日本队战衣酒吧为日本喝彩 尽管中日关系紧张，在世界杯小组赛日本4比0大胜突尼斯之际，有中国球迷身穿日本队球衣齐聚上海酒吧观赛，为日本队欢呼喝彩。网上也有不少人为日本队叫好。 中共浙江省委宣传部昨日（7月3日）发文批评，有“个别极端声音”借日本队的出色表现，“拉踩和恶意攻击中华民族”。官媒此举,sweep_b2_hits.csv
2026-09-08_22-07-45,cand-singles,chinanewscenter.com,chinesehotnews,2026-07-05,https://www.threads.com/@chinesehotnews/post/DaavckDINaK,https://chinanewscenter.com/archives/57626,,,1.0,chinanewscenter.com,['cand-singles'],1,丈夫麦康奈尔心脏骤停在医院，赵小兰却飞北京会见韩正 最近发生的一件事，表面上看起来和某个敏感话题没什么关系，但怪就怪在很多人的猜测都在往这方面靠。 美国在线新闻网站《The Daily Beast》于7月4日发出了一则重磅爆料：前美国交通部长赵小兰于上个月（6月）17日秘密飞往北京，并且会见了中共国家副主席韩正。 🚨 ,sweep_b2_hits.csv
2026-09-08_22-07-45,cand-singles,chinanewscenter.com,chinesehotnews,2026-07-05,https://www.threads.com/@chinesehotnews/post/DaauwBtEeAS,https://chinanewscenter.com/archives/57616,,,5.0,chinanewscenter.com,['cand-singles'],1,替身去朝鲜，习近平面相体型短期巨变：二十天内“橡皮泥”般的身材 近日，一组关于中国国家主席习近平近期的对比照片在网络上迅速发酵，引发大量网友热议，而关于“习近平替身”的话题也再次成为舆论焦点。 朝鲜之行：身形修长且首度佩戴细框眼镜 我们先来看第一张照片。今年6月8日至9日，习近平应朝鲜劳动党总书记金正恩的邀请，对朝鲜进,sweep_b2_hits.csv
2026-09-08_22-07-45,cand-singles,chinanewscenter.com,chinesehotnews,2026-07-04,https://www.threads.com/@chinesehotnews/post/DaYzAOaml4Z,https://chinanewscenter.com/archives/57601,,,3.0,chinanewscenter.com,['cand-singles'],1,"建制派开始主导中南海，中共重回集团领导！用人五湖四海 距离中共二十一大越来越近，北京政坛火药味也越来越浓。习近平谋求第四任期已成定局，但中共高层可能早已提前进入""后习时代""的思考——如果习近平突然失去权力，谁来接班？ 曾任赵紫阳政治改革智囊、现任斯坦福大学研究员的吴国光在台湾一场讲座中分析，习近平权力越集中，中共内部斗",sweep_b2_hits.csv
2026-09-08_22-07-45,cand-singles,chinanewscenter.com,chinesehotnews,2026-07-04,https://www.threads.com/@chinesehotnews/post/DaYydo4mh_9,https://chinanewscenter.com/archives/57594,,,2.0,chinanewscenter.com,['cand-singles'],1,习家军14人被罢免 分析：军权早已易手！张又侠已经安排好 日前，中共党媒发布十四届全国人大常委公告，显示有14名官员被罢免全国人大代表职务，引人注意的是，他们都是习家军。马兴瑞的案子属于“后发先至”，但早于他落马的张又侠、刘振立依然保留人大代表资格，背后反映出的是习近平与中共元老反习派系的私下“博弈”，即军权究竟在谁手,sweep_b2_hits.csv
2026-09-08_22-07-45,cand-singles,chinanewscenter.com,chinesehotnews,2026-07-04,https://www.threads.com/@chinesehotnews/post/DaYEMltEcpa,https://chinanewscenter.com/archives/57576,,,5.0,chinanewscenter.com,['cand-singles'],1,北戴河前夜突发！习连升两上将 北京火药味渐浓 距离一年一度的北戴河会议越来越近，北京官场突然进入密集换人模式。地方大员、中央部委负责人频繁调整，军队高层再度补位，习近平又突然举行上将晋衔仪式，同时在七一讲话中再次高调强调反腐败斗争攻坚战、持久战、总体战。这一连串动作放在一起观察，一个明显信号已经浮现：北戴河会议召开前，,sweep_b2_hits.csv
2026-09-08_22-07-45,cand-singles,chinanewscenter.com,chinesehotnews,2026-07-04,https://www.threads.com/@chinesehotnews/post/DaYGW2WG14z,https://chinanewscenter.com/archives/57585,,,1.0,chinanewscenter.com,['cand-singles'],1,传元老帮突然发难 中南海“大总管”换人？由胡锦涛秘书陈世矩接任 中共建党105周年活动虽然已经落幕，但围绕这场党庆所释放出来的各种政治信号，却仍在持续发酵。表面上，这是一次例行纪念大会；实际上，从出席名单、座次安排，到人事异动，再到海外不断流出的爆料，都让外界嗅到了一股不同寻常的政治味道。 尤其有两大焦点最引人关注：其,sweep_b2_hits.csv
2026-09-08_22-07-45,cand-singles,chinanewscenter.com,chinesehotnews,2026-07-04,https://www.threads.com/@chinesehotnews/post/DaYDuoUIIkz,https://chinanewscenter.com/archives/57568,,,1.0,chinanewscenter.com,['cand-singles'],1,左派当道，大批有能力加拿大人疯狂润去美国 加拿大人或许抵触并入美国成为美国州，但仍有一部分人觉得南下的生活更美好。背后的原因究竟是什么？一项最新研究表明，答案远比单纯羡慕美国更低的税收、更好的工作机会要复杂。 相关数据呈现出两极分化的态势：近些年前往美国定居的加拿大人数量看似有所上升，但长期永久移民的整体规模其实在下降,sweep_b2_hits.csv
2026-09-08_22-07-45,cand-singles,chinanewscenter.com,chinesehotnews,2026-07-04,https://www.threads.com/@chinesehotnews/post/DaWmuQxEcOk,https://chinanewscenter.com/archives/57552,,,10.0,chinanewscenter.com,['cand-singles'],1,王岐山遭软禁，蔡奇连缺四大场合收网在即；习近平不能出京 一、 国际媒体放风：《外交官》内幕报道与王岐山软禁真相 在国际政经界具有强大影响力的《外交官》（The Diplomat）杂志，近日披露了一则重磅消息：中共前国家副主席王岐山目前已被正式软禁。 作为国际主流媒体，该杂志往往是中共党内高层向外放风的重要渠道之一。在这,sweep_b2_hits.csv
2026-09-08_22-07-45,cand-singles,chinanewscenter.com,chinesehotnews,2026-07-04,https://www.threads.com/@chinesehotnews/post/DaWll1REZrp,https://chinanewscenter.com/archives/57545,,,1.0,chinanewscenter.com,['cand-singles'],1,建制派完全夺回权力，中央用人开始五湖四海！靳磊是石泰锋提出任用 习近平集团面对围剿并未束手待毙。此前，温家宝原本属意由湖北省委书记王忠林进京，用来替换王小洪担任公安部部长。然而，就在王忠林刚刚卸任湖北省委书记、准备进京接手公安部的关键时刻，大量针对王忠林的黑料举报信便被精准地送到了中纪委。举报信中有多人实名举报王忠林在,sweep_b2_hits.csv
2026-09-08_22-07-45,cand-singles,chinanewscenter.com,chinesehotnews,2026-07-04,https://www.threads.com/@chinesehotnews/post/DaWkdj6Gnj4,https://chinanewscenter.com/archives/57538,,,2.0,chinanewscenter.com,['cand-singles'],1,陈希被抓！蔡奇嚣张对抗中纪委；王小洪替身朱昌杰被拿下，李希权力被架空 一、 5月人事大地震：中央党校校长的“火线换人”与中纪委的秘密合围 今年5月底，中共官方虽然异常地没有公布召开政治局会议的消息，但幕后却进行了一系列极其重要的高层人事调整。其中最引人注目的，莫过于关治欧接替王中平出任湖北省委书记，以及中央政治局常委、,sweep_b2_hits.csv
2026-09-08_22-07-45,cand-singles,chinanewscenter.com,chinesehotnews,2026-07-03,https://www.threads.com/@chinesehotnews/post/DaVaNpvoCec,https://chinanewscenter.com/archives/57506,,,0.0,chinanewscenter.com,['cand-singles'],1,新中央军委成立：胡春华任军委主席，张升民任副主席，军委名单曝光 就在本周五的《解放军报》头版，一项看似常规的军队通报，实则向外界公开官宣了一个石破天惊的大结局——习近平已经不再担任中央军委主席。 在这份由于适逢建党纪念日而充斥着大量八股文的周五（7月3日）报纸上，右下角最后一条新闻的标题为《表彰全军优秀共产党员、优秀党,sweep_b2_hits.csv
2026-09-08_22-07-45,cand-singles,chinanewscenter.com,chinesehotnews,2026-07-01,https://www.threads.com/@chinesehotnews/post/DaQWO4mla5D,https://chinanewscenter.com/archives/57446,,,24.0,chinanewscenter.com,['cand-singles'],1,继刺杀张又侠后，习近平再次撕破脸，宣布结束改革开放！ 习近平在今天(7月1日)举行的中共成立105周年大会上的讲话中，亲自宣布中国改革已经结束。 习近平说，在革命、建设、改革和新时代的伟大实践中，党领导人民历尽千辛万苦，成功开辟和坚持了中国特色社会主义道路……。 这个讲话把中共的历史划为四个阶段，加了一个“新时代”。 ,sweep_b2_hits.csv
2026-09-08_22-07-45,cand-singles,chinanewscenter.com,chinesehotnews,2026-07-02,https://www.threads.com/@chinesehotnews/post/DaRxe1GIEOP,https://chinanewscenter.com/archives/57498,,,2.0,chinanewscenter.com,['cand-singles'],1,陆军纪委书记张曙光将在“八一”前晋升为上将 军委纪委委员、陆军纪委书记张曙光将在“八一”前晋升上将，并接替张升民的军委纪委书记职务，21大上进入中央军委。 空军副司令员王刚将晋升上将，转任空军司令员，接替已被免职的常丁求。1965年出生的王刚将成为最年轻的上将。 这样，上将数量从最低的4位上升到6位： 张升民（军委副主,sweep_b2_hits.csv
2026-09-08_22-07-45,cand-singles,chinanewscenter.com,chinesehotnews,2026-07-02,https://www.threads.com/@chinesehotnews/post/DaRw-hAG4vI,https://chinanewscenter.com/archives/57491,,,0.0,chinanewscenter.com,['cand-singles'],1,中共将跨国镇压海外华人，无论你是否反共！59个引渡国家或成海外华人的危险地带 现在是台北时间2026年7月2日，星期四。今天，我们继续关注台海局势和国际形势，带来一则最新、最猛烈，也最值得海外华人警惕的消息。 所有准备出国旅游、在海外经商、留学或者长期居住的华人朋友，都必须提高警觉。 很多人过去可能认为，只要离开中国大,sweep_b2_hits.csv
2026-09-08_22-07-45,cand-singles,chinanewscenter.com,chinesehotnews,2026-07-01,https://www.threads.com/@chinesehotnews/post/DaQVkCilfTY,https://chinanewscenter.com/archives/57432,,,15.0,chinanewscenter.com,['cand-singles'],1,"元老帮和习近平彻底闹翻，没人替他背书！习近平宣布结束改革开放！ 中共建党105周年，本应是一场展示""团结稳定""的政治大秀，却因一连串反常现象，让外界看到另一幅画面。 习近平宣布改革开放正式结束！ 革命阶段指的是1921--1949　　建设阶段指的是1949--1978　　改革阶段指的是1978--2012　　新时代阶段",sweep_b2_hits.csv
2026-09-08_22-07-45,cand-singles,chinanewscenter.com,chinesehotnews,2026-07-01,https://www.threads.com/@chinesehotnews/post/DaRJR1ekUrM,https://chinanewscenter.com/archives/57477,,,6.0,chinanewscenter.com,['cand-singles'],1,"胡锦涛大秘高调现身, 奉命架空蔡奇; 在所谓建党105周年音乐会上，胡锦涛大秘陈世炬高调现身并坐在习近平身后。此外，另一名原本被边缘化甚至准备提前退休的官员孙卫东也公开露面，被解读为是准备架空蔡奇。 胡锦涛大秘陈世炬高调现身 2026年6月29日，据中共党媒新华社报道称，在北京举行所谓建党105周年音乐会，中共七常委习",sweep_b2_hits.csv
2026-09-08_22-07-45,cand-singles,chinanewscenter.com,chinesehotnews,2026-07-01,https://www.threads.com/@chinesehotnews/post/DaRIaFDCZm_,https://chinanewscenter.com/archives/57469,,,7.0,chinanewscenter.com,['cand-singles'],1,"习近平已被认定为孤家寡人, 满场的黑衣人保镖 在北京举办的所谓建党105周年音乐会上，满场的黑衣人保镖引发外界关注。而这场音乐会全程没有出现中共前常委，习近平被认为已经是“孤家寡人”。 建党105周年音乐会 满场黑衣人 2026年6月29日晚，在北京举行中共“七一”所谓建党105周年音乐会。从中共喉舌央视播出的现场画面",sweep_b2_hits.csv
2026-09-08_22-07-45,cand-singles,chinanewscenter.com,chinesehotnews,2026-07-01,https://www.threads.com/@chinesehotnews/post/DaQWpoVFTxv,https://chinanewscenter.com/archives/57454,,,2.0,chinanewscenter.com,['cand-singles'],1,中共民政部人事异动 胡海峰被死死卡住 中共民政部高层人事变动，原民政部党组书记、部长陆治原已调往中共总工会，原来民政部副部长中排名第一的李常官已任民政部党组书记，按惯例将兼任部长。前中共党魁胡锦涛之子胡海峰“自动”成为排名第一的民政部副部长，其仕途再引关注。 中共全国总工会6月30日消息显示，陆治原已任中共全国总工会党,sweep_b2_hits.csv
2026-09-08_22-07-45,cand-singles,chinanewscenter.com,chinesehotnews,2026-07-01,https://www.threads.com/@chinesehotnews/post/DaOv3engIex,https://chinanewscenter.com/archives/57393,,,6.0,chinanewscenter.com,['cand-singles'],1,蔡奇已经辞去中央办公厅主任职务 昨天，中共中央政治局召开了六月份的政治局会议。在这场看似平静的会议背后，一场惊心动魄的权力博弈疑似已经尘埃落定——蔡奇，这位常委级别的重要人物，可能已经正式卸任了中央办公厅主任这一极其关键的职位。 致命的五次消失：蔡奇去哪儿了？ 在中共的权力结构中，中央办公厅主任的位置极其关键，最核心的,sweep_b2_hits.csv
2026-09-08_22-07-45,cand-singles,chinanewscenter.com,chinesehotnews,2026-06-30,https://www.threads.com/@chinesehotnews/post/DaN91zpHMRR,https://chinanewscenter.com/archives/57386,,,0.0,chinanewscenter.com,['cand-singles'],1,退出美加墨协定 美将启动10年“熄灯”程序 路透报道，美国川普政府预计7月1日正式宣布不延长《美墨加协定》（USMCA），并将展开为期10年的“倒数计时”，以逐步让有32年历史的北美自由贸易区划下句点。 目前这3国正就拟议的改变进行磋商。 报道说，该声明将启动一项为期6年的审查程序，这是美国总统川普第一任期时协商达成的,sweep_b2_hits.csv
2026-09-08_22-07-45,cand-singles,chinanewscenter.com,chinesehotnews,2026-06-30,https://www.threads.com/@chinesehotnews/post/DaMYrD9Fdn9,https://chinanewscenter.com/archives/57369,,,1.0,chinanewscenter.com,['cand-singles'],1,重大胜利！加州恶法“AB-1955号”被判违宪 马斯克赢了！ 还记得加州在2024年通过的“恶法”——AB-1955号法案吗?这条法律打着“保护弱势学生”的旗号，禁止学校员工告知家长学生的性别倾向。 最终被许多家长告上联邦法院。近日，第九巡回上诉法院作出裁决，AB-1955号法案生效。法院认为，在相关诉讼最终结果出炉前,sweep_b2_hits.csv
2026-09-08_22-07-45,cand-singles,chinanewscenter.com,chinesehotnews,2026-06-28,https://www.threads.com/@chinesehotnews/post/DaJQ4utlZIJ,https://chinanewscenter.com/archives/57362,,,5.0,chinanewscenter.com,['cand-singles'],1,北京一车主身份被确认 刘俊华疑与飞机撞楼案相关 昨天（26日）傍晚，一架小飞机突然撞击北京最高楼中信大厦“中国尊”，网传驾驶者名叫刘俊华。而中信旗下信银理财一名高管也叫刘俊华。英媒报导，在飞机撞上北京最高的建筑后，警方搜查了一辆汽车，该车主确认名叫刘俊华。 英国《金融时报》27日报导，周五（26日）晚些时候，该报记者在,sweep_b2_hits.csv
2026-09-08_22-07-45,cand-singles,chinanewscenter.com,chinesehotnews,2026-06-28,https://www.threads.com/@chinesehotnews/post/DaJPvfbCcNp,https://chinanewscenter.com/archives/57355,,,1.0,chinanewscenter.com,['cand-singles'],1,党媒诡异发文 彭丽媛情人朱芝松被判死缓 “从轻处罚”？ 中共当局对军工系统的清洗仍在持续。日前，中共国家国防科技工业局副局长卞志刚落马被查。国防科工局已有多名官员出事。在上海航天局任职多年的上海市浦东新区区委前书记朱芝松贪腐1.39亿，被判死缓，官媒诡异发文，称这是“从轻处罚”，对其报导的反常也引发猜测。 国防科工局副,sweep_b2_hits.csv
2026-09-10_11-11-19,cand-qhd-adstxt,2020funtv.com,016c5276757,2025-07-11,https://www.threads.com/@016c5276757/post/DL87VU-piGa,https://2020funtv.com/d/902E70A2,,,0.0,2020funtv.com,['cand-qhd-adstxt'],1,生肖馬要知曉！過了這歲數，福氣一天比一天厚 2020funtv.com/d/902… 2 / 2,sweep_b3_hits.csv
2026-09-10_11-11-19,cand-qhd-adstxt,2020funtv.com,016c5276757,2025-07-11,https://www.threads.com/@016c5276757/post/DL87ThBpEFS,https://2020funtv.com/d/84998711,,,0.0,2020funtv.com,['cand-qhd-adstxt'],1,說出來你別不信！天生旺家的六大生肖，尤其是第四名，家中有一個就錢財不斷 2020funtv.com/d/849… 2 / 2,sweep_b3_hits.csv
2026-09-10_11-11-19,cand-qhd-adstxt,2020funtv.com,016c5276757,2025-07-10,https://www.threads.com/@016c5276757/post/DL62b4FphY2,https://2020funtv.com/d/7729DC9C,,,0.0,2020funtv.com,['cand-qhd-adstxt'],1,7月生肖運勢速遞！這幾個屬相運氣好到爆，有的卻要注意了 2020funtv.com/d/772… 2 / 2,sweep_b3_hits.csv
2026-09-10_11-11-19,cand-qhd-adstxt,2020funtv.com,ccz73928,2025-07-10,https://www.threads.com/@ccz73928/post/DL6zxvqpxSw,https://2020funtv.com/d/242AB569,,,21.0,2020funtv.com,['cand-qhd-adstxt'],1,小林家的妹抖龍 2020funtv.com/d/242…,sweep_b3_hits.csv
2026-09-10_11-11-19,cand-qhd-adstxt,2020funtv.com,016c5276757,2025-07-10,https://www.threads.com/@016c5276757/post/DL62TiIJYFV,https://2020funtv.com/d/7729DC9C,,,0.0,2020funtv.com,['cand-qhd-adstxt'],1,7月生肖運勢速遞！這幾個屬相運氣好到爆，有的卻要注意了 2020funtv.com/d/772… 2 / 2,sweep_b3_hits.csv
2026-09-10_11-11-19,cand-qhd-adstxt,2020funtv.com,016c5276757,2025-07-09,https://www.threads.com/@016c5276757/post/DL4IdIAJPOS,https://2020funtv.com/d/9C261DA1,,,0.0,2020funtv.com,['cand-qhd-adstxt'],1,擁有富婆命！ 不靠老公的「6大生肖女」 越老越有錢 2020funtv.com/d/9C2… 2 / 2,sweep_b3_hits.csv
2026-09-10_11-11-19,cand-qhd-adstxt,2020funtv.com,ccz73928,2025-07-09,https://www.threads.com/@ccz73928/post/DL4GnVHJ6Qq,https://2020funtv.com/d/42EC1859,,,0.0,2020funtv.com,['cand-qhd-adstxt'],1,先熱情地打掃吧？！ 2020funtv.com/d/42E…,sweep_b3_hits.csv
2026-09-10_11-11-19,cand-qhd-adstxt,2020funtv.com,kybfz2025,2025-07-08,https://www.threads.com/@kybfz2025/post/DL1v23dJy7V,https://2020funtv.com/d/9AD688F1,,,0.0,2020funtv.com,['cand-qhd-adstxt'],1,健身私教強推的早C晚A，沒有運動，半個月瘦了8斤 2020funtv.com/d/9AD… 2 / 2,sweep_b3_hits.csv
2026-09-10_11-11-19,cand-qhd-adstxt,2020funtv.com,kybfz2025,2025-07-08,https://www.threads.com/@kybfz2025/post/DL1vzbdpPhV,https://2020funtv.com/d/9AD688F1,,,0.0,2020funtv.com,['cand-qhd-adstxt'],1,健身私教強推的早C晚A，沒有運動，半個月瘦了8斤 2020funtv.com/d/9AD…,sweep_b3_hits.csv
2026-09-10_11-11-19,cand-qhd-adstxt,2020funtv.com,kybfz2025,2025-07-08,https://www.threads.com/@kybfz2025/post/DL1vbKsJpnf,https://2020funtv.com/d/9AD688F1,,,0.0,2020funtv.com,['cand-qhd-adstxt'],1,健身私教強推的早C晚A，沒有運動，半個月瘦了8斤 2020funtv.com/d/9AD…,sweep_b3_hits.csv
2026-09-10_11-11-19,cand-qhd-adstxt,2020funtv.com,ccz73928,2025-07-08,https://www.threads.com/@ccz73928/post/DL1QeyMpIbQ,https://2020funtv.com/d/C93A416C,,,0.0,2020funtv.com,['cand-qhd-adstxt'],1,先熱情地打掃吧？！ 2020funtv.com/d/C93…,sweep_b3_hits.csv
2026-09-10_11-11-19,cand-qhd-adstxt,t9y3c.com,erliusanjiu,2025-09-21,https://www.threads.com/@erliusanjiu/post/DO4ct4Mk6MH,https://t9y3c.com/doc_VHZMYmFLQXJ5VmJXZ3NGdHV2eTFLUT09,,,0.0,t9y3c.com,['cand-qhd-adstxt'],1,吳宗憲34年的「荒誕」情史：同時劈腿三女，用豪宅換來原配縱容，他的「風流」遠比你想得更精彩 t9y3c.com/doc_V… 1 / 2,sweep_b3_hits.csv
2026-09-10_11-11-19,cand-qhd-adstxt,t9y3c.com,yupeikwok,2025-08-23,https://www.threads.com/@yupeikwok/post/DNt0JXw5lw2,https://t9y3c.com/doc_VHZMYmFLQXJ5VmJXZ3NGdHV2eTFLUT09,,,0.0,t9y3c.com,['cand-qhd-adstxt'],1,吳宗憲34年的「荒誕」情史：同時劈腿三女，用豪宅換來原配縱容，他的「風流」遠比你想得更精彩 t9y3c.com/doc_V…,sweep_b3_hits.csv
2026-09-10_11-11-19,qsh-alpha,lovewdk.com,yupeikwok,2025-08-23,https://www.threads.com/@yupeikwok/post/DNt0JqL5nmJ,https://lovewdk.com/d/670D72BF,,,0.0,t9y3c.com,[],0,吳宗憲34年的「荒誕」情史：同時劈腿三女，用豪宅換來原配縱容，他的「風流」遠比你想得更精彩 lovewdk.com/d/670… 2 / 2,sweep_b3_hits.csv
2026-09-10_11-11-19,cand-qhd-adstxt,t9y3c.com,burnellharveyharvey,2025-07-09,https://www.threads.com/@burnellharveyharvey/post/DL3_5IfvaUX,https://t9y3c.com/doc_VHZMYmFLQXJ5VmJXZ3NGdHV2eTFLUT09,,,0.0,t9y3c.com,['cand-qhd-adstxt'],1,吳宗憲34年的「荒誕」情史：同時劈腿三女，用豪宅換來原配縱容，他的「風流」遠比你想得更精彩 t9y3c.com/doc_V…,sweep_b3_hits.csv
2026-09-10_11-11-19,cand-qhd-adstxt,t9y3c.com,erliusanjiu,2025-06-17,https://www.threads.com/@erliusanjiu/post/DLBVHGyySXe,https://t9y3c.com/doc_VHZMYmFLQXJ5VmJXZ3NGdHV2eTFLUT09,,,0.0,t9y3c.com,['cand-qhd-adstxt'],1,吳宗憲34年的「荒誕」情史：同時劈腿三女，用豪宅換來原配縱容，他的「風流」遠比你想得更精彩 t9y3c.com/doc_V…,sweep_b3_hits.csv
2026-09-10_11-11-19,cand-qhd-adstxt,t9y3c.com,yupeikwok,2025-06-12,https://www.threads.com/@yupeikwok/post/DKy0f3dRSrU,https://t9y3c.com/doc_VHZMYmFLQXJ5VmJXZ3NGdHV2eTFLUT09,,,0.0,t9y3c.com,['cand-qhd-adstxt'],1,吳宗憲34年的「荒誕」情史：同時劈腿三女，用豪宅換來原配縱容，他的「風流」遠比你想得更精彩 t9y3c.com/doc_V…,sweep_b3_hits.csv
2026-09-10_11-11-19,cand-qhd-adstxt,t9y3c.com,burnellharveyharvey,2025-06-07,https://www.threads.com/@burnellharveyharvey/post/DKldmucpfkJ,https://t9y3c.com/doc_V,,,0.0,t9y3c.com,['cand-qhd-adstxt'],1,吳宗憲34年的「荒誕」情史：同時劈腿三女，用豪宅換來原配縱容，他的「風流」遠比你想得更精彩 t9y3c.com/doc_V…,sweep_b3_hits.csv
2026-09-10_11-11-19,cand-qhd-adstxt,t9y3c.com,lilonghui28382,2025-03-01,https://www.threads.com/@lilonghui28382/post/DGpn-42PeVp,https://t9y3c.com/doc_VHZMYmFLQXJ5VmJXZ3NGdHV2eTFLUT09,,,0.0,t9y3c.com,['cand-qhd-adstxt'],1,吳宗憲34年的「荒誕」情史：同時劈腿三女，用豪宅換來原配縱容，他的「風流」遠比你想得更精彩 t9y3c.com/doc_V…,sweep_b3_hits.csv
2026-09-10_11-11-19,cand-qhd-adstxt,t9y3c.com,yetta30422,2024-12-28,https://www.threads.com/@yetta30422/post/DEG9-nMpUZU,https://t9y3c.com/doc_V,,,0.0,t9y3c.com,['cand-qhd-adstxt'],1,吳宗憲34年的「荒誕」情史：同時劈腿三女，用豪宅換來原配縱容，他的「風流」遠比你想得更精彩 t9y3c.com/doc_V…,sweep_b3_hits.csv
2026-09-10_11-11-19,cand-qhd-adstxt,t9y3c.com,burnellharveyharvey,2024-11-29,https://www.threads.com/@burnellharveyharvey/post/DC-Lpdpppjt,https://t9y3c.com/doc_V,,,0.0,t9y3c.com,['cand-qhd-adstxt'],1,吳宗憲34年的「荒誕」情史：同時劈腿三女，用豪宅換來原配縱容，他的「風流」遠比你想得更精彩 t9y3c.com/doc_V…,sweep_b3_hits.csv
2026-09-10_11-11-19,cand-qhd-adstxt,t9y3c.com,yupeikwok,2024-11-24,https://www.threads.com/@yupeikwok/post/DCv32n4vxTw,https://t9y3c.com/doc_VHZMYmFLQXJ5VmJXZ3NGdHV2eTFLUT09,,,0.0,t9y3c.com,['cand-qhd-adstxt'],1,吳宗憲34年的「荒誕」情史：同時劈腿三女，用豪宅換來原配縱容，他的「風流」遠比你想得更精彩 t9y3c.com/doc_V…,sweep_b3_hits.csv
2026-09-10_11-11-19,cand-qhd-adstxt,t9y3c.com,yetta30422,2024-09-28,https://www.threads.com/@yetta30422/post/DAdNBYJS4r1,https://t9y3c.com/doc_cUZmWDVKeHBacjYwRFgzaS9CVkt1QT09,,,0.0,t9y3c.com,['cand-qhd-adstxt'],1,淚目！三歲娃說自己「之前是消防員，後來犧牲了」，網友說出時間：正好對上 t9y3c.com/doc_c…,sweep_b3_hits.csv
2026-09-10_11-11-19,cand-qhd-adstxt,t9y3c.com,ixp44954,2024-09-28,https://www.threads.com/@ixp44954/post/DAcoqtLzq37,https://t9y3c.com/doc_S0M0Y2crajYzSUg0ekZSVDZUL3duUT09,threads527,,0.0,t9y3c.com,['cand-qhd-adstxt'],1,女兒交通事故離世！火化時「發現裙子怪怪的」...起疑「掀開白布」我跪謝工作人員 t9y3c.com/doc_S… 2 / 2,sweep_b3_hits.csv
2026-09-10_11-11-19,cand-qhd-adstxt,acg1213.com,huying904,2026-01-30,https://www.threads.com/@huying904/post/DUIfe6ekh9J,https://acg1213.com/book_THlHakRpNDVnaGpuM3QzQ3JOc01NQT09,,,0.0,acg1213.com,['cand-qhd-adstxt'],1,《對食之戀》：小凳子是宮裡專門負責調教女人的，這天他接到了一個意想不到的調教任務，對象竟然是貪官林生的女兒林沫兒 acg1213.com/book… 2 / 2,sweep_b3_hits.csv
2026-09-10_11-11-19,cand-qhd-adstxt,acg1213.com,kjmjunga2,2026-01-30,https://www.threads.com/@kjmjunga2/post/DUIe8WUkRLZ,https://acg1213.com/book_cHM1RUkxeEJDMThaZlNSNzJwckVkdz09,,,0.0,acg1213.com,['cand-qhd-adstxt'],1,《偏偏她還那樣不顧一切地愛過他！》：這座莊園還是他們兩人熱戀時，蘇落菡送給靳逸聞的生日禮物。 她沒有想到兩人情到濃時的甜蜜象征，會成為糾纏自己三年的噩夢。 acg1213.com/book… 2 / 2,sweep_b3_hits.csv
2026-09-10_11-11-19,cand-qhd-adstxt,acg1213.com,minilovenovel,2026-01-30,https://www.threads.com/@minilovenovel/post/DUIYmrAEZRW,https://acg1213.com/book_OW9kbndNdThPL0dsVmZjUmlrOFdDZz09,,,0.0,acg1213.com,['cand-qhd-adstxt'],1,《風吹花藩滿庭霜》：結婚五年，他做的最多的事情，就是要跟她離婚。可是沒有一次成功過，墨封訣覺得這個女人就像個瘋子，纏上他之後，怎麼都甩不掉 acg1213.com/book… 2 / 2,sweep_b3_hits.csv
2026-09-10_11-11-19,cand-qhd-adstxt,acg1213.com,minilovenovel,2026-01-30,https://www.threads.com/@minilovenovel/post/DUIINTVEY6y,https://acg1213.com/book_ZlJhNDhRWklycHB2RHBIT0RLOWJSZz09,,,0.0,acg1213.com,['cand-qhd-adstxt'],1,《穿越八零後，禁慾軍官寵不夠》：唐瑾忍不住哆嗦一下，腦子里竟然冒出來另一個女人的記憶，難道她穿越了？ acg1213.com/book… 2 / 2,sweep_b3_hits.csv
2026-09-10_11-11-19,cand-qhd-adstxt,acg1213.com,huying904,2026-01-30,https://www.threads.com/@huying904/post/DUIG56NEuy-,https://acg1213.com/book_RG16Y3l1dUJqZ1RTc1NqNHNyMHllZz09,,,0.0,acg1213.com,['cand-qhd-adstxt'],1,原來—— 內心深處，他自己給了自己判處。 他得不到原諒。 50127，永不再返航…… acg1213.com/book… 2 / 2,sweep_b3_hits.csv
2026-09-10_11-11-19,cand-qhd-adstxt,acg1213.com,chen95244822,2026-01-30,https://www.threads.com/@chen95244822/post/DUIFOVzEfSh,https://acg1213.com/book_YUs3U3MrZGF0RFErRk5rU01yaEZKZz09,,,0.0,acg1213.com,['cand-qhd-adstxt'],1,《愿我如星君如月》：祈佳卉面無表情看著照片上的全家福。她的丈夫楚明衍笑顏如花，露出結婚以前從未見過的溫柔。可笑的是，所謂的全家福，居中的女人不是祈佳卉，而是楚明衍的初戀，陸婉之。 acg1213.com/book… 2 / 2,sweep_b3_hits.csv
2026-09-10_11-11-19,cand-qhd-adstxt,acg1213.com,kjmjunga2,2026-01-30,https://www.threads.com/@kjmjunga2/post/DUH_j85Ea_4,https://acg1213.com/book_T1NpUmphUHczbGxjall3SC9zYW1Fdz09,,,0.0,acg1213.com,['cand-qhd-adstxt'],1,《繁星》：夏芊芊和顧凌澤兩人之間沒有白月光，也沒有朱砂痣，更沒有替身。 可這段愛情最終還是夭折了。 acg1213.com/book… 2 / 2,sweep_b3_hits.csv
2026-09-10_11-11-19,cand-qhd-adstxt,acg1213.com,huying904,2026-01-30,https://www.threads.com/@huying904/post/DUHzr5LkqKn,https://acg1213.com/book_anh1S2F4cUdOVmVaaVBZcFZmMncydz09,,,0.0,acg1213.com,['cand-qhd-adstxt'],1,《我放下后，他卻滿世界發瘋找我》：霍云深答應過我，在我出國那天會來送我，可當天，卻遲遲不見他的蹤影。我從家里等到了機場，卻在臨近登機的時候，等來了他的熱搜。 acg1213.com/book… 2 / 2,sweep_b3_hits.csv
2026-09-10_11-11-19,cand-qhd-adstxt,acg1213.com,chen95244822,2026-01-30,https://www.threads.com/@chen95244822/post/DUHyobLkVRL,https://acg1213.com/book_SXFrdUJxdG9VaWt2ZHZzbjdaSmd6UT09,,,0.0,acg1213.com,['cand-qhd-adstxt'],1,《丈夫逃婚娶了白月光，我轉身嫁給商圈大佬》：我捅了江承澈一刀后入獄了。 入獄前，我愛江承澈愛得人盡皆知，無比瘋魔。 出獄后，江承澈跪下求我：“鐘雪妍，我把命給你，你再愛我一次好不好？” acg1213.com/book… 2 / 2,sweep_b3_hits.csv
2026-09-10_11-11-19,cand-qhd-adstxt,acg1213.com,kjmjunga2,2026-01-30,https://www.threads.com/@kjmjunga2/post/DUHsiVlESgG,https://acg1213.com/book_V0U2dXlDSktacXdqZ2JsNlhNZXdkUT09,,,0.0,acg1213.com,['cand-qhd-adstxt'],1,《傅總，我放棄了……》她被傅時琛獨自留下的第14天。阮今今渾身疼痛地坐在陽臺上，撥通了傅時琛最后一通電話：“時琛，你什麼時候來接我...” acg1213.com/book… 2 / 2,sweep_b3_hits.csv
2026-09-10_11-11-19,cand-qhd-adstxt,acg1213.com,minilovenovel,2026-01-30,https://www.threads.com/@minilovenovel/post/DUHowwokaxY,https://acg1213.com/book_TWx2V1RMOFVSNUlIUmtiWTB1NDE3Zz09,,,0.0,acg1213.com,['cand-qhd-adstxt'],1,《舊年相思不可追》：姜稚京毫無血色的臉在黑暗之中神色莫測，朦朧的月光恰好落在她手里的化驗單上。她今天下午，剛失去了腹中的孩子。 acg1213.com/book… 2 / 2,sweep_b3_hits.csv
2026-09-10_11-11-19,cand-qhd-adstxt,acg1213.com,huying904,2026-01-30,https://www.threads.com/@huying904/post/DUHhSZ2kreQ,https://acg1213.com/book_dmRuYm16K0R1RmZiTXhESXQ1S1cwZz09,,,0.0,acg1213.com,['cand-qhd-adstxt'],1,《我沒有回頭，徑直離開了》：那晚， 他紅著眼眶，一次次挽回。我沒有回頭，徑直離開了。 acg1213.com/book… 2 / 2,sweep_b3_hits.csv
2026-09-10_11-11-19,cand-qhd-adstxt,acg1213.com,chen95244822,2026-01-30,https://www.threads.com/@chen95244822/post/DUHc8i5Ev3r,https://acg1213.com/book_dWVDd0lxZjZQL0ppVmp3VytDUERXdz09,,,0.0,acg1213.com,['cand-qhd-adstxt'],1,《折酥腰》：夜黑風急，馬車在路上疾馳，每經過坑洼處，造成的顛簸便讓里頭的幾個少女忍不住驚呼出聲。她們皆未經人事，但身子卻敏感至極，全因肚子里的情蟲蠱在作祟。 acg1213.com/book… 2 / 2,sweep_b3_hits.csv
2026-09-10_11-11-19,cand-qhd-adstxt,acg1213.com,minilovenovel,2026-01-29,https://www.threads.com/@minilovenovel/post/DUF3wGzkVwY,https://acg1213.com/book_OGYza0xuYUVCVXVVZVpRUGhIaXB2UT09,,,0.0,acg1213.com,['cand-qhd-adstxt'],1,《666888》：倘若她告訴紀紹鈞，她即將命不久矣，會不會換來他的幾分憐愛？ acg1213.com/book… 2 / 2,sweep_b3_hits.csv
2026-09-10_11-11-19,cand-qhd-adstxt,acg1213.com,huying904,2026-01-29,https://www.threads.com/@huying904/post/DUF1M4UEkBc,https://acg1213.com/book_dkFvbTZOZDZ4Sm1QbllxM05uMU44Zz09,,,0.0,acg1213.com,['cand-qhd-adstxt'],1,《至此流年各天涯》：原來，她從來不是獨一無二的。 他的愛已經流走了。 那麼她，也該退場了。 acg1213.com/book… 2 / 2,sweep_b3_hits.csv
2026-09-10_11-11-19,cand-qhd-adstxt,acg1213.com,chen95244822,2026-01-29,https://www.threads.com/@chen95244822/post/DUFycUqEaTo,https://acg1213.com/book_dWhkY3Y4R2oyQkVzUi9PQldNcmVvdz09,,,0.0,acg1213.com,['cand-qhd-adstxt'],1,《她的夜舞曲》：【紅原舞團：歡迎女主舞@陳蕓，以及金主霸霸@傅憑笙。】 配圖上的兩張笑臉，正是我隱婚七年的老公，以及他嬌養的金絲雀。我反手將結婚證發在了評論區： 【貴舞團的新劇目是賤種聯盟？】 acg1213.com/book… 2 / 2,sweep_b3_hits.csv
2026-09-10_11-11-19,cand-qhd-adstxt,acg1213.com,chen95244822,2026-01-29,https://www.threads.com/@chen95244822/post/DUFjwbRkdW6,https://acg1213.com/book_UmxwM252ODVhYjRqbm9vcjJqOW5pdz09,,,0.0,acg1213.com,['cand-qhd-adstxt'],1,《童秘書要辭職，江總哭著求她別走》【雙潔、追妻火葬場 這是一個小白兔干倒大灰狼的故事】 acg1213.com/book… 2 / 2,sweep_b3_hits.csv
2026-09-10_11-11-19,cand-qhd-adstxt,acg1213.com,minilovenovel,2026-01-29,https://www.threads.com/@minilovenovel/post/DUFdKFyEf7x,https://acg1213.com/book_U2Y0dkt0NTZNNUZ6c1dJdUxjeGE3dz09,,,0.0,acg1213.com,['cand-qhd-adstxt'],1,《漸行漸遠漸無書》：“她喜歡我，不會跑的，等她下一次表白，我就答應她。”這云淡風輕、勝券在握的口吻，聽得蘇蘊然都忍不住輕笑了一聲。下一次？不會有下一次了。 acg1213.com/book… 2 / 2,sweep_b3_hits.csv
2026-09-10_11-11-19,cand-qhd-adstxt,acg1213.com,kjmjunga2,2026-01-29,https://www.threads.com/@kjmjunga2/post/DUFcWMFkS2G,https://acg1213.com/book_dzZKZEtpMkpPV2VRZzNWeTZaMCtUQT09,,,0.0,acg1213.com,['cand-qhd-adstxt'],1,《傅機長，我累到再也不想原諒你了……》結婚三年，我才知道，原來，當他真愛一個人時，是熱烈又滾燙的。我識趣地離婚走人，人間蒸發。 acg1213.com/book… 2 / 2,sweep_b3_hits.csv
2026-09-10_11-11-19,cand-qhd-adstxt,acg1213.com,huying904,2026-01-29,https://www.threads.com/@huying904/post/DUFbDhVEkgY,https://acg1213.com/book_R1F6N0Z4VzErb2gwYkNudkw5MHEwZz09,,,0.0,acg1213.com,['cand-qhd-adstxt'],1,爽文《愛似冷雨夜》他們的戀愛一直瞞著紀嘉樹，主要是紀初棠不想公開，她實在是怕哥哥會生氣。 可紙終究保不住火。 acg1213.com/book… 2 / 2,sweep_b3_hits.csv
2026-09-10_11-11-19,cand-qhd-adstxt,acg1213.com,kjmjunga2,2026-01-29,https://www.threads.com/@kjmjunga2/post/DUFQHsMkV4U,https://acg1213.com/book_bDdhWnM4aE5rcEFFVUcxZkxLYU9Sdz09,,,0.0,acg1213.com,['cand-qhd-adstxt'],1,《春色不晚》婚禮當天。 婚紗、婚房、以及我，都埋葬在那場大火中。 從此，山水迢迢，再不相見。 acg1213.com/book… 2 / 2,sweep_b3_hits.csv
2026-09-10_11-11-19,cand-qhd-adstxt,acg1213.com,chen95244822,2026-01-29,https://www.threads.com/@chen95244822/post/DUFJFW-kZ24,https://acg1213.com/book_VlkvNUVYb3lESmtnQUw0anEvTXBrdz09,,,0.0,acg1213.com,['cand-qhd-adstxt'],1,《他們二人，也終究是沒有以后了》看見丈夫給戰友遺孀親筆所寫的手術單后，我終于決定和他離婚。 acg1213.com/book… 2 / 2,sweep_b3_hits.csv
2026-09-10_11-11-19,cand-qhd-adstxt,acg1213.com,minilovenovel,2026-01-29,https://www.threads.com/@minilovenovel/post/DUFG9KfEWCO,https://acg1213.com/book_dzBVcXFRaWkrZWYzYitWZ3ZLQkw5dz09,,,0.0,acg1213.com,['cand-qhd-adstxt'],1,《流產時，宋總在陪他的白月光》：和宋末在一起的第七年，我去公司找他，卻聽見他和別人聊天。 “和嫂子在一起七年了，很幸福吧？” 宋末淡淡回答：“我說我從來都沒有愛過她，你信嗎？” acg1213.com/book… 2 / 2,sweep_b3_hits.csv
2026-09-10_11-11-19,cand-qhd-adstxt,acg1213.com,chen95244822,2026-01-29,https://www.threads.com/@chen95244822/post/DUE62MLkj2j,https://acg1213.com/book_Wng4WGxpQ3U4VWljZTB0K01HUm52QT09,,,0.0,acg1213.com,['cand-qhd-adstxt'],1,《這段強求的婚姻，總算落寞》：上輩子，她滿心歡喜嫁給了男人，專心做起了家庭主婦。這輩子，她只想完成她的使命，保家衛國，離男人遠遠的。 acg1213.com/book… 2 / 2,sweep_b3_hits.csv
2026-09-10_11-11-19,cand-qhd-adstxt,acg1213.com,kjmjunga2,2026-01-29,https://www.threads.com/@kjmjunga2/post/DUE6nfxk4pt,https://acg1213.com/book_bHBwTWNnd1QySC9YK0VaZFErODVkUT09,,,0.0,acg1213.com,['cand-qhd-adstxt'],1,《重生八零不做兵王的學心嬌》：直到今天我來送資料，意外發現這個樟木箱，看到了自己上輩子沒見過的日記本。 里面寫滿了他和相愛的人過去，里面還夾著我早已死去的表姐照片…… acg1213.com/book… 2 / 2,sweep_b3_hits.csv
2026-09-10_11-11-19,cand-qhd-adstxt,acg1213.com,minilovenovel,2026-01-29,https://www.threads.com/@minilovenovel/post/DUE3iJUEyq3,https://acg1213.com/book_VjBjMGgxemZNZktpWXJXZVNoVDZKZz09,,,0.0,acg1213.com,['cand-qhd-adstxt'],1,這是她第一個孩子，因為蘇牧塵的一次疏忽，才有的這個孩子。 這大概是她近幾年裡聽到的最好的消息，可她明白無論自己怎麼懇求，這個孩子是不會被蘇牧塵承認的。 acg1213.com/book… 2 / 2,sweep_b3_hits.csv
2026-09-10_11-11-19,cand-qhd-adstxt,acg1213.com,huying904,2026-01-29,https://www.threads.com/@huying904/post/DUE2_aVkiH6,https://acg1213.com/book_SXIzT1VJUWtEUFhRZjdYRGxKN1BXUT09,,,0.0,acg1213.com,['cand-qhd-adstxt'],1,桑俞的心徹底死了，死在那個被聞景琛找人玷污她的那個晚上。等到聞景琛調查出一切的時候，那個成天追在自己身邊的小姑娘早已經不見了 acg1213.com/book… 2 / 2,sweep_b3_hits.csv
2026-09-10_11-11-19,cand-qhd-adstxt,acg1213.com,kjmjunga2,2026-01-28,https://www.threads.com/@kjmjunga2/post/DUDRjRQkXb0,https://acg1213.com/book_UW9XS1ZyTU01YklyeEltMCtYZXdyZz09,,,0.0,acg1213.com,['cand-qhd-adstxt'],1,當初兩人已經交往兩年，正準備結婚卻在一次任務中，秦燦的救援計劃導致商彥的隊友再也沒有回來。 從那以后，商彥不告而別，一走就是三年。 acg1213.com/book… 2 / 2,sweep_b3_hits.csv
2026-09-10_11-11-19,cand-qhd-adstxt,acg1213.com,huying904,2026-01-28,https://www.threads.com/@huying904/post/DUDQoURkuCT,https://acg1213.com/book_UmJVVUViMEVUL3NwbHpQVFl3Nm5IUT09,,,0.0,acg1213.com,['cand-qhd-adstxt'],1,《只為你回眸一眼》：被夜莫深責令住在後院後，沈翹已經有五年沒有踏出過這破舊的院落了。聽聞夜莫深又娶了一房姨太，這次不是哪家的大小姐，而是她的親妹妹沈木棉 acg1213.com/book… 2 / 2,sweep_b3_hits.csv
2026-09-10_11-11-19,cand-qhd-adstxt,acg1213.com,minilovenovel,2026-01-28,https://www.threads.com/@minilovenovel/post/DUDMeH1kgQv,https://acg1213.com/book_VXU1UmdaNmZPVXpPVk51b0gyT1FvQT09,,,0.0,acg1213.com,['cand-qhd-adstxt'],1,《她不想虧欠他太多》：三年前，他因意外雙目失明，在他心里桑以柔是罪魁禍首。 醒來后對桑以柔只有無盡的報復…… 桑家破產，桑父入獄，姐姐失蹤，桑母郁郁寡歡..…. 這次，她要還他一雙眼睛! acg1213.com/book… 2 / 2,sweep_b3_hits.csv
2026-09-10_11-11-19,cand-qhd-adstxt,acg1213.com,kjmjunga2,2026-01-28,https://www.threads.com/@kjmjunga2/post/DUC9ou1kcHr,https://acg1213.com/book_SGRYZ0VJNkczb2FlMitoaXVYZGhOUT09,,,0.0,acg1213.com,['cand-qhd-adstxt'],1,《未盼未等未留情》她果斷離婚，重回文工團舞臺。 可周建軍卻后悔了，他跪在陳雪梅面前，“老婆，你不是最愛我，怎麼舍得拋棄我？” acg1213.com/book… 2 / 2,sweep_b3_hits.csv
2026-09-10_11-11-19,cand-qhd-adstxt,acg1213.com,huying904,2026-01-28,https://www.threads.com/@huying904/post/DUC8t7KEu6U,https://acg1213.com/book_bTRBQ3h6QlFQZGxtK0ltUUNBeVdBQT09,,,0.0,acg1213.com,['cand-qhd-adstxt'],1,《重生第一件事，我退了與營長小叔的婚約》重生第一件事，我退了與營長小叔的婚約。 acg1213.com/book… 2 / 2,sweep_b3_hits.csv
2026-09-10_11-11-19,cand-qhd-adstxt,acg1213.com,minilovenovel,2026-01-28,https://www.threads.com/@minilovenovel/post/DUC0hCDkjai,https://acg1213.com/book_YkJLVGFiWE5XRzBVQ1kzdmFxQTNIUT09,,,0.0,acg1213.com,['cand-qhd-adstxt'],1,《他喜歡的人，是我的雙胞胎妹妹》：為了報復警長丈夫，兇手活生生掏出我的心臟，砍下我的頭顱。 直至死亡降臨，我也沒有吐露丈夫的行蹤。 哪怕他就在一條街道之隔的五星酒店，為我妹妹慶祝生日。 acg1213.com/book… 2 / 2,sweep_b3_hits.csv
2026-09-10_11-11-19,cand-qhd-adstxt,acg1213.com,chen95244822,2026-01-28,https://www.threads.com/@chen95244822/post/DUCwWiXETR7,https://acg1213.com/book_UHIybHBaL3R6cm82NUpoTWM4TkVXZz09,,,0.0,acg1213.com,['cand-qhd-adstxt'],1,《重生后在五零年代搞科研》：他對她處處關照，無微不至。 唯獨有一點，絕不碰她！ 她問他為什麼。 他說：“我不舉。” 可后來他和別的女人躺在一張床上，她才知道，他不是不舉，而是喜歡的另有其人。 acg1213.com/book… 2 / 2,sweep_b3_hits.csv
2026-09-10_11-11-19,cand-qhd-adstxt,acg1213.com,huying904,2026-01-28,https://www.threads.com/@huying904/post/DUCvHJqEj6x,https://acg1213.com/book_MXdUaG9RbWU4OVltQzdtOUZUTE1RZz09,,,0.0,acg1213.com,['cand-qhd-adstxt'],1,《丫頭還愿意再做我的女朋友》：林陸驍真的走了。 哪怕此刻他們已經吵到分手，他還是義無反顧地去找夏晴。 這段感情，她還有什麼不死心的呢？ acg1213.com/book… 2 / 2,sweep_b3_hits.csv
2026-09-10_11-11-19,cand-qhd-adstxt,acg1213.com,kjmjunga2,2026-01-28,https://www.threads.com/@kjmjunga2/post/DUCuiVZkSaw,https://acg1213.com/book_TlFSaktZdDIvZHkrR1A0ZUZ6bE84dz09,,,0.0,acg1213.com,['cand-qhd-adstxt'],1,《我瞞著總裁老公偷偷懷了孕》開始他沒當回事，只覺得我是突然變乖了，他整夜的陪著初戀我也不吃醋了，他那麼大度，愿意照顧別人的老婆孩子， 那等我自己生了，他應該也愿意養，也能接受孩子的父親不是他吧， acg1213.com/book… 2 / 2,sweep_b3_hits.csv
2026-09-10_11-11-19,cand-qhd-adstxt,acg1213.com,minilovenovel,2026-01-28,https://www.threads.com/@minilovenovel/post/DUClYD5Emv0,https://acg1213.com/book_Y0wveDNaMTRkb1FoRU8wRVIvN3Nqdz09,,,0.0,acg1213.com,['cand-qhd-adstxt'],1,《一枕相思空幾許》：兩人各自占據床的一角，同床異夢。 心底的悲痛不能對枕邊人訴說，這種孤獨焚心蝕骨。 acg1213.com/book… 2 / 2,sweep_b3_hits.csv
2026-09-10_11-11-19,cand-qhd-adstxt,acg1213.com,chen95244822,2026-01-28,https://www.threads.com/@chen95244822/post/DUCfpXxkUD-,https://acg1213.com/book_Y3lIYTZKTGtNcFBWZVRUTjRTdVdIZz09,,,0.0,acg1213.com,['cand-qhd-adstxt'],1,《夫人死後，顧總一夜白頭》：「落落，你方便告訴我下，你老公的尺寸嗎？他讓我買那個，我都不知道買多大的。」程曉雪的微信語音跳了出來，沈落一點開，就聽到她這句嬉皮笑臉的問話。 acg1213.com/book… 2 / 2,sweep_b3_hits.csv
2026-09-10_11-11-19,cand-qhd-adstxt,acg1213.com,minilovenovel,2026-01-28,https://www.threads.com/@minilovenovel/post/DUCYXp8EnlW,https://acg1213.com/book_NGNyZ2lDa2NNdVdrQTk4d3d4S1lhQT09,,,0.0,acg1213.com,['cand-qhd-adstxt'],1,《我們已經沒有以后了》：他還不知道，我們之間沒有以后了。 得知男友為了和小學妹環游世界缺席養父母葬禮那天。 我決定放棄這段感情了。 acg1213.com/book… 2 / 2,sweep_b3_hits.csv
2026-09-10_11-11-19,cand-qhd-adstxt,acg1213.com,chen95244822,2026-01-28,https://www.threads.com/@chen95244822/post/DUCVAcEErb2,https://acg1213.com/book_SUZNcXpDSGJna2Myd2lQYm1tZ2l0dz09,,,0.0,acg1213.com,['cand-qhd-adstxt'],1,《愿深情為愛所鐘》：“可你從前從來沒有這樣過……” 是啊。 她從不會因為其他的事拋下他。 可如今，她沒心思管那麼多，畢竟，她都已經決定要離開他了。 acg1213.com/book… 2 / 2,sweep_b3_hits.csv
2026-09-10_11-11-19,cand-qhd-adstxt,acg1213.com,kjmjunga2,2026-01-28,https://www.threads.com/@kjmjunga2/post/DUCUdTVE2RI,https://acg1213.com/book_REdGOVRiQ0JSTlJ3TzU1L25pNXZ5Zz09,,,0.0,acg1213.com,['cand-qhd-adstxt'],1,《這輩子，她再也不會讓容湛有機會欠她任何東西》：蘇眉怔怔看著工作人員遞過的離婚證，心口微刺，指節分明的手越過蘇眉的視線率先接過離婚證，迫不及待。 是她丈夫容湛的手，不，現在是她的前夫了。 acg1213.com/book… 2 / 2,sweep_b3_hits.csv
2026-09-10_11-11-19,cand-qhd-adstxt,acg1213.com,huying904,2026-01-28,https://www.threads.com/@huying904/post/DUCSRaTEtrV,https://acg1213.com/book_L2tEd01yUFYxRytVMWxabGhPSEVMQT09,,,0.0,acg1213.com,['cand-qhd-adstxt'],1,《營長，嫂子的離婚申請已經通過了》：1985年6月，程方恬重生了。 她做的第一件事，就是找軍區政委提交離婚報告，離開戰霆。 acg1213.com/book… 2 / 2,sweep_b3_hits.csv
2026-09-10_11-11-19,cand-qhd-adstxt,acg1213.com,kjmjunga2,2026-01-27,https://www.threads.com/@kjmjunga2/post/DUAvrhFESvq,https://acg1213.com/book_WHB3RURLZnRmaUFjbTNoNytJeTJodz09,,,0.0,acg1213.com,['cand-qhd-adstxt'],1,《如今我不想等他了》被未婚夫拒婚的第十年，我瞞著他換了一個新的結婚對象。 acg1213.com/book… 2 / 2,sweep_b3_hits.csv
2026-09-10_11-11-19,cand-qhd-adstxt,acg1213.com,minilovenovel,2026-01-27,https://www.threads.com/@minilovenovel/post/DUAsDBAEasg,https://acg1213.com/book_d0dNTWdzSTd1enhJSjh2QStXelJRUT09,,,0.0,acg1213.com,['cand-qhd-adstxt'],1,《相逢已是上上簽》：直到今天，她親眼目睹達瓦嘉措將五彩手繩送到桑珠手里。 這一刻，她再也無法自欺欺人下去了。 神愛世人，所以他會對她好。 但是作為達瓦嘉措，他只愛桑珠。 acg1213.com/book… 2 / 2,sweep_b3_hits.csv
2026-09-10_11-11-19,cand-qhd-adstxt,acg1213.com,huying904,2026-01-27,https://www.threads.com/@huying904/post/DUAr1J2klwy,https://acg1213.com/book_cnRXd2NiR1RyV0RJLzYvWjdiMmZ1UT09,,,0.0,acg1213.com,['cand-qhd-adstxt'],1,《心似已灰之木》：結婚五周年紀念日，西餐廳里，秘書將離婚協議遞給許鹿。 五年前，傅總和夫人領證那天。 傅總為表明真心，特意立了離婚協議書并簽好名，放進保險柜里。只要他出軌，夫人可以隨時簽字離婚。 acg1213.com/book… 2 / 2,sweep_b3_hits.csv
2026-09-10_11-11-19,cand-qhd-adstxt,acg1213.com,chen95244822,2026-01-27,https://www.threads.com/@chen95244822/post/DUAjT7OkQAO,https://acg1213.com/book_NFpXSXZUM0pLdnBSelF3ZEdZNGVBdz09,,,0.0,acg1213.com,['cand-qhd-adstxt'],1,《我們之間，再無轉園的余地》：我預約了人流手術和離婚，機長老公還不知道。他正忙著照顧懷孕的白月光，只覺得我是突然變乖了。 acg1213.com/book… 2 / 2,sweep_b3_hits.csv
2026-09-10_11-11-19,cand-qhd-adstxt,acg1213.com,kjmjunga2,2026-01-27,https://www.threads.com/@kjmjunga2/post/DUAfKFCEakq,https://acg1213.com/book_NWtHNVZWVHdNeS9xZ1lPQUR2VSthZz09,,,0.0,acg1213.com,['cand-qhd-adstxt'],1,《狐嫁仙》：高僧在我身上下了咒，說這個咒只能護到我及笄之年 到了及笄之年，我需要一月與一次男人交合，而且是不同的男人，才能續命。 為了讓我活命，母親給我安排了一個身份——婚奴。 acg1213.com/book… 2 / 2,sweep_b3_hits.csv
2026-09-10_11-11-19,cand-qhd-adstxt,acg1213.com,minilovenovel,2026-01-27,https://www.threads.com/@minilovenovel/post/DUAeQg5keve,https://acg1213.com/book_NE0vQVhwSjk5V2ltWExvbm5LS3cxdz09,,,0.0,acg1213.com,['cand-qhd-adstxt'],1,爽文《過往的種種，從此都與她再無關聯》窗外大雨傾盆，屋內曖昧橫生。情到濃時，安舒恬沒忍住仰頭咬上段知瑾的喉結。 acg1213.com/book… 2 / 2,sweep_b3_hits.csv
2026-09-10_11-11-19,cand-qhd-adstxt,acg1213.com,huying904,2026-01-27,https://www.threads.com/@huying904/post/DUAdL_3kgKn,https://acg1213.com/book_T3MvL1EwaDE5b0RUaU50UGtBQmU4UT09,,,0.0,acg1213.com,['cand-qhd-adstxt'],1,《繁花落盡雨相逢》追了未婚夫七年，他卻始終心系我那庶妹。為了逼我退婚，他竟命人偽造了我與他私通的信件，張貼于城中各處。 acg1213.com/book… 2 / 2,sweep_b3_hits.csv
2026-09-10_11-11-19,cand-qhd-adstxt,acg1213.com,kjmjunga2,2026-01-27,https://www.threads.com/@kjmjunga2/post/DUARU7pEUH4,https://acg1213.com/book_V3dOWnlaVGx4RVFVMExJTDZmUndwQT09,,,0.0,acg1213.com,['cand-qhd-adstxt'],1,《婚姻終結者》：跟我相濡以沫的丈夫竟然在外面有了一個私生子，可笑的是這個私生子竟然比我們的女兒還要大一歲！ acg1213.com/book… 2 / 2,sweep_b3_hits.csv
2026-09-10_11-11-19,cand-qhd-adstxt,acg1213.com,chen95244822,2026-01-27,https://www.threads.com/@chen95244822/post/DUAHVE_kbZW,https://acg1213.com/book_ZHNEYWhwQXNxK1ZEQVpDR1RBQTdSUT09,,,0.0,acg1213.com,['cand-qhd-adstxt'],1,《愛似繁星墜銀河》“姑娘，民政局都下班了，你未婚夫還沒來嗎？”工作人員的聲音在宋妍妍身旁響起。 她攥緊手中的結婚申請表，苦澀的笑了笑，而后撐著坐到僵硬的身體起身離開。 acg1213.com/book… 2 / 2,sweep_b3_hits.csv
2026-09-10_11-11-19,cand-qhd-adstxt,acg1213.com,huying904,2026-01-27,https://www.threads.com/@huying904/post/DUAFjf_EkbM,https://acg1213.com/book_alVvL3ZzVTZPNVlpcmFuOUd0cVVqQT09,,,0.0,acg1213.com,['cand-qhd-adstxt'],1,《不負相思》被婚內冷落的第五年。我懷了個野種。圈里人都在恭喜我終于擺脫生不出孩子的罪名時。只有顧硯南發了瘋般砸碎婚房，將我抵在墻上崩潰質問：“我從來沒碰過你，孩子是誰的？” acg1213.com/book… 2 / 2,sweep_b3_hits.csv
2026-09-10_11-11-19,cand-qhd-adstxt,acg1213.com,huying904,2026-01-27,https://www.threads.com/@huying904/post/DT_yGq-kvt4,https://acg1213.com/book_UHdBVDZmanA0ekdtZ2RPUVBoT2pMQT09,,,0.0,acg1213.com,['cand-qhd-adstxt'],1,《再見，另一個世界相愛過的人》：攻略男主失敗后，我選擇讓男二賀景川上位。 所有人都說我押對了寶，連系統小白也同樣這麼認為。 acg1213.com/book… 2 / 2,sweep_b3_hits.csv
2026-09-10_11-11-19,cand-qhd-adstxt,acg1213.com,kjmjunga2,2026-01-27,https://www.threads.com/@kjmjunga2/post/DT_xsAtk56n,https://acg1213.com/book_SEswMjV1TnF5bHZSYVpWYy9oOVErdz09,,,0.0,acg1213.com,['cand-qhd-adstxt'],1,《在167次收到他的親密合照后，夏知禾決定放棄這段婚姻》：看著那一張張甜蜜的照片上的傅承佑，夏知禾不由自嘲一笑。 她像從前那樣沒有回蘇念薇的信息，只是選中了那些照片，一鍵轉發。 【丁律師，新的證據。】 acg1213.com/book… 2 / 2,sweep_b3_hits.csv
2026-09-10_11-11-19,cand-qhd-adstxt,acg1213.com,chen95244822,2026-01-27,https://www.threads.com/@chen95244822/post/DT_xk1TkrcY,https://acg1213.com/book_NlhrTTZkWDlVeFo0ZmRBOVhwKzVOQT09,,,0.0,acg1213.com,['cand-qhd-adstxt'],1,《傅總，沈小姐已經嫁人了》：一個月慘無人道的折磨，一個月不要命的逃奔…… 從前那個天真高調，明麗鮮活的沈秋然，已經死了。 是綁匪，也是傅景堯毀了她。 acg1213.com/book… 2 / 2,sweep_b3_hits.csv
2026-09-10_11-11-19,cand-qhd-adstxt,acg1213.com,minilovenovel,2026-01-27,https://www.threads.com/@minilovenovel/post/DT_wQVjk-7H,https://acg1213.com/book_ZWh2VWYzclBRR3hOSEU1cWdZcU1Qdz09,,,0.0,acg1213.com,['cand-qhd-adstxt'],1,當她一朝杳無音訊，那個男人卻發了瘋。經年再見，故人是否還依舊…… acg1213.com/book… 2 / 2,sweep_b3_hits.csv
2026-09-10_11-11-19,cand-qhd-adstxt,acg1213.com,kjmjunga2,2026-01-26,https://www.threads.com/@kjmjunga2/post/DT-E-gpEbuY,https://acg1213.com/book_cExMWXlDeTVNQS9rVDlBTW56bkpodz09,,,0.0,acg1213.com,['cand-qhd-adstxt'],1,《公開后，被誤傷的只有我》    一句多余的解釋都沒有，像是在下達通知。 沈伊心下一刺，明明這里是他們夫妻的家！ acg1213.com/book… 2 / 2,sweep_b3_hits.csv
2026-09-10_11-11-19,cand-qhd-adstxt,acg1213.com,minilovenovel,2026-01-26,https://www.threads.com/@minilovenovel/post/DT-D0xmEdNB,https://acg1213.com/book_djNEUHlNRUJmU3BOQmdFU256dTFPZz09,,,0.0,acg1213.com,['cand-qhd-adstxt'],1,《救命！真千金是個白切黑！》：像我這種長得漂亮，又能配合你玩各種play的老婆，可不好找哦 acg1213.com/book… 2 / 2,sweep_b3_hits.csv
2026-09-10_11-11-19,cand-qhd-adstxt,acg1213.com,chen95244822,2026-01-26,https://www.threads.com/@chen95244822/post/DT9_eQFkZCp,https://acg1213.com/book_UGFVREZYSDFDVkNsMWlqQmQ1REt3dz09,,,0.0,acg1213.com,['cand-qhd-adstxt'],1,男二上位《夢里尋她千百度》1983年夏，興華高中教師辦公室。 【王老師，我想好了，打算去讀書，不過北大的名額換成過國防大學解密專業。】 深秋的風泛著寒意，程亦喬身體單薄嬌弱，眼神異常堅定。 acg1213.com/book… 2 / 2,sweep_b3_hits.csv
2026-09-10_11-11-19,cand-qhd-adstxt,acg1213.com,huying904,2026-01-26,https://www.threads.com/@huying904/post/DT99Mi1kg8l,https://acg1213.com/book_aktUdDF5cjBLWWVuQ3lwc256QUR0dz09,,,0.0,acg1213.com,['cand-qhd-adstxt'],1,《與她在灰燼下》：她看著照片中的男人，比幾年前清瘦了一些，寬肩長腿，一雙含情眼總是混雜著奇妙的凌厲。他身旁有個漂亮女人，親昵地挽著他手臂，這一刻，景阮高估了自己的包容心。 acg1213.com/book… 2 / 2,sweep_b3_hits.csv
2026-09-10_11-11-19,cand-qhd-adstxt,acg1213.com,kjmjunga2,2026-01-26,https://www.threads.com/@kjmjunga2/post/DT96um_kfRm,https://acg1213.com/book_K0tjMkJOZndXTk9reUtGWGpNYm9qdz09,,,0.0,acg1213.com,['cand-qhd-adstxt'],1,《別把我說給他聽》：因爲地震傅意歡與父母分散 被交給傅家裏撫養，但與其說傅意歡是被傅家養大的，不如說，是被她的哥哥，傅宸深養大的。她早已經依賴并愛著這個哥哥，但到了一切都說再見的時候了 acg1213.com/book… 2 / 2,sweep_b3_hits.csv
2026-09-10_11-11-19,cand-qhd-adstxt,acg1213.com,minilovenovel,2026-01-26,https://www.threads.com/@minilovenovel/post/DT90uXXkbDg,https://acg1213.com/book_aGNKK1lvQmVJcE85SzFJOEF6VEFTdz09,,,0.0,acg1213.com,['cand-qhd-adstxt'],1,"《冷情總裁的錯愛新娘》“夫人說，她愛了您15年，現在她決定斷了和您的一切聯系，永不相見。” 一向鎮定的冷千澤慌了神，""去給我找，動用一切關系也要找到夫人。” acg1213.com/book… 2 / 2",sweep_b3_hits.csv
2026-09-10_11-11-19,cand-qhd-adstxt,acg1213.com,chen95244822,2026-01-26,https://www.threads.com/@chen95244822/post/DT90iIUEQhP,https://acg1213.com/book_eXF0bmRiV0tXeVZCQ3ZvY2VhdEYyZz09,,,0.0,acg1213.com,['cand-qhd-adstxt'],1,破鏡重圓 醫生《分手那天，他們吵得不可開交》分手那天，他們吵得不可開交。 他沖動地堵住了她的唇。 acg1213.com/book… 2 / 2,sweep_b3_hits.csv
2026-09-10_11-11-19,cand-qhd-adstxt,acg1213.com,huying904,2026-01-26,https://www.threads.com/@huying904/post/DT9yBtzkpBi,https://acg1213.com/book_aXlJTXBrOUFxSCtaRmtZcVkvMlV4Zz09,,,0.0,acg1213.com,['cand-qhd-adstxt'],1,姜寧從不知道自己和墨決廷之間的這一場愛情，竟會是她走向地獄的大門，一場愛情用盡了力氣，一段癡纏對彼此而言又究竟算是什麼 acg1213.com/book… 2 / 2,sweep_b3_hits.csv
2026-09-10_11-11-19,cand-qhd-adstxt,acg1213.com,kjmjunga2,2026-01-26,https://www.threads.com/@kjmjunga2/post/DT9ithbEbrb,https://acg1213.com/book_eGxrOENRbVRsb1RPZHZtRHZVbXc3UT09,,,0.0,acg1213.com,['cand-qhd-adstxt'],1,《公派留學的申請已經通過了》：首長丈夫回來后，發現小嬌妻不再纏著他了，她不再去管他去了哪里， 又要去做什麼， 因為公派留學的申請已經通過了...... acg1213.com/book… 2 / 2,sweep_b3_hits.csv
2026-09-10_11-11-19,cand-qhd-adstxt,acg1213.com,chen95244822,2026-01-26,https://www.threads.com/@chen95244822/post/DT9gZhUEcaW,https://acg1213.com/book_dTg0ellMNkpVTUxUQkc5RWs4KzRZZz09,,,0.0,acg1213.com,['cand-qhd-adstxt'],1,結婚四年，從一開始的蜜里調油到現在動不動就吵架，程暖暖和傅博言都已經在心底認為，這段婚姻快要結束了........ acg1213.com/book… 2 / 2,sweep_b3_hits.csv
2026-09-10_11-11-19,cand-qhd-adstxt,acg1213.com,minilovenovel,2026-01-26,https://www.threads.com/@minilovenovel/post/DT9aXfhkdif,https://acg1213.com/book_RHR5SDBkZEIyLzNEakxkTDZQV3hoQT09,,,0.0,acg1213.com,['cand-qhd-adstxt'],1,《他的眼里盛滿寵溺》前男友又狠又野，潔癖的他從不和我接吻，嫌臟。可我卻撞見他和茉莉花般純潔的青梅吻得難舍難分。 acg1213.com/book… 2 / 2,sweep_b3_hits.csv
2026-09-10_11-11-19,cand-qhd-adstxt,acg1213.com,huying904,2026-01-26,https://www.threads.com/@huying904/post/DT9YzeWkuVJ,https://acg1213.com/book_a1pMcC9ZNHpqMWFsZHF1dXNCeFBlQT09,,,0.0,acg1213.com,['cand-qhd-adstxt'],1,《待她如翡我如葦》過往的樁樁件件無比清晰的在腦海里浮現，難怪謝時宴不肯舉辦婚禮，更不肯碰她，原來是他早就心有所屬。 acg1213.com/book… 2 / 2,sweep_b3_hits.csv
2026-09-10_11-11-19,cand-qhd-adstxt,acg1213.com,chen95244822,2026-01-26,https://www.threads.com/@chen95244822/post/DT9NwhkEuQb,https://acg1213.com/book_RzRabnZYVFdXekF1NXI0NHgrckZiUT09,,,0.0,acg1213.com,['cand-qhd-adstxt'],1,《重活一世，她徹底明白，她的婚姻就是一場徹頭徹尾的悲劇》：上輩子的她原本也很期待這個孩子，但從懷了孕，家里的糟心事就不斷，最后她難產大出血，孩子沒保住，身體也留下了病根。 重活一世，她徹底明白，她的婚姻就是一場徹頭徹尾的悲劇。 acg1213.com/book… 2 / 2,sweep_b3_hits.csv
2026-09-10_11-11-19,cand-qhd-adstxt,acg1213.com,huying904,2026-01-26,https://www.threads.com/@huying904/post/DT9M4PjEjhn,https://acg1213.com/book_UFhvcGtsdGU1VGRNaDZiSmZYK3FXQT09,,,0.0,acg1213.com,['cand-qhd-adstxt'],1,《我承認我還愛著你，但是我也不會原諒你》他將她一個人拋在婚禮現場，在他們的家和別的女人親熱。她以為他不愛她。可他又不愿意和她分手，吵架后還要再回來！ acg1213.com/book… 2 / 2,sweep_b3_hits.csv
2026-09-10_11-11-19,cand-qhd-adstxt,acg1213.com,kjmjunga2,2026-01-26,https://www.threads.com/@kjmjunga2/post/DT9KaMVE0qs,https://acg1213.com/book_dTBZNURMZmdrK0tUc1hCQkJEd01UQT09,,,0.0,acg1213.com,['cand-qhd-adstxt'],1,《無法說出口的愛戀》：欒城的富少圈子里，有關于高宴和安瑾的許多傳說。說他們青梅竹馬、情比金堅。 acg1213.com/book… 2 / 2,sweep_b3_hits.csv
2026-09-10_11-11-19,cand-qhd-adstxt,acg1213.com,minilovenovel,2026-01-26,https://www.threads.com/@minilovenovel/post/DT9Ij5FE7RA,https://acg1213.com/book_OEhKOU5HeC9PcFNOWE1JaGtMNmlSQT09,,,0.0,acg1213.com,['cand-qhd-adstxt'],1,《他對她那樣好怎會不愛她》宋思桐死在一個大雪覆滿京華的艷陽天。 在她被秦承風下令射殺的前一刻，她都以為自己是秦承風的此生摯愛。 acg1213.com/book… 2 / 2,sweep_b3_hits.csv
2026-09-10_11-11-19,cand-qhd-adstxt,acg1213.com,huying904,2026-01-25,https://www.threads.com/@huying904/post/DT7jTdmEsCb,https://acg1213.com/book_aWNKd0JmdnZFWHpRQVRtSVZyYm8zdz09,,,0.0,acg1213.com,['cand-qhd-adstxt'],1,男二上位 大女主《烈焰融情》宋珈禾和蘇飛宇最后一次出任務后，兩人推遲了即將到來的婚禮。 acg1213.com/book… 2 / 2,sweep_b3_hits.csv
2026-09-10_11-11-19,cand-qhd-adstxt,acg1213.com,kjmjunga2,2026-01-25,https://www.threads.com/@kjmjunga2/post/DT7db80kQPh,https://acg1213.com/book_L09LMDJ0ckk3WlVEVitXZ3F5Z0lzUT09,,,0.0,acg1213.com,['cand-qhd-adstxt'],1,《娘子在上！病弱賀三爺寵妻寵上癮》死人的棺材板合不上，是生前有念，時間一久，念就成了魔。 acg1213.com/book… 2 / 2,sweep_b3_hits.csv
2026-09-10_11-11-19,cand-qhd-adstxt,acg1213.com,chen95244822,2026-01-25,https://www.threads.com/@chen95244822/post/DT7bPINEcrP,https://acg1213.com/book_d1cxMmtSNWovVzZFOVc2cGNSSlFpQT09,,,0.0,acg1213.com,['cand-qhd-adstxt'],1,《繁花織夢，愛之綺章》聽著“嘟嘟嘟”的忙音，蘇晚晚再也忍不住，眼淚順著臉頰滑落。 是啊。 大家都覺得，她跟傅辰宴青梅竹馬，十幾年的情分，他愛她愛到骨子里。 acg1213.com/book… 2 / 2,sweep_b3_hits.csv
2026-09-10_11-11-19,cand-qhd-adstxt,acg1213.com,huying904,2026-01-25,https://www.threads.com/@huying904/post/DT7SN40EhM3,https://acg1213.com/book_UmpWSkd6dzg3YTF4bS9zeTd2K3ROUT09,,,0.0,acg1213.com,['cand-qhd-adstxt'],1,《再嫁后我靠病秧世子在京城橫著走》：一年前，少夫人被大人打得奄奄一息，醒來后就好像變了個人似的，自從嫁進盛府后就一直被大人虐打都未曾有半分怨言的宋家大小姐變得沉默寡言，似乎不像以往那般逆來順受。 acg1213.com/book… 2 / 2,sweep_b3_hits.csv
2026-09-10_11-11-19,cand-qhd-adstxt,acg1213.com,kjmjunga2,2026-01-25,https://www.threads.com/@kjmjunga2/post/DT7OF09kfsa,https://acg1213.com/book_Z3U2SXc0NW5yWi9YYkI0aGFrR0k1dz09,,,0.0,acg1213.com,['cand-qhd-adstxt'],1,《每次提到結婚，他都是說再等等》：她是留洋歸來的外科醫生，他是軍區前途無量的團長，每次提到結婚，男人都只是說再等等，既然他不想結，那她就換個新郎！ acg1213.com/book… 2 / 2,sweep_b3_hits.csv
2026-09-10_11-11-19,cand-qhd-adstxt,acg1213.com,minilovenovel,2026-01-25,https://www.threads.com/@minilovenovel/post/DT7MirhkZGw,https://acg1213.com/book_TnBGa1lEbjRDckl5NmNXcU5JV2ZqZz09,,,0.0,acg1213.com,['cand-qhd-adstxt'],1,沈繁星愛了顧司禮五年，這五年來顧司禮對她總是呼之即來揮之則去。無論多晚，顧司禮永遠不會留她過夜。似乎比起情侶，他們更像是……地下情人。 acg1213.com/book… 2 / 2,sweep_b3_hits.csv
2026-09-10_11-11-19,cand-qhd-adstxt,acg1213.com,chen95244822,2026-01-25,https://www.threads.com/@chen95244822/post/DT7Mfb-kf5i,https://acg1213.com/book_aDBTQWM0R1pBVkhvUlRKSDNiMjRDQT09,,,0.0,acg1213.com,['cand-qhd-adstxt'],1,《一個關于重逢的夢》：一聲微不可聞的呼喚過后，一切都歸于平靜，只剩下秒針的滴答聲。許久，老人的唇角漸漸彎起，像是正在做一個幸福的美夢。一個關于重逢的夢。 acg1213.com/book… 2 / 2,sweep_b3_hits.csv
2026-09-10_11-11-19,cand-qhd-adstxt,acg1213.com,huying904,2026-01-25,https://www.threads.com/@huying904/post/DT7GufmElpA,https://acg1213.com/book_VlZWMlpZRFBIL3ZGRzlHTEZORm8rdz09,,,0.0,acg1213.com,['cand-qhd-adstxt'],1,《歸來時相擁》江嘉彌沒想到，會在醫院再次見到死去四年的未婚夫宋清言。 而他正小心翼翼地扶著一個大肚子的女人去做B超。 acg1213.com/book… 2 / 2,sweep_b3_hits.csv
2026-09-10_11-11-19,cand-qhd-adstxt,acg1213.com,kjmjunga2,2026-01-25,https://www.threads.com/@kjmjunga2/post/DT7DzLZkcrT,https://acg1213.com/book_THZsOXhWNFJiODZuVnFUczNxampIUT09,,,0.0,acg1213.com,['cand-qhd-adstxt'],1,《兩條直線相交但不平行》：所有人都篤定她愛蕭晨愛得無法自拔，就連蕭晨也如此以為。或許沒人相信，有一天，她會主動選擇離開。 acg1213.com/book… 2 / 2,sweep_b3_hits.csv
2026-09-10_11-11-19,cand-qhd-adstxt,acg1213.com,chen95244822,2026-01-25,https://www.threads.com/@chen95244822/post/DT69nRjEbah,https://acg1213.com/book_TEoxWnhZYU84V1lzNnM3UTVjbFpaZz09,,,0.0,acg1213.com,['cand-qhd-adstxt'],1,三年前，段璟川跟沈意歡打了個賭，因此沈意歡堵上了所有，為愛結婚。但她忘了，成為他的太太，并不是愛人 acg1213.com/book… 2 / 2,sweep_b3_hits.csv
2026-09-10_11-11-19,cand-qhd-adstxt,acg1213.com,minilovenovel,2026-01-25,https://www.threads.com/@minilovenovel/post/DT66Fp0Eewu,https://acg1213.com/book_YVBaY3VDbG1KRHZMN1FhQWhFdlJGZz09,,,0.0,acg1213.com,['cand-qhd-adstxt'],1,男二上位 言情《兩情若在相騙時》「若然，你確定要注銷你的身份嗎？以大火假死的方式離開，時間定在十天后？」 在工作人員的確認下，蘇若然肯定地點了點頭。 acg1213.com/book… 2 / 2,sweep_b3_hits.csv
2026-09-10_11-11-19,cand-qhd-adstxt,acg1213.com,kjmjunga2,2026-01-25,https://www.threads.com/@kjmjunga2/post/DT6oWjME2xu,https://acg1213.com/book_N1hjbW9zQ1BCTXlpUU1adGVrUU5JUT09,,,0.0,acg1213.com,['cand-qhd-adstxt'],1,《愛從來不是瞻前顧后，利益取舍》：拿到回執那一刻，葉念秋甚至想要流淚，她真的重生了，重生回到了1964年，她和霍方穆剛結婚那會。 acg1213.com/book… 2 / 2,sweep_b3_hits.csv
2026-09-10_11-11-19,cand-qhd-adstxt,acg1213.com,chen95244822,2026-01-25,https://www.threads.com/@chen95244822/post/DT6na82Egb9,https://acg1213.com/book_VGZJRXhCU1FzVFZNSEZiNGJzdXdIdz09,,,0.0,acg1213.com,['cand-qhd-adstxt'],1,《逢迎》 賀寒庭跟季芮冷戰半個月了，就因為季芮說了句我們結婚吧。 acg1213.com/book… 2 / 2,sweep_b3_hits.csv
2026-09-10_11-11-19,cand-qhd-adstxt,acg1213.com,minilovenovel,2026-01-25,https://www.threads.com/@minilovenovel/post/DT6mQ6OE9bY,https://acg1213.com/book_MGdXNVJQN2NWc0lWck16aE9ESXhPdz09,,,0.0,acg1213.com,['cand-qhd-adstxt'],1,爽文復仇《愛上他是她這一生最大的錯》沈姝沅聽著「千金」這個稱呼，恍如隔世。 她想起自己家人意外死亡那天。 acg1213.com/book… 2 / 2,sweep_b3_hits.csv
2026-09-10_11-11-19,cand-qhd-adstxt,acg1213.com,huying904,2026-01-25,https://www.threads.com/@huying904/post/DT6jnmDkmTI,https://acg1213.com/book_WjZBWmo1M2o0SkN6QjEvVk91U0FPUT09,,,0.0,acg1213.com,['cand-qhd-adstxt'],1,《星沉海底不復見》今天是中秋節，是個舉家團圓的日子，往年她都是和她的兩個竹馬一起過的。 可是今晚陸謹言和席琛都沒回來。 acg1213.com/book… 2 / 2,sweep_b3_hits.csv
2026-09-10_11-11-19,cand-qhd-adstxt,acg1213.com,kjmjunga2,2026-01-24,https://www.threads.com/@kjmjunga2/post/DT49mQvEVGE,https://acg1213.com/book_YUs3U3MrZGF0RFErRk5rU01yaEZKZz09,,,0.0,acg1213.com,['cand-qhd-adstxt'],1,《愿我如星君如月》：祈佳卉面無表情看著照片上的全家福。她的丈夫楚明衍笑顏如花，露出結婚以前從未見過的溫柔。可笑的是，所謂的全家福，居中的女人不是祈佳卉，而是楚明衍的初戀，陸婉之。 acg1213.com/book… 2 / 2,sweep_b3_hits.csv
2026-09-10_11-11-19,cand-qhd-adstxt,acg1213.com,chen95244822,2026-01-24,https://www.threads.com/@chen95244822/post/DT45jYIEQT1,https://acg1213.com/book_anh1S2F4cUdOVmVaaVBZcFZmMncydz09,,,0.0,acg1213.com,['cand-qhd-adstxt'],1,《我放下后，他卻滿世界發瘋找我》：霍云深答應過我，在我出國那天會來送我，可當天，卻遲遲不見他的蹤影。我從家里等到了機場，卻在臨近登機的時候，等來了他的熱搜。 acg1213.com/book… 2 / 2,sweep_b3_hits.csv
2026-09-10_11-11-19,cand-qhd-adstxt,acg1213.com,huying904,2026-01-24,https://www.threads.com/@huying904/post/DT44k3JEqub,https://acg1213.com/book_SVhpbFl3ek9FZWhUQ2I3dmZ3OVhqUT09,,,0.0,acg1213.com,['cand-qhd-adstxt'],1,《孕期寒霜覆真心》清醒堅強女主🆚出軌又慫渣男‼ acg1213.com/book… 2 / 2,sweep_b3_hits.csv
2026-09-10_11-11-19,cand-qhd-adstxt,acg1213.com,minilovenovel,2026-01-24,https://www.threads.com/@minilovenovel/post/DT4rKOPkZuE,https://acg1213.com/book_OW5lYUl1S09BTU9hb1ZJZVdaVkhyQT09,,,0.0,acg1213.com,['cand-qhd-adstxt'],1,《陸叔叔，我太小了！》:「陸叔叔，我太小了！」話沒說完，陸邵寒堵住了她：「乖，成熟的老公會疼人！」 acg1213.com/book… 2 / 2,sweep_b3_hits.csv
2026-09-10_11-11-19,cand-qhd-adstxt,acg1213.com,kjmjunga2,2026-01-24,https://www.threads.com/@kjmjunga2/post/DT4p6AIkeYs,https://acg1213.com/book_VjFPcUsrWWpHcXRibU56ZW9tUUpPdz09,,,0.0,acg1213.com,['cand-qhd-adstxt'],1,《別時不知憶時悔》：夏梔背對著他，瞌上了眼。 和他這樣背對背躺著入眠，不知道度過了多少個日日夜夜。 明明是可以相依相偎的兩個人，卻孤獨到了極點。 acg1213.com/book… 2 / 2,sweep_b3_hits.csv
2026-09-10_11-11-19,cand-qhd-adstxt,acg1213.com,huying904,2026-01-24,https://www.threads.com/@huying904/post/DT4kYUpEhXq,https://acg1213.com/book_ZlJhNDhRWklycHB2RHBIT0RLOWJSZz09,,,0.0,acg1213.com,['cand-qhd-adstxt'],1,《穿越八零後，禁慾軍官寵不夠》：唐瑾忍不住哆嗦一下，腦子里竟然冒出來另一個女人的記憶，難道她穿越了？ acg1213.com/book… 2 / 2,sweep_b3_hits.csv
2026-09-10_11-11-19,cand-qhd-adstxt,acg1213.com,minilovenovel,2026-01-24,https://www.threads.com/@minilovenovel/post/DT4dj9PkTzL,https://acg1213.com/book_RG16Y3l1dUJqZ1RTc1NqNHNyMHllZz09,,,0.0,acg1213.com,['cand-qhd-adstxt'],1,原來—— 內心深處，他自己給了自己判處。 他得不到原諒。 50127，永不再返航…… acg1213.com/book… 2 / 2,sweep_b3_hits.csv
2026-09-10_11-11-19,cand-qhd-adstxt,acg1213.com,kjmjunga2,2026-01-24,https://www.threads.com/@kjmjunga2/post/DT4WXNwkW28,https://acg1213.com/book_SXFrdUJxdG9VaWt2ZHZzbjdaSmd6UT09,,,0.0,acg1213.com,['cand-qhd-adstxt'],1,《丈夫逃婚娶了白月光，我轉身嫁給商圈大佬》：我捅了江承澈一刀后入獄了。 入獄前，我愛江承澈愛得人盡皆知，無比瘋魔。 出獄后，江承澈跪下求我：“鐘雪妍，我把命給你，你再愛我一次好不好？” acg1213.com/book… 2 / 2,sweep_b3_hits.csv
2026-09-10_11-11-19,cand-qhd-adstxt,acg1213.com,chen95244822,2026-01-24,https://www.threads.com/@chen95244822/post/DT4U1RyERIl,https://acg1213.com/book_THlHakRpNDVnaGpuM3QzQ3JOc01NQT09,,,0.0,acg1213.com,['cand-qhd-adstxt'],1,《對食之戀》：小凳子是宮裡專門負責調教女人的，這天他接到了一個意想不到的調教任務，對象竟然是貪官林生的女兒林沫兒 acg1213.com/book… 2 / 2,sweep_b3_hits.csv
2026-09-10_11-11-19,cand-qhd-adstxt,acg1213.com,huying904,2026-01-24,https://www.threads.com/@huying904/post/DT4RNf6EnXe,https://acg1213.com/book_OW9kbndNdThPL0dsVmZjUmlrOFdDZz09,,,0.0,acg1213.com,['cand-qhd-adstxt'],1,《風吹花藩滿庭霜》：結婚五年，他做的最多的事情，就是要跟她離婚。可是沒有一次成功過，墨封訣覺得這個女人就像個瘋子，纏上他之後，怎麼都甩不掉 acg1213.com/book… 2 / 2,sweep_b3_hits.csv
2026-09-10_11-11-19,cand-qhd-adstxt,acg1213.com,kjmjunga2,2026-01-24,https://www.threads.com/@kjmjunga2/post/DT4EF6EkwtB,https://acg1213.com/book_a2ZIaDFYVlRvM29GTWNEdVNBKy8zdz09,,,0.0,acg1213.com,['cand-qhd-adstxt'],1,《九千米的愛》還有十天就是他們結婚三周年紀念日了，可這個男人在幾天前給了自己一份離婚協議。 “過完這十天吧，我有強迫癥。”她緊了緊戒指，語氣低沉。 acg1213.com/book… 2 / 2,sweep_b3_hits.csv
2026-09-10_11-11-19,cand-qhd-adstxt,acg1213.com,huying904,2026-01-24,https://www.threads.com/@huying904/post/DT4CIIBEqsQ,https://acg1213.com/book_dWVDd0lxZjZQL0ppVmp3VytDUERXdz09,,,0.0,acg1213.com,['cand-qhd-adstxt'],1,《折酥腰》：夜黑風急，馬車在路上疾馳，每經過坑洼處，造成的顛簸便讓里頭的幾個少女忍不住驚呼出聲。她們皆未經人事，但身子卻敏感至極，全因肚子里的情蟲蠱在作祟。 acg1213.com/book… 2 / 2,sweep_b3_hits.csv
2026-09-10_11-11-19,cand-qhd-adstxt,acg1213.com,minilovenovel,2026-01-24,https://www.threads.com/@minilovenovel/post/DT4B7foEU5O,https://acg1213.com/book_dmRuYm16K0R1RmZiTXhESXQ1S1cwZz09,,,0.0,acg1213.com,['cand-qhd-adstxt'],1,《我沒有回頭，徑直離開了》：那晚， 他紅著眼眶，一次次挽回。我沒有回頭，徑直離開了。 acg1213.com/book… 2 / 2,sweep_b3_hits.csv
2026-09-10_11-11-19,cand-qhd-adstxt,acg1213.com,chen95244822,2026-01-24,https://www.threads.com/@chen95244822/post/DT3-zUyEq7O,https://acg1213.com/book_TWx2V1RMOFVSNUlIUmtiWTB1NDE3Zz09,,,0.0,acg1213.com,['cand-qhd-adstxt'],1,《舊年相思不可追》：姜稚京毫無血色的臉在黑暗之中神色莫測，朦朧的月光恰好落在她手里的化驗單上。她今天下午，剛失去了腹中的孩子。 acg1213.com/book… 2 / 2,sweep_b3_hits.csv
2026-09-10_11-11-19,cand-qhd-adstxt,acg1213.com,chen95244822,2026-01-23,https://www.threads.com/@chen95244822/post/DT2dzzcETMl,https://acg1213.com/book_dkFvbTZOZDZ4Sm1QbllxM05uMU44Zz09,,,0.0,acg1213.com,['cand-qhd-adstxt'],1,《至此流年各天涯》：原來，她從來不是獨一無二的。 他的愛已經流走了。 那麼她，也該退場了。 acg1213.com/book… 2 / 2,sweep_b3_hits.csv
2026-09-10_11-11-19,cand-qhd-adstxt,acg1213.com,kjmjunga2,2026-01-23,https://www.threads.com/@kjmjunga2/post/DT2ddALkUkV,https://acg1213.com/book_VlkvNUVYb3lESmtnQUw0anEvTXBrdz09,,,0.0,acg1213.com,['cand-qhd-adstxt'],1,《他們二人，也終究是沒有以后了》看見丈夫給戰友遺孀親筆所寫的手術單后，我終于決定和他離婚。 acg1213.com/book… 2 / 2,sweep_b3_hits.csv
2026-09-10_11-11-19,cand-qhd-adstxt,acg1213.com,minilovenovel,2026-01-23,https://www.threads.com/@minilovenovel/post/DT2Zj7xkQt1,https://acg1213.com/book_V0U2dXlDSktacXdqZ2JsNlhNZXdkUT09,,,0.0,acg1213.com,['cand-qhd-adstxt'],1,《傅總，我放棄了……》她被傅時琛獨自留下的第14天。阮今今渾身疼痛地坐在陽臺上，撥通了傅時琛最后一通電話：“時琛，你什麼時候來接我...” acg1213.com/book… 2 / 2,sweep_b3_hits.csv
2026-09-10_11-11-19,cand-qhd-adstxt,acg1213.com,huying904,2026-01-23,https://www.threads.com/@huying904/post/DT2P9ZmkvQ_,https://acg1213.com/book_OGYza0xuYUVCVXVVZVpRUGhIaXB2UT09,,,0.0,acg1213.com,['cand-qhd-adstxt'],1,《666888》：倘若她告訴紀紹鈞，她即將命不久矣，會不會換來他的幾分憐愛？ acg1213.com/book… 2 / 2,sweep_b3_hits.csv
2026-09-10_11-11-19,cand-qhd-adstxt,acg1213.com,chen95244822,2026-01-23,https://www.threads.com/@chen95244822/post/DT2MhNzkV4Z,https://acg1213.com/book_Mkl3WUpXbkg2bm1Rb056RGVQb3VxUT09,,,0.0,acg1213.com,['cand-qhd-adstxt'],1,《我不要妳了》：婚當天，秦茵沒有回娘家，而是去了墓園。“爸，哥，我答應你們要好好照顧葉女士，好好照顧自己，可真的好累，我真的堅持不下去了。” acg1213.com/book… 2 / 2,sweep_b3_hits.csv
2026-09-10_11-11-19,cand-qhd-adstxt,acg1213.com,minilovenovel,2026-01-23,https://www.threads.com/@minilovenovel/post/DT2KdWLER2Y,https://acg1213.com/book_cHM1RUkxeEJDMThaZlNSNzJwckVkdz09,,,0.0,acg1213.com,['cand-qhd-adstxt'],1,《偏偏她還那樣不顧一切地愛過他！》：這座莊園還是他們兩人熱戀時，蘇落菡送給靳逸聞的生日禮物。 她沒有想到兩人情到濃時的甜蜜象征，會成為糾纏自己三年的噩夢。 acg1213.com/book… 2 / 2,sweep_b3_hits.csv
2026-09-10_11-11-19,cand-qhd-adstxt,acg1213.com,kjmjunga2,2026-01-23,https://www.threads.com/@kjmjunga2/post/DT2IrKTkZz8,https://acg1213.com/book_dzBVcXFRaWkrZWYzYitWZ3ZLQkw5dz09,,,0.0,acg1213.com,['cand-qhd-adstxt'],1,《流產時，宋總在陪他的白月光》：和宋末在一起的第七年，我去公司找他，卻聽見他和別人聊天。 “和嫂子在一起七年了，很幸福吧？” 宋末淡淡回答：“我說我從來都沒有愛過她，你信嗎？” acg1213.com/book… 2 / 2,sweep_b3_hits.csv
2026-09-10_11-11-19,cand-qhd-adstxt,acg1213.com,chen95244822,2026-01-23,https://www.threads.com/@chen95244822/post/DT2CWgvER98,https://acg1213.com/book_SXIzT1VJUWtEUFhRZjdYRGxKN1BXUT09,,,0.0,acg1213.com,['cand-qhd-adstxt'],1,桑俞的心徹底死了，死在那個被聞景琛找人玷污她的那個晚上。等到聞景琛調查出一切的時候，那個成天追在自己身邊的小姑娘早已經不見了 acg1213.com/book… 2 / 2,sweep_b3_hits.csv
2026-09-10_11-11-19,cand-qhd-adstxt,acg1213.com,huying904,2026-01-23,https://www.threads.com/@huying904/post/DT171S4ktK1,https://acg1213.com/book_Wng4WGxpQ3U4VWljZTB0K01HUm52QT09,,,0.0,acg1213.com,['cand-qhd-adstxt'],1,《這段強求的婚姻，總算落寞》：上輩子，她滿心歡喜嫁給了男人，專心做起了家庭主婦。這輩子，她只想完成她的使命，保家衛國，離男人遠遠的。 acg1213.com/book… 2 / 2,sweep_b3_hits.csv
2026-09-10_11-11-19,cand-qhd-adstxt,acg1213.com,kjmjunga2,2026-01-23,https://www.threads.com/@kjmjunga2/post/DT16gBKkYNX,https://acg1213.com/book_U2Y0dkt0NTZNNUZ6c1dJdUxjeGE3dz09,,,0.0,acg1213.com,['cand-qhd-adstxt'],1,《漸行漸遠漸無書》：“她喜歡我，不會跑的，等她下一次表白，我就答應她。”這云淡風輕、勝券在握的口吻，聽得蘇蘊然都忍不住輕笑了一聲。下一次？不會有下一次了。 acg1213.com/book… 2 / 2,sweep_b3_hits.csv
2026-09-10_11-11-19,cand-qhd-adstxt,acg1213.com,minilovenovel,2026-01-23,https://www.threads.com/@minilovenovel/post/DT1vIfkEa4Q,https://acg1213.com/book_T1NpUmphUHczbGxjall3SC9zYW1Fdz09,,,0.0,acg1213.com,['cand-qhd-adstxt'],1,《繁星》：夏芊芊和顧凌澤兩人之間沒有白月光，也沒有朱砂痣，更沒有替身。 可這段愛情最終還是夭折了。 acg1213.com/book… 2 / 2,sweep_b3_hits.csv
2026-09-10_11-11-19,cand-qhd-adstxt,acg1213.com,huying904,2026-01-23,https://www.threads.com/@huying904/post/DT1qpvFkj0J,https://acg1213.com/book_VjBjMGgxemZNZktpWXJXZVNoVDZKZz09,,,0.0,acg1213.com,['cand-qhd-adstxt'],1,這是她第一個孩子，因為蘇牧塵的一次疏忽，才有的這個孩子。 這大概是她近幾年裡聽到的最好的消息，可她明白無論自己怎麼懇求，這個孩子是不會被蘇牧塵承認的。 acg1213.com/book… 2 / 2,sweep_b3_hits.csv
2026-09-10_11-11-19,cand-qhd-adstxt,acg1213.com,kjmjunga2,2026-01-23,https://www.threads.com/@kjmjunga2/post/DT1g0-uk9kf,https://acg1213.com/book_dWhkY3Y4R2oyQkVzUi9PQldNcmVvdz09,,,0.0,acg1213.com,['cand-qhd-adstxt'],1,《她的夜舞曲》：【紅原舞團：歡迎女主舞@陳蕓，以及金主霸霸@傅憑笙。】 配圖上的兩張笑臉，正是我隱婚七年的老公，以及他嬌養的金絲雀。我反手將結婚證發在了評論區： 【貴舞團的新劇目是賤種聯盟？】 acg1213.com/book… 2 / 2,sweep_b3_hits.csv
2026-09-10_11-11-19,cand-qhd-adstxt,acg1213.com,chen95244822,2026-01-23,https://www.threads.com/@chen95244822/post/DT1fE59kkdr,https://acg1213.com/book_R1F6N0Z4VzErb2gwYkNudkw5MHEwZz09,,,0.0,acg1213.com,['cand-qhd-adstxt'],1,爽文《愛似冷雨夜》他們的戀愛一直瞞著紀嘉樹，主要是紀初棠不想公開，她實在是怕哥哥會生氣。 可紙終究保不住火。 acg1213.com/book… 2 / 2,sweep_b3_hits.csv
2026-09-10_11-11-19,cand-qhd-adstxt,acg1213.com,huying904,2026-01-23,https://www.threads.com/@huying904/post/DT1ebEbks-d,https://acg1213.com/book_UmxwM252ODVhYjRqbm9vcjJqOW5pdz09,,,0.0,acg1213.com,['cand-qhd-adstxt'],1,《童秘書要辭職，江總哭著求她別走》【雙潔、追妻火葬場 這是一個小白兔干倒大灰狼的故事】 acg1213.com/book… 2 / 2,sweep_b3_hits.csv
2026-09-10_11-11-19,cand-qhd-adstxt,acg1213.com,minilovenovel,2026-01-23,https://www.threads.com/@minilovenovel/post/DT1bfBUk6h7,https://acg1213.com/book_b3l4cXUvV0xGcVh1WFdXOXY1eHVldz09,,,0.0,acg1213.com,['cand-qhd-adstxt'],1,《90702》：他說，我對你的愛至死不渝，可送她下地獄的，也正是他。 acg1213.com/book… 2 / 2,sweep_b3_hits.csv
2026-09-10_11-11-19,cand-qhd-adstxt,acg1213.com,minilovenovel,2026-01-22,https://www.threads.com/@minilovenovel/post/DTz1662EZLC,https://acg1213.com/book_bDdhWnM4aE5rcEFFVUcxZkxLYU9Sdz09,,,0.0,acg1213.com,['cand-qhd-adstxt'],1,《春色不晚》婚禮當天。 婚紗、婚房、以及我，都埋葬在那場大火中。 從此，山水迢迢，再不相見。 acg1213.com/book… 2 / 2,sweep_b3_hits.csv
2026-09-10_11-11-19,cand-qhd-adstxt,acg1213.com,chen95244822,2026-01-22,https://www.threads.com/@chen95244822/post/DTz0_5JEYU_,https://acg1213.com/book_UmJVVUViMEVUL3NwbHpQVFl3Nm5IUT09,,,0.0,acg1213.com,['cand-qhd-adstxt'],1,《只為你回眸一眼》：被夜莫深責令住在後院後，沈翹已經有五年沒有踏出過這破舊的院落了。聽聞夜莫深又娶了一房姨太，這次不是哪家的大小姐，而是她的親妹妹沈木棉 acg1213.com/book… 2 / 2,sweep_b3_hits.csv
2026-09-10_11-11-19,cand-qhd-adstxt,acg1213.com,kjmjunga2,2026-01-22,https://www.threads.com/@kjmjunga2/post/DTz0I1lkUyy,https://acg1213.com/book_SUZNcXpDSGJna2Myd2lQYm1tZ2l0dz09,,,0.0,acg1213.com,['cand-qhd-adstxt'],1,《愿深情為愛所鐘》：“可你從前從來沒有這樣過……” 是啊。 她從不會因為其他的事拋下他。 可如今，她沒心思管那麼多，畢竟，她都已經決定要離開他了。 acg1213.com/book… 2 / 2,sweep_b3_hits.csv
2026-09-10_11-11-19,cand-qhd-adstxt,acg1213.com,huying904,2026-01-22,https://www.threads.com/@huying904/post/DTzyuWwEtlv,https://acg1213.com/book_dzZKZEtpMkpPV2VRZzNWeTZaMCtUQT09,,,0.0,acg1213.com,['cand-qhd-adstxt'],1,《傅機長，我累到再也不想原諒你了……》結婚三年，我才知道，原來，當他真愛一個人時，是熱烈又滾燙的。我識趣地離婚走人，人間蒸發。 acg1213.com/book… 2 / 2,sweep_b3_hits.csv
2026-09-10_11-11-19,cand-qhd-adstxt,acg1213.com,huying904,2026-01-22,https://www.threads.com/@huying904/post/DTzeHYfkg17,https://acg1213.com/book_YkJLVGFiWE5XRzBVQ1kzdmFxQTNIUT09,,,0.0,acg1213.com,['cand-qhd-adstxt'],1,《他喜歡的人，是我的雙胞胎妹妹》：為了報復警長丈夫，兇手活生生掏出我的心臟，砍下我的頭顱。 直至死亡降臨，我也沒有吐露丈夫的行蹤。 哪怕他就在一條街道之隔的五星酒店，為我妹妹慶祝生日。 acg1213.com/book… 2 / 2,sweep_b3_hits.csv
2026-09-10_11-11-19,cand-qhd-adstxt,acg1213.com,chen95244822,2026-01-22,https://www.threads.com/@chen95244822/post/DTza-xOEb3f,https://acg1213.com/book_MXdUaG9RbWU4OVltQzdtOUZUTE1RZz09,,,0.0,acg1213.com,['cand-qhd-adstxt'],1,《丫頭還愿意再做我的女朋友》：林陸驍真的走了。 哪怕此刻他們已經吵到分手，他還是義無反顧地去找夏晴。 這段感情，她還有什麼不死心的呢？ acg1213.com/book… 2 / 2,sweep_b3_hits.csv
2026-09-10_11-11-19,cand-qhd-adstxt,acg1213.com,kjmjunga2,2026-01-22,https://www.threads.com/@kjmjunga2/post/DTzarn6Ecy2,https://acg1213.com/book_bTRBQ3h6QlFQZGxtK0ltUUNBeVdBQT09,,,0.0,acg1213.com,['cand-qhd-adstxt'],1,《重生第一件事，我退了與營長小叔的婚約》重生第一件事，我退了與營長小叔的婚約。 acg1213.com/book… 2 / 2,sweep_b3_hits.csv
2026-09-10_11-11-19,cand-qhd-adstxt,acg1213.com,minilovenovel,2026-01-22,https://www.threads.com/@minilovenovel/post/DTzX6kskdp-,https://acg1213.com/book_bHBwTWNnd1QySC9YK0VaZFErODVkUT09,,,0.0,acg1213.com,['cand-qhd-adstxt'],1,《重生八零不做兵王的學心嬌》：直到今天我來送資料，意外發現這個樟木箱，看到了自己上輩子沒見過的日記本。 里面寫滿了他和相愛的人過去，里面還夾著我早已死去的表姐照片…… acg1213.com/book… 2 / 2,sweep_b3_hits.csv
2026-09-10_11-11-19,cand-qhd-adstxt,acg1213.com,kjmjunga2,2026-01-22,https://www.threads.com/@kjmjunga2/post/DTzN_zuEUki,https://acg1213.com/book_L2tEd01yUFYxRytVMWxabGhPSEVMQT09,,,0.0,acg1213.com,['cand-qhd-adstxt'],1,《營長，嫂子的離婚申請已經通過了》：1985年6月，程方恬重生了。 她做的第一件事，就是找軍區政委提交離婚報告，離開戰霆。 acg1213.com/book… 2 / 2,sweep_b3_hits.csv
2026-09-10_11-11-19,cand-qhd-adstxt,acg1213.com,chen95244822,2026-01-22,https://www.threads.com/@chen95244822/post/DTzIXoTkW79,https://acg1213.com/book_VXU1UmdaNmZPVXpPVk51b0gyT1FvQT09,,,0.0,acg1213.com,['cand-qhd-adstxt'],1,《她不想虧欠他太多》：三年前，他因意外雙目失明，在他心里桑以柔是罪魁禍首。 醒來后對桑以柔只有無盡的報復…… 桑家破產，桑父入獄，姐姐失蹤，桑母郁郁寡歡..…. 這次，她要還他一雙眼睛! acg1213.com/book… 2 / 2,sweep_b3_hits.csv
2026-09-10_11-11-19,cand-qhd-adstxt,acg1213.com,minilovenovel,2026-01-22,https://www.threads.com/@minilovenovel/post/DTzIT28EQWY,https://acg1213.com/book_UHIybHBaL3R6cm82NUpoTWM4TkVXZz09,,,0.0,acg1213.com,['cand-qhd-adstxt'],1,《重生后在五零年代搞科研》：他對她處處關照，無微不至。 唯獨有一點，絕不碰她！ 她問他為什麼。 他說：“我不舉。” 可后來他和別的女人躺在一張床上，她才知道，他不是不舉，而是喜歡的另有其人。 acg1213.com/book… 2 / 2,sweep_b3_hits.csv
2026-09-10_11-11-19,cand-qhd-adstxt,acg1213.com,chen95244822,2026-01-22,https://www.threads.com/@chen95244822/post/DTy4d7oElif,https://acg1213.com/book_Y0wveDNaMTRkb1FoRU8wRVIvN3Nqdz09,,,0.0,acg1213.com,['cand-qhd-adstxt'],1,《一枕相思空幾許》：兩人各自占據床的一角，同床異夢。 心底的悲痛不能對枕邊人訴說，這種孤獨焚心蝕骨。 acg1213.com/book… 2 / 2,sweep_b3_hits.csv
2026-09-10_11-11-19,cand-qhd-adstxt,acg1213.com,kjmjunga2,2026-01-22,https://www.threads.com/@kjmjunga2/post/DTy4Lgek0Kq,https://acg1213.com/book_Y3lIYTZKTGtNcFBWZVRUTjRTdVdIZz09,,,0.0,acg1213.com,['cand-qhd-adstxt'],1,《夫人死後，顧總一夜白頭》：「落落，你方便告訴我下，你老公的尺寸嗎？他讓我買那個，我都不知道買多大的。」程曉雪的微信語音跳了出來，沈落一點開，就聽到她這句嬉皮笑臉的問話。 acg1213.com/book… 2 / 2,sweep_b3_hits.csv
2026-09-10_11-11-19,cand-qhd-adstxt,acg1213.com,huying904,2026-01-22,https://www.threads.com/@huying904/post/DTy3wCrEvW1,https://acg1213.com/book_NGNyZ2lDa2NNdVdrQTk4d3d4S1lhQT09,,,0.0,acg1213.com,['cand-qhd-adstxt'],1,《我們已經沒有以后了》：他還不知道，我們之間沒有以后了。 得知男友為了和小學妹環游世界缺席養父母葬禮那天。 我決定放棄這段感情了。 acg1213.com/book… 2 / 2,sweep_b3_hits.csv
2026-09-10_11-11-19,cand-qhd-adstxt,acg1213.com,minilovenovel,2026-01-22,https://www.threads.com/@minilovenovel/post/DTy3d4RkyDN,https://acg1213.com/book_bk01TnBpZ3NLa3NlblUwL3NVTk4yUT09,,,0.0,acg1213.com,['cand-qhd-adstxt'],1,《逃離你世界的夢境》養了10年的小狗死去后，我終于決定放下對容玨的感情。 acg1213.com/book… 2 / 2,sweep_b3_hits.csv
2026-09-10_11-11-19,cand-qhd-adstxt,acg1213.com,kjmjunga2,2026-01-21,https://www.threads.com/@kjmjunga2/post/DTxPDnpEhVt,https://acg1213.com/book_cnRXd2NiR1RyV0RJLzYvWjdiMmZ1UT09,,,0.0,acg1213.com,['cand-qhd-adstxt'],1,《心似已灰之木》：結婚五周年紀念日，西餐廳里，秘書將離婚協議遞給許鹿。 五年前，傅總和夫人領證那天。 傅總為表明真心，特意立了離婚協議書并簽好名，放進保險柜里。只要他出軌，夫人可以隨時簽字離婚。 acg1213.com/book… 2 / 2,sweep_b3_hits.csv
2026-09-10_11-11-19,cand-qhd-adstxt,acg1213.com,minilovenovel,2026-01-21,https://www.threads.com/@minilovenovel/post/DTxM_7Skboe,https://acg1213.com/book_SGRYZ0VJNkczb2FlMitoaXVYZGhOUT09,,,0.0,acg1213.com,['cand-qhd-adstxt'],1,《未盼未等未留情》她果斷離婚，重回文工團舞臺。 可周建軍卻后悔了，他跪在陳雪梅面前，“老婆，你不是最愛我，怎麼舍得拋棄我？” acg1213.com/book… 2 / 2,sweep_b3_hits.csv
2026-09-10_11-11-19,cand-qhd-adstxt,acg1213.com,chen95244822,2026-01-21,https://www.threads.com/@chen95244822/post/DTxM9ukkag7,https://acg1213.com/book_T3MvL1EwaDE5b0RUaU50UGtBQmU4UT09,,,0.0,acg1213.com,['cand-qhd-adstxt'],1,《繁花落盡雨相逢》追了未婚夫七年，他卻始終心系我那庶妹。為了逼我退婚，他竟命人偽造了我與他私通的信件，張貼于城中各處。 acg1213.com/book… 2 / 2,sweep_b3_hits.csv
2026-09-10_11-11-19,cand-qhd-adstxt,acg1213.com,minilovenovel,2026-01-21,https://www.threads.com/@minilovenovel/post/DTxAgqFkcbc,https://acg1213.com/book_REdGOVRiQ0JSTlJ3TzU1L25pNXZ5Zz09,,,0.0,acg1213.com,['cand-qhd-adstxt'],1,《這輩子，她再也不會讓容湛有機會欠她任何東西》：蘇眉怔怔看著工作人員遞過的離婚證，心口微刺，指節分明的手越過蘇眉的視線率先接過離婚證，迫不及待。 是她丈夫容湛的手，不，現在是她的前夫了。 acg1213.com/book… 2 / 2,sweep_b3_hits.csv
2026-09-10_11-11-19,cand-qhd-adstxt,acg1213.com,chen95244822,2026-01-21,https://www.threads.com/@chen95244822/post/DTw3WSPkaQE,https://acg1213.com/book_alVvL3ZzVTZPNVlpcmFuOUd0cVVqQT09,,,0.0,acg1213.com,['cand-qhd-adstxt'],1,《不負相思》被婚內冷落的第五年。我懷了個野種。圈里人都在恭喜我終于擺脫生不出孩子的罪名時。只有顧硯南發了瘋般砸碎婚房，將我抵在墻上崩潰質問：“我從來沒碰過你，孩子是誰的？” acg1213.com/book… 2 / 2,sweep_b3_hits.csv
2026-09-10_11-11-19,cand-qhd-adstxt,acg1213.com,huying904,2026-01-21,https://www.threads.com/@huying904/post/DTw2WAoEt9Q,https://acg1213.com/book_NE0vQVhwSjk5V2ltWExvbm5LS3cxdz09,,,0.0,acg1213.com,['cand-qhd-adstxt'],1,爽文《過往的種種，從此都與她再無關聯》窗外大雨傾盆，屋內曖昧橫生。情到濃時，安舒恬沒忍住仰頭咬上段知瑾的喉結。 acg1213.com/book… 2 / 2,sweep_b3_hits.csv
2026-09-10_11-11-19,cand-qhd-adstxt,acg1213.com,minilovenovel,2026-01-21,https://www.threads.com/@minilovenovel/post/DTwxZd6EW2O,https://acg1213.com/book_UW9XS1ZyTU01YklyeEltMCtYZXdyZz09,,,0.0,acg1213.com,['cand-qhd-adstxt'],1,當初兩人已經交往兩年，正準備結婚卻在一次任務中，秦燦的救援計劃導致商彥的隊友再也沒有回來。 從那以后，商彥不告而別，一走就是三年。 acg1213.com/book… 2 / 2,sweep_b3_hits.csv
2026-09-10_11-11-19,cand-qhd-adstxt,acg1213.com,huying904,2026-01-21,https://www.threads.com/@huying904/post/DTwonhpklUr,https://acg1213.com/book_ZWh2VWYzclBRR3hOSEU1cWdZcU1Qdz09,,,0.0,acg1213.com,['cand-qhd-adstxt'],1,當她一朝杳無音訊，那個男人卻發了瘋。經年再見，故人是否還依舊…… acg1213.com/book… 2 / 2,sweep_b3_hits.csv
2026-09-10_11-11-19,cand-qhd-adstxt,acg1213.com,kjmjunga2,2026-01-21,https://www.threads.com/@kjmjunga2/post/DTwjWeUEmEK,https://acg1213.com/book_ZHNEYWhwQXNxK1ZEQVpDR1RBQTdSUT09,,,0.0,acg1213.com,['cand-qhd-adstxt'],1,《愛似繁星墜銀河》“姑娘，民政局都下班了，你未婚夫還沒來嗎？”工作人員的聲音在宋妍妍身旁響起。 她攥緊手中的結婚申請表，苦澀的笑了笑，而后撐著坐到僵硬的身體起身離開。 acg1213.com/book… 2 / 2,sweep_b3_hits.csv
2026-09-10_11-11-19,cand-qhd-adstxt,acg1213.com,chen95244822,2026-01-21,https://www.threads.com/@chen95244822/post/DTwjHZQkV6X,https://acg1213.com/book_UHdBVDZmanA0ekdtZ2RPUVBoT2pMQT09,,,0.0,acg1213.com,['cand-qhd-adstxt'],1,《再見，另一個世界相愛過的人》：攻略男主失敗后，我選擇讓男二賀景川上位。 所有人都說我押對了寶，連系統小白也同樣這麼認為。 acg1213.com/book… 2 / 2,sweep_b3_hits.csv
2026-09-10_11-11-19,cand-qhd-adstxt,acg1213.com,minilovenovel,2026-01-21,https://www.threads.com/@minilovenovel/post/DTwhYRYkewX,https://acg1213.com/book_TlFSaktZdDIvZHkrR1A0ZUZ6bE84dz09,,,0.0,acg1213.com,['cand-qhd-adstxt'],1,《我瞞著總裁老公偷偷懷了孕》開始他沒當回事，只覺得我是突然變乖了，他整夜的陪著初戀我也不吃醋了，他那麼大度，愿意照顧別人的老婆孩子， 那等我自己生了，他應該也愿意養，也能接受孩子的父親不是他吧， acg1213.com/book… 2 / 2,sweep_b3_hits.csv
2026-09-10_11-11-19,cand-qhd-adstxt,acg1213.com,huying904,2026-01-21,https://www.threads.com/@huying904/post/DTwVZt1EhVU,https://acg1213.com/book_d0dNTWdzSTd1enhJSjh2QStXelJRUT09,,,0.0,acg1213.com,['cand-qhd-adstxt'],1,《相逢已是上上簽》：直到今天，她親眼目睹達瓦嘉措將五彩手繩送到桑珠手里。 這一刻，她再也無法自欺欺人下去了。 神愛世人，所以他會對她好。 但是作為達瓦嘉措，他只愛桑珠。 acg1213.com/book… 2 / 2,sweep_b3_hits.csv
2026-09-10_11-11-19,cand-qhd-adstxt,acg1213.com,kjmjunga2,2026-01-21,https://www.threads.com/@kjmjunga2/post/DTwTNqIEiNP,https://acg1213.com/book_NFpXSXZUM0pLdnBSelF3ZEdZNGVBdz09,,,0.0,acg1213.com,['cand-qhd-adstxt'],1,《我們之間，再無轉園的余地》：我預約了人流手術和離婚，機長老公還不知道。他正忙著照顧懷孕的白月光，只覺得我是突然變乖了。 acg1213.com/book… 2 / 2,sweep_b3_hits.csv
2026-09-10_11-11-19,cand-qhd-adstxt,acg1213.com,chen95244822,2026-01-21,https://www.threads.com/@chen95244822/post/DTwSbufEhrI,https://acg1213.com/book_SEswMjV1TnF5bHZSYVpWYy9oOVErdz09,,,0.0,acg1213.com,['cand-qhd-adstxt'],1,《在167次收到他的親密合照后，夏知禾決定放棄這段婚姻》：看著那一張張甜蜜的照片上的傅承佑，夏知禾不由自嘲一笑。 她像從前那樣沒有回蘇念薇的信息，只是選中了那些照片，一鍵轉發。 【丁律師，新的證據。】 acg1213.com/book… 2 / 2,sweep_b3_hits.csv
2026-09-10_11-11-19,cand-qhd-adstxt,acg1213.com,kjmjunga2,2026-01-20,https://www.threads.com/@kjmjunga2/post/DTuuJwuEYw0,https://acg1213.com/book_NzR2d3BQMng4TWpPOFBkNEJ6VGlGZz09,,,0.0,acg1213.com,['cand-qhd-adstxt'],1,《我在火車上看上了一個兵哥哥》他不知道，我來這邊捶地區就是為了嫁給他。 acg1213.com/book… 2 / 2,sweep_b3_hits.csv
2026-09-10_11-11-19,cand-qhd-adstxt,acg1213.com,chen95244822,2026-01-20,https://www.threads.com/@chen95244822/post/DTurZ1TEfNd,https://acg1213.com/book_QkpjekNwK1pSRmV5czZKdDA3MCtvdz09,,,0.0,acg1213.com,['cand-qhd-adstxt'],1,《她出現后，我的兩個竹馬不再護著我》：祁熠恒從來都知道，他是永遠不可能失去許傾漪的。他們一起長大，許傾漪很依賴他。紀俞晟的想法亦是如此。 所以，沒有一個人追上去。 所以也沒人知道，他們這次失去的，將是一生所愛..... acg1213.com/book… 2 / 2,sweep_b3_hits.csv
2026-09-10_11-11-19,cand-qhd-adstxt,acg1213.com,huying904,2026-01-20,https://www.threads.com/@huying904/post/DTule12EkBQ,https://acg1213.com/book_UzhlYkM1cjd6T1ZOU1ZMRVlkaUp1UT09,,,0.0,acg1213.com,['cand-qhd-adstxt'],1,《不愛你僅在一瞬》那時候他說，他會天天穿著睡，他做到了，就連悔婚都穿著！ acg1213.com/book… 2 / 2,sweep_b3_hits.csv
2026-09-10_11-11-19,cand-qhd-adstxt,acg1213.com,minilovenovel,2026-01-20,https://www.threads.com/@minilovenovel/post/DTufRcrkZvo,https://acg1213.com/book_QzZIaGo2K0UwRFZDWXQ4MzNpTnhldz09,,,0.0,acg1213.com,['cand-qhd-adstxt'],1,《哥哥，丫頭與你此生不復相見》：鹿桑桑看著手機中都是在祝福段敬懷和他未婚妻的祝福語，終於是忍不住把手邊的東西一掃而空，放聲大哭 acg1213.com/book… 2 / 2,sweep_b3_hits.csv
2026-09-10_11-11-19,cand-qhd-adstxt,acg1213.com,kjmjunga2,2026-01-20,https://www.threads.com/@kjmjunga2/post/DTuc3R2kcLk,https://acg1213.com/book_dGFyRkZ0b0Z1U1EvblZZUnhwYlZxQT09,,,0.0,acg1213.com,['cand-qhd-adstxt'],1,《重生后勾引清冷禁慾佛子》：她盯著墻上的婚紗照和身邊的小女孩看了半個小時，終于不得不接受一個事實—— 她穿越了。  十年后的自己不僅嫁給了喜歡的男人，還和他有了一個女兒。 acg1213.com/book… 2 / 2,sweep_b3_hits.csv
2026-09-10_11-11-19,cand-anyelse-net,cheeselikes.com,springfred4,2026-09-10,https://www.threads.com/@springfred4/post/DdFz5YrkzJH,https://cheeselikes.com/d/C6578260,,,0.0,cheeselikes.com,['cand-anyelse-net'],1,「一人では何もできない」と妻を山中に置き去りにした夫。妻の脚には3か月前から感覚が戻っていた cheeselikes.com/d/C65…  2 / 2,sweep_b3_hits.csv
2026-09-10_11-11-19,cand-anyelse-net,cheeselikes.com,springfred4,2026-09-10,https://www.threads.com/@springfred4/post/DdFzm0ME6xi,https://cheeselikes.com/d/277EAE9F,,,0.0,cheeselikes.com,['cand-anyelse-net'],1,川崎の合唱団から女性3人が消えて20年。文化会館の解体中、設計図にない空間が見つかった cheeselikes.com/d/277…  2 / 2,sweep_b3_hits.csv
2026-09-10_11-11-19,cand-anyelse-net,cheeselikes.com,springfred4,2026-09-09,https://www.threads.com/@springfred4/post/DdEL-VXE_rj,https://cheeselikes.com/d/E493E70F,,,0.0,cheeselikes.com,['cand-anyelse-net'],1,67歳の母を「置いてもらってる立場」と言った息子夫婦。金庫には家の1500万円の振込記録と契約書が残っていた cheeselikes.com/d/E49…  2 / 2,sweep_b3_hits.csv
2026-09-10_11-11-19,cand-anyelse-net,cheeselikes.com,springfred4,2026-09-09,https://www.threads.com/@springfred4/post/DdDT3jtE0Ni,https://cheeselikes.com/d/18B0CF46,,,0.0,cheeselikes.com,['cand-anyelse-net'],1,「私の光熱費を払え」と怒鳴り込んできた隣人。届いた請求書には、私の通販番号と同じ数字が印字されていた cheeselikes.com/d/18B…  2 / 2,sweep_b3_hits.csv
2026-09-10_11-11-19,cand-anyelse-net,cheeselikes.com,springfred4,2026-09-08,https://www.threads.com/@springfred4/post/DdBg9MvGyaH,https://cheeselikes.com/d/EDE13906,,,0.0,cheeselikes.com,['cand-anyelse-net'],1,義実家へ行くたび眠り、目覚めると服のボタンがずれていた。妻が残した録音に入っていた声 cheeselikes.com/d/EDE…  2 / 2,sweep_b3_hits.csv
2026-09-10_11-11-19,cand-anyelse-net,cheeselikes.com,springfred4,2026-09-08,https://www.threads.com/@springfred4/post/DdA0Q9_FNS9,https://cheeselikes.com/d/CF7460F1,,,0.0,cheeselikes.com,['cand-anyelse-net'],1,母に毎月10万円送っていたはずの娘。「一度も受け取ってない」と言われ、送金先を確認した cheeselikes.com/d/CF7…  2 / 2,sweep_b3_hits.csv
2026-09-10_11-11-19,cand-anyelse-net,cheeselikes.com,springfred4,2026-09-07,https://www.threads.com/@springfred4/post/Dc-xgcXFCWM,https://cheeselikes.com/d/8855EE06,,,0.0,cheeselikes.com,['cand-anyelse-net'],1,妻を突き飛ばして骨折させ、「勝手に転んだ」と説明した夫。手術前の妻は診断書と記録を揃えた cheeselikes.com/d/885…  2 / 2,sweep_b3_hits.csv
2026-09-10_11-11-19,cand-anyelse-net,cheeselikes.com,springfred4,2026-08-28,https://www.threads.com/@springfred4/post/DclY-5vEwR7,https://cheeselikes.com/d/3C9DC4EC,,,0.0,cheeselikes.com,['cand-anyelse-net'],1,バイト先で他の客を待たせたまま振る舞った芸能人と、数年後に起きた変化 cheeselikes.com/d/3C9…  2 / 2,sweep_b3_hits.csv
2026-09-10_11-11-19,cand-anyelse-net,cheeselikes.com,springfred4,2026-08-15,https://www.threads.com/@springfred4/post/DcDiI5bk21h,https://cheeselikes.com/d/126972A4,,,0.0,cheeselikes.com,['cand-anyelse-net'],1,フードコートで食事中に8人組のママ集団から席を迫られ、「耳聞こえないんですか」と言われた cheeselikes.com/d/126…  2 / 2,sweep_b3_hits.csv
2026-09-10_11-11-19,cand-anyelse-net,cheeselikes.com,springfred4,2026-08-05,https://www.threads.com/@springfred4/post/DbpWmqsEw4b,https://cheeselikes.com/d/3A24A3A3,,,0.0,cheeselikes.com,['cand-anyelse-net'],1,新幹線で購入した指定席に親子が座っていて、「先に座っていた」と子どもに言われた cheeselikes.com/d/3A2…  2 / 2,sweep_b3_hits.csv
2026-09-10_11-11-19,cand-anyelse-net,cheeselikes.com,springfred4,2026-07-19,https://www.threads.com/@springfred4/post/Da94adcHVSl,https://cheeselikes.com/d/EABF069C,,,0.0,cheeselikes.com,['cand-anyelse-net'],1,優先席の若い男性がニット帽を脱いだあと、老人客の言葉がそこで止まった cheeselikes.com/d/EAB…  2 / 2,sweep_b3_hits.csv
2026-09-10_11-11-19,cand-anyelse-net,cheeselikes.com,springfred4,2026-07-19,https://www.threads.com/@springfred4/post/Da9IhS9kzpI,https://cheeselikes.com/d/E8D8EF79,,,0.0,cheeselikes.com,['cand-anyelse-net'],1,保育士講習に10分遅れて入室拒否、遅延証明を出したあと運営側の返答が残った cheeselikes.com/d/E8D…  2 / 2,sweep_b3_hits.csv
2026-09-10_11-11-19,cand-anyelse-net,cheeselikes.com,springfred4,2025-11-15,https://www.threads.com/@springfred4/post/DRGGWj7k9j6,https://cheeselikes.com/d/98EBDEFB,,,0.0,cheeselikes.com,['cand-anyelse-net'],1,平井堅、突然の引退こういう事だった... cheeselikes.com/d/98E…  2 / 2,sweep_b3_hits.csv
2026-09-10_11-11-19,cand-anyelse-net,cheeselikes.com,springfred4,2025-11-09,https://www.threads.com/@springfred4/post/DQ2lmKRk_Hk,https://cheeselikes.com/d/B2406F57,,,0.0,cheeselikes.com,['cand-anyelse-net'],1,"5,000km毎は間違い⁉︎エンジンオイル交換の正解を調査した結果 cheeselikes.com/d/B24…  2 / 2",sweep_b3_hits.csv
2026-09-10_11-11-19,cand-anyelse-net,cheeselikes.com,springfred4,2025-11-08,https://www.threads.com/@springfred4/post/DQyl0mvE6Ks,https://cheeselikes.com/d/E39C96C7,,,1.0,cheeselikes.com,['cand-anyelse-net'],1,スーパーで。小エビの天ぷら１パック（１２尾入り４８０円）を購入。レジ『４８０円×１２尾なので、５７６０円です』私「は？」 → 結果… cheeselikes.com/d/E39…  2 / 2,sweep_b3_hits.csv
2026-09-10_11-11-19,cand-anyelse-net,cheeselikes.com,springfred4,2025-10-21,https://www.threads.com/@springfred4/post/DQEnIE4Ewj3,https://cheeselikes.com/d/01E93999,,,0.0,cheeselikes.com,['cand-anyelse-net'],1,うちの会社は前科者を積極的に雇っていたが、お局が前科のあるA君にパワハラじみた行動をしていた→お局「クズが、刑務所に戻りたいのか」Ａ君「だから何です？（ｹﾞｼｯ」 cheeselikes.com/d/01E…  2 / 2,sweep_b3_hits.csv
2026-09-10_11-11-19,cand-anyelse-net,cheeselikes.com,springfred4,2025-10-18,https://www.threads.com/@springfred4/post/DP8N1jHE_2O,https://cheeselikes.com/d/93B6333B,,,0.0,cheeselikes.com,['cand-anyelse-net'],1,派遣で職場にきた40代のおっさん…ロクなもんじゃないと見限られてたが、初日からタダ者でなかった… cheeselikes.com/d/93B…  2 / 2,sweep_b3_hits.csv
2026-09-10_11-11-19,cand-anyelse-net,cheeselikes.com,springfred4,2025-10-14,https://www.threads.com/@springfred4/post/DPxYzMME8AJ,https://cheeselikes.com/d/B1F,,,0.0,cheeselikes.com,['cand-anyelse-net'],1,ファミレスでパイシチューを頼んだら中身が空っぽだった…中身を確認した店長に「食べたんでしょ？ｗ」と疑われた。反論したら「作り直せば満足ですか？」と言われカチンときた私は… cheeselikes.com/d/B1F…  2 / 2,sweep_b3_hits.csv
2026-09-10_11-11-19,cand-anyelse-net,jp.abc-talks.com,shangtianyayi22,2025-01-27,https://www.threads.com/@shangtianyayi22/post/DFUYFOKy1qH,https://jp.abc-talks.com/d/26201A87,,,2.0,jp.abc-talks.com,['cand-anyelse-net'],1,上司に「明日から2日連休で有給消化して」と言われ嫁に「明日、明後日、有給なった」と伝えた。すると…嫁、衝撃発言「じゃあ休みは3日後ね」 jp.abc-talks.com/d/262…  2 / 2,sweep_b3_hits.csv
2026-09-10_11-11-19,cand-anyelse-net,jp.abc-talks.com,shangtianyayi22,2025-01-27,https://www.threads.com/@shangtianyayi22/post/DFUGT7OyGIB,https://jp.abc-talks.com/d/C7C00F9A,,,0.0,jp.abc-talks.com,['cand-anyelse-net'],1,さすがにこれはアウト 小室圭さんとは破談にするしかない　眞子さま結婚　有識者たちの意見 jp.abc-talks.com/d/C7C…  2 / 2,sweep_b3_hits.csv
2026-09-10_11-11-19,cand-anyelse-net,jp.eoomiss.com,ory315844,2026-09-10,https://www.threads.com/@ory315844/post/DdFjBODE4uA,https://jp.eoomiss.com/d/57FC02A0,,,0.0,jp.eoomiss.com,['cand-anyelse-net'],1,少女が父との休暇中に失踪——10年後、弟が真実を明かした jp.eoomiss.com/d/57F…  2 / 2,sweep_b3_hits.csv
2026-09-10_11-11-19,cand-anyelse-net,jp.eoomiss.com,ory315844,2026-09-09,https://www.threads.com/@ory315844/post/DdDG5IWnTN0,https://jp.eoomiss.com/d/C95F4C23,,,0.0,jp.eoomiss.com,['cand-anyelse-net'],1,母の緊急入院で義父の一周忌に20分遅れると、姑は親族の前で私の髪を引っ張った。それを見た息子が「おばあちゃん、この前の人は誰？」と口にした瞬間、姑は持っていた数珠を落とした。感動の物語 jp.eoomiss.com/d/C95…  2 / 2,sweep_b3_hits.csv
2026-09-10_11-11-19,cand-anyelse-net,jp.eoomiss.com,ory315844,2026-09-08,https://www.threads.com/@ory315844/post/DdC2ljGExSk,https://jp.eoomiss.com/d/8575352B,,,0.0,jp.eoomiss.com,['cand-anyelse-net'],1,大病院に医師と看護師を奪われ廃院寸前の田舎病院で一人残された俺。中卒の女性「受付だけでも働けますか？」→仕方なく雇うとIQ160の天才で1ヶ月後待合室が満員に jp.eoomiss.com/d/857…  2 / 2,sweep_b3_hits.csv
2026-09-10_11-11-19,cand-anyelse-net,jp.eoomiss.com,ory315844,2026-09-08,https://www.threads.com/@ory315844/post/DdAx5AmEVoK,https://jp.eoomiss.com/d/E59D0AF7,,,0.0,jp.eoomiss.com,['cand-anyelse-net'],1,医学部受験の姉だけ溺愛し成績の悪い妹の私を見下す母「頭の悪さは誰に似たのか」父方の祖母「なら、うちに住みな」→母に障害児と言われた私が祖母の料理で3年後…ｗ jp.eoomiss.com/d/E59…  2 / 2,sweep_b3_hits.csv
2026-09-10_11-11-19,cand-anyelse-net,jp.eoomiss.com,ory315844,2026-09-07,https://www.threads.com/@ory315844/post/Dc-oY_rEQ4U,https://jp.eoomiss.com/d/D11C17C5,,,0.0,jp.eoomiss.com,['cand-anyelse-net'],1,1983年に医学生が行方不明になった。6年後、彼は道路の下で発見された jp.eoomiss.com/d/D11…  2 / 2,sweep_b3_hits.csv
2026-09-10_11-11-19,cand-anyelse-net,jp.eoomiss.com,ory315844,2026-07-13,https://www.threads.com/@ory315844/post/DatoS7jkxbF,https://jp.eoomiss.com/d/09519CC6,,,0.0,jp.eoomiss.com,['cand-anyelse-net'],1,父親「お前風呂でトイレしてないか？」俺「え？」父親「歯磨きの時のうがいが臭いんだよ」俺「加齢臭やろ」→危なかったわ jp.eoomiss.com/d/095…  2 / 2,sweep_b3_hits.csv
2026-09-10_11-11-19,cand-anyelse-net,jp.eoomiss.com,ory315844,2026-06-03,https://www.threads.com/@ory315844/post/DZGnTAPkx2-,https://jp.eoomiss.com/d/0E23FC1F,,,0.0,jp.eoomiss.com,['cand-anyelse-net'],1,父親「お前風呂でトイレしてないか？」俺「え？」父親「歯磨きの時のうがいが臭いんだよ」俺「加齢臭やろ」→危なかったわ jp.eoomiss.com/d/0E2…  2 / 2,sweep_b3_hits.csv
2026-09-10_11-11-19,cand-anyelse-net,jp.eoomiss.com,ory315844,2026-05-29,https://www.threads.com/@ory315844/post/DY572o7EwGY,https://jp.eoomiss.com/d/3D1850FB,,,0.0,jp.eoomiss.com,['cand-anyelse-net'],1,“年収2000万あるから普通の男とは違う”と言われた瞬間、私は何も言わずにある画像を送った。 jp.eoomiss.com/d/3D1…  2 / 2,sweep_b3_hits.csv
2026-09-10_11-11-19,cand-anyelse-net,jp.eoomiss.com,ory315844,2026-05-25,https://www.threads.com/@ory315844/post/DYvyi0cEbwB,https://jp.eoomiss.com/d/DD6C72CB,,,0.0,jp.eoomiss.com,['cand-anyelse-net'],1,嫁の作ったスパゲティが不味いというか杀殳人レベル・・・！食べた俺、便所で吐き出す→嫁も食って吐き出す→嫁泣いて２００ｍ向こうの実家に走る→勘違いした親父がぶち切れて修羅場 jp.eoomiss.com/d/DD6…  2 / 2,sweep_b3_hits.csv
2026-09-10_11-11-19,cand-anyelse-net,jp.eoomiss.com,ory315844,2026-04-15,https://www.threads.com/@ory315844/post/DXIebchE72I,https://jp.eoomiss.com/d/61FFFF99,,,0.0,jp.eoomiss.com,['cand-anyelse-net'],1,嫁の作ったスパゲティが不味いというか杀殳人レベル・・・！食べた俺、便所で吐き出す→嫁も食って吐き出す→嫁泣いて２００ｍ向こうの実家に走る→勘違いした親父がぶち切れて修羅場 jp.eoomiss.com/d/61F…  2 / 2,sweep_b3_hits.csv
2026-09-10_11-11-19,cand-anyelse-net,jp.eoomiss.com,ory315844,2026-04-08,https://www.threads.com/@ory315844/post/DW2evu7k11Q,https://jp.eoomiss.com/d/7DED9EE7,,,0.0,jp.eoomiss.com,['cand-anyelse-net'],1,私「園児募集のお知らせ…どれどれ」「！！」→うちの庭が勝手に数件の幼稚園バスの降車場になってた。『子供の安全にご協力を！』じゃねーよ！→幼稚園側の図々しい態度にムカッと。 jp.eoomiss.com/d/7DE…  2 / 2,sweep_b3_hits.csv
2026-09-10_11-11-19,cand-anyelse-net,jp.eoomiss.com,ory315844,2026-03-31,https://www.threads.com/@ory315844/post/DWh1-yfExvY,https://jp.eoomiss.com/d/1E2F1F75,,,0.0,jp.eoomiss.com,['cand-anyelse-net'],1,私だけケーキセットを注文したら、店員がフォーク4本持ってきた。友人「ムシャムシャ(当然)」私(食べるなら自分で注文しろよ！)→結果… jp.eoomiss.com/d/1E2…  2 / 2,sweep_b3_hits.csv
2026-09-10_11-11-19,cand-anyelse-net,jp.eoomiss.com,ory315844,2026-03-21,https://www.threads.com/@ory315844/post/DWKNB3_E7gT,https://jp.eoomiss.com/d/A1834BF9,,,0.0,jp.eoomiss.com,['cand-anyelse-net'],1,「出て行け」と私を追い出した息子夫婦「母さんはただのATMｗ」→翌日、4400万の援助を全停止して高級タワマンに引っ越した結果… jp.eoomiss.com/d/A18…  2 / 2,sweep_b3_hits.csv
2026-09-10_11-11-19,cand-anyelse-net,jp.eoomiss.com,ory315844,2026-03-21,https://www.threads.com/@ory315844/post/DWJj2ubk-TE,https://jp.eoomiss.com/d/7199A091,,,0.0,jp.eoomiss.com,['cand-anyelse-net'],1,不妊検査をしたら、夫原因の不妊だった。自分で言わせるのも可哀そうだし子産め攻撃に耐えてたらいいと思って我慢してけど、ストレスと、義父母から全く守ってくれない夫に愛想が尽きて離婚。そして「これで妊娠能力のある女性と再婚できる。カ○ワ女は去れ！」とご満悦な義父母に、検査結果を突き付けたら…… jp.eoomiss.com/,sweep_b3_hits.csv
2026-09-10_11-11-19,cand-anyelse-net,jp.eoomiss.com,ory315844,2026-03-12,https://www.threads.com/@ory315844/post/DVx7AUOE-da,https://jp.eoomiss.com/d/AAFA551A,,,0.0,jp.eoomiss.com,['cand-anyelse-net'],1,高級寿司店で孫がタマゴを注文すると隣のエリート銀行員「貧乏人はスーパーの寿司を食べてろよｗ」と孫にお茶をぶっかけた→直後、笑顔の孫「ねえお兄ちゃん…」結果ｗ jp.eoomiss.com/d/AAF…  2 / 2,sweep_b3_hits.csv
2026-09-10_11-11-19,cand-anyelse-net,jp.eoomiss.com,ory315844,2026-03-11,https://www.threads.com/@ory315844/post/DVu6WZnEWZJ,https://jp.eoomiss.com/d/04E73F97,,,1.0,jp.eoomiss.com,['cand-anyelse-net'],1,お盆に帰省した義妹夫婦。同居の私が晩御飯を用意すると「何これ？まっず〜w」こんな料理食べられないと捨て始めた。普段物静かな義父「帰れ！」義妹「え？」実は… jp.eoomiss.com/d/04E…,sweep_b3_hits.csv
2026-09-10_11-11-19,cand-anyelse-net,jp.eoomiss.com,ory315844,2025-11-10,https://www.threads.com/@ory315844/post/DQ36G8KEQ4T,https://jp.eoomiss.com/d/77CB9094,,,0.0,jp.eoomiss.com,['cand-anyelse-net'],1,書店「お宅の息子さんがコミック誌を万引きしたので迎えに来てください」私「ウチの息子なら今目の前にいるので迎えに行けません」書店「警察に連絡しますよ」私「どうぞ」→ jp.eoomiss.com/d/77C…  2 / 2,sweep_b3_hits.csv
2026-09-10_11-11-19,cand-anyelse-net,jp.eoomiss.com,ory315844,2025-09-09,https://www.threads.com/@ory315844/post/DOXKKsXEioh,https://jp.eoomiss.com/d/A4FFD5EC,,,0.0,jp.eoomiss.com,['cand-anyelse-net'],1,【IQテスト】全部正解したらあなたは天才？脳トレテスト！あなたのIQがどのくらいか調べてみましょう！ jp.eoomiss.com/d/A4F…  2 / 2,sweep_b3_hits.csv
2026-09-10_11-11-19,cand-anyelse-net,jp.eoomiss.com,ory315844,2025-09-03,https://www.threads.com/@ory315844/post/DOHtKo1kgbs,https://jp.eoomiss.com/d/88232259,,,0.0,jp.eoomiss.com,['cand-anyelse-net'],1,タイプ 16 性格テスト: あなたは E タイプですか、それとも I タイプですか? あなたのMBTIの性格をテストしてください~ jp.eoomiss.com/d/882…  2 / 2,sweep_b3_hits.csv
2026-09-10_11-11-19,cand-anyelse-net,jp.eoomiss.com,ory315844,2025-09-01,https://www.threads.com/@ory315844/post/DODG6EsEdoo,https://jp.eoomiss.com/d/972,,,0.0,jp.eoomiss.com,['cand-anyelse-net'],1,数秘術テスト：晩年に幸福を楽しむか、苦しみを楽しむかをテストします。 jp.eoomiss.com/d/972…  2 / 2,sweep_b3_hits.csv
2026-09-10_11-11-19,cand-anyelse-net,jp.eoomiss.com,ory315844,2025-08-30,https://www.threads.com/@ory315844/post/DN9W2RJEgX7,https://jp.eoomiss.com/d/A77AEC71,,,0.0,jp.eoomiss.com,['cand-anyelse-net'],1,佳子さま、結婚へ！ jp.eoomiss.com/d/A77…  2 / 2,sweep_b3_hits.csv
2026-09-10_11-11-19,cand-anyelse-net,jp.eoomiss.com,ory315844,2025-08-28,https://www.threads.com/@ory315844/post/DN4PPBfEnkl,https://jp.eoomiss.com/d/57783D3D,,,1.0,jp.eoomiss.com,['cand-anyelse-net'],1,高円宮家・絢子さま、息子2人と共に母校を訪問。守谷慧さんも一緒に！「幸せそうで何より」「素敵なご縁が結ばれましたね」 jp.eoomiss.com/d/577…  2 / 2,sweep_b3_hits.csv
2026-09-10_11-11-19,cand-anyelse-net,jp.eoomiss.com,ory315844,2025-08-26,https://www.threads.com/@ory315844/post/DN0KT3QYsOm,https://jp.eoomiss.com/d/15F46EC3,,,0.0,jp.eoomiss.com,['cand-anyelse-net'],1,えっ！？愛子さまと佳子さまがミントグリーン振袖でお揃い！😱 jp.eoomiss.com/d/15F…  2 / 2,sweep_b3_hits.csv
2026-09-10_11-11-19,cand-anyelse-net,jp.eoomiss.com,ory315844,2025-08-21,https://www.threads.com/@ory315844/post/DNnOkCTxPIY,https://jp.eoomiss.com/d/E66,,,0.0,jp.eoomiss.com,['cand-anyelse-net'],1,数秘術テスト：晩年に幸福を楽しむか、苦しみを楽しむかをテストします。 jp.eoomiss.com/d/E66…  2 / 2,sweep_b3_hits.csv
2026-09-10_11-11-19,cand-anyelse-net,jp.eoomiss.com,ory315844,2025-08-20,https://www.threads.com/@ory315844/post/DNjnqaxSrmd,https://jp.eoomiss.com/d/CDC,,,0.0,jp.eoomiss.com,['cand-anyelse-net'],1,タイプ 16 性格テスト: あなたは E タイプですか、それとも I タイプですか? あなたのMBTIの性格をテストしてください~ jp.eoomiss.com/d/CDC…  2 / 2,sweep_b3_hits.csv
2026-09-10_11-11-19,cand-anyelse-net,jp.eoomiss.com,ory315844,2025-08-16,https://www.threads.com/@ory315844/post/DNaczyuRJkm,https://jp.eoomiss.com/d/F2542EDF,,,0.0,jp.eoomiss.com,['cand-anyelse-net'],1,あなたにこんな才能が眠っていた！？隠された自分の才能診断 jp.eoomiss.com/d/F25…  2 / 2,sweep_b3_hits.csv
2026-09-10_11-11-19,cand-anyelse-net,jp.eoomiss.com,ory315844,2025-08-15,https://www.threads.com/@ory315844/post/DNYBu9vRB4l,https://jp.eoomiss.com/d/36D6746C,,,0.0,jp.eoomiss.com,['cand-anyelse-net'],1,性格診断：あなたの隠された本当の性格を見つけてください jp.eoomiss.com/d/36D…  2 / 2,sweep_b3_hits.csv
2026-09-10_11-11-19,cand-anyelse-net,jp.eoomiss.com,ory315844,2025-08-14,https://www.threads.com/@ory315844/post/DNVBqjpxnuq,https://jp.eoomiss.com/d/043715EB,,,0.0,jp.eoomiss.com,['cand-anyelse-net'],1,タイプ 16 性格テスト: あなたは E タイプですか、それとも I タイプですか? あなたのMBTIの性格をテストしてください~ jp.eoomiss.com/d/043…  2 / 2,sweep_b3_hits.csv
2026-09-10_11-11-19,cand-anyelse-net,jp.eoomiss.com,ory315844,2025-08-13,https://www.threads.com/@ory315844/post/DNR9K3RxK23,https://jp.eoomiss.com/d/4A073A1E,,,1.0,jp.eoomiss.com,['cand-anyelse-net'],1,うつ病一歩手前の、「適応障害」 セルフチェック! jp.eoomiss.com/d/4A0…  2 / 2,sweep_b3_hits.csv
2026-09-10_11-11-19,cand-anyelse-net,jp.eoomiss.com,ory315844,2025-08-10,https://www.threads.com/@ory315844/post/DNKORatRgbu,https://jp.eoomiss.com/d/8708E015,,,1.0,jp.eoomiss.com,['cand-anyelse-net'],1,心理テスト：今のあなたの感情状態をチェックしましょうか？超正確！ jp.eoomiss.com/d/870…  2 / 2,sweep_b3_hits.csv
2026-09-10_11-11-19,cand-anyelse-net,jp.eoomiss.com,ory315844,2025-08-06,https://www.threads.com/@ory315844/post/DM_iPuLTOLc,https://jp.eoomiss.com/d/003E2D5F,,,0.0,jp.eoomiss.com,['cand-anyelse-net'],1,性格診断：あなたの隠された本当の性格を見つけてください jp.eoomiss.com/d/003…  2 / 2,sweep_b3_hits.csv
2026-09-10_11-11-19,cand-anyelse-net,jp.eoomiss.com,ory315844,2025-08-05,https://www.threads.com/@ory315844/post/DM9J5RCy2t3,https://jp.eoomiss.com/d/D2FD329F,,,1.0,jp.eoomiss.com,['cand-anyelse-net'],1,タイプ 16 性格テスト: あなたは E タイプですか、それとも I タイプですか? あなたのMBTIの性格をテストしてください~ jp.eoomiss.com/d/D2F…  2 / 2,sweep_b3_hits.csv
2026-09-10_11-11-19,cand-anyelse-net,jp.eoomiss.com,ory315844,2025-08-05,https://www.threads.com/@ory315844/post/DM8-3KKTFyx,https://jp.eoomiss.com/d/EEB4E514,,,0.0,jp.eoomiss.com,['cand-anyelse-net'],1,性格診断：あなたの隠された本当の性格を見つけてください jp.eoomiss.com/d/EEB…  2 / 2,sweep_b3_hits.csv
2026-09-10_11-11-19,cand-anyelse-net,jp.eoomiss.com,ory315844,2025-08-04,https://www.threads.com/@ory315844/post/DM6wHiTxRFE,https://jp.eoomiss.com/d/4D9,,,0.0,jp.eoomiss.com,['cand-anyelse-net'],1,【IQテスト】全部正解したらあなたは天才？脳トレテスト！あなたのIQがどのくらいか調べてみましょう！ jp.eoomiss.com/d/4D9…  2 / 2,sweep_b3_hits.csv
2026-09-10_11-11-19,cand-anyelse-net,jp.eoomiss.com,ory315844,2025-08-01,https://www.threads.com/@ory315844/post/DMzGCowxF5p,https://jp.eoomiss.com/d/90008573,,,0.0,jp.eoomiss.com,['cand-anyelse-net'],1,あなたにこんな才能が眠っていた！？隠された自分の才能診断 jp.eoomiss.com/d/900…  2 / 2,sweep_b3_hits.csv
2026-09-10_11-11-19,cand-anyelse-net,jp.eoomiss.com,ory315844,2025-07-30,https://www.threads.com/@ory315844/post/DMu82r1xsLd,https://jp.eoomiss.com/d/171,,,0.0,jp.eoomiss.com,['cand-anyelse-net'],1,数秘術テスト：晩年に幸福を楽しむか、苦しみを楽しむかをテストします。 jp.eoomiss.com/d/171…  2 / 2,sweep_b3_hits.csv
2026-09-10_11-11-19,cand-anyelse-net,jp.eoomiss.com,ory315844,2025-07-25,https://www.threads.com/@ory315844/post/DMgopjgToyO,https://jp.eoomiss.com/d/CCD62E7A,,,0.0,jp.eoomiss.com,['cand-anyelse-net'],1,悠仁さまが筑波大学にご入学 →つくば市民「美味しいご飯屋さんを紹介します」 jp.eoomiss.com/d/CCD…  2 / 2,sweep_b3_hits.csv
2026-09-10_11-11-19,cand-anyelse-net,jp.eoomiss.com,ory315844,2025-07-23,https://www.threads.com/@ory315844/post/DMcIJ_TR5Ob,https://jp.eoomiss.com/d/23761DE5,,,0.0,jp.eoomiss.com,['cand-anyelse-net'],1,数秘術テスト：晩年に幸福を楽しむか、苦しみを楽しむかをテストします。 jp.eoomiss.com/d/237…  2 / 2,sweep_b3_hits.csv
2026-09-10_11-11-19,cand-anyelse-net,jp.eoomiss.com,ory315844,2025-07-22,https://www.threads.com/@ory315844/post/DMaYr9YS8O5,https://jp.eoomiss.com/d/CBA1BC1B,,,0.0,jp.eoomiss.com,['cand-anyelse-net'],1,タイプ 16 性格テスト: あなたは E タイプですか、それとも I タイプですか? あなたのMBTIの性格をテストしてください~ jp.eoomiss.com/d/CBA…  2 / 2,sweep_b3_hits.csv
2026-09-10_11-11-19,cand-anyelse-net,jp.eoomiss.com,ory315844,2025-07-22,https://www.threads.com/@ory315844/post/DMZ9GGmyO_G,https://jp.eoomiss.com/d/31F7C06F,,,0.0,jp.eoomiss.com,['cand-anyelse-net'],1,タイプ 16 性格テスト: あなたは E タイプですか、それとも I タイプですか? あなたのMBTIの性格をテストしてください~ jp.eoomiss.com/d/31F…  2 / 2,sweep_b3_hits.csv
2026-09-10_11-11-19,cand-anyelse-net,jp.eoomiss.com,ory315844,2025-07-21,https://www.threads.com/@ory315844/post/DMXZUOLSQad,https://jp.eoomiss.com/d/888DAB52,,,3.0,jp.eoomiss.com,['cand-anyelse-net'],1,超正確！あなたの脳は男性または女性の思考に偏っています jp.eoomiss.com/d/888…  2 / 2,sweep_b3_hits.csv
2026-09-10_11-11-19,cand-anyelse-net,jp.eoomiss.com,ory315844,2025-07-20,https://www.threads.com/@ory315844/post/DMWUysjSm7c,https://jp.eoomiss.com/d/0BBCF72B,,,1.0,jp.eoomiss.com,['cand-anyelse-net'],1,死期が近い人が急にやりだす不思議な行動や兆候…死期が近い人には特徴があると話題に… jp.eoomiss.com/d/0BB…,sweep_b3_hits.csv
2026-09-10_11-11-19,cand-anyelse-net,jp.eoomiss.com,ory315844,2025-07-18,https://www.threads.com/@ory315844/post/DMPS767xWOc,https://jp.eoomiss.com/d/DA2027D1,,,0.0,jp.eoomiss.com,['cand-anyelse-net'],1,あなたにこんな才能が眠っていた！？隠された自分の才能診断 jp.eoomiss.com/d/DA2…  2 / 2,sweep_b3_hits.csv
2026-09-10_11-11-19,cand-anyelse-net,jp.eoomiss.com,ory315844,2025-07-16,https://www.threads.com/@ory315844/post/DMJjfD0SdKA,https://jp.eoomiss.com/d/F3D75551,,,1.0,jp.eoomiss.com,['cand-anyelse-net'],1,タイプ 16 性格テスト: あなたは E タイプですか、それとも I タイプですか? あなたのMBTIの性格をテストしてください~ jp.eoomiss.com/d/F3D…  2 / 2,sweep_b3_hits.csv
2026-09-10_11-11-19,cand-anyelse-net,jp.eoomiss.com,ory315844,2025-07-10,https://www.threads.com/@ory315844/post/DL8kpfYz4LG,https://jp.eoomiss.com/d/6DFA5CE0,,,0.0,jp.eoomiss.com,['cand-anyelse-net'],1,数秘術テスト：晩年に幸福を楽しむか、苦しみを楽しむかをテストします。 jp.eoomiss.com/d/6DF…  2 / 2,sweep_b3_hits.csv
2026-09-10_11-11-19,cand-anyelse-net,jp.eoomiss.com,ory315844,2025-07-10,https://www.threads.com/@ory315844/post/DL6ol0Qypc-,https://jp.eoomiss.com/d/B070BA44,,,0.0,jp.eoomiss.com,['cand-anyelse-net'],1,性格診断：あなたの隠された本当の性格を見つけてください jp.eoomiss.com/d/B07…  2 / 2,sweep_b3_hits.csv
2026-09-10_11-11-19,cand-anyelse-net,jp.eoomiss.com,ory315844,2025-07-08,https://www.threads.com/@ory315844/post/DL1IHM8J1v1,https://jp.eoomiss.com/d/E8239563,,,3.0,jp.eoomiss.com,['cand-anyelse-net'],1,トップクラスの私立大学が皇族にNO！悠仁さまの出戻り学習院に一同驚愕！ jp.eoomiss.com/d/E82…,sweep_b3_hits.csv
2026-09-10_11-11-19,cand-anyelse-net,jp.eoomiss.com,ory315844,2025-07-08,https://www.threads.com/@ory315844/post/DL12uinx7PW,https://jp.eoomiss.com/d/8CC5E6F3,,,4.0,jp.eoomiss.com,['cand-anyelse-net'],1,MBTI テストは正確ではありませんか?ユングの 8 次元テストを使用して、自分のタイプ 16 の性格をよりよく理解する jp.eoomiss.com/d/8CC…  2 / 2,sweep_b3_hits.csv
2026-09-10_11-11-19,cand-anyelse-net,jp.eoomiss.com,ory315844,2025-07-04,https://www.threads.com/@ory315844/post/DLrrIx8xipY,https://jp.eoomiss.com/d/8AAA4C08,,,7.0,jp.eoomiss.com,['cand-anyelse-net'],1,皇后雅子さまの流暢な英語が話題に!日本では放送されない美しすぎる雅子さまの真実「なんで日本では放送されないんだろう？」 jp.eoomiss.com/d/8AA…,sweep_b3_hits.csv
2026-09-10_11-11-19,cand-anyelse-net,jp.eoomiss.com,ory315844,2025-07-05,https://www.threads.com/@ory315844/post/DLuAJjgRJNN,https://jp.eoomiss.com/d/F3C69C11,,,0.0,jp.eoomiss.com,['cand-anyelse-net'],1,一瞬しか映らないので、見逃さないで下さいね。佳子様の側にいるSPが超カッコいいんです。 jp.eoomiss.com/d/F3C…  2 / 2,sweep_b3_hits.csv
2026-09-10_11-11-19,cand-anyelse-net,jp.eoomiss.com,ory315844,2025-06-28,https://www.threads.com/@ory315844/post/DLbcIYKRcoj,https://jp.eoomiss.com/d/02D92731,,,1.0,jp.eoomiss.com,['cand-anyelse-net'],1,佳子さまのすっぴんにネット騒然！？結婚発表で彼氏の正体が明らかに→驚愕の事実 jp.eoomiss.com/d/02D…,sweep_b3_hits.csv
2026-09-10_11-11-19,cand-anyelse-net,jp.eoomiss.com,ory315844,2025-06-25,https://www.threads.com/@ory315844/post/DLUtjLoRJK4,https://jp.eoomiss.com/d/FEA3DBB4,,,1.0,jp.eoomiss.com,['cand-anyelse-net'],1,【華麗なる一族の裏事情】寬仁親王妃信子様の皇室での壮絶な半生 jp.eoomiss.com/d/FEA…  2 / 2,sweep_b3_hits.csv
2026-09-10_11-11-19,cand-anyelse-net,jp.eoomiss.com,ory315844,2025-06-25,https://www.threads.com/@ory315844/post/DLUVoxJRXTU,https://jp.eoomiss.com/d/9E42EC91,,,1.0,jp.eoomiss.com,['cand-anyelse-net'],1,A宮夫妻 世界に晒されたトルコの完全塩対応　到着時に激撮された「前代未聞の出迎えスタイル」 jp.eoomiss.com/d/9E4…  2 / 2,sweep_b3_hits.csv
2026-09-10_11-11-19,cand-anyelse-net,jp.eoomiss.com,ory315844,2025-06-24,https://www.threads.com/@ory315844/post/DLRUbMMxn6T,https://jp.eoomiss.com/d/62B3C8DB,,,1.0,jp.eoomiss.com,['cand-anyelse-net'],1,天皇皇后両陛下と秋篠宮御夫妻の結婚の儀の比較 jp.eoomiss.com/d/62B… 2 / 2,sweep_b3_hits.csv
2026-09-10_11-11-19,cand-anyelse-net,jp.eoomiss.com,ory315844,2025-06-24,https://www.threads.com/@ory315844/post/DLQ0LRKTRJK,https://jp.eoomiss.com/d/BCFAC8BB,,,0.0,jp.eoomiss.com,['cand-anyelse-net'],1,眞子さんの「就職先」が見つからない…いま現地で危惧されている「まさかの事態」？！ jp.eoomiss.com/d/BCF…  2 / 2,sweep_b3_hits.csv
2026-09-10_11-11-19,cand-anyelse-net,jp.eoomiss.com,ory315844,2025-06-23,https://www.threads.com/@ory315844/post/DLPrZG-RNYY,https://jp.eoomiss.com/d/7F6B64EE,,,0.0,jp.eoomiss.com,['cand-anyelse-net'],1,"一人の少年が放ったまさかの一言に佳子様が思わず絶句,,子供は容赦ないな。。 jp.eoomiss.com/d/7F6…  2 / 2",sweep_b3_hits.csv
2026-09-10_11-11-19,cand-anyelse-net,jp.eoomiss.com,ory315844,2025-06-23,https://www.threads.com/@ory315844/post/DLOQ-5fT705,https://jp.eoomiss.com/d/DFC46093,,,1.0,jp.eoomiss.com,['cand-anyelse-net'],1,佳子さまの車への乗り込み方が一般人とは全く違うことに気がついた【車】 jp.eoomiss.com/d/DFC…  2 / 2,sweep_b3_hits.csv
2026-09-10_11-11-19,cand-anyelse-net,jp.eoomiss.com,ory315844,2025-06-22,https://www.threads.com/@ory315844/post/DLNBymERGnV,https://jp.eoomiss.com/d/638,,,1.0,jp.eoomiss.com,['cand-anyelse-net'],1,「職員の口軽すぎワロタ」秋篠宮家がひた隠しにする悠仁さまの秘密が漏洩し一同驚愕！ jp.eoomiss.com/d/638…  2 / 2,sweep_b3_hits.csv
2026-09-10_11-11-19,cand-anyelse-net,jp.eoomiss.com,ory315844,2025-06-22,https://www.threads.com/@ory315844/post/DLLu6pySFYV,https://jp.eoomiss.com/d/994F7781,,,2.0,jp.eoomiss.com,['cand-anyelse-net'],1,この後、一瞬見せた愛子さまのまさかの表情に皇族界の本物を jp.eoomiss.com/d/994…  2 / 2,sweep_b3_hits.csv
2026-09-10_11-11-19,cand-anyelse-net,jp.eoomiss.com,aimeiseyyuan,2025-06-21,https://www.threads.com/@aimeiseyyuan/post/DLKa7yATXQJ,http://jp.eoomiss.com/pic_ODJXeFB6YklKZldBL082eGRxUGk3dz09,threads3997,,0.0,jp.eoomiss.com,['cand-anyelse-net'],1,ジャニーズのライブ中に母親の推しが接近！動揺し過ぎた母親が見せた意外な反応にグッとくるwわかりみを感じる人も一定数いそう jp.eoomiss.com/pic_O…  2 / 2,sweep_b3_hits.csv
2026-09-10_11-11-19,cand-anyelse-net,jp.eoomiss.com,ory315844,2025-06-21,https://www.threads.com/@ory315844/post/DLJdVybxKGD,https://jp.eoomiss.com/d/CD9672A7,,,0.0,jp.eoomiss.com,['cand-anyelse-net'],1,【海外の反応】「は？皇后なのにありえない…」雅子さまが強風の植樹祭で起こった”アクシデント”で見せたお振る舞いが世界で話題に！！ jp.eoomiss.com/d/CD9…  2 / 2,sweep_b3_hits.csv
2026-09-10_11-11-19,cand-anyelse-net,jp.eoomiss.com,ory315844,2025-06-21,https://www.threads.com/@ory315844/post/DLJG76yz_a6,https://jp.eoomiss.com/d/30F,,,0.0,jp.eoomiss.com,['cand-anyelse-net'],1,眞子さまが結婚を決意した理由が闇深すぎて一同驚愕...！高額な慰謝料で結婚した途端に転落人生確定で闇落ち確定...？？ jp.eoomiss.com/d/30F…  2 / 2,sweep_b3_hits.csv
2026-09-10_11-11-19,cand-anyelse-net,jp.eoomiss.com,ory315844,2025-06-20,https://www.threads.com/@ory315844/post/DLHcRsKxxrv,https://jp.eoomiss.com/d/040DAB96,,,0.0,jp.eoomiss.com,['cand-anyelse-net'],1,愛子さまが黒田清子さんのティアラを受け継がない理由「秋篠宮家も美智子さまも関係ない」 jp.eoomiss.com/d/040…  2 / 2,sweep_b3_hits.csv
2026-09-10_11-11-19,cand-anyelse-net,jp.eoomiss.com,ory315844,2025-06-20,https://www.threads.com/@ory315844/post/DLHNsehx3w0,https://jp.eoomiss.com/d/E3BA57E8,,,4.0,jp.eoomiss.com,['cand-anyelse-net'],1,広島での両陛下の凄すぎるお召し物のご配慮 jp.eoomiss.com/d/E3B…  2 / 2,sweep_b3_hits.csv
2026-09-10_11-11-19,cand-anyelse-net,jp.eoomiss.com,ory315844,2025-06-20,https://www.threads.com/@ory315844/post/DLGmt5ByzC6,https://jp.eoomiss.com/d/AFFAF25C,,,0.0,jp.eoomiss.com,['cand-anyelse-net'],1,【テレ東BIZ】秋の園遊会で華子さまが激怒された理由これだった… jp.eoomiss.com/d/AFF…  2 / 2,sweep_b3_hits.csv
2026-09-10_11-11-19,cand-anyelse-net,jp.eoomiss.com,ory315844,2025-06-19,https://www.threads.com/@ory315844/post/DLE7mh4R4oI,https://jp.eoomiss.com/d/D1BC468D,,,2.0,jp.eoomiss.com,['cand-anyelse-net'],1,「帝王教育もう無理」美智子さま号泣！「悠仁さまにこれ以上設定を盛るのはおやめください」 jp.eoomiss.com/d/D1B…  2 / 2,sweep_b3_hits.csv
2026-09-10_11-11-19,cand-anyelse-net,jp.eoomiss.com,ory315844,2025-06-19,https://www.threads.com/@ory315844/post/DLEw15zROtG,https://jp.eoomiss.com/d/6939CC48,,,2.0,jp.eoomiss.com,['cand-anyelse-net'],1,家庭の色が映す二人の世界：紀子様と雅子様、対照的なお墓参りの物語 jp.eoomiss.com/d/693…  2 / 2,sweep_b3_hits.csv
2026-09-10_11-11-19,cand-anyelse-net,jp.eoomiss.com,ory315844,2025-06-18,https://www.threads.com/@ory315844/post/DLCiRxvxsTT,https://jp.eoomiss.com/d/7A14C31F,,,3.0,jp.eoomiss.com,['cand-anyelse-net'],1,【驚愕】敬宮愛子さまが守り抜いた伝統を秋篠宮家が破壊？その真相は…→結果 jp.eoomiss.com/d/7A1…,sweep_b3_hits.csv
2026-09-10_11-11-19,cand-anyelse-net,jp.eoomiss.com,ory315844,2025-06-18,https://www.threads.com/@ory315844/post/DLCJwldR7db,https://jp.eoomiss.com/d/68ADBAF6,,,1.0,jp.eoomiss.com,['cand-anyelse-net'],1,餌やりの瞬間、両陛下の天然な葛藤！この微笑ましい場面に癒される！ jp.eoomiss.com/d/68A…  2 / 2,sweep_b3_hits.csv
2026-09-10_11-11-19,cand-anyelse-net,jp.eoomiss.com,ory315844,2025-06-18,https://www.threads.com/@ory315844/post/DLBineUSZvM,https://jp.eoomiss.com/d/1052B7C8,,,0.0,jp.eoomiss.com,['cand-anyelse-net'],1,予備機を飛ばせない異例の事態で両陛下の対応が胸を打った…！ jp.eoomiss.com/d/105…  2 / 2,sweep_b3_hits.csv
2026-09-10_11-11-19,cand-anyelse-net,jp.eoomiss.com,ory315844,2025-06-18,https://www.threads.com/@ory315844/post/DLBbGl_yhw7,https://jp.eoomiss.com/d/35916229,,,1.0,jp.eoomiss.com,['cand-anyelse-net'],1,【愛子さまご結婚が加速？の理由】佳子さまNG行為連発のギリシャ訪問と熱心な異常記者とは？! jp.eoomiss.com/d/359…  2 / 2,sweep_b3_hits.csv
2026-09-10_11-11-19,cand-anyelse-net,jp.eoomiss.com,ory315844,2025-06-17,https://www.threads.com/@ory315844/post/DLAQGZPxkMJ,https://jp.eoomiss.com/d/AFA595D6,,,7.0,jp.eoomiss.com,['cand-anyelse-net'],1,雨の中で見せた皇室の温もり 皇后雅子様への細やかな気遣いとは？ jp.eoomiss.com/d/AFA…  2 / 2,sweep_b3_hits.csv
2026-09-10_11-11-19,cand-anyelse-net,jp.eoomiss.com,ory315844,2025-06-17,https://www.threads.com/@ory315844/post/DK_swdGof0t,https://jp.eoomiss.com/d/6F82EFE8,,,1.0,jp.eoomiss.com,['cand-anyelse-net'],1,凄すぎる愛子さまと雅子さまの連携に関する雑学 jp.eoomiss.com/d/6F8…  2 / 2,sweep_b3_hits.csv
2026-09-10_11-11-19,cand-anyelse-net,jp.eoomiss.com,ory315844,2025-06-17,https://www.threads.com/@ory315844/post/DK-yZZDoqx6,https://jp.eoomiss.com/d/DDC4939D,,,0.0,jp.eoomiss.com,['cand-anyelse-net'],1,【愛子さま】大絶賛の初公務、一方、佳子さまは公務放棄…!? jp.eoomiss.com/d/DDC…  2 / 2,sweep_b3_hits.csv
2026-09-10_11-11-19,cand-anyelse-net,jp.eoomiss.com,ory315844,2025-06-16,https://www.threads.com/@ory315844/post/DK9KqiRo0dM,https://jp.eoomiss.com/d/218E2C6F,,,1.0,jp.eoomiss.com,['cand-anyelse-net'],1,【速報】悠仁さまは顔面蒼白 !!ついに月刊誌が醜態を晒した jp.eoomiss.com/d/218…  2 / 2,sweep_b3_hits.csv
2026-09-10_11-11-19,cand-anyelse-net,jp.eoomiss.com,ory315844,2025-06-16,https://www.threads.com/@ory315844/post/DK8_d1bo91l,https://jp.eoomiss.com/d/AB0E03BC,,,0.0,jp.eoomiss.com,['cand-anyelse-net'],1,眞子さんの第一子、皇室復帰の可能性にネット炎上！#皇族養子問題 jp.eoomiss.com/d/AB0…  2 / 2,sweep_b3_hits.csv
2026-09-10_11-11-19,cand-anyelse-net,jp.eoomiss.com,ory315844,2025-06-16,https://www.threads.com/@ory315844/post/DK8QuxfIHdr,https://jp.eoomiss.com/d/4BFB3CC7,,,18.0,jp.eoomiss.com,['cand-anyelse-net'],1,愛子さまが御曹司と遊園地でお忍びデートをされました、紳士的で高身長の爽やかな人柄に両陛下も安心して見守っています【皇室】 jp.eoomiss.com/d/4BF…  2 / 2,sweep_b3_hits.csv
2026-09-10_11-11-19,cand-anyelse-net,jp.eoomiss.com,ory315844,2025-06-15,https://www.threads.com/@ory315844/post/DK5o0zzIMal,https://jp.eoomiss.com/d/C05152F4,,,0.0,jp.eoomiss.com,['cand-anyelse-net'],1,佳子さん 敬宮愛子さまとの同席が公開処刑すぎた　宮中茶会で受賞者が言葉を失った「異常発言」 jp.eoomiss.com/d/C05…  2 / 2,sweep_b3_hits.csv
2026-09-10_11-11-19,cand-anyelse-net,jp.eoomiss.com,ory315844,2025-06-14,https://www.threads.com/@ory315844/post/DK3hiQco6GX,https://jp.eoomiss.com/d/203BD9A0,,,0.0,jp.eoomiss.com,['cand-anyelse-net'],1,【感動】愛子さまが語った亡き友人への言葉に胸が熱く…「苦しい時期を支えてくれた友の存在とは？」 jp.eoomiss.com/d/203…  2 / 2,sweep_b3_hits.csv
2026-09-10_11-11-19,cand-anyelse-net,jp.eoomiss.com,ory315844,2025-06-13,https://www.threads.com/@ory315844/post/DK1JZ3Fozh5,https://jp.eoomiss.com/d/5A571541,,,4.0,jp.eoomiss.com,['cand-anyelse-net'],1,愛子さまの不思議な力に側近も驚愕！動物たちが次々引き寄せられるその理由とは【皇室】 jp.eoomiss.com/d/5A5…  2 / 2,sweep_b3_hits.csv
2026-09-10_11-11-19,cand-anyelse-net,jp.eoomiss.com,ory315844,2025-06-13,https://www.threads.com/@ory315844/post/DK0ia2MIGhS,https://jp.eoomiss.com/d/36436E04,,,2.0,jp.eoomiss.com,['cand-anyelse-net'],1,紀子さまが雅子さまに放った暴言に一同絶句…国賓と通訳なしで話されたことに対して… jp.eoomiss.com/d/364…  2 / 2,sweep_b3_hits.csv
2026-09-10_11-11-19,cand-anyelse-net,jp.eoomiss.com,ory315844,2025-06-12,https://www.threads.com/@ory315844/post/DKzQ8LeI1H0,https://jp.eoomiss.com/d/C14E36C5,,,3.0,jp.eoomiss.com,['cand-anyelse-net'],1,同級生の保護者が流出させた！悠仁さまの「耳を疑う成績」に、一同驚愕！思わず腰が抜けました jp.eoomiss.com/d/C14…  2 / 2,sweep_b3_hits.csv
2026-09-10_11-11-19,cand-anyelse-net,jp.eoomiss.com,ory315844,2025-06-12,https://www.threads.com/@ory315844/post/DKy98fNIe9C,https://jp.eoomiss.com/d/BD23D928,,,1.0,jp.eoomiss.com,['cand-anyelse-net'],1,小室眞子さん会見中に生じた変化…その理由に一同驚愕！「眞子さんが本当に守りたかったのは小室さんではなく…」 jp.eoomiss.com/d/BD2…  2 / 2,sweep_b3_hits.csv
2026-09-10_11-11-19,cand-anyelse-net,jp.eoomiss.com,ory315844,2025-06-12,https://www.threads.com/@ory315844/post/DKyjcFvIbIz,https://jp.eoomiss.com/d/E0114C56,,,0.0,jp.eoomiss.com,['cand-anyelse-net'],1,涙で伝えた30年の感謝…皇后雅子様と岡山さん、心に響く別れの瞬間 jp.eoomiss.com/d/E01…  2 / 2,sweep_b3_hits.csv
2026-09-10_11-11-19,cand-anyelse-net,15lovingclub.com,inzwg2025,2026-02-04,https://www.threads.com/@inzwg2025/post/DUVWYDKiQsV,https://15lovingclub.com/d/3967AF40,,,0.0,15lovingclub.com,['cand-anyelse-net'],1,都進來，這個才是真的NBTI測评超哦 15lovingclub.com/d/396… 2 / 2,sweep_b3_hits.csv
2026-09-10_11-11-19,cand-anyelse-net,15lovingclub.com,inzwg2025,2026-02-04,https://www.threads.com/@inzwg2025/post/DUUoxvmCbku,https://15lovingclub.com/d/3967AF40,,,0.0,15lovingclub.com,['cand-anyelse-net'],1,都進來，這個才是真的NBTI測评超哦 15lovingclub.com/d/396… 2 / 2,sweep_b3_hits.csv
2026-09-10_11-11-19,cand-anyelse-net,15lovingclub.com,nny3086222025,2026-02-04,https://www.threads.com/@nny3086222025/post/DUUkT1pEslH,https://15lovingclub.com/d/3967AF40,,,0.0,15lovingclub.com,['cand-anyelse-net'],1,都進來，這個才是真的NBTI測评超哦 15lovingclub.com/d/396… 2 / 2,sweep_b3_hits.csv
2026-09-10_11-11-19,cand-anyelse-net,15lovingclub.com,nny3086222025,2026-02-04,https://www.threads.com/@nny3086222025/post/DUUR8zPkloB,https://15lovingclub.com/d/3967AF40,,,0.0,15lovingclub.com,['cand-anyelse-net'],1,都進來，這個才是真的NBTI測评超哦 15lovingclub.com/d/396… 2 / 2,sweep_b3_hits.csv
2026-09-10_11-11-19,cand-anyelse-net,15lovingclub.com,inzwg2025,2026-02-04,https://www.threads.com/@inzwg2025/post/DUUQuGlgd4g,https://15lovingclub.com/d/3967AF40,,,0.0,15lovingclub.com,['cand-anyelse-net'],1,都進來，這個才是真的NBTI測评超哦 15lovingclub.com/d/396… 2 / 2,sweep_b3_hits.csv
2026-09-10_11-11-19,cand-anyelse-net,15lovingclub.com,inzwg2025,2026-02-03,https://www.threads.com/@inzwg2025/post/DUS3hhyCfJr,https://15lovingclub.com/d/3967AF40,,,0.0,15lovingclub.com,['cand-anyelse-net'],1,都進來，這個才是真的NBTI測评超哦 15lovingclub.com/d/396… 2 / 2,sweep_b3_hits.csv
2026-09-10_11-11-19,cand-anyelse-net,15lovingclub.com,hia3473112025,2026-02-03,https://www.threads.com/@hia3473112025/post/DUSpKzkkq-o,https://15lovingclub.com/d/3967AF40,,,0.0,15lovingclub.com,['cand-anyelse-net'],1,都進來，這個才是真的NBTI測评超哦 15lovingclub.com/d/396… 2 / 2,sweep_b3_hits.csv
2026-09-10_11-11-19,cand-anyelse-net,15lovingclub.com,inzwg2025,2026-02-03,https://www.threads.com/@inzwg2025/post/DUSh4m5CeDI,https://15lovingclub.com/d/3967AF40,,,0.0,15lovingclub.com,['cand-anyelse-net'],1,都進來，這個才是真的NBTI測评超哦 15lovingclub.com/d/396… 2 / 2,sweep_b3_hits.csv
2026-09-10_11-11-19,cand-anyelse-net,15lovingclub.com,hia3473112025,2026-02-03,https://www.threads.com/@hia3473112025/post/DUSe406kqoG,https://15lovingclub.com/d/3967AF40,,,0.0,15lovingclub.com,['cand-anyelse-net'],1,都進來，這個才是真的NBTI測评超哦 15lovingclub.com/d/396… 2 / 2,sweep_b3_hits.csv
2026-09-10_11-11-19,cand-anyelse-net,15lovingclub.com,nny3086222025,2026-02-03,https://www.threads.com/@nny3086222025/post/DUSDXLNEozF,https://15lovingclub.com/d/3967AF40,,,1.0,15lovingclub.com,['cand-anyelse-net'],1,都進來，這個才是真的NBTI測评超哦 15lovingclub.com/d/396… 2 / 2,sweep_b3_hits.csv
2026-09-10_11-11-19,cand-anyelse-net,15lovingclub.com,nny3086222025,2026-02-03,https://www.threads.com/@nny3086222025/post/DUR1QnBkrdM,https://15lovingclub.com/d/3967AF40,,,1.0,15lovingclub.com,['cand-anyelse-net'],1,都進來，這個才是真的NBTI測评超哦 15lovingclub.com/d/396… 2 / 2,sweep_b3_hits.csv
2026-09-10_11-11-19,cand-anyelse-net,15lovingclub.com,hia3473112025,2026-02-03,https://www.threads.com/@hia3473112025/post/DURvX2mEiwd,https://15lovingclub.com/d/3967AF40,,,0.0,15lovingclub.com,['cand-anyelse-net'],1,都進來，這個才是真的NBTI測评超哦 15lovingclub.com/d/396… 2 / 2,sweep_b3_hits.csv
2026-09-10_11-11-19,cand-anyelse-net,15lovingclub.com,inzwg2025,2026-02-03,https://www.threads.com/@inzwg2025/post/DURuwckgU9U,https://15lovingclub.com/d/3967AF40,,,0.0,15lovingclub.com,['cand-anyelse-net'],1,都進來，這個才是真的NBTI測评超哦 15lovingclub.com/d/396… 2 / 2,sweep_b3_hits.csv
2026-09-10_11-11-19,cand-anyelse-net,15lovingclub.com,nny3086222025,2026-02-02,https://www.threads.com/@nny3086222025/post/DUQW-vXEg3Z,https://15lovingclub.com/d/3967AF40,,,0.0,15lovingclub.com,['cand-anyelse-net'],1,都進來，這個才是真的NBTI測评超哦 15lovingclub.com/d/396… 2 / 2,sweep_b3_hits.csv
2026-09-10_11-11-19,cand-anyelse-net,15lovingclub.com,hia3473112025,2026-02-02,https://www.threads.com/@hia3473112025/post/DUQGqyIEpMc,https://15lovingclub.com/d/3967AF40,,,0.0,15lovingclub.com,['cand-anyelse-net'],1,都進來，這個才是真的NBTI測评超哦 15lovingclub.com/d/396… 2 / 2,sweep_b3_hits.csv
2026-09-10_11-11-19,cand-anyelse-net,15lovingclub.com,inzwg2025,2026-02-02,https://www.threads.com/@inzwg2025/post/DUPpJlqiV-R,https://15lovingclub.com/d/3967AF40,,,0.0,15lovingclub.com,['cand-anyelse-net'],1,都進來，這個才是真的NBTI測评超哦 15lovingclub.com/d/396… 2 / 2,sweep_b3_hits.csv
2026-09-10_11-11-19,cand-anyelse-net,15lovingclub.com,inzwg2025,2026-02-02,https://www.threads.com/@inzwg2025/post/DUPazpJCbaR,https://15lovingclub.com/d/3967AF40,,,0.0,15lovingclub.com,['cand-anyelse-net'],1,都進來，這個才是真的NBTI測评超哦 15lovingclub.com/d/396… 2 / 2,sweep_b3_hits.csv
2026-09-10_11-11-19,cand-anyelse-net,15lovingclub.com,nny3086222025,2026-02-02,https://www.threads.com/@nny3086222025/post/DUPLBGCkoYs,https://15lovingclub.com/d/3967AF40,,,0.0,15lovingclub.com,['cand-anyelse-net'],1,都進來，這個才是真的NBTI測评超哦 15lovingclub.com/d/396… 2 / 2,sweep_b3_hits.csv
2026-09-10_11-11-19,cand-anyelse-net,15lovingclub.com,inzwg2025,2026-02-02,https://www.threads.com/@inzwg2025/post/DUPJdasAVDB,https://15lovingclub.com/d/3967AF40,,,0.0,15lovingclub.com,['cand-anyelse-net'],1,都進來，這個才是真的NBTI測评超哦 15lovingclub.com/d/396… 2 / 2,sweep_b3_hits.csv
2026-09-10_11-11-19,cand-anyelse-net,15lovingclub.com,hia3473112025,2026-02-02,https://www.threads.com/@hia3473112025/post/DUPItabEqkg,https://15lovingclub.com/d/3967AF40,,,1.0,15lovingclub.com,['cand-anyelse-net'],1,都進來，這個才是真的NBTI測评超哦 15lovingclub.com/d/396… 2 / 2,sweep_b3_hits.csv
2026-09-10_11-11-19,cand-anyelse-net,15lovingclub.com,inzwg2025,2026-02-01,https://www.threads.com/@inzwg2025/post/DUNO0xCADtk,https://15lovingclub.com/d/3967AF40,,,0.0,15lovingclub.com,['cand-anyelse-net'],1,都進來，這個才是真的NBTI測评超哦 15lovingclub.com/d/396… 2 / 2,sweep_b3_hits.csv
2026-09-10_11-11-19,cand-anyelse-net,15lovingclub.com,nny3086222025,2026-02-01,https://www.threads.com/@nny3086222025/post/DUNIg8LkqS-,https://15lovingclub.com/d/3967AF40,,,0.0,15lovingclub.com,['cand-anyelse-net'],1,都進來，這個才是真的NBTI測评超哦 15lovingclub.com/d/396… 2 / 2,sweep_b3_hits.csv
2026-09-10_11-11-19,cand-anyelse-net,15lovingclub.com,inzwg2025,2026-02-01,https://www.threads.com/@inzwg2025/post/DUNDI8ggBqj,https://15lovingclub.com/d/3967AF40,,,0.0,15lovingclub.com,['cand-anyelse-net'],1,都進來，這個才是真的NBTI測评超哦 15lovingclub.com/d/396… 2 / 2,sweep_b3_hits.csv
2026-09-10_11-11-19,cand-anyelse-net,15lovingclub.com,hia3473112025,2026-02-01,https://www.threads.com/@hia3473112025/post/DUNArj1krAm,https://15lovingclub.com/d/3967AF40,,,0.0,15lovingclub.com,['cand-anyelse-net'],1,都進來，這個才是真的NBTI測评超哦 15lovingclub.com/d/396… 2 / 2,sweep_b3_hits.csv
2026-09-10_11-11-19,cand-anyelse-net,15lovingclub.com,nny3086222025,2026-02-01,https://www.threads.com/@nny3086222025/post/DUMlisvkrK7,https://15lovingclub.com/d/3967AF40,,,0.0,15lovingclub.com,['cand-anyelse-net'],1,都進來，這個才是真的NBTI測评超哦 15lovingclub.com/d/396… 2 / 2,sweep_b3_hits.csv
2026-09-10_11-11-19,cand-anyelse-net,15lovingclub.com,inzwg2025,2026-02-01,https://www.threads.com/@inzwg2025/post/DUMlfIFAUhp,https://15lovingclub.com/d/3967AF40,,,0.0,15lovingclub.com,['cand-anyelse-net'],1,都進來，這個才是真的NBTI測评超哦 15lovingclub.com/d/396… 2 / 2,sweep_b3_hits.csv
2026-09-10_11-11-19,cand-anyelse-net,15lovingclub.com,hia3473112025,2026-02-01,https://www.threads.com/@hia3473112025/post/DUMkoHbkqII,https://15lovingclub.com/d/3967AF40,,,0.0,15lovingclub.com,['cand-anyelse-net'],1,都進來，這個才是真的NBTI測评超哦 15lovingclub.com/d/396… 2 / 2,sweep_b3_hits.csv
2026-09-10_11-11-19,cand-anyelse-net,15lovingclub.com,inzwg2025,2026-01-31,https://www.threads.com/@inzwg2025/post/DULR5q1CaYw,https://15lovingclub.com/d/3967AF40,,,0.0,15lovingclub.com,['cand-anyelse-net'],1,都進來，這個才是真的NBTI測评超哦 15lovingclub.com/d/396… 2 / 2,sweep_b3_hits.csv
2026-09-10_11-11-19,cand-anyelse-net,15lovingclub.com,hia3473112025,2026-01-31,https://www.threads.com/@hia3473112025/post/DULPcTGEsVa,https://15lovingclub.com/d/3967AF40,,,0.0,15lovingclub.com,['cand-anyelse-net'],1,都進來，這個才是真的NBTI測评超哦 15lovingclub.com/d/396… 2 / 2,sweep_b3_hits.csv
2026-09-10_11-11-19,cand-anyelse-net,15lovingclub.com,nny3086222025,2026-01-31,https://www.threads.com/@nny3086222025/post/DULCFalkoSl,https://15lovingclub.com/d/3967AF40,,,0.0,15lovingclub.com,['cand-anyelse-net'],1,都進來，這個才是真的NBTI測评超哦 15lovingclub.com/d/396… 2 / 2,sweep_b3_hits.csv
2026-09-10_11-11-19,cand-anyelse-net,15lovingclub.com,nny3086222025,2026-01-31,https://www.threads.com/@nny3086222025/post/DUKWZabkqSG,https://15lovingclub.com/d/3967AF40,,,0.0,15lovingclub.com,['cand-anyelse-net'],1,都進來，這個才是真的NBTI測评超哦 15lovingclub.com/d/396… 2 / 2,sweep_b3_hits.csv
2026-09-10_11-11-19,cand-anyelse-net,15lovingclub.com,inzwg2025,2026-01-31,https://www.threads.com/@inzwg2025/post/DUKOMXJibpN,https://15lovingclub.com/d/3967AF40,,,0.0,15lovingclub.com,['cand-anyelse-net'],1,都進來，這個才是真的NBTI測评超哦 15lovingclub.com/d/396… 2 / 2,sweep_b3_hits.csv
2026-09-10_11-11-19,cand-anyelse-net,15lovingclub.com,nny3086222025,2026-01-31,https://www.threads.com/@nny3086222025/post/DUJ9htnErVS,https://15lovingclub.com/d/3967AF40,,,0.0,15lovingclub.com,['cand-anyelse-net'],1,都進來，這個才是真的NBTI測评超哦 15lovingclub.com/d/396… 2 / 2,sweep_b3_hits.csv
2026-09-10_11-11-19,cand-anyelse-net,15lovingclub.com,inzwg2025,2026-01-31,https://www.threads.com/@inzwg2025/post/DUJ9Roukkh2,https://15lovingclub.com/d/3967AF40,,,0.0,15lovingclub.com,['cand-anyelse-net'],1,都進來，這個才是真的NBTI測评超哦 15lovingclub.com/d/396… 2 / 2,sweep_b3_hits.csv
2026-09-10_11-11-19,cand-anyelse-net,15lovingclub.com,nny3086222025,2026-01-30,https://www.threads.com/@nny3086222025/post/DUImeQwkoWq,https://15lovingclub.com/d/3967AF40,,,0.0,15lovingclub.com,['cand-anyelse-net'],1,都進來，這個才是真的NBTI測评超哦 15lovingclub.com/d/396… 2 / 2,sweep_b3_hits.csv
2026-09-10_11-11-19,cand-anyelse-net,15lovingclub.com,inzwg2025,2026-01-30,https://www.threads.com/@inzwg2025/post/DUIWeZlibPw,https://15lovingclub.com/d/3967AF40,,,0.0,15lovingclub.com,['cand-anyelse-net'],1,都進來，這個才是真的NBTI測评超哦 15lovingclub.com/d/396… 2 / 2,sweep_b3_hits.csv
2026-09-10_11-11-19,cand-anyelse-net,15lovingclub.com,hia3473112025,2026-01-30,https://www.threads.com/@hia3473112025/post/DUICAONEppN,https://15lovingclub.com/d/3967AF40,,,0.0,15lovingclub.com,['cand-anyelse-net'],1,都進來，這個才是真的NBTI測评超哦 15lovingclub.com/d/396… 2 / 2,sweep_b3_hits.csv
2026-09-10_11-11-19,cand-anyelse-net,15lovingclub.com,nny3086222025,2026-01-30,https://www.threads.com/@nny3086222025/post/DUHcHFoErfh,https://15lovingclub.com/d/3967AF40,,,0.0,15lovingclub.com,['cand-anyelse-net'],1,都進來，這個才是真的NBTI測评超哦 15lovingclub.com/d/396… 2 / 2,sweep_b3_hits.csv
2026-09-10_11-11-19,cand-anyelse-net,15lovingclub.com,inzwg2025,2026-01-30,https://www.threads.com/@inzwg2025/post/DUHbNisATJW,https://15lovingclub.com/d/3967AF40,,,0.0,15lovingclub.com,['cand-anyelse-net'],1,都進來，這個才是真的NBTI測评超哦 15lovingclub.com/d/396… 2 / 2,sweep_b3_hits.csv
2026-09-10_11-11-19,cand-anyelse-net,15lovingclub.com,inzwg2025,2026-01-29,https://www.threads.com/@inzwg2025/post/DUFuidHCcAL,https://15lovingclub.com/d/3967AF40,,,0.0,15lovingclub.com,['cand-anyelse-net'],1,都進來，這個才是真的NBTI測评超哦 15lovingclub.com/d/396… 2 / 2,sweep_b3_hits.csv
2026-09-10_11-11-19,cand-anyelse-net,15lovingclub.com,nny3086222025,2026-01-29,https://www.threads.com/@nny3086222025/post/DUFotRJEoz2,https://15lovingclub.com/d/3967AF40,,,0.0,15lovingclub.com,['cand-anyelse-net'],1,都進來，這個才是真的NBTI測评超哦 15lovingclub.com/d/396… 2 / 2,sweep_b3_hits.csv
2026-09-10_11-11-19,cand-anyelse-net,15lovingclub.com,hia3473112025,2026-01-29,https://www.threads.com/@hia3473112025/post/DUFnKCAkl5M,https://15lovingclub.com/d/3967AF40,,,0.0,15lovingclub.com,['cand-anyelse-net'],1,都進來，這個才是真的NBTI測评超哦 15lovingclub.com/d/396… 2 / 2,sweep_b3_hits.csv
2026-09-10_11-11-19,cand-anyelse-net,15lovingclub.com,nny3086222025,2026-01-29,https://www.threads.com/@nny3086222025/post/DUFXj4-Eloo,https://15lovingclub.com/d/3967AF40,,,0.0,15lovingclub.com,['cand-anyelse-net'],1,都進來，這個才是真的NBTI測评超哦 15lovingclub.com/d/396… 2 / 2,sweep_b3_hits.csv
2026-09-10_11-11-19,cand-anyelse-net,15lovingclub.com,nny3086222025,2026-01-29,https://www.threads.com/@nny3086222025/post/DUE4sxWEnpP,https://15lovingclub.com/d/3967AF40,,,0.0,15lovingclub.com,['cand-anyelse-net'],1,都進來，這個才是真的NBTI測评超哦 15lovingclub.com/d/396… 2 / 2,sweep_b3_hits.csv
2026-09-10_11-11-19,cand-anyelse-net,15lovingclub.com,hia3473112025,2026-01-29,https://www.threads.com/@hia3473112025/post/DUE2b-cEu_w,https://15lovingclub.com/d/3967AF40,,,0.0,15lovingclub.com,['cand-anyelse-net'],1,都進來，這個才是真的NBTI測评超哦 15lovingclub.com/d/396… 2 / 2,sweep_b3_hits.csv
2026-09-10_11-11-19,cand-anyelse-net,15lovingclub.com,nny3086222025,2026-01-28,https://www.threads.com/@nny3086222025/post/DUDk3Fyks_n,https://15lovingclub.com/d/3967AF40,,,0.0,15lovingclub.com,['cand-anyelse-net'],1,都進來，這個才是真的NBTI測评超哦 15lovingclub.com/d/396… 2 / 2,sweep_b3_hits.csv
2026-09-10_11-11-19,cand-anyelse-net,15lovingclub.com,inzwg2025,2026-01-28,https://www.threads.com/@inzwg2025/post/DUDh-KsCQlz,https://15lovingclub.com/d/3967AF40,,,0.0,15lovingclub.com,['cand-anyelse-net'],1,都進來，這個才是真的NBTI測评超哦 15lovingclub.com/d/396… 2 / 2,sweep_b3_hits.csv
2026-09-10_11-11-19,cand-anyelse-net,15lovingclub.com,hia3473112025,2026-01-28,https://www.threads.com/@hia3473112025/post/DUDhOiaksfn,https://15lovingclub.com/d/3967AF40,,,0.0,15lovingclub.com,['cand-anyelse-net'],1,都進來，這個才是真的NBTI測评超哦 15lovingclub.com/d/396… 2 / 2,sweep_b3_hits.csv
2026-09-10_11-11-19,cand-anyelse-net,15lovingclub.com,nny3086222025,2026-01-28,https://www.threads.com/@nny3086222025/post/DUCyiSUkh94,https://15lovingclub.com/d/3967AF40,,,0.0,15lovingclub.com,['cand-anyelse-net'],1,都進來，這個才是真的NBTI測评超哦 15lovingclub.com/d/396… 2 / 2,sweep_b3_hits.csv
2026-09-10_11-11-19,cand-anyelse-net,15lovingclub.com,inzwg2025,2026-01-28,https://www.threads.com/@inzwg2025/post/DUColY-iZ-e,https://15lovingclub.com/d/3967AF40,,,0.0,15lovingclub.com,['cand-anyelse-net'],1,都進來，這個才是真的NBTI測评超哦 15lovingclub.com/d/396… 2 / 2,sweep_b3_hits.csv
2026-09-10_11-11-19,cand-anyelse-net,15lovingclub.com,hia3473112025,2026-01-28,https://www.threads.com/@hia3473112025/post/DUCUqIzEnTh,https://15lovingclub.com/d/3967AF40,,,0.0,15lovingclub.com,['cand-anyelse-net'],1,都進來，這個才是真的NBTI測评超哦 15lovingclub.com/d/396… 2 / 2,sweep_b3_hits.csv
2026-09-10_11-11-19,cand-anyelse-net,15lovingclub.com,nny3086222025,2026-01-28,https://www.threads.com/@nny3086222025/post/DUCTH45EudE,https://15lovingclub.com/d/3967AF40,,,0.0,15lovingclub.com,['cand-anyelse-net'],1,都進來，這個才是真的NBTI測评超哦 15lovingclub.com/d/396… 2 / 2,sweep_b3_hits.csv
2026-09-10_11-11-19,cand-anyelse-net,15lovingclub.com,inzwg2025,2026-01-28,https://www.threads.com/@inzwg2025/post/DUCQ8XjgQ-n,https://15lovingclub.com/d/3967AF40,,,0.0,15lovingclub.com,['cand-anyelse-net'],1,都進來，這個才是真的NBTI測评超哦 15lovingclub.com/d/396… 2 / 2,sweep_b3_hits.csv
2026-09-10_11-11-19,cand-anyelse-net,15lovingclub.com,inzwg2025,2026-01-27,https://www.threads.com/@inzwg2025/post/DUBAb3uCQKE,https://15lovingclub.com/d/3967AF40,,,0.0,15lovingclub.com,['cand-anyelse-net'],1,都進來，這個才是真的NBTI測评超哦 15lovingclub.com/d/396… 2 / 2,sweep_b3_hits.csv
2026-09-10_11-11-19,cand-anyelse-net,15lovingclub.com,hia3473112025,2026-01-27,https://www.threads.com/@hia3473112025/post/DUAbyqyEkQk,https://15lovingclub.com/d/3967AF40,,,0.0,15lovingclub.com,['cand-anyelse-net'],1,都進來，這個才是真的NBTI測评超哦 15lovingclub.com/d/396… 2 / 2,sweep_b3_hits.csv
2026-09-10_11-11-19,cand-anyelse-net,15lovingclub.com,inzwg2025,2026-01-27,https://www.threads.com/@inzwg2025/post/DUAaEnzgH_0,https://15lovingclub.com/d/3967AF40,,,0.0,15lovingclub.com,['cand-anyelse-net'],1,都進來，這個才是真的NBTI測评超哦 15lovingclub.com/d/396… 2 / 2,sweep_b3_hits.csv
2026-09-10_11-11-19,cand-anyelse-net,15lovingclub.com,nny3086222025,2026-01-27,https://www.threads.com/@nny3086222025/post/DUAV1HpkvGd,https://15lovingclub.com/d/3967AF40,,,0.0,15lovingclub.com,['cand-anyelse-net'],1,都進來，這個才是真的NBTI測评超哦 15lovingclub.com/d/396… 2 / 2,sweep_b3_hits.csv
2026-09-10_11-11-19,cand-anyelse-net,15lovingclub.com,hia3473112025,2026-01-27,https://www.threads.com/@hia3473112025/post/DUASlaXknGY,https://15lovingclub.com/d/3967AF40,,,0.0,15lovingclub.com,['cand-anyelse-net'],1,都進來，這個才是真的NBTI測评超哦 15lovingclub.com/d/396… 2 / 2,sweep_b3_hits.csv
2026-09-10_11-11-19,cand-anyelse-net,15lovingclub.com,nny3086222025,2026-01-27,https://www.threads.com/@nny3086222025/post/DUACViyEo96,https://15lovingclub.com/d/3967AF40,,,0.0,15lovingclub.com,['cand-anyelse-net'],1,都進來，這個才是真的NBTI測评超哦 15lovingclub.com/d/396… 2 / 2,sweep_b3_hits.csv
2026-09-10_11-11-19,cand-anyelse-net,15lovingclub.com,nny3086222025,2026-01-27,https://www.threads.com/@nny3086222025/post/DT_7W9jkomX,https://15lovingclub.com/d/3967AF40,,,0.0,15lovingclub.com,['cand-anyelse-net'],1,都進來，這個才是真的NBTI測评超哦 15lovingclub.com/d/396… 2 / 2,sweep_b3_hits.csv
2026-09-10_11-11-19,cand-anyelse-net,15lovingclub.com,inzwg2025,2026-01-27,https://www.threads.com/@inzwg2025/post/DT_5adyibnb,https://15lovingclub.com/d/3967AF40,,,0.0,15lovingclub.com,['cand-anyelse-net'],1,都進來，這個才是真的NBTI測评超哦 15lovingclub.com/d/396… 2 / 2,sweep_b3_hits.csv
2026-09-10_11-11-19,cand-anyelse-net,15lovingclub.com,inzwg2025,2026-01-27,https://www.threads.com/@inzwg2025/post/DT_s74OAWMX,https://15lovingclub.com/d/3967AF40,,,0.0,15lovingclub.com,['cand-anyelse-net'],1,都進來，這個才是真的NBTI測评超哦 15lovingclub.com/d/396… 2 / 2,sweep_b3_hits.csv
2026-09-10_11-11-19,cand-anyelse-net,15lovingclub.com,hia3473112025,2026-01-27,https://www.threads.com/@hia3473112025/post/DT_revdkpKC,https://15lovingclub.com/d/3967AF40,,,0.0,15lovingclub.com,['cand-anyelse-net'],1,都進來，這個才是真的NBTI測评超哦 15lovingclub.com/d/396… 2 / 2,sweep_b3_hits.csv
2026-09-10_11-11-19,cand-anyelse-net,15lovingclub.com,nny3086222025,2026-01-27,https://www.threads.com/@nny3086222025/post/DT_qY-IElhL,https://15lovingclub.com/d/3967AF40,,,0.0,15lovingclub.com,['cand-anyelse-net'],1,都進來，這個才是真的NBTI測评超哦 15lovingclub.com/d/396… 2 / 2,sweep_b3_hits.csv
2026-09-10_11-11-19,cand-anyelse-net,15lovingclub.com,inzwg2025,2026-01-26,https://www.threads.com/@inzwg2025/post/DT95rXeAPFg,https://15lovingclub.com/d/3967AF40,,,0.0,15lovingclub.com,['cand-anyelse-net'],1,都進來，這個才是真的NBTI測评超哦 15lovingclub.com/d/396… 2 / 2,sweep_b3_hits.csv
2026-09-10_11-11-19,cand-anyelse-net,15lovingclub.com,nny3086222025,2026-01-26,https://www.threads.com/@nny3086222025/post/DT9zJP0kmfp,https://15lovingclub.com/d/3967AF40,,,0.0,15lovingclub.com,['cand-anyelse-net'],1,都進來，這個才是真的NBTI測评超哦 15lovingclub.com/d/396… 2 / 2,sweep_b3_hits.csv
2026-09-10_11-11-19,cand-anyelse-net,15lovingclub.com,nny3086222025,2026-01-26,https://www.threads.com/@nny3086222025/post/DT9OU97Epbd,https://15lovingclub.com/d/3967AF40,,,0.0,15lovingclub.com,['cand-anyelse-net'],1,都進來，這個才是真的NBTI測评超哦 15lovingclub.com/d/396… 2 / 2,sweep_b3_hits.csv
2026-09-10_11-11-19,cand-anyelse-net,15lovingclub.com,inzwg2025,2026-01-26,https://www.threads.com/@inzwg2025/post/DT9N2NEgbd3,https://15lovingclub.com/d/3967AF40,,,0.0,15lovingclub.com,['cand-anyelse-net'],1,都進來，這個才是真的NBTI測评超哦 15lovingclub.com/d/396… 2 / 2,sweep_b3_hits.csv
2026-09-10_11-11-19,cand-anyelse-net,15lovingclub.com,nny3086222025,2026-01-26,https://www.threads.com/@nny3086222025/post/DT9GNOREk8b,https://15lovingclub.com/d/3967AF40,,,0.0,15lovingclub.com,['cand-anyelse-net'],1,都進來，這個才是真的NBTI測评超哦 15lovingclub.com/d/396… 2 / 2,sweep_b3_hits.csv
2026-09-10_11-11-19,cand-anyelse-net,15lovingclub.com,inzwg2025,2026-01-26,https://www.threads.com/@inzwg2025/post/DT9F8BPASdb,https://15lovingclub.com/d/3967AF40,,,0.0,15lovingclub.com,['cand-anyelse-net'],1,都進來，這個才是真的NBTI測评超哦 15lovingclub.com/d/396… 2 / 2,sweep_b3_hits.csv
2026-09-10_11-11-19,cand-anyelse-net,15lovingclub.com,inzwg2025,2026-01-25,https://www.threads.com/@inzwg2025/post/DT72NNkieiM,https://15lovingclub.com/d/3967AF40,,,0.0,15lovingclub.com,['cand-anyelse-net'],1,都進來，這個才是真的NBTI測评超哦 15lovingclub.com/d/396… 2 / 2,sweep_b3_hits.csv
2026-09-10_11-11-19,cand-anyelse-net,15lovingclub.com,hia3473112025,2026-01-25,https://www.threads.com/@hia3473112025/post/DT7oArFEoeO,https://15lovingclub.com/d/3967AF40,,,0.0,15lovingclub.com,['cand-anyelse-net'],1,都進來，這個才是真的NBTI測评超哦 15lovingclub.com/d/396… 2 / 2,sweep_b3_hits.csv
2026-09-10_11-11-19,cand-anyelse-net,15lovingclub.com,nny3086222025,2026-01-25,https://www.threads.com/@nny3086222025/post/DT7I8idksCA,https://15lovingclub.com/d/3967AF40,,,0.0,15lovingclub.com,['cand-anyelse-net'],1,都進來，這個才是真的NBTI測评超哦 15lovingclub.com/d/396… 2 / 2,sweep_b3_hits.csv
2026-09-10_11-11-19,cand-anyelse-net,15lovingclub.com,nny3086222025,2026-01-25,https://www.threads.com/@nny3086222025/post/DT6zDm2Ev0p,https://15lovingclub.com/d/3967AF40,,,0.0,15lovingclub.com,['cand-anyelse-net'],1,都進來，這個才是真的NBTI測评超哦 15lovingclub.com/d/396… 2 / 2,sweep_b3_hits.csv
2026-09-10_11-11-19,cand-anyelse-net,15lovingclub.com,inzwg2025,2026-01-25,https://www.threads.com/@inzwg2025/post/DT6t8zWCW73,https://15lovingclub.com/d/3967AF40,,,0.0,15lovingclub.com,['cand-anyelse-net'],1,都進來，這個才是真的NBTI測评超哦 15lovingclub.com/d/396… 2 / 2,sweep_b3_hits.csv
2026-09-10_11-11-19,cand-anyelse-net,15lovingclub.com,inzwg2025,2026-01-25,https://www.threads.com/@inzwg2025/post/DT6kDeiASQh,https://15lovingclub.com/d/3967AF40,,,0.0,15lovingclub.com,['cand-anyelse-net'],1,都進來，這個才是真的NBTI測评超哦 15lovingclub.com/d/396… 2 / 2,sweep_b3_hits.csv
2026-09-10_11-11-19,cand-anyelse-net,15lovingclub.com,nny3086222025,2026-01-25,https://www.threads.com/@nny3086222025/post/DT6jw0Jkv7-,https://15lovingclub.com/d/3967AF40,,,0.0,15lovingclub.com,['cand-anyelse-net'],1,都進來，這個才是真的NBTI測评超哦 15lovingclub.com/d/396… 2 / 2,sweep_b3_hits.csv
2026-09-10_11-11-19,cand-anyelse-net,15lovingclub.com,hia3473112025,2026-01-24,https://www.threads.com/@hia3473112025/post/DT5SoxpEhjB,https://15lovingclub.com/d/3967AF40,,,0.0,15lovingclub.com,['cand-anyelse-net'],1,都進來，這個才是真的NBTI測评超哦 15lovingclub.com/d/396… 2 / 2,sweep_b3_hits.csv
2026-09-10_11-11-19,cand-anyelse-net,15lovingclub.com,nny3086222025,2026-01-24,https://www.threads.com/@nny3086222025/post/DT5KT5Tkh7P,https://15lovingclub.com/d/3967AF40,,,0.0,15lovingclub.com,['cand-anyelse-net'],1,都進來，這個才是真的NBTI測评超哦 15lovingclub.com/d/396… 2 / 2,sweep_b3_hits.csv
2026-09-10_11-11-19,cand-anyelse-net,15lovingclub.com,inzwg2025,2026-01-24,https://www.threads.com/@inzwg2025/post/DT4q65WgMtV,https://15lovingclub.com/d/3967AF40,,,0.0,15lovingclub.com,['cand-anyelse-net'],1,都進來，這個才是真的NBTI測评超哦 15lovingclub.com/d/396… 2 / 2,sweep_b3_hits.csv
2026-09-10_11-11-19,cand-anyelse-net,15lovingclub.com,hia3473112025,2026-01-24,https://www.threads.com/@hia3473112025/post/DT4iy6vkh8t,https://15lovingclub.com/d/3967AF40,,,0.0,15lovingclub.com,['cand-anyelse-net'],1,都進來，這個才是真的NBTI測评超哦 15lovingclub.com/d/396… 2 / 2,sweep_b3_hits.csv
2026-09-10_11-11-19,cand-anyelse-net,15lovingclub.com,inzwg2025,2026-01-24,https://www.threads.com/@inzwg2025/post/DT4hgXVgGde,https://15lovingclub.com/d/3967AF40,,,0.0,15lovingclub.com,['cand-anyelse-net'],1,都進來，這個才是真的NBTI測评超哦 15lovingclub.com/d/396… 2 / 2,sweep_b3_hits.csv
2026-09-10_11-11-19,cand-anyelse-net,15lovingclub.com,nny3086222025,2026-01-24,https://www.threads.com/@nny3086222025/post/DT4VQfckluY,https://15lovingclub.com/d/3967AF40,,,0.0,15lovingclub.com,['cand-anyelse-net'],1,都進來，這個才是真的NBTI測评超哦 15lovingclub.com/d/396… 2 / 2,sweep_b3_hits.csv
2026-09-10_11-11-19,cand-anyelse-net,15lovingclub.com,inzwg2025,2026-01-24,https://www.threads.com/@inzwg2025/post/DT4A9iHgZGH,https://15lovingclub.com/d/3967AF40,,,0.0,15lovingclub.com,['cand-anyelse-net'],1,都進來，這個才是真的NBTI測评超哦 15lovingclub.com/d/396… 2 / 2,sweep_b3_hits.csv
2026-09-10_11-11-19,cand-anyelse-net,15lovingclub.com,hia3473112025,2026-01-24,https://www.threads.com/@hia3473112025/post/DT4Aysmknfo,https://15lovingclub.com/d/3967AF40,,,0.0,15lovingclub.com,['cand-anyelse-net'],1,都進來，這個才是真的NBTI測评超哦 15lovingclub.com/d/396… 2 / 2,sweep_b3_hits.csv
2026-09-10_11-11-19,cand-anyelse-net,15lovingclub.com,inzwg2025,2026-01-23,https://www.threads.com/@inzwg2025/post/DT2iniKCS-h,https://15lovingclub.com/d/3967AF40,,,0.0,15lovingclub.com,['cand-anyelse-net'],1,都進來，這個才是真的NBTI測评超哦 15lovingclub.com/d/396… 2 / 2,sweep_b3_hits.csv
2026-09-10_11-11-19,cand-anyelse-net,15lovingclub.com,hia3473112025,2026-01-23,https://www.threads.com/@hia3473112025/post/DT2QwvPEouC,https://15lovingclub.com/d/3967AF40,,,0.0,15lovingclub.com,['cand-anyelse-net'],1,都進來，這個才是真的NBTI測评超哦 15lovingclub.com/d/396… 2 / 2,sweep_b3_hits.csv
2026-09-10_11-11-19,cand-anyelse-net,15lovingclub.com,hia3473112025,2026-01-23,https://www.threads.com/@hia3473112025/post/DT2GUGYEkne,https://15lovingclub.com/d/3967AF40,,,0.0,15lovingclub.com,['cand-anyelse-net'],1,都進來，這個才是真的NBTI測评超哦 15lovingclub.com/d/396… 2 / 2,sweep_b3_hits.csv
2026-09-10_11-11-19,cand-anyelse-net,15lovingclub.com,nny3086222025,2026-01-23,https://www.threads.com/@nny3086222025/post/DT2FrZeEkzl,https://15lovingclub.com/d/3967AF40,,,0.0,15lovingclub.com,['cand-anyelse-net'],1,都進來，這個才是真的NBTI測评超哦 15lovingclub.com/d/396… 2 / 2,sweep_b3_hits.csv
2026-09-10_11-11-19,cand-anyelse-net,15lovingclub.com,inzwg2025,2026-01-23,https://www.threads.com/@inzwg2025/post/DT1-cgOgBHx,https://15lovingclub.com/d/3967AF40,,,0.0,15lovingclub.com,['cand-anyelse-net'],1,都進來，這個才是真的NBTI測评超哦 15lovingclub.com/d/396… 2 / 2,sweep_b3_hits.csv
2026-09-10_11-11-19,cand-anyelse-net,15lovingclub.com,hia3473112025,2026-01-23,https://www.threads.com/@hia3473112025/post/DT1c31qElmI,https://15lovingclub.com/d/3967AF40,,,0.0,15lovingclub.com,['cand-anyelse-net'],1,都進來，這個才是真的NBTI測评超哦 15lovingclub.com/d/396… 2 / 2,sweep_b3_hits.csv
2026-09-10_11-11-19,cand-anyelse-net,15lovingclub.com,nny3086222025,2026-01-23,https://www.threads.com/@nny3086222025/post/DT1bVlzko8A,https://15lovingclub.com/d/3967AF40,,,0.0,15lovingclub.com,['cand-anyelse-net'],1,都進來，這個才是真的NBTI測评超哦 15lovingclub.com/d/396… 2 / 2,sweep_b3_hits.csv
2026-09-10_11-11-19,cand-anyelse-net,15lovingclub.com,inzwg2025,2026-01-23,https://www.threads.com/@inzwg2025/post/DT1YwGdgZ3M,https://15lovingclub.com/d/3967AF40,,,0.0,15lovingclub.com,['cand-anyelse-net'],1,都進來，這個才是真的NBTI測评超哦 15lovingclub.com/d/396… 2 / 2,sweep_b3_hits.csv
2026-09-10_11-11-19,cand-anyelse-net,15lovingclub.com,inzwg2025,2026-01-22,https://www.threads.com/@inzwg2025/post/DTzytCnibIH,https://15lovingclub.com/d/3967AF40,,,0.0,15lovingclub.com,['cand-anyelse-net'],1,都進來，這個才是真的NBTI測评超哦 15lovingclub.com/d/396… 2 / 2,sweep_b3_hits.csv
2026-09-10_11-11-19,cand-anyelse-net,15lovingclub.com,nny3086222025,2026-01-22,https://www.threads.com/@nny3086222025/post/DTzmGbwkpfI,https://15lovingclub.com/d/3967AF40,,,0.0,15lovingclub.com,['cand-anyelse-net'],1,都進來，這個才是真的NBTI測评超哦 15lovingclub.com/d/396… 2 / 2,sweep_b3_hits.csv
2026-09-10_11-11-19,cand-anyelse-net,15lovingclub.com,inzwg2025,2026-01-22,https://www.threads.com/@inzwg2025/post/DTzQb8SCZgF,https://15lovingclub.com/d/3967AF40,,,0.0,15lovingclub.com,['cand-anyelse-net'],1,都進來，這個才是真的NBTI測评超哦 15lovingclub.com/d/396… 2 / 2,sweep_b3_hits.csv
2026-09-10_11-11-19,cand-anyelse-net,15lovingclub.com,hia3473112025,2026-01-22,https://www.threads.com/@hia3473112025/post/DTzPIpRkogc,https://15lovingclub.com/d/3967AF40,,,0.0,15lovingclub.com,['cand-anyelse-net'],1,都進來，這個才是真的NBTI測评超哦 15lovingclub.com/d/396… 2 / 2,sweep_b3_hits.csv
2026-09-10_11-11-19,cand-anyelse-net,15lovingclub.com,nny3086222025,2026-01-22,https://www.threads.com/@nny3086222025/post/DTy3vyqktGZ,https://15lovingclub.com/d/3967AF40,,,0.0,15lovingclub.com,['cand-anyelse-net'],1,都進來，這個才是真的NBTI測评超哦 15lovingclub.com/d/396… 2 / 2,sweep_b3_hits.csv
2026-09-10_11-11-19,cand-anyelse-net,15lovingclub.com,inzwg2025,2026-01-22,https://www.threads.com/@inzwg2025/post/DTy3Yc3ATJe,https://15lovingclub.com/d/3967AF40,,,0.0,15lovingclub.com,['cand-anyelse-net'],1,都進來，這個才是真的NBTI測评超哦 15lovingclub.com/d/396… 2 / 2,sweep_b3_hits.csv
2026-09-10_11-11-19,cand-anyelse-net,15lovingclub.com,inzwg2025,2026-01-21,https://www.threads.com/@inzwg2025/post/DTxR8LOCZZY,https://15lovingclub.com/d/3967AF40,,,0.0,15lovingclub.com,['cand-anyelse-net'],1,都進來，這個才是真的NBTI測评超哦 15lovingclub.com/d/396… 2 / 2,sweep_b3_hits.csv
2026-09-10_11-11-19,cand-anyelse-net,15lovingclub.com,nny3086222025,2026-01-21,https://www.threads.com/@nny3086222025/post/DTwfZZqkkL_,https://15lovingclub.com/d/3967AF40,,,0.0,15lovingclub.com,['cand-anyelse-net'],1,都進來，這個才是真的NBTI測评超哦 15lovingclub.com/d/396… 2 / 2,sweep_b3_hits.csv
2026-09-10_11-11-19,cand-anyelse-net,15lovingclub.com,inzwg2025,2026-01-21,https://www.threads.com/@inzwg2025/post/DTwR5eUgfug,https://15lovingclub.com/d/3967AF40,,,0.0,15lovingclub.com,['cand-anyelse-net'],1,都進來，這個才是真的NBTI測评超哦 15lovingclub.com/d/396… 2 / 2,sweep_b3_hits.csv
2026-09-10_11-11-19,cand-anyelse-net,15lovingclub.com,nny3086222025,2026-01-21,https://www.threads.com/@nny3086222025/post/DTwQy--kkSi,https://15lovingclub.com/d/3967AF40,,,0.0,15lovingclub.com,['cand-anyelse-net'],1,都進來，這個才是真的NBTI測评超哦 15lovingclub.com/d/396… 2 / 2,sweep_b3_hits.csv
2026-09-10_11-11-19,cand-anyelse-net,15lovingclub.com,inzwg2025,2026-01-20,https://www.threads.com/@inzwg2025/post/DTu3pchiQKH,https://15lovingclub.com/d/3967AF40,,,0.0,15lovingclub.com,['cand-anyelse-net'],1,都進來，這個才是真的NBTI測评超哦 15lovingclub.com/d/396… 2 / 2,sweep_b3_hits.csv
2026-09-10_11-11-19,cand-anyelse-net,15lovingclub.com,hia3473112025,2026-01-20,https://www.threads.com/@hia3473112025/post/DTuoyGYEmn0,https://15lovingclub.com/d/3967AF40,,,0.0,15lovingclub.com,['cand-anyelse-net'],1,都進來，這個才是真的NBTI測评超哦 15lovingclub.com/d/396… 2 / 2,sweep_b3_hits.csv
2026-09-10_11-11-19,cand-anyelse-net,15lovingclub.com,inzwg2025,2026-01-20,https://www.threads.com/@inzwg2025/post/DTuG-5jiWtj,https://15lovingclub.com/d/3967AF40,,,0.0,15lovingclub.com,['cand-anyelse-net'],1,都進來，這個才是真的NBTI測评超哦 15lovingclub.com/d/396… 2 / 2,sweep_b3_hits.csv
2026-09-10_11-11-19,cand-anyelse-net,15lovingclub.com,nny3086222025,2026-01-20,https://www.threads.com/@nny3086222025/post/DTuDck6EvKW,https://15lovingclub.com/d/3967AF40,,,0.0,15lovingclub.com,['cand-anyelse-net'],1,都進來，這個才是真的NBTI測评超哦 15lovingclub.com/d/396… 2 / 2,sweep_b3_hits.csv
2026-09-10_11-11-19,cand-anyelse-net,15lovingclub.com,hia3473112025,2026-01-20,https://www.threads.com/@hia3473112025/post/DTt4t7Bku_U,https://15lovingclub.com/d/3967AF40,,,0.0,15lovingclub.com,['cand-anyelse-net'],1,都進來，這個才是真的NBTI測评超哦 15lovingclub.com/d/396… 2 / 2,sweep_b3_hits.csv
2026-09-10_11-11-19,cand-anyelse-net,15lovingclub.com,hia3473112025,2026-01-20,https://www.threads.com/@hia3473112025/post/DTtvOcuEvh5,https://15lovingclub.com/d/3967AF40,,,0.0,15lovingclub.com,['cand-anyelse-net'],1,都進來，這個才是真的NBTI測评超哦 15lovingclub.com/d/396… 2 / 2,sweep_b3_hits.csv
2026-09-10_11-11-19,cand-anyelse-net,15lovingclub.com,nny3086222025,2026-01-20,https://www.threads.com/@nny3086222025/post/DTttz3kkh_N,https://15lovingclub.com/d/3967AF40,,,0.0,15lovingclub.com,['cand-anyelse-net'],1,都進來，這個才是真的NBTI測评超哦 15lovingclub.com/d/396… 2 / 2,sweep_b3_hits.csv
2026-09-10_11-11-19,cand-anyelse-net,15lovingclub.com,inzwg2025,2026-01-20,https://www.threads.com/@inzwg2025/post/DTtqOllgQPF,https://15lovingclub.com/d/3967AF40,,,0.0,15lovingclub.com,['cand-anyelse-net'],1,都進來，這個才是真的NBTI測评超哦 15lovingclub.com/d/396… 2 / 2,sweep_b3_hits.csv
2026-09-10_11-11-19,cand-anyelse-net,15lovingclub.com,hia3473112025,2026-01-19,https://www.threads.com/@hia3473112025/post/DTsT8r-kr5I,https://15lovingclub.com/d/3967AF40,,,0.0,15lovingclub.com,['cand-anyelse-net'],1,都進來，這個才是真的NBTI測评超哦 15lovingclub.com/d/396… 2 / 2,sweep_b3_hits.csv
2026-09-10_11-11-19,cand-anyelse-net,15lovingclub.com,nny3086222025,2026-01-19,https://www.threads.com/@nny3086222025/post/DTsRBa3EjYN,https://15lovingclub.com/d/3967AF40,,,0.0,15lovingclub.com,['cand-anyelse-net'],1,都進來，這個才是真的NBTI測评超哦 15lovingclub.com/d/396… 2 / 2,sweep_b3_hits.csv
2026-09-10_11-11-19,cand-anyelse-net,15lovingclub.com,nny3086222025,2026-01-19,https://www.threads.com/@nny3086222025/post/DTr-yBgEinZ,https://15lovingclub.com/d/3967AF40,,,0.0,15lovingclub.com,['cand-anyelse-net'],1,都進來，這個才是真的NBTI測评超哦 15lovingclub.com/d/396… 2 / 2,sweep_b3_hits.csv
2026-09-10_11-11-19,cand-anyelse-net,15lovingclub.com,inzwg2025,2026-01-19,https://www.threads.com/@inzwg2025/post/DTrf8TICTsL,https://15lovingclub.com/d/3967AF40,,,0.0,15lovingclub.com,['cand-anyelse-net'],1,都進來，這個才是真的NBTI測评超哦 15lovingclub.com/d/396… 2 / 2,sweep_b3_hits.csv
2026-09-10_11-11-19,cand-anyelse-net,15lovingclub.com,inzwg2025,2026-01-19,https://www.threads.com/@inzwg2025/post/DTrU2E1CUQ8,https://15lovingclub.com/d/3967AF40,,,0.0,15lovingclub.com,['cand-anyelse-net'],1,都進來，這個才是真的NBTI測评超哦 15lovingclub.com/d/396… 2 / 2,sweep_b3_hits.csv
2026-09-10_11-11-19,cand-anyelse-net,15lovingclub.com,hia3473112025,2026-01-19,https://www.threads.com/@hia3473112025/post/DTrQZivkiS1,https://15lovingclub.com/d/3967AF40,,,0.0,15lovingclub.com,['cand-anyelse-net'],1,都進來，這個才是真的NBTI測评超哦 15lovingclub.com/d/396… 2 / 2,sweep_b3_hits.csv
2026-09-10_11-11-19,cand-anyelse-net,15lovingclub.com,hia3473112025,2026-01-19,https://www.threads.com/@hia3473112025/post/DTrJgM3kr-X,https://15lovingclub.com/d/3967AF40,,,0.0,15lovingclub.com,['cand-anyelse-net'],1,都進來，這個才是真的NBTI測评超哦 15lovingclub.com/d/396… 2 / 2,sweep_b3_hits.csv
2026-09-10_11-11-19,cand-anyelse-net,15lovingclub.com,inzwg2025,2026-01-19,https://www.threads.com/@inzwg2025/post/DTrFpClgXlu,https://15lovingclub.com/d/3967AF40,,,0.0,15lovingclub.com,['cand-anyelse-net'],1,都進來，這個才是真的NBTI測评超哦 15lovingclub.com/d/396… 2 / 2,sweep_b3_hits.csv
2026-09-10_11-11-19,cand-anyelse-net,15lovingclub.com,nny3086222025,2026-01-19,https://www.threads.com/@nny3086222025/post/DTrDZUPkqRH,https://15lovingclub.com/d/3967AF40,,,0.0,15lovingclub.com,['cand-anyelse-net'],1,都進來，這個才是真的NBTI測评超哦 15lovingclub.com/d/396… 2 / 2,sweep_b3_hits.csv
2026-09-10_11-11-19,cand-anyelse-net,15lovingclub.com,inzwg2025,2026-01-18,https://www.threads.com/@inzwg2025/post/DTp3GdWCTa_,https://15lovingclub.com/d/3967AF40,,,0.0,15lovingclub.com,['cand-anyelse-net'],1,都進來，這個才是真的NBTI測评超哦 15lovingclub.com/d/396… 2 / 2,sweep_b3_hits.csv
2026-09-10_11-11-19,cand-anyelse-net,15lovingclub.com,nny3086222025,2026-01-18,https://www.threads.com/@nny3086222025/post/DTpZ3rakpCs,https://15lovingclub.com/d/3967AF40,,,0.0,15lovingclub.com,['cand-anyelse-net'],1,都進來，這個才是真的NBTI測评超哦 15lovingclub.com/d/396… 2 / 2,sweep_b3_hits.csv
2026-09-10_11-11-19,cand-anyelse-net,15lovingclub.com,hia3473112025,2026-01-18,https://www.threads.com/@hia3473112025/post/DTpSXamksOJ,https://15lovingclub.com/d/3967AF40,,,0.0,15lovingclub.com,['cand-anyelse-net'],1,都進來，這個才是真的NBTI測评超哦 15lovingclub.com/d/396… 2 / 2,sweep_b3_hits.csv
2026-09-10_11-11-19,cand-anyelse-net,15lovingclub.com,nny3086222025,2026-01-18,https://www.threads.com/@nny3086222025/post/DTo4xR2EnDp,https://15lovingclub.com/d/3967AF40,,,0.0,15lovingclub.com,['cand-anyelse-net'],1,都進來，這個才是真的NBTI測评超哦 15lovingclub.com/d/396… 2 / 2,sweep_b3_hits.csv
2026-09-10_11-11-19,cand-anyelse-net,15lovingclub.com,inzwg2025,2026-01-18,https://www.threads.com/@inzwg2025/post/DTo0uLXCVpR,https://15lovingclub.com/d/3967AF40,,,0.0,15lovingclub.com,['cand-anyelse-net'],1,都進來，這個才是真的NBTI測评超哦 15lovingclub.com/d/396… 2 / 2,sweep_b3_hits.csv
2026-09-10_11-11-19,cand-anyelse-net,15lovingclub.com,hia3473112025,2026-01-18,https://www.threads.com/@hia3473112025/post/DToztobklyV,https://15lovingclub.com/d/3967AF40,,,0.0,15lovingclub.com,['cand-anyelse-net'],1,都進來，這個才是真的NBTI測评超哦 15lovingclub.com/d/396… 2 / 2,sweep_b3_hits.csv
2026-09-10_11-11-19,cand-anyelse-net,15lovingclub.com,inzwg2025,2026-01-18,https://www.threads.com/@inzwg2025/post/DToll0CAb30,https://15lovingclub.com/d/3967AF40,,,0.0,15lovingclub.com,['cand-anyelse-net'],1,都進來，這個才是真的NBTI測评超哦 15lovingclub.com/d/396… 2 / 2,sweep_b3_hits.csv
2026-09-10_11-11-19,cand-anyelse-net,15lovingclub.com,nny3086222025,2026-01-18,https://www.threads.com/@nny3086222025/post/DToisfJkiou,https://15lovingclub.com/d/3967AF40,,,0.0,15lovingclub.com,['cand-anyelse-net'],1,都進來，這個才是真的NBTI測评超哦 15lovingclub.com/d/396… 2 / 2,sweep_b3_hits.csv
2026-09-10_11-11-19,cand-anyelse-net,15lovingclub.com,inzwg2025,2026-01-17,https://www.threads.com/@inzwg2025/post/DTnSH-niSnd,https://15lovingclub.com/d/3967AF40,,,0.0,15lovingclub.com,['cand-anyelse-net'],1,都進來，這個才是真的NBTI測评超哦 15lovingclub.com/d/396… 2 / 2,sweep_b3_hits.csv
2026-09-10_11-11-19,cand-anyelse-net,15lovingclub.com,hia3473112025,2026-01-17,https://www.threads.com/@hia3473112025/post/DTnAkmhEgAk,https://15lovingclub.com/d/3967AF40,,,0.0,15lovingclub.com,['cand-anyelse-net'],1,都進來，這個才是真的NBTI測评超哦 15lovingclub.com/d/396… 2 / 2,sweep_b3_hits.csv
2026-09-10_11-11-19,cand-anyelse-net,15lovingclub.com,nny3086222025,2026-01-17,https://www.threads.com/@nny3086222025/post/DTmeN_EkhmU,https://15lovingclub.com/d/3967AF40,,,0.0,15lovingclub.com,['cand-anyelse-net'],1,都進來，這個才是真的NBTI測评超哦 15lovingclub.com/d/396… 2 / 2,sweep_b3_hits.csv
2026-09-10_11-11-19,cand-anyelse-net,15lovingclub.com,hia3473112025,2026-01-17,https://www.threads.com/@hia3473112025/post/DTmUom8Eqxj,https://15lovingclub.com/d/3967AF40,,,0.0,15lovingclub.com,['cand-anyelse-net'],1,都進來，這個才是真的NBTI測评超哦 15lovingclub.com/d/396… 2 / 2,sweep_b3_hits.csv
2026-09-10_11-11-19,cand-anyelse-net,15lovingclub.com,nny3086222025,2026-01-17,https://www.threads.com/@nny3086222025/post/DTmUKBWkgC6,https://15lovingclub.com/d/3967AF40,,,0.0,15lovingclub.com,['cand-anyelse-net'],1,都進來，這個才是真的NBTI測评超哦 15lovingclub.com/d/396… 2 / 2,sweep_b3_hits.csv
2026-09-10_11-11-19,cand-anyelse-net,15lovingclub.com,inzwg2025,2026-01-17,https://www.threads.com/@inzwg2025/post/DTmDPPFiV93,https://15lovingclub.com/d/3967AF40,,,0.0,15lovingclub.com,['cand-anyelse-net'],1,都進來，這個才是真的NBTI測评超哦 15lovingclub.com/d/396… 2 / 2,sweep_b3_hits.csv
2026-09-10_11-11-19,cand-anyelse-net,15lovingclub.com,nny3086222025,2026-01-17,https://www.threads.com/@nny3086222025/post/DTmAGvvkoOJ,https://15lovingclub.com/d/3967AF40,,,0.0,15lovingclub.com,['cand-anyelse-net'],1,都進來，這個才是真的NBTI測评超哦 15lovingclub.com/d/396… 2 / 2,sweep_b3_hits.csv
2026-09-10_11-11-19,cand-anyelse-net,15lovingclub.com,hia3473112025,2026-01-17,https://www.threads.com/@hia3473112025/post/DTl_flSEs2r,https://15lovingclub.com/d/3967AF40,,,0.0,15lovingclub.com,['cand-anyelse-net'],1,都進來，這個才是真的NBTI測评超哦 15lovingclub.com/d/396… 2 / 2,sweep_b3_hits.csv
2026-09-10_11-11-19,cand-anyelse-net,15lovingclub.com,inzwg2025,2026-01-17,https://www.threads.com/@inzwg2025/post/DTl7-KegTyA,https://15lovingclub.com/d/3967AF40,,,0.0,15lovingclub.com,['cand-anyelse-net'],1,都進來，這個才是真的NBTI測评超哦 15lovingclub.com/d/396… 2 / 2,sweep_b3_hits.csv
2026-09-10_11-11-19,cand-anyelse-net,15lovingclub.com,nny3086222025,2026-01-16,https://www.threads.com/@nny3086222025/post/DTkmDD8EoKM,https://15lovingclub.com/d/3967AF40,,,0.0,15lovingclub.com,['cand-anyelse-net'],1,都進來，這個才是真的NBTI測评超哦 15lovingclub.com/d/396… 2 / 2,sweep_b3_hits.csv
2026-09-10_11-11-19,cand-anyelse-net,15lovingclub.com,inzwg2025,2026-01-16,https://www.threads.com/@inzwg2025/post/DTkktLgiQsm,https://15lovingclub.com/d/3967AF40,,,0.0,15lovingclub.com,['cand-anyelse-net'],1,都進來，這個才是真的NBTI測评超哦 15lovingclub.com/d/396… 2 / 2,sweep_b3_hits.csv
2026-09-10_11-11-19,cand-anyelse-net,15lovingclub.com,nny3086222025,2026-01-16,https://www.threads.com/@nny3086222025/post/DTkevs5EmnH,https://15lovingclub.com/d/3967AF40,,,0.0,15lovingclub.com,['cand-anyelse-net'],1,都進來，這個才是真的NBTI測评超哦 15lovingclub.com/d/396… 2 / 2,sweep_b3_hits.csv
2026-09-10_11-11-19,cand-anyelse-net,15lovingclub.com,hia3473112025,2026-01-16,https://www.threads.com/@hia3473112025/post/DTjh5a4EgxB,https://15lovingclub.com/d/3967AF40,,,0.0,15lovingclub.com,['cand-anyelse-net'],1,都進來，這個才是真的NBTI測评超哦 15lovingclub.com/d/396… 2 / 2,sweep_b3_hits.csv
2026-09-10_11-11-19,cand-anyelse-net,15lovingclub.com,nny3086222025,2026-01-16,https://www.threads.com/@nny3086222025/post/DTjbYb9ErPP,https://15lovingclub.com/d/3967AF40,,,0.0,15lovingclub.com,['cand-anyelse-net'],1,都進來，這個才是真的NBTI測评超哦 15lovingclub.com/d/396… 2 / 2,sweep_b3_hits.csv
2026-09-10_11-11-19,cand-anyelse-net,15lovingclub.com,inzwg2025,2026-01-16,https://www.threads.com/@inzwg2025/post/DTjYa2fge5D,https://15lovingclub.com/d/3967AF40,,,0.0,15lovingclub.com,['cand-anyelse-net'],1,都進來，這個才是真的NBTI測评超哦 15lovingclub.com/d/396… 2 / 2,sweep_b3_hits.csv
2026-09-10_11-11-19,cand-anyelse-net,15lovingclub.com,nny3086222025,2026-01-15,https://www.threads.com/@nny3086222025/post/DThy2jaki0h,https://15lovingclub.com/d/3967AF40,,,0.0,15lovingclub.com,['cand-anyelse-net'],1,都進來，這個才是真的NBTI測评超哦 15lovingclub.com/d/396… 2 / 2,sweep_b3_hits.csv
2026-09-10_11-11-19,cand-anyelse-net,15lovingclub.com,nny3086222025,2026-01-15,https://www.threads.com/@nny3086222025/post/DThfBLfkmgm,https://15lovingclub.com/d/3967AF40,,,1.0,15lovingclub.com,['cand-anyelse-net'],1,都進來，這個才是真的NBTI測评超哦 15lovingclub.com/d/396… 2 / 2,sweep_b3_hits.csv
2026-09-10_11-11-19,cand-anyelse-net,15lovingclub.com,hia3473112025,2026-01-15,https://www.threads.com/@hia3473112025/post/DThDdNJku9N,https://15lovingclub.com/d/3967AF40,,,0.0,15lovingclub.com,['cand-anyelse-net'],1,都進來，這個才是真的NBTI測评超哦 15lovingclub.com/d/396… 2 / 2,sweep_b3_hits.csv
2026-09-10_11-11-19,cand-anyelse-net,15lovingclub.com,nny3086222025,2026-01-15,https://www.threads.com/@nny3086222025/post/DTgw5UXkttk,https://15lovingclub.com/d/3967AF40,,,0.0,15lovingclub.com,['cand-anyelse-net'],1,都進來，這個才是真的NBTI測评超哦 15lovingclub.com/d/396… 2 / 2,sweep_b3_hits.csv
2026-09-10_11-11-19,cand-anyelse-net,15lovingclub.com,nny3086222025,2026-01-14,https://www.threads.com/@nny3086222025/post/DTfYAZSEsCl,https://15lovingclub.com/d/3967AF40,,,0.0,15lovingclub.com,['cand-anyelse-net'],1,都進來，這個才是真的NBTI測评超哦 15lovingclub.com/d/396… 2 / 2,sweep_b3_hits.csv
2026-09-10_11-11-19,cand-anyelse-net,15lovingclub.com,inzwg2025,2026-01-14,https://www.threads.com/@inzwg2025/post/DTfUFCSCUAm,https://15lovingclub.com/d/3967AF40,,,0.0,15lovingclub.com,['cand-anyelse-net'],1,都進來，這個才是真的NBTI測评超哦 15lovingclub.com/d/396… 2 / 2,sweep_b3_hits.csv
2026-09-10_11-11-19,cand-anyelse-net,15lovingclub.com,nny3086222025,2026-01-14,https://www.threads.com/@nny3086222025/post/DTfNTTbEnID,https://15lovingclub.com/d/3967AF40,,,0.0,15lovingclub.com,['cand-anyelse-net'],1,都進來，這個才是真的NBTI測评超哦 15lovingclub.com/d/396… 2 / 2,sweep_b3_hits.csv
2026-09-10_11-11-19,cand-anyelse-net,15lovingclub.com,hia3473112025,2026-01-13,https://www.threads.com/@hia3473112025/post/DTcp_Ycklxw,https://15lovingclub.com/d/3967AF40,,,0.0,15lovingclub.com,['cand-anyelse-net'],1,都進來，這個才是真的NBTI測评超哦 15lovingclub.com/d/396… 2 / 2,sweep_b3_hits.csv
2026-09-10_11-11-19,cand-anyelse-net,sunflyday.com,leealy796,2026-01-25,https://www.threads.com/@leealy796/post/DT7Hw1GErJA,https://sunflyday.com/doc_UGw2SVZOem9jQ0lXenBqdUxHejlsdz09,threads9656,,0.0,sunflyday.com,['cand-anyelse-net'],1,逝世曾轟動台灣！他身高不足160公分「體重35公斤」卻無人敢惹　走時4萬人送葬「4個女兒到50多歲都沒嫁」 sunflyday.com/doc_U… 2 / 2,sweep_b3_hits.csv
2026-09-10_11-11-19,cand-anyelse-net,sunflyday.com,leealy796,2026-01-05,https://www.threads.com/@leealy796/post/DTHc4V0EjZ0,https://sunflyday.com/doc_c3dpa3ZoT1lQdWkrbEFQVmJ3ckhqQT09,threads9656,,0.0,sunflyday.com,['cand-anyelse-net'],1,盤點18位「英年早逝」的明星！不要過度羨慕別人的成功，很多成功都以「透支生命」為代價 sunflyday.com/doc_c… 2 / 2,sweep_b3_hits.csv
2026-09-10_11-11-19,cand-anyelse-net,sunflyday.com,leealy796,2025-10-20,https://www.threads.com/@leealy796/post/DQBOoo7jOGS,https://sunflyday.com/doc_UGw2SVZOem9jQ0lXenBqdUxHejlsdz09,threads9656,,0.0,sunflyday.com,['cand-anyelse-net'],1,逝世曾轟動台灣！他身高不足160公分「體重35公斤」卻無人敢惹　走時4萬人送葬「4個女兒到50多歲都沒嫁」 sunflyday.com/doc_U… 2 / 2,sweep_b3_hits.csv
2026-09-10_11-11-19,cand-anyelse-net,sunflyday.com,leealy796,2025-09-30,https://www.threads.com/@leealy796/post/DPNkO7sEsz7,https://sunflyday.com/doc_c3dpa3ZoT1lQdWkrbEFQVmJ3ckhqQT09,threads9656,,0.0,sunflyday.com,['cand-anyelse-net'],1,盤點18位「英年早逝」的明星！不要過度羨慕別人的成功，很多成功都以「透支生命」為代價 sunflyday.com/doc_c… 2 / 2,sweep_b3_hits.csv
2026-09-10_11-11-19,cand-anyelse-net,sunflyday.com,setllacecillia2,2025-09-11,https://www.threads.com/@setllacecillia2/post/DOdbv-ZEiZA,https://sunflyday.com/doc_K2p2OHJjR25uZG5KTzdlRHd2ZjQ1QT09,threads9658,,0.0,sunflyday.com,['cand-anyelse-net'],1,搭飛機遇見「男子在機艙到處走動」匪夷所思！近看才發覺是「超大咖國王」私下舉動超親民 sunflyday.com/doc_K… 2 / 2,sweep_b3_hits.csv
2026-09-10_11-11-19,cand-anyelse-net,sunflyday.com,ylm17698,2025-06-11,https://www.threads.com/@ylm17698/post/DKwFhZuBfnO,https://sunflyday.com/doc_VU1rWmpkeU92MlRja1lyUnFhSy9wdz09,threads7407,,0.0,sunflyday.com,['cand-anyelse-net'],1,和黑人男友同居3年，竟成為她「一生之痛」，如今44歲誰都不敢輕易碰她 sunflyday.com/doc_V… 2 / 2,sweep_b3_hits.csv
2026-09-10_11-11-19,cand-anyelse-net,sunflyday.com,ksxyiy,2025-06-10,https://www.threads.com/@ksxyiy/post/DKt8WzNTJcR,https://sunflyday.com/doc_a3BuVmY4SStaeGJSYWVmZUFoL0VvQT09,threads7482,,0.0,sunflyday.com,['cand-anyelse-net'],1,差點認不出！46歲周杰倫「私下憔悴模樣曝光」眼袋好明顯，眼尖網友抓亮點嚇壞「病得更厲害了」 sunflyday.com/doc_a… 2 / 2,sweep_b3_hits.csv
2026-09-10_11-11-19,cand-anyelse-net,sunflyday.com,zhuxiaowu3,2025-04-11,https://www.threads.com/@zhuxiaowu3/post/DIS3tNgJYng,https://sunflyday.com/doc_L2hSWXlZZ2pFQkVCYTNiOG9jWjcxdz09,,,0.0,sunflyday.com,['cand-anyelse-net'],1,小S遭楊大權爆料「婚變」爆料者竟聲稱「不怕起訴」，為照顧具俊曄，復出不敵吳姍儒 sunflyday.com/doc_L…,sweep_b3_hits.csv
2026-09-10_11-11-19,cand-anyelse-net,sunflyday.com,zhuxiaowu3,2025-04-11,https://www.threads.com/@zhuxiaowu3/post/DISmiPHB-Sp,https://sunflyday.com/doc_L2hSWXlZZ2pFQkVCYTNiOG9jWjcxdz09,,,0.0,sunflyday.com,['cand-anyelse-net'],1,小S遭楊大權爆料「婚變」爆料者竟聲稱「不怕起訴」，為照顧具俊曄，復出不敵吳姍儒 sunflyday.com/doc_L…,sweep_b3_hits.csv
2026-09-10_11-11-19,cand-anyelse-net,tarooot.com,linlinwen5,2025-09-30,https://www.threads.com/@linlinwen5/post/DPOXRipCYFt,https://tarooot.com/Product,threads2264,,0.0,tarooot.com,['cand-anyelse-net'],1,tarooot.com/Produ… ???Curious about your future? Click the link and try your own tarot reading right now! 2 / 2,sweep_b3_hits.csv
2026-09-10_11-11-19,cand-anyelse-net,tarooot.com,yizhen.qin,2025-08-18,https://www.threads.com/@yizhen.qin/post/DNf26yMJlST,https://tarooot.com/Product,threads2262,,0.0,tarooot.com,['cand-anyelse-net'],1,"allow them back in, and don’t let their charm cloud your judgment. The power is in your hands to decide what's best for your heart. Take what resonates & leave ",sweep_b3_hits.csv
2026-09-10_11-11-19,cand-anyelse-net,tarooot.com,linlinwen5,2025-08-18,https://www.threads.com/@linlinwen5/post/DNffG_dhFx9,https://tarooot.com/Product,threads2264,,0.0,tarooot.com,['cand-anyelse-net'],1,tarooot.com/Produ… ✨👆Curious about your future? Click the link and try your own tarot reading right now! 2 / 2,sweep_b3_hits.csv
2026-09-10_11-11-19,cand-anyelse-net,tarooot.com,chikatengsen,2025-05-20,https://www.threads.com/@chikatengsen/post/DJ4UNB1pSz2,https://tarooot.com/Product/RelationCelticCross,,,0.0,tarooot.com,['cand-anyelse-net'],1,"✦ Today's Key Cosmic Energy  ✦ Tarot Reading → Guidance for Love & Career decisions. Divination expert, combining psychology and mysticism to provide guidance o",sweep_b3_hits.csv
2026-09-10_11-11-19,cand-anyelse-net,tarooot.com,kadowatavuch,2025-05-20,https://www.threads.com/@kadowatavuch/post/DJ3il4lpokU,https://tarooot.com/Product/LoveCelticCross,,,0.0,tarooot.com,['cand-anyelse-net'],1,"💖Love prediction👩‍❤️‍💋‍👩  Astrology & Tarot Readings Available Skilled in combining tarot and astrology for career planning, career development, resolving workp",sweep_b3_hits.csv
2026-09-10_11-11-19,cand-anyelse-net,tarooot.com,kadowatavuch,2025-05-20,https://www.threads.com/@kadowatavuch/post/DJ3BYHBpYft,https://tarooot.com/Product/LoveCelticCross,,,0.0,tarooot.com,['cand-anyelse-net'],1,"💖Love prediction👩‍❤️‍💋‍👩  Astrology & Tarot Readings Available Skilled in combining tarot and astrology for career planning, career development, resolving workp",sweep_b3_hits.csv
2026-09-10_11-11-19,cand-anyelse-net,tarooot.com,kadowatavuch,2025-05-20,https://www.threads.com/@kadowatavuch/post/DJ2x11SJIfH,https://tarooot.com/Product/LoveCelticCross,,,0.0,tarooot.com,['cand-anyelse-net'],1,"💖Love prediction👩‍❤️‍💋‍👩  Astrology & Tarot Readings Available Skilled in combining tarot and astrology for career planning, career development, resolving workp",sweep_b3_hits.csv
2026-09-10_11-11-19,cand-anyelse-net,tarooot.com,kadowatavuch,2025-05-20,https://www.threads.com/@kadowatavuch/post/DJ2xoIApMQs,https://tarooot.com/Product/LoveCelticCross,,,0.0,tarooot.com,['cand-anyelse-net'],1,"💖Love prediction👩‍❤️‍💋‍👩  Astrology & Tarot Readings Available Skilled in combining tarot and astrology for career planning, career development, resolving workp",sweep_b3_hits.csv
2026-09-10_11-11-19,cand-anyelse-net,tarooot.com,lvv86689,2025-05-20,https://www.threads.com/@lvv86689/post/DJ2xf1nJyuW,https://tarooot.com/Product/YourSixthSense,,,0.0,tarooot.com,['cand-anyelse-net'],1,"🔮 Pathfinder Sessions  🪐 Birth Chart Highlights 🌙 Tarot Card Spreads Skilled in divination, predicting wealth and career development. ✉️ DM Now: +852 5933 2856 ",sweep_b3_hits.csv
2026-09-10_11-11-19,cand-anyelse-net,tarooot.com,shaoqianglee,2025-05-20,https://www.threads.com/@shaoqianglee/post/DJ2xU46JiGl,https://tarooot.com/Product/RelationCelticCross,,,1.0,tarooot.com,['cand-anyelse-net'],1,"🔮 Personalized Astrology Insights  ▷ 1-on-1 WhatsApp Guidance Skilled in synastry chart analysis, using astrology to resolve conflicts between couples and spous",sweep_b3_hits.csv
2026-09-10_11-11-19,cand-anyelse-net,tarooot.com,kadowatavuch,2025-05-19,https://www.threads.com/@kadowatavuch/post/DJ1tm1qplOM,https://tarooot.com/Product/LoveCelticCross,,,0.0,tarooot.com,['cand-anyelse-net'],1,"💖Love prediction👩‍❤️‍💋‍👩  Astrology & Tarot Readings Available Skilled in combining tarot and astrology for career planning, career development, resolving workp",sweep_b3_hits.csv
2026-09-10_11-11-19,cand-anyelse-net,tarooot.com,shaoqianglee,2025-05-19,https://www.threads.com/@shaoqianglee/post/DJ1oMqFJeKR,https://tarooot.com/Product/RelationCelticCross,,,0.0,tarooot.com,['cand-anyelse-net'],1,"🔮 Personalized Astrology Insights  ▷ 1-on-1 WhatsApp Guidance Skilled in synastry chart analysis, using astrology to resolve conflicts between couples and spous",sweep_b3_hits.csv
2026-09-10_11-11-19,cand-anyelse-net,tarooot.com,loxonac515,2025-05-19,https://www.threads.com/@loxonac515/post/DJ1kFFLp001,https://tarooot.com/Product/YourSixthSense,,,0.0,tarooot.com,['cand-anyelse-net'],1,Daily Lives & Astrology Chart Readings Calculating wealth and love fortunes based on astrology and birth dates. Book A Private Reading👇 WhatsApp: （852）59332856 ,sweep_b3_hits.csv
2026-09-10_11-11-19,cand-anyelse-net,tarooot.com,lvv86689,2025-05-19,https://www.threads.com/@lvv86689/post/DJ1itDJJIjA,https://tarooot.com/Product/YourSixthSense,,,0.0,tarooot.com,['cand-anyelse-net'],1,"🔮 Pathfinder Sessions  🪐 Birth Chart Highlights 🌙 Tarot Card Spreads Skilled in divination, predicting wealth and career development. ✉️ DM Now: +852 5933 2856 ",sweep_b3_hits.csv
2026-09-10_11-11-19,cand-anyelse-net,tarooot.com,chikatengsen,2025-05-19,https://www.threads.com/@chikatengsen/post/DJ1dui_p_IC,https://tarooot.com/Product/RelationCelticCross,,,0.0,tarooot.com,['cand-anyelse-net'],1,"✦ Today's Key Cosmic Energy  ✦ Tarot Reading → Guidance for Love & Career decisions. Divination expert, combining psychology and mysticism to provide guidance o",sweep_b3_hits.csv
2026-09-10_11-11-19,cand-anyelse-net,tarooot.com,chikatengsen,2025-05-19,https://www.threads.com/@chikatengsen/post/DJ1LXCXJGCL,https://tarooot.com/Product/RelationCelticCross,,,0.0,tarooot.com,['cand-anyelse-net'],1,"✦ Today's Key Cosmic Energy  ✦ Tarot Reading → Guidance for Love & Career decisions. Divination expert, combining psychology and mysticism to provide guidance o",sweep_b3_hits.csv
2026-09-10_11-11-19,cand-anyelse-net,tarooot.com,loxonac515,2025-05-19,https://www.threads.com/@loxonac515/post/DJ1FyHPJPeo,https://tarooot.com/Product/YourSixthSense,,,0.0,tarooot.com,['cand-anyelse-net'],1,Daily Lives & Astrology Chart Readings Calculating wealth and love fortunes based on astrology and birth dates. Book A Private Reading👇 WhatsApp: （852）59332856 ,sweep_b3_hits.csv
2026-09-10_11-11-19,cand-anyelse-net,tarooot.com,loxonac515,2025-05-19,https://www.threads.com/@loxonac515/post/DJ02VIHpA4x,https://tarooot.com/Product/YourSixthSense,,,0.0,tarooot.com,['cand-anyelse-net'],1,Daily Lives & Astrology Chart Readings Calculating wealth and love fortunes based on astrology and birth dates. Book A Private Reading👇 WhatsApp: （852）59332856 ,sweep_b3_hits.csv
2026-09-10_11-11-19,cand-anyelse-net,tarooot.com,lvv86689,2025-05-19,https://www.threads.com/@lvv86689/post/DJ0sogJp4mk,https://tarooot.com/Product/YourSixthSense,,,0.0,tarooot.com,['cand-anyelse-net'],1,"🔮 Pathfinder Sessions  🪐 Birth Chart Highlights 🌙 Tarot Card Spreads Skilled in divination, predicting wealth and career development. ✉️ DM Now: +852 5933 2856 ",sweep_b3_hits.csv
2026-09-10_11-11-19,cand-anyelse-net,tarooot.com,kadowatavuch,2025-05-19,https://www.threads.com/@kadowatavuch/post/DJ0rQjIJccA,https://tarooot.com/Product/LoveCelticCross,,,0.0,tarooot.com,['cand-anyelse-net'],1,"💖Love prediction👩‍❤️‍💋‍👩  Astrology & Tarot Readings Available Skilled in combining tarot and astrology for career planning, career development, resolving workp",sweep_b3_hits.csv
2026-09-10_11-11-19,cand-anyelse-net,tarooot.com,shaoqianglee,2025-05-19,https://www.threads.com/@shaoqianglee/post/DJ0ahZvJsza,https://tarooot.com/Product/RelationCelticCross,,,0.0,tarooot.com,['cand-anyelse-net'],1,"🔮 Personalized Astrology Insights  ▷ 1-on-1 WhatsApp Guidance Skilled in synastry chart analysis, using astrology to resolve conflicts between couples and spous",sweep_b3_hits.csv
2026-09-10_11-11-19,cand-anyelse-net,tarooot.com,loxonac515,2025-05-19,https://www.threads.com/@loxonac515/post/DJ0T6keJF92,https://tarooot.com/Product/YourSixthSense,,,0.0,tarooot.com,['cand-anyelse-net'],1,Daily Lives & Astrology Chart Readings Calculating wealth and love fortunes based on astrology and birth dates. Book A Private Reading👇 WhatsApp: （852）59332856 ,sweep_b3_hits.csv
2026-09-10_11-11-19,cand-anyelse-net,tarooot.com,shaoqianglee,2025-05-19,https://www.threads.com/@shaoqianglee/post/DJ0SLadp1Cg,https://tarooot.com/Product/RelationCelticCross,,,0.0,tarooot.com,['cand-anyelse-net'],1,"🔮 Personalized Astrology Insights  ▷ 1-on-1 WhatsApp Guidance Skilled in synastry chart analysis, using astrology to resolve conflicts between couples and spous",sweep_b3_hits.csv
2026-09-10_11-11-19,cand-anyelse-net,tarooot.com,kadowatavuch,2025-05-19,https://www.threads.com/@kadowatavuch/post/DJ0SJnhpJJG,https://tarooot.com/Product/LoveCelticCross,,,0.0,tarooot.com,['cand-anyelse-net'],1,"💖Love prediction👩‍❤️‍💋‍👩  Astrology & Tarot Readings Available Skilled in combining tarot and astrology for career planning, career development, resolving workp",sweep_b3_hits.csv
2026-09-10_11-11-19,cand-anyelse-net,tarooot.com,chikatengsen,2025-05-19,https://www.threads.com/@chikatengsen/post/DJ0SI1qp6FI,https://tarooot.com/Product/RelationCelticCross,,,0.0,tarooot.com,['cand-anyelse-net'],1,"✦ Today's Key Cosmic Energy  ✦ Tarot Reading → Guidance for Love & Career decisions. Divination expert, combining psychology and mysticism to provide guidance o",sweep_b3_hits.csv
2026-09-10_11-11-19,cand-anyelse-net,tarooot.com,loxonac515,2025-05-19,https://www.threads.com/@loxonac515/post/DJ0SIUjJPg3,https://tarooot.com/Product/YourSixthSense,,,0.0,tarooot.com,['cand-anyelse-net'],1,Daily Lives & Astrology Chart Readings Calculating wealth and love fortunes based on astrology and birth dates. Book A Private Reading👇 WhatsApp: （852）59332856 ,sweep_b3_hits.csv
2026-09-10_11-11-19,cand-anyelse-net,tarooot.com,chikatengsen,2025-05-19,https://www.threads.com/@chikatengsen/post/DJ0P9ubJO_K,https://tarooot.com/Product/RelationCelticCross,,,0.0,tarooot.com,['cand-anyelse-net'],1,"✦ Today's Key Cosmic Energy  ✦ Tarot Reading → Guidance for Love & Career decisions. Divination expert, combining psychology and mysticism to provide guidance o",sweep_b3_hits.csv
2026-09-10_11-11-19,cand-anyelse-net,tarooot.com,chikatengsen,2025-05-19,https://www.threads.com/@chikatengsen/post/DJ0P9sepegw,https://tarooot.com/Product/RelationCelticCross,,,0.0,tarooot.com,['cand-anyelse-net'],1,"✦ Today's Key Cosmic Energy  ✦ Tarot Reading → Guidance for Love & Career decisions. Divination expert, combining psychology and mysticism to provide guidance o",sweep_b3_hits.csv
2026-09-10_11-11-19,cand-anyelse-net,tarooot.com,loxonac515,2025-05-19,https://www.threads.com/@loxonac515/post/DJ0PM8GJBq4,https://tarooot.com/Product/YourSixthSense,,,0.0,tarooot.com,['cand-anyelse-net'],1,Daily Lives & Astrology Chart Readings Calculating wealth and love fortunes based on astrology and birth dates. Book A Private Reading👇 WhatsApp: （852）59332856 ,sweep_b3_hits.csv
2026-09-10_11-11-19,cand-anyelse-net,tarooot.com,kadowatavuch,2025-05-19,https://www.threads.com/@kadowatavuch/post/DJ0PMQSpjVt,https://tarooot.com/Product/LoveCelticCross,,,2.0,tarooot.com,['cand-anyelse-net'],1,"💖Love prediction👩‍❤️‍💋‍👩  Astrology & Tarot Readings Available Skilled in combining tarot and astrology for career planning, career development, resolving workp",sweep_b3_hits.csv
2026-09-10_11-11-19,cand-anyelse-net,tarooot.com,kadowatavuch,2025-05-19,https://www.threads.com/@kadowatavuch/post/DJ0PIRCpXuL,https://tarooot.com/Product/LoveCelticCross,,,0.0,tarooot.com,['cand-anyelse-net'],1,"💖Love prediction👩‍❤️‍💋‍👩  Astrology & Tarot Readings Available Skilled in combining tarot and astrology for career planning, career development, resolving workp",sweep_b3_hits.csv
2026-09-10_11-11-19,cand-anyelse-net,tarooot.com,shaoqianglee,2025-05-19,https://www.threads.com/@shaoqianglee/post/DJ0O7vMJUqQ,https://tarooot.com/Product/RelationCelticCross,,,0.0,tarooot.com,['cand-anyelse-net'],1,"🔮 Personalized Astrology Insights  ▷ 1-on-1 WhatsApp Guidance Skilled in synastry chart analysis, using astrology to resolve conflicts between couples and spous",sweep_b3_hits.csv
2026-09-10_11-11-19,cand-anyelse-net,tarooot.com,shaoqianglee,2025-05-19,https://www.threads.com/@shaoqianglee/post/DJ0O7thp2bq,https://tarooot.com/Product/RelationCelticCross,,,1.0,tarooot.com,['cand-anyelse-net'],1,"🔮 Personalized Astrology Insights  ▷ 1-on-1 WhatsApp Guidance Skilled in synastry chart analysis, using astrology to resolve conflicts between couples and spous",sweep_b3_hits.csv
2026-09-10_11-11-19,cand-anyelse-net,tarooot.com,lvv86689,2025-05-18,https://www.threads.com/@lvv86689/post/DJzGJqvp6VN,https://tarooot.com/Product/YourSixthSense,,,0.0,tarooot.com,['cand-anyelse-net'],1,"🔮 Pathfinder Sessions  🪐 Birth Chart Highlights 🌙 Tarot Card Spreads Skilled in divination, predicting wealth and career development. ✉️ DM Now: +852 5933 2856 ",sweep_b3_hits.csv
2026-09-10_11-11-19,cand-anyelse-net,tarooot.com,loxonac515,2025-05-18,https://www.threads.com/@loxonac515/post/DJzC-Z8phPt,https://tarooot.com/Product/YourSixthSense,,,0.0,tarooot.com,['cand-anyelse-net'],1,Daily Lives & Astrology Chart Readings Calculating wealth and love fortunes based on astrology and birth dates. Book A Private Reading👇 WhatsApp: （852）59332856 ,sweep_b3_hits.csv
2026-09-10_11-11-19,cand-anyelse-net,tarooot.com,chikatengsen,2025-05-18,https://www.threads.com/@chikatengsen/post/DJzAfOyJ1iO,https://tarooot.com/Product/RelationCelticCross,,,0.0,tarooot.com,['cand-anyelse-net'],1,"✦ Today's Key Cosmic Energy  ✦ Tarot Reading → Guidance for Love & Career decisions. Divination expert, combining psychology and mysticism to provide guidance o",sweep_b3_hits.csv
2026-09-10_11-11-19,cand-anyelse-net,tarooot.com,shaoqianglee,2025-05-18,https://www.threads.com/@shaoqianglee/post/DJy_Hg1JGVo,https://tarooot.com/Product/RelationCelticCross,,,1.0,tarooot.com,['cand-anyelse-net'],1,"🔮 Personalized Astrology Insights  ▷ 1-on-1 WhatsApp Guidance Skilled in synastry chart analysis, using astrology to resolve conflicts between couples and spous",sweep_b3_hits.csv
2026-09-10_11-11-19,cand-anyelse-net,tarooot.com,kadowatavuch,2025-05-18,https://www.threads.com/@kadowatavuch/post/DJy6ZGNJ-Po,https://tarooot.com/Product/LoveCelticCross,,,0.0,tarooot.com,['cand-anyelse-net'],1,"💖Love prediction👩‍❤️‍💋‍👩  Astrology & Tarot Readings Available Skilled in combining tarot and astrology for career planning, career development, resolving workp",sweep_b3_hits.csv
2026-09-10_11-11-19,cand-anyelse-net,tarooot.com,loxonac515,2025-05-18,https://www.threads.com/@loxonac515/post/DJypp6vJdAE,https://tarooot.com/Product/YourSixthSense,,,0.0,tarooot.com,['cand-anyelse-net'],1,Daily Lives & Astrology Chart Readings Calculating wealth and love fortunes based on astrology and birth dates. Book A Private Reading👇 WhatsApp: （852）59332856 ,sweep_b3_hits.csv
2026-09-10_11-11-19,cand-anyelse-net,tarooot.com,chikatengsen,2025-05-18,https://www.threads.com/@chikatengsen/post/DJycF_OpKpQ,https://tarooot.com/Product/RelationCelticCross,,,0.0,tarooot.com,['cand-anyelse-net'],1,"✦ Today's Key Cosmic Energy  ✦ Tarot Reading → Guidance for Love & Career decisions. Divination expert, combining psychology and mysticism to provide guidance o",sweep_b3_hits.csv
2026-09-10_11-11-19,cand-anyelse-net,tarooot.com,kadowatavuch,2025-05-18,https://www.threads.com/@kadowatavuch/post/DJyWxfXJ4_V,https://tarooot.com/Product/LoveCelticCross,,,0.0,tarooot.com,['cand-anyelse-net'],1,"💖Love prediction👩‍❤️‍💋‍👩  Astrology & Tarot Readings Available Skilled in combining tarot and astrology for career planning, career development, resolving workp",sweep_b3_hits.csv
2026-09-10_11-11-19,cand-anyelse-net,tarooot.com,shaoqianglee,2025-05-18,https://www.threads.com/@shaoqianglee/post/DJyNgJIJILC,https://tarooot.com/Product/RelationCelticCross,,,0.0,tarooot.com,['cand-anyelse-net'],1,"🔮 Personalized Astrology Insights  ▷ 1-on-1 WhatsApp Guidance Skilled in synastry chart analysis, using astrology to resolve conflicts between couples and spous",sweep_b3_hits.csv
2026-09-10_11-11-19,cand-anyelse-net,tarooot.com,loxonac515,2025-05-18,https://www.threads.com/@loxonac515/post/DJyMTK4J4V8,https://tarooot.com/Product/YourSixthSense,,,0.0,tarooot.com,['cand-anyelse-net'],1,Daily Lives & Astrology Chart Readings Calculating wealth and love fortunes based on astrology and birth dates. Book A Private Reading👇 WhatsApp: （852）59332856 ,sweep_b3_hits.csv
2026-09-10_11-11-19,cand-anyelse-net,tarooot.com,chikatengsen,2025-05-18,https://www.threads.com/@chikatengsen/post/DJyC3IiJYqd,https://tarooot.com/Product/RelationCelticCross,,,0.0,tarooot.com,['cand-anyelse-net'],1,"✦ Today's Key Cosmic Energy  ✦ Tarot Reading → Guidance for Love & Career decisions. Divination expert, combining psychology and mysticism to provide guidance o",sweep_b3_hits.csv
2026-09-10_11-11-19,cand-anyelse-net,tarooot.com,shaoqianglee,2025-05-18,https://www.threads.com/@shaoqianglee/post/DJx-vQpJ0Zh,https://tarooot.com/Product/RelationCelticCross,,,0.0,tarooot.com,['cand-anyelse-net'],1,"🔮 Personalized Astrology Insights  ▷ 1-on-1 WhatsApp Guidance Skilled in synastry chart analysis, using astrology to resolve conflicts between couples and spous",sweep_b3_hits.csv
2026-09-10_11-11-19,cand-anyelse-net,tarooot.com,chikatengsen,2025-05-18,https://www.threads.com/@chikatengsen/post/DJx0RSUpWWA,https://tarooot.com/Product/RelationCelticCross,,,0.0,tarooot.com,['cand-anyelse-net'],1,"✦ Today's Key Cosmic Energy  ✦ Tarot Reading → Guidance for Love & Career decisions. Divination expert, combining psychology and mysticism to provide guidance o",sweep_b3_hits.csv
2026-09-10_11-11-19,cand-anyelse-net,tarooot.com,lvv86689,2025-05-18,https://www.threads.com/@lvv86689/post/DJxzUnfpbv9,https://tarooot.com/Product/YourSixthSense,,,0.0,tarooot.com,['cand-anyelse-net'],1,"🔮 Pathfinder Sessions  🪐 Birth Chart Highlights 🌙 Tarot Card Spreads Skilled in divination, predicting wealth and career development. ✉️ DM Now: +852 5933 2856 ",sweep_b3_hits.csv
2026-09-10_11-11-19,cand-anyelse-net,tarooot.com,shaoqianglee,2025-05-18,https://www.threads.com/@shaoqianglee/post/DJxzUn6pYNm,https://tarooot.com/Product/RelationCelticCross,,,1.0,tarooot.com,['cand-anyelse-net'],1,"🔮 Personalized Astrology Insights  ▷ 1-on-1 WhatsApp Guidance Skilled in synastry chart analysis, using astrology to resolve conflicts between couples and spous",sweep_b3_hits.csv
2026-09-10_11-11-19,cand-anyelse-net,tarooot.com,lvv86689,2025-05-18,https://www.threads.com/@lvv86689/post/DJxt1YiJaDu,https://tarooot.com/Product/YourSixthSense,,,0.0,tarooot.com,['cand-anyelse-net'],1,"🔮 Pathfinder Sessions  🪐 Birth Chart Highlights 🌙 Tarot Card Spreads Skilled in divination, predicting wealth and career development. ✉️ DM Now: +852 5933 2856 ",sweep_b3_hits.csv
2026-09-10_11-11-19,cand-anyelse-net,tarooot.com,chikatengsen,2025-05-17,https://www.threads.com/@chikatengsen/post/DJxBHgzpo18,https://tarooot.com/Product/RelationCelticCross,,,0.0,tarooot.com,['cand-anyelse-net'],1,"✦ Today's Key Cosmic Energy  ✦ Tarot Reading → Guidance for Love & Career decisions. Divination expert, combining psychology and mysticism to provide guidance o",sweep_b3_hits.csv
2026-09-10_11-11-19,cand-anyelse-net,tarooot.com,shaoqianglee,2025-05-16,https://www.threads.com/@shaoqianglee/post/DJtqRuyp-kx,https://tarooot.com/Product/RelationCelticCross,,,0.0,tarooot.com,['cand-anyelse-net'],1,"🔮 Personalized Astrology Insights  ▷ 1-on-1 WhatsApp Guidance Skilled in synastry chart analysis, using astrology to resolve conflicts between couples and spous",sweep_b3_hits.csv
2026-09-10_11-11-19,cand-anyelse-net,tarooot.com,chikatengsen,2025-05-16,https://www.threads.com/@chikatengsen/post/DJtOudlJQji,https://tarooot.com/Product/RelationCelticCross,,,0.0,tarooot.com,['cand-anyelse-net'],1,"✦ Today's Key Cosmic Energy  ✦ Tarot Reading → Guidance for Love & Career decisions. Divination expert, combining psychology and mysticism to provide guidance o",sweep_b3_hits.csv
2026-09-10_11-11-19,cand-anyelse-net,tarooot.com,chikatengsen,2025-05-16,https://www.threads.com/@chikatengsen/post/DJsv_77JRVl,https://tarooot.com/Product/RelationCelticCross,,,0.0,tarooot.com,['cand-anyelse-net'],1,"✦ Today's Key Cosmic Energy  ✦ Tarot Reading → Guidance for Love & Career decisions. Divination expert, combining psychology and mysticism to provide guidance o",sweep_b3_hits.csv
2026-09-10_11-11-19,cand-anyelse-net,tarooot.com,lvv86689,2025-05-16,https://www.threads.com/@lvv86689/post/DJsb6Y0pGF3,https://tarooot.com/Product/YourSixthSense,,,0.0,tarooot.com,['cand-anyelse-net'],1,"🔮 Pathfinder Sessions  🪐 Birth Chart Highlights 🌙 Tarot Card Spreads Skilled in divination, predicting wealth and career development. ✉️ DM Now: +852 5933 2856 ",sweep_b3_hits.csv
2026-09-10_11-11-19,cand-anyelse-net,tarooot.com,kadowatavuch,2025-05-15,https://www.threads.com/@kadowatavuch/post/DJsCVp2JjHr,https://tarooot.com/Product/LoveCelticCross,,,0.0,tarooot.com,['cand-anyelse-net'],1,"💖Love prediction👩‍❤️‍💋‍👩  Astrology & Tarot Readings Available Skilled in combining tarot and astrology for career planning, career development, resolving workp",sweep_b3_hits.csv
2026-09-10_11-11-19,cand-anyelse-net,tarooot.com,shaoqianglee,2025-05-15,https://www.threads.com/@shaoqianglee/post/DJrogElpdlc,https://tarooot.com/Product/RelationCelticCross,,,0.0,tarooot.com,['cand-anyelse-net'],1,"🔮 Personalized Astrology Insights  ▷ 1-on-1 WhatsApp Guidance Skilled in synastry chart analysis, using astrology to resolve conflicts between couples and spous",sweep_b3_hits.csv
2026-09-10_11-11-19,cand-anyelse-net,tarooot.com,lvv86689,2025-05-15,https://www.threads.com/@lvv86689/post/DJrmh18JNHy,https://tarooot.com/Product/YourSixthSense,,,0.0,tarooot.com,['cand-anyelse-net'],1,"🔮 Pathfinder Sessions  🪐 Birth Chart Highlights 🌙 Tarot Card Spreads Skilled in divination, predicting wealth and career development. ✉️ DM Now: +852 5933 2856 ",sweep_b3_hits.csv
2026-09-10_11-11-19,cand-anyelse-net,tarooot.com,loxonac515,2025-05-15,https://www.threads.com/@loxonac515/post/DJrisLkpEbT,https://tarooot.com/Product/YourSixthSense,,,0.0,tarooot.com,['cand-anyelse-net'],1,Daily Lives & Astrology Chart Readings Calculating wealth and love fortunes based on astrology and birth dates. Book A Private Reading👇 WhatsApp: （852）59332856 ,sweep_b3_hits.csv
2026-09-10_11-11-19,cand-anyelse-net,tarooot.com,shaoqianglee,2025-05-14,https://www.threads.com/@shaoqianglee/post/DJniND5J-ju,https://tarooot.com/Product/RelationCelticCross,,,0.0,tarooot.com,['cand-anyelse-net'],1,"🔮 Personalized Astrology Insights  ▷ 1-on-1 WhatsApp Guidance Skilled in synastry chart analysis, using astrology to resolve conflicts between couples and spous",sweep_b3_hits.csv
2026-09-10_11-11-19,cand-anyelse-net,tarooot.com,kadowatavuch,2025-05-14,https://www.threads.com/@kadowatavuch/post/DJnftmwptKh,https://tarooot.com/Product/LoveCelticCross,,,0.0,tarooot.com,['cand-anyelse-net'],1,"💖Love prediction👩‍❤️‍💋‍👩  Astrology & Tarot Readings Available Skilled in combining tarot and astrology for career planning, career development, resolving workp",sweep_b3_hits.csv
2026-09-10_11-11-19,cand-anyelse-net,tarooot.com,chikatengsen,2025-05-13,https://www.threads.com/@chikatengsen/post/DJm8sgqpWR5,https://tarooot.com/Product/RelationCelticCross,,,0.0,tarooot.com,['cand-anyelse-net'],1,"✦ Today's Key Cosmic Energy  ✦ Tarot Reading → Guidance for Love & Career decisions. Divination expert, combining psychology and mysticism to provide guidance o",sweep_b3_hits.csv
2026-09-10_11-11-19,cand-anyelse-net,tarooot.com,shaoqianglee,2025-05-13,https://www.threads.com/@shaoqianglee/post/DJm4v6RpQro,https://tarooot.com/Product/RelationCelticCross,,,0.0,tarooot.com,['cand-anyelse-net'],1,"🔮 Personalized Astrology Insights  ▷ 1-on-1 WhatsApp Guidance Skilled in synastry chart analysis, using astrology to resolve conflicts between couples and spous",sweep_b3_hits.csv
2026-09-10_11-11-19,cand-anyelse-net,tarooot.com,chikatengsen,2025-05-13,https://www.threads.com/@chikatengsen/post/DJmjuKupNRA,https://tarooot.com/Product/RelationCelticCross,,,0.0,tarooot.com,['cand-anyelse-net'],1,"✦ Today's Key Cosmic Energy  ✦ Tarot Reading → Guidance for Love & Career decisions. Divination expert, combining psychology and mysticism to provide guidance o",sweep_b3_hits.csv
2026-09-10_11-11-19,cand-anyelse-net,tarooot.com,loxonac515,2025-05-13,https://www.threads.com/@loxonac515/post/DJme_zJJRmp,https://tarooot.com/Product/YourSixthSense,,,0.0,tarooot.com,['cand-anyelse-net'],1,Daily Lives & Astrology Chart Readings Calculating wealth and love fortunes based on astrology and birth dates. Book A Private Reading👇 WhatsApp: （852）59332856 ,sweep_b3_hits.csv
2026-09-10_11-11-19,cand-anyelse-net,tarooot.com,lvv86689,2025-05-13,https://www.threads.com/@lvv86689/post/DJmc8IopyGw,https://tarooot.com/Product/YourSixthSense,,,0.0,tarooot.com,['cand-anyelse-net'],1,"🔮 Pathfinder Sessions  🪐 Birth Chart Highlights 🌙 Tarot Card Spreads Skilled in divination, predicting wealth and career development. ✉️ DM Now: +852 5933 2856 ",sweep_b3_hits.csv
2026-09-10_11-11-19,cand-anyelse-net,tarooot.com,chikatengsen,2025-05-13,https://www.threads.com/@chikatengsen/post/DJma4NnJ3o4,https://tarooot.com/Product/RelationCelticCross,,,0.0,tarooot.com,['cand-anyelse-net'],1,"✦ Today's Key Cosmic Energy  ✦ Tarot Reading → Guidance for Love & Career decisions. Divination expert, combining psychology and mysticism to provide guidance o",sweep_b3_hits.csv
2026-09-10_11-11-19,cand-anyelse-net,tarooot.com,shaoqianglee,2025-05-13,https://www.threads.com/@shaoqianglee/post/DJmZxIlpj1S,https://tarooot.com/Product/RelationCelticCross,,,0.0,tarooot.com,['cand-anyelse-net'],1,"🔮 Personalized Astrology Insights  ▷ 1-on-1 WhatsApp Guidance Skilled in synastry chart analysis, using astrology to resolve conflicts between couples and spous",sweep_b3_hits.csv
2026-09-10_11-11-19,cand-anyelse-net,tarooot.com,shaoqianglee,2025-05-13,https://www.threads.com/@shaoqianglee/post/DJk2zB7pMPm,https://tarooot.com/Product/RelationCelticCross,,,0.0,tarooot.com,['cand-anyelse-net'],1,"🔮 Personalized Astrology Insights  ▷ 1-on-1 WhatsApp Guidance Skilled in synastry chart analysis, using astrology to resolve conflicts between couples and spous",sweep_b3_hits.csv
2026-09-10_11-11-19,cand-anyelse-net,tarooot.com,kadowatavuch,2025-05-13,https://www.threads.com/@kadowatavuch/post/DJk1xMQJP54,https://tarooot.com/Product/LoveCelticCross,,,0.0,tarooot.com,['cand-anyelse-net'],1,"💖Love prediction👩‍❤️‍💋‍👩  Astrology & Tarot Readings Available Skilled in combining tarot and astrology for career planning, career development, resolving workp",sweep_b3_hits.csv
2026-09-10_11-11-19,cand-anyelse-net,tarooot.com,chikatengsen,2025-05-13,https://www.threads.com/@chikatengsen/post/DJk1bMSpO4V,https://tarooot.com/Product/RelationCelticCross,,,0.0,tarooot.com,['cand-anyelse-net'],1,"✦ Today's Key Cosmic Energy  ✦ Tarot Reading → Guidance for Love & Career decisions. Divination expert, combining psychology and mysticism to provide guidance o",sweep_b3_hits.csv
2026-09-10_11-11-19,cand-anyelse-net,tarooot.com,chikatengsen,2025-05-13,https://www.threads.com/@chikatengsen/post/DJktLyVpmq7,https://tarooot.com/Product/RelationCelticCross,,,0.0,tarooot.com,['cand-anyelse-net'],1,"✦ Today's Key Cosmic Energy  ✦ Tarot Reading → Guidance for Love & Career decisions. Divination expert, combining psychology and mysticism to provide guidance o",sweep_b3_hits.csv
2026-09-10_11-11-19,cand-anyelse-net,tarooot.com,shaoqianglee,2025-05-13,https://www.threads.com/@shaoqianglee/post/DJkq3ekJCGg,https://tarooot.com/Product/RelationCelticCross,,,0.0,tarooot.com,['cand-anyelse-net'],1,"🔮 Personalized Astrology Insights  ▷ 1-on-1 WhatsApp Guidance Skilled in synastry chart analysis, using astrology to resolve conflicts between couples and spous",sweep_b3_hits.csv
2026-09-10_11-11-19,cand-anyelse-net,tarooot.com,loxonac515,2025-05-12,https://www.threads.com/@loxonac515/post/DJkojKup3Q8,https://tarooot.com/Product/YourSixthSense,,,0.0,tarooot.com,['cand-anyelse-net'],1,Daily Lives & Astrology Chart Readings Calculating wealth and love fortunes based on astrology and birth dates. Book A Private Reading👇 WhatsApp: （852）59332856 ,sweep_b3_hits.csv
2026-09-08_23-23-23,cand-thai-narrative-amplifiers,harianaceh.co.id,harianacehindonesia,2025-10-31,https://www.threads.com/@harianacehindonesia/post/DQeHeD5k4BH,https://www.harianaceh.co.id/2025/10/31/habib-jafar-doakan-onad-tobat-tak-ada-toleransi-untuk-narkoba/,,,0.0,gelora.co,[],0,Habib Ja’far Doakan Onad Tobat: Tak Ada Toleransi untuk Narkoba GELORA.CO -Musisi sekaligus artis Onadio Leonardo menjadi sorotan publik setelah ditangkap polis,sweep_b4_hits.csv
2026-09-08_23-23-23,cand-thai-narrative-amplifiers,harianaceh.co.id,harianacehindonesia,2025-11-07,https://www.threads.com/@harianacehindonesia/post/DQv3ZmmgYGn,https://www.harianaceh.co.id/2025/11/07/bnn-dan-polda-aceh-musnahkan-69-ton-ganja-di-aceh-utara/,,,0.0,harianaceh.co.id,['cand-thai-narrative-amplifiers'],1,BNN dan Polda Aceh Musnahkan 69 Ton Ganja di Aceh Utara HARIANACEH.co.id — Badan Narkotika Nasional (BNN) bersama Polda Aceh memusnahkan 69 ton ganja di kawasan,sweep_b4_hits.csv
2026-09-08_23-23-23,cand-thai-narrative-amplifiers,harianaceh.co.id,harianacehindonesia,2025-11-07,https://www.threads.com/@harianacehindonesia/post/DQvgUEQEqz6,https://www.harianaceh.co.id/2025/11/07/murid-tk-rumah-quran-wahdah-islamiyah-02-raih-juara-2-lomba-hafalan-surah-pendek/,,,0.0,harianaceh.co.id,['cand-thai-narrative-amplifiers'],1,"Murid TK Rumah Qur’an Wahdah Islamiyah 02 Raih Juara 2 Lomba Hafalan Surah Pendek HARIANACEH.co.id – Prestasi membanggakan diraih oleh Misya Almahyra, murid TK ",sweep_b4_hits.csv
2026-09-08_23-23-23,ref-active,teepr.com,teeprnews,2024-06-10,https://www.threads.com/@teeprnews/post/C8BjPiwvHcw,http://teepr.com/1327700/cindyleung/環球ok手勢,,,1.0,teepr.com,['ref-active'],1,👉🏻 teepr.com/13277… 2 / 2,sweep_b4_hits.csv
2026-09-08_23-23-23,ref-active,teepr.com,teeprnews,2024-06-03,https://www.threads.com/@teeprnews/post/C7vT_ubPT3p,http://teepr.com/1661443/mollylin/毛若懿父子/,,,11.0,teepr.com,['ref-active'],1,老爸太帥了🥺 teepr.com/16614… 2 / 2,sweep_b4_hits.csv
2026-09-08_23-23-23,ref-active,teepr.com,teeprnews,2024-06-01,https://www.threads.com/@teeprnews/post/C7qgpevPwJu,http://teepr.com/1755101/mollylin/孫安佐失控-2/,,,0.0,teepr.com,['ref-active'],1,狄鶯表示對阿乃失望 teepr.com/17551… 2 / 2,sweep_b4_hits.csv
2026-09-08_23-23-23,ref-active,teepr.com,teeprnews,2024-06-01,https://www.threads.com/@teeprnews/post/C7qVmZtPPVq,http://teepr.com/1673019/valentinawu/舅公的老婆/,,,5.0,teepr.com,['ref-active'],1,正確解答公開 teepr.com/16730… 2 / 2,sweep_b4_hits.csv
2026-09-08_23-23-23,ref-active,teepr.com,teeprnews,2023-07-06,https://www.threads.com/@teeprnews/post/CuV7RFXvIkN,https://www.teepr.com/,,,0.0,teepr.com,['ref-active'],1,我們的官網是這個喔~ teepr.com,sweep_b4_hits.csv
