編號,網域,創建日期,D3,D4,D5,entity,method,conf
1,onlytoppc24.com,2023-06-20T15:13:38,A,SHOP,ECOM,PChome,rule-desc,H
2,tobuyersepc24.com,2023-06-28T11:07:03,A,SHOP,ECOM,PChome,rule-desc,H
3,sharefunpc24.com,2023-06-16T07:47:32,A,SHOP,ECOM,PChome,rule-desc,H
4,topbuypc24.com,2023-06-30T11:36:28,A,SHOP,ECOM,PChome,rule-desc,H
5,comeinpc24.com,2023-07-04T05:29:21,A,SHOP,ECOM,PChome25h,rule-desc,H
6,justfunpc24.com,2023-07-19T07:01:41,A,SHOP,ECOM,PChome,rule-desc,H
7,emord.top,2022-11-14T02:06:27,A,SHOP,ECOM,樂信,rule-desc,H
8,qsoern.com,2022-07-27T01:10:27,A,SHOP,ECOM,樂信,rule-desc,H
9,cqddzz.com,2021-10-12T01:20:30,A,SHOP,ECOM,樂信,rule-desc,H
10,rakuteyzhg.shop,2023-04-06T09:59:15,A,SHOP,ECOM,台灣樂天,rule-desc,H
11,rakutennk.com,2023-07-24T16:25:20,A,SHOP,ECOM,台灣樂天,rule-desc,H
12,rakutenccb.com,2023-06-29T06:26:02,A,SHOP,ECOM,台灣樂天,rule-desc,H
13,letang888.com,2022-11-07T08:41:26,A,SHOP,ECOM,台灣樂天,rule-desc,H
14,hiseud.com,2023-06-20T15:13:38,A,SHOP,ECOM,樂信,rule-desc,H
15,agftyf.shop,2023-05-31T08:22:05,A,SHOP,ECOM,樂信,rule-desc,H
16,momotwafvb.store,2023-08-05T11:04:43,A,SHOP,ECOM,樂信,rule-desc,H
17,momoshopasian.com,2023-08-05T11:04:43,A,SHOP,ECOM,mom,rule-desc,H
18,rakutens-buyer.com,2023-08-22T07:11:11,A,SHOP,ECOM,台灣樂天,rule-desc,H
19,ldscshop.online,2023-06-20T15:13:38,A,SHOP,ECOM,宜睿智慧發行肯德基即享券,rule-desc,H
20,zhkvgshop.online,2023-09-05T07:28:13,A,SHOP,ECOM,宜睿智慧發行肯德基即享券,rule-desc,H
21,usieo.top,2023-05-24T01:44:24,A,SHOP,ECOM,樂信,rule-desc,H
22,rkeos.top,2023-04-26T03:29:20,A,SHOP,ECOM,樂信,rule-desc,H
23,sudok.top,2022-09-23T01:20:55,A,SHOP,ECOM,樂信,rule-desc,H
24,resik.top,2023-02-03T01:43:36,A,SHOP,ECOM,樂信,rule-desc,H
25,fzgtsdf.shop,2023-08-09T02:11:10,A,SHOP,ECOM,樂信,rule-desc,H
26,qnuis.top,2022-06-06T16:07:19,A,SHOP,ECOM,樂信,rule-desc,H
27,jeksvt.com,2022-10-27T01:34:18,A,SHOP,ECOM,樂信,rule-desc,H
28,nerks.top,2022-09-20T07:40:01,A,SHOP,ECOM,樂信,rule-desc,H
29,jsoka.top,2023-04-15T01:28:42,A,SHOP,ECOM,樂信,rule-desc,H
30,tsiod.top,2023-03-24T01:04:43,A,SHOP,ECOM,樂信,rule-desc,H
31,tsuioe.com,2022-11-26T02:58:18,A,SHOP,ECOM,樂信,rule-desc,H
32,cokst.com,2023-05-04T02:47:21,A,SHOP,ECOM,樂信,rule-desc,H
33,fdsbbb.top,2023-04-13T07:20:57,A,SHOP,ECOM,樂信,rule-desc,H
34,twcatea.club,2023-07-31T05:08:53,A,SHOP,ECOM,博客來,rule-desc,H
35,rakutenow.com,2023-08-02T14:30:43,A,SHOP,ECOM,樂天,rule-desc,H
36,pc24user.com,2023-09-28T15:15:04,A,SHOP,ECOM,PChome官方網站竊取帳密,rule-desc,H
37,sveint.com,2023-04-10T06:23:02,A,SHOP,ECOM,樂信,rule-desc,H
38,cikor.top,2023-01-29T06:45:47,A,SHOP,ECOM,樂信,rule-desc,H
39,trcems.com,2023-06-20T15:13:38,A,SHOP,ECOM,樂信,rule-desc,H
40,druis.top,2022-11-26T02:58:13,A,SHOP,ECOM,樂信,rule-desc,H
41,miurn.top,2022-10-27T01:34:11,A,SHOP,ECOM,樂信,rule-desc,H
42,tw.ashersanc.online,2023-06-20T15:13:38,A,SHOP,ECOM,樂信,rule-desc,H
43,qeermn.com,2022-09-22T02:10:24,A,SHOP,ECOM,樂信,rule-desc,H
44,qeyuwa.shop,2023-06-06T02:57:21,A,SHOP,ECOM,樂信,rule-desc,H
45,aobeibi.shop,2023-06-06T02:57:21,A,SHOP,ECOM,樂信,rule-desc,H
46,kureshangcheng.shop,2023-10-22T10:51:05,A,SHOP,ECOM,樂信,rule-desc,H
47,lekebaihuo.shop,2023-08-29T14:45:11,A,SHOP,ECOM,樂信,rule-desc,H
48,karus.top,2023-08-31T08:03:30,A,SHOP,ECOM,樂信,rule-desc,H
49,mmntsu.shop,2023-07-19T01:09:58,A,SHOP,ECOM,MOMO,rule-desc,H
50,neioa.top,2023-03-24T01:04:45,A,SHOP,ECOM,樂信,rule-desc,H
51,colaresearchclub.vip,2023-11-08T02:25:57,A,SHOP,ECOM,樂信,rule-desc,H
52,tw.kathleens.asia,2023-08-12T02:08:05,A,SHOP,ECOM,樂信,rule-desc,H
53,fsibe.top,2023-02-03T01:43:34,A,SHOP,ECOM,樂信,rule-desc,H
54,beuis.top,2023-01-29T06:45:48,A,SHOP,ECOM,樂信,rule-desc,H
55,reois.top,2022-09-23T01:20:56,A,SHOP,ECOM,樂信,rule-desc,H
56,oeips.top,2022-11-26T02:58:14,A,SHOP,ECOM,樂信,rule-desc,H
57,yusq.shop,2023-05-16T11:01:59,A,SHOP,ECOM,OB嚴選,rule-desc,H
58,rakutenxk.com,2023-09-26T02:24:04,A,SHOP,ECOM,樂天,rule-desc,H
59,aecisu.com,2023-01-29T06:45:51,A,SHOP,ECOM,樂信,rule-desc,H
60,sauiet.com,2023-03-24T01:04:48,A,SHOP,ECOM,樂信,rule-desc,H
61,jpedcf.shop,2023-09-27T01:47:14,A,SHOP,ECOM,樂信,rule-desc,H
62,shopline-sg.net,2023-06-20T15:13:38,A,SHOP,ECOM,商線科技購物網,rule-desc,H
63,khves.top,2023-05-24T01:44:26,A,SHOP,ECOM,樂信,rule-desc,H
64,elizfsds.club,2023-08-16T02:40:53,A,SHOP,ECOM,樂信,rule-desc,H
65,uisco.top,2023-03-02T06:35:30,A,SHOP,ECOM,樂信,rule-desc,H
66,shopkayz.shop,2023-08-15T08:51:43,A,SHOP,ECOM,樂信,rule-desc,H
67,jesuo.top,2023-04-10T06:22:58,A,SHOP,ECOM,樂信,rule-desc,H
68,tabsm.top,2023-08-28T07:46:52,A,SHOP,ECOM,樂信,rule-desc,H
69,laobeibi.shop,2023-08-28T07:46:52,A,SHOP,ECOM,樂信,rule-desc,H
70,easor.top,2022-07-27T01:10:22,A,SHOP,ECOM,樂信,rule-desc,H
71,yfdnrw.shop,2022-07-27T01:10:22,A,SHOP,ECOM,麥當勞即享券,rule-desc,H
72,dcolaresearch.com,2023-11-17T09:06:02,A,SHOP,ECOM,樂信,rule-desc,H
73,ni.okjhsa.xyz,2023-07-11T07:31:23,A,SHOP,ECOM,金石堂,rule-desc,H
74,liwank106.top,2023-04-08T06:24:24,A,SHOP,ECOM,momo,rule-desc,H
75,storedso.shop,2023-04-08T06:24:24,A,SHOP,ECOM,樂信,rule-desc,H
76,nisko.top,2023-07-05T08:37:56,A,SHOP,ECOM,樂信,rule-desc,H
77,gaisc.top,2023-10-05T03:40:04,A,SHOP,ECOM,樂信,rule-desc,H
78,colaresearchclub.top,2023-11-08T02:25:59,A,SHOP,ECOM,樂信,rule-desc,H
79,jnhr.club,2023-05-17T07:45:05,A,SHOP,ECOM,樂信,rule-desc,H
80,fautzs.com,2023-10-05T03:40:07,A,SHOP,ECOM,樂信,rule-desc,H
81,toriue.com,2023-03-20T12:23:36,A,SHOP,ECOM,樂信,rule-desc,H
82,rakutens-online.com,2023-10-13T13:16:00,A,SHOP,ECOM,樂天,rule-desc,H
83,picgn.vip,2023-11-29T11:55:14,A,SHOP,ECOM,麥當勞99元即享券,rule-desc,H
84,aroone.online,2023-10-16T03:10:48,A,SHOP,ECOM,新光三越百貨股份販售LV精品包,rule-desc,H
85,rakutenht.com,2023-09-26T02:24:04,A,SHOP,ECOM,樂天,rule-desc,H
86,cvezs.top,2023-11-24T03:35:35,A,SHOP,ECOM,樂信,rule-desc,H
87,betos.top,2022-11-08T01:06:43,A,SHOP,ECOM,樂信,rule-desc,H
88,cvstu.top,2023-10-05T03:40:02,A,SHOP,ECOM,樂信,rule-desc,H
89,pl.kylerjens.online,2023-09-28T02:03:51,A,SHOP,ECOM,樂信,rule-desc,H
90,hmtoad.com,2022-08-20T06:14:01,A,SHOP,ECOM,樂信,rule-desc,H
91,kheis.top,2023-04-15T01:28:41,A,SHOP,ECOM,樂信,rule-desc,H
92,enboaoo.com,2021-04-29T10:01:44,A,SHOP,ECOM,樂信,rule-desc,H
93,colaresearchclub.cc,2023-11-17T09:01:09,A,SHOP,ECOM,樂信,rule-desc,H
94,scaiu.top,2023-04-26T03:29:18,A,SHOP,ECOM,樂信,rule-desc,H
95,colaresearchclub.pub,2023-11-17T09:00:57,A,SHOP,ECOM,樂信,rule-desc,H
96,adsdf.shop,2023-08-24T03:06:05,A,SHOP,ECOM,樂信,rule-desc,H
97,gsfie.shop,2023-07-02T07:42:44,A,SHOP,ECOM,樂信,rule-desc,H
98,ouyh.shop,2023-09-13T03:45:32,A,SHOP,ECOM,樂信,rule-desc,H
99,petdb.store,2023-10-12T08:08:54,A,SHOP,ECOM,樂信,rule-desc,H
100,weistr.com,2023-05-24T01:44:30,A,SHOP,ECOM,樂信,rule-desc,H
101,storejklm.shop,2023-04-08T06:12:55,A,SHOP,ECOM,樂信,rule-desc,H
102,czhgrsf.shop,2023-08-24T03:23:13,A,SHOP,ECOM,樂信,rule-desc,H
103,vnocs.top,2022-08-20T06:13:53,A,SHOP,ECOM,樂信,rule-desc,H
104,dsare.top,2023-12-08T07:53:18,A,SHOP,ECOM,樂信,rule-desc,H
105,tf-tw.com,2022-09-24T10:28:29,A,SHOP,ECOM,新光三越線上官方購物平台,rule-desc,H
106,colaresearchclub.tech,2023-11-17T09:01:06,A,SHOP,ECOM,樂信,rule-desc,H
107,sneiu.top,2023-11-24T03:35:34,A,SHOP,ECOM,樂信,rule-desc,H
108,svmia.top,2022-08-20T06:13:52,A,SHOP,ECOM,樂信,rule-desc,H
109,cinzia.xyz,2023-10-16T03:03:47,A,SHOP,ECOM,新光三越線上官方購物平台,rule-desc,H
110,uwgc.store,2023-10-04T07:54:01,A,SHOP,ECOM,樂信,rule-desc,H
111,diupes.com,2022-07-13T01:10:09,A,SHOP,ECOM,樂信,rule-desc,H
112,esick.top,2023-01-29T06:45:45,A,SHOP,ECOM,樂信,rule-desc,H
113,tw.gyulong.shop,2023-10-16T06:35:12,A,SHOP,ECOM,樂信,rule-desc,H
114,tw.stanatlas.online,2023-10-16T06:35:12,A,SHOP,ECOM,樂信,rule-desc,H
115,wimvts.com,2023-08-31T08:03:33,A,SHOP,ECOM,樂信,rule-desc,H
116,colaresearchclub.red,2023-11-17T09:01:02,A,SHOP,ECOM,樂信,rule-desc,H
117,rakutenxii.com,2023-09-26T02:24:04,A,SHOP,ECOM,樂天,rule-desc,H
118,tfiuso.com,2023-08-31T08:03:35,A,SHOP,ECOM,樂信,rule-desc,H
119,fautn.top,2022-07-13T01:10:05,A,SHOP,ECOM,樂信,rule-desc,H
120,dcfrgg.com,2023-12-13T01:51:40,A,SHOP,ECOM,樂信,rule-desc,H
121,fiuca.top,2023-02-24T07:04:45,A,SHOP,ECOM,樂信,rule-desc,H
122,fudim.top,2023-01-29T06:45:44,A,SHOP,ECOM,樂信,rule-desc,H
123,aiusne.com,2023-01-10T06:14:52,A,SHOP,ECOM,樂信,rule-desc,H
124,yaius.top,2023-04-10T06:22:57,A,SHOP,ECOM,樂信,rule-desc,H
125,ccxybr.com,2022-11-23T01:30:54,A,SHOP,ECOM,樂信,rule-desc,H
126,actob.top,2023-12-26T03:41:58,A,SHOP,ECOM,樂信,rule-desc,H
127,eaois.top,2023-02-24T07:04:46,A,SHOP,ECOM,樂信,rule-desc,H
128,tw.davidaly.online,2023-12-07T12:25:14,A,SHOP,ECOM,樂信,rule-desc,H
129,dcfrgg.top,2023-12-13T01:51:38,A,SHOP,ECOM,樂信,rule-desc,H
130,fisaen.com,2022-12-20T01:43:08,A,SHOP,ECOM,樂信,rule-desc,H
131,dcfrgg.xyz,2023-12-13T01:51:18,A,SHOP,ECOM,樂信,rule-desc,H
132,kghgt.top,2023-11-29T02:21:41,A,SHOP,ECOM,樂信,rule-desc,H
133,nivsz.top,2023-07-25T07:03:10,A,SHOP,ECOM,樂信,rule-desc,H
134,tw.lishuanga.online,2023-09-19T05:46:54,A,SHOP,ECOM,樂信,rule-desc,H
135,tw.miloeipst.online,2023-12-20T03:05:42,A,SHOP,ECOM,樂信,rule-desc,H
136,colaresearchclub.xyz,2023-11-17T09:00:59,A,SHOP,ECOM,樂信,rule-desc,H
137,hauots.com,2022-09-20T07:40:08,A,SHOP,ECOM,樂信,rule-desc,H
138,tosru.top,2022-07-27T01:10:24,A,SHOP,ECOM,樂信,rule-desc,H
139,gimtsu.com,2023-08-28T07:46:57,A,SHOP,ECOM,樂信,rule-desc,H
140,tw.ivymoore.online,2023-12-14T03:11:35,A,SHOP,ECOM,樂信,rule-desc,H
141,colaresearchclub.ink,2023-11-17T09:01:03,A,SHOP,ECOM,樂信,rule-desc,H
142,cedsk.top,2023-12-26T03:41:56,A,SHOP,ECOM,樂信,rule-desc,H
143,dcfrgg.ink,2023-12-13T01:51:15,A,SHOP,ECOM,樂信,rule-desc,H
144,bascz.top,2023-12-26T03:41:57,A,SHOP,ECOM,樂信,rule-desc,H
145,amxis.top,2024-01-09T03:42:37,A,SHOP,ECOM,樂信,rule-desc,H
146,ebnis.top,2024-01-05T01:59:36,A,SHOP,ECOM,樂信,rule-desc,H
147,sombe.top,2022-07-13T01:10:03,A,SHOP,ECOM,樂信,rule-desc,H
148,ecnea.top,2023-12-26T03:41:53,A,SHOP,ECOM,樂信,rule-desc,H
149,tisoue.com,2023-04-26T03:29:25,A,SHOP,ECOM,樂信,rule-desc,H
150,dcolaresearch.top,2023-11-17T09:01:11,A,SHOP,ECOM,樂信,rule-desc,H
151,kuzis.top,2023-07-25T07:03:11,A,SHOP,ECOM,樂信,rule-desc,H
152,dcvhrth.store,2023-12-18T03:36:09,A,SHOP,ECOM,樂信,rule-desc,H
153,peiom.top,2023-02-15T03:14:33,A,SHOP,ECOM,樂信,rule-desc,H
154,joseq.top,2023-12-20T07:53:50,A,SHOP,ECOM,樂信,rule-desc,H
155,atiau.top,2024-01-05T01:59:40,A,SHOP,ECOM,樂信,rule-desc,H
156,fdsbbb.store,2023-04-13T07:20:55,A,SHOP,ECOM,樂信,rule-desc,H
157,tw.gbertsan.online,2023-12-11T07:00:52,A,SHOP,ECOM,樂信,rule-desc,H
158,0zkoahs.shop,2023-12-07T03:47:55,A,SHOP,ECOM,董事長照片販售商品,rule-desc,H
159,dvfdgdfg.com,2023-09-25T01:29:23,A,SHOP,ECOM,樂信,rule-desc,H
160,cinae.top,2023-02-21T06:40:18,A,SHOP,ECOM,樂信,rule-desc,H
161,zcoed.top,2024-01-23T08:23:49,A,SHOP,ECOM,樂信,rule-desc,H
162,gtoas.top,2023-12-20T07:53:53,A,SHOP,ECOM,樂信,rule-desc,H
163,tw.elopebrew.shop,2024-01-23T08:23:49,A,SHOP,ECOM,樂信,rule-desc,H
164,tw.renataorva.shop,2023-12-07T03:47:55,A,SHOP,ECOM,樂信,rule-desc,H
165,xuiosn.com,2023-10-17T01:46:02,A,SHOP,ECOM,樂信,rule-desc,H
166,tw.cocinmark.shop,2023-02-21T06:40:18,A,SHOP,ECOM,樂信,rule-desc,H
167,awsnte.com,2022-06-06T16:07:25,A,SHOP,ECOM,樂信,rule-desc,H
168,asiuor.com,2023-02-21T06:40:23,A,SHOP,ECOM,樂信,rule-desc,H
169,01.wen.ooguy.com,2016-02-21T00:26:51,A,SHOP,ECOM,MOMO,rule-desc,H
170,dscor.top,2024-01-05T01:59:37,A,SHOP,ECOM,樂信,rule-desc,H
171,ftisu.top,2023-12-20T07:53:54,A,SHOP,ECOM,樂信,rule-desc,H
172,web.books-compy.com,2024-02-18T10:48:05,A,SHOP,ECOM,博客來,rule-desc,H
173,hxwma.live,2023-12-20T06:21:31,A,SHOP,ECOM,東森,rule-desc,H
174,auking.online,2024-03-02T11:12:53,A,SHOP,ECOM,東森,rule-desc,H
175,ekhg.online,2023-12-24T13:17:06,A,SHOP,ECOM,東森,rule-desc,H
176,ixstr.top,2023-12-20T07:53:51,A,SHOP,ECOM,樂信,rule-desc,H
177,dpinx.com,2023-11-09T09:38:14,A,SHOP,ECOM,樂信,rule-desc,H
178,hwjsek.top,2024-01-11T03:32:28,A,SHOP,ECOM,東森,rule-desc,H
179,dvrtggg.ink,2024-01-24T08:45:00,A,SHOP,ECOM,樂信,rule-desc,H
180,hiopa.top,2023-12-20T07:53:52,A,SHOP,ECOM,樂信,rule-desc,H
181,nabeu.top,2023-10-18T02:25:38,A,SHOP,ECOM,樂信,rule-desc,H
182,vsoic.top,2024-01-23T08:23:54,A,SHOP,ECOM,樂信,rule-desc,H
183,www.books-compy.com,2024-02-18T10:48:05,A,SHOP,ECOM,博客來,rule-desc,H
184,tw.edanajane.shop,2023-12-20T07:53:52,A,SHOP,ECOM,樂信,rule-desc,H
185,m.momoshopn.com,2023-11-09T09:38:14,A,SHOP,ECOM,MOMO,rule-desc,H
186,cftrrr.store,2023-08-16T02:45:43,A,SHOP,ECOM,樂信,rule-desc,H
187,xotir.top,2024-01-23T08:23:51,A,SHOP,ECOM,樂信,rule-desc,H
188,tw.kinglyhall.shop,2024-02-18T10:48:05,A,SHOP,ECOM,樂信,rule-desc,H
189,etgfd.store,2023-07-30T03:43:51,A,SHOP,ECOM,樂信,rule-desc,H
190,amnse.com,2024-03-09T06:27:22,A,SHOP,ECOM,MOMO,rule-desc,H
191,ktesr.top,2023-12-27T02:02:24,A,SHOP,ECOM,樂信,rule-desc,H
192,semru.top,2022-10-11T01:36:48,A,SHOP,ECOM,樂信,rule-desc,H
193,nstae.top,2023-08-28T07:46:56,A,SHOP,ECOM,樂信,rule-desc,H
194,atiez.top,2024-03-19T07:05:41,A,SHOP,ECOM,樂信,rule-desc,H
195,www.npwalterja.shop,2024-01-11T03:32:28,A,SHOP,ECOM,樂信,rule-desc,H
196,www.rynthreer.shop,2024-02-18T10:48:05,A,SHOP,ECOM,樂信,rule-desc,H
197,www.deeparoy.shop,2024-01-11T03:32:28,A,SHOP,ECOM,樂信,rule-desc,H
198,www.yawhehe.shop,2023-02-21T06:40:23,A,SHOP,ECOM,樂信,rule-desc,H
199,www.afrileadw.shop,2023-12-07T03:47:55,A,SHOP,ECOM,樂信,rule-desc,H
200,www.spaesveeni.shop,2024-01-09T03:42:37,A,SHOP,ECOM,樂信,rule-desc,H
201,www.alexansher.shop,2022-07-13T01:10:05,A,SHOP,ECOM,樂信,rule-desc,H
202,dvrtaaa.ink,2024-01-24T08:44:58,A,SHOP,ECOM,樂信,rule-desc,H
203,ru.bhuies.store,2023-02-21T06:40:23,A,SHOP,ECOM,樂信,rule-desc,H
204,srdat.top,2023-08-31T08:03:29,A,SHOP,ECOM,樂信,rule-desc,H
205,seyor.top,2024-02-22T09:19:18,A,SHOP,ECOM,樂信,rule-desc,H
206,boutique-shop4.com,2023-06-20T15:13:38,A,SHOP,ECOM,PChome安心,rule-desc,H
207,gjngy.club,2023-05-17T07:45:12,A,SHOP,ECOM,樂信,rule-desc,H
208,momoow.com,2024-01-17T07:19:25,A,SHOP,ECOM,富邦媒體momo,rule-desc,H
209,web.mallonlinebooks.com,2024-01-26T14:46:31,A,SHOP,ECOM,博客來,rule-desc,H
210,dvrtccc.ink,2024-01-24T08:44:59,A,SHOP,ECOM,樂信,rule-desc,H
211,alcellman.shop,2024-03-11T08:03:22,A,SHOP,ECOM,樂信,rule-desc,H
212,skitrse.com,2023-07-25T07:03:15,A,SHOP,ECOM,樂信,rule-desc,H
213,tceuk.top,2022-10-11T01:36:47,A,SHOP,ECOM,樂信,rule-desc,H
214,fniod.top,2024-02-18T01:04:08,A,SHOP,ECOM,樂信,rule-desc,H
215,fcnez.top,2024-01-06T06:38:02,A,SHOP,ECOM,樂信,rule-desc,H
216,gvisn.top,2024-01-06T06:38:01,A,SHOP,ECOM,樂信,rule-desc,H
217,ortus.top,2024-03-26T01:54:56,A,SHOP,ECOM,樂信,rule-desc,H
218,tw.herexpress.shop,2024-03-11T08:03:22,A,SHOP,ECOM,樂信,rule-desc,H
219,nziud.top,2023-12-27T02:02:22,A,SHOP,ECOM,樂信,rule-desc,H
220,tw.myrastone.shop,2024-01-09T03:42:37,A,SHOP,ECOM,樂信,rule-desc,H
221,pocxs.top,2023-12-27T02:02:19,A,SHOP,ECOM,樂信,rule-desc,H
222,hioxe.top,2024-01-06T06:37:59,A,SHOP,ECOM,樂信,rule-desc,H
223,www.bookstore-tw.com,2024-03-27T14:15:21,A,SHOP,ECOM,博客來,rule-desc,H
224,jteis.top,2024-01-06T06:37:57,A,SHOP,ECOM,樂信,rule-desc,H
225,izuer.top,2024-01-06T06:37:58,A,SHOP,ECOM,樂信,rule-desc,H
226,www.shoppingbooksstorec.com,2024-04-23T14:56:26,A,SHOP,ECOM,博客來,rule-desc,H
227,namgaju.com,2023-10-01T14:23:46,A,SHOP,ECOM,東森購物,rule-desc,H
228,hanwu.site,2023-09-21T08:25:43,A,SHOP,ECOM,Gogolook,rule-desc,H
229,ksaxr.fun,2024-02-03T07:50:07,A,SHOP,ECOM,Gogolook,rule-desc,H
230,gaschai.com,2023-04-15T18:00:14,A,SHOP,ECOM,富邦媒體,rule-desc,H
231,www.rakutenpshop.com,2024-04-11T13:59:54,A,SHOP,ECOM,台灣樂天,rule-desc,H
232,amioke.com,2022-08-20T06:14:05,A,SHOP,ECOM,樂信,rule-desc,H
233,pietd.top,2024-03-26T01:54:55,A,SHOP,ECOM,樂信,rule-desc,H
234,cniusrt.com,2023-08-28T07:46:59,A,SHOP,ECOM,樂信,rule-desc,H
235,dvrtddd.ink,2024-01-24T08:44:56,A,SHOP,ECOM,樂信,rule-desc,H
236,dvrtbbb.ink,2024-01-24T08:44:55,A,SHOP,ECOM,樂信,rule-desc,H
237,linegames.org,2024-05-02T00:58:02,A,SHOP,TELCO,芬格國際LINEGames遊戲虛寶,rule-desc,H
238,mmm-tw.com,2022-09-24T10:28:23,A,SHOP,ECOM,客林國際,rule-desc,H
239,maisonmargiela.com.tw,2023-03-13T10:28:04,A,SHOP,ECOM,客林國際,rule-desc,H
240,diptyqueofficial.com,2023-07-14T00:56:45,A,SHOP,ECOM,客林國際,rule-desc,H
241,dvrteee.ink,2024-01-24T08:44:47,A,SHOP,ECOM,樂信,rule-desc,H
242,rsnvc.top,2024-03-26T01:54:54,A,SHOP,ECOM,樂信,rule-desc,H
243,www.diptyqueshop.com.tw,2024-04-18T07:25:05,A,SHOP,ECOM,客林國際,rule-desc,H
244,www.zrtw.net,2021-07-17T10:40:56,A,SHOP,ECOM,客林國際,rule-desc,H
245,www.mmm-tw.com,2022-09-24T10:28:23,A,SHOP,ECOM,客林國際,rule-desc,H
246,dvrthhh.ink,2024-01-24T08:44:49,A,SHOP,ECOM,樂信,rule-desc,H
247,eisda.top,2023-10-18T02:25:37,A,SHOP,ECOM,樂信,rule-desc,H
248,www.dfjhdxfjish.site,2024-04-26T02:15:43,A,SHOP,ECOM,樂信,rule-desc,H
249,cosru.top,2024-02-18T01:04:12,A,SHOP,ECOM,樂信,rule-desc,H
250,dvrtfff.ink,2024-01-24T08:44:52,A,SHOP,ECOM,樂信,rule-desc,H
251,qisd.store,2024-03-21T07:52:22,A,SHOP,ECOM,客林國際,rule-desc,H
252,www.maison-margiela.com.tw,2024-06-05T16:03:05,A,SHOP,ECOM,客林國際,rule-desc,H
253,www.byredo.com.tw,2023-12-23T20:25:05,A,SHOP,ECOM,客林國際,rule-desc,H
254,nansha.life,2024-05-07T02:49:58,A,SHOP,ECOM,樂信,rule-desc,H
255,ctueo.top,2024-01-06T06:38:05,A,SHOP,ECOM,樂信,rule-desc,H
256,renguan.life,2024-05-13T07:35:18,A,SHOP,ECOM,樂信,rule-desc,H
257,dvrtjjj.ink,2024-01-24T08:44:50,A,SHOP,ECOM,樂信,rule-desc,H
258,gywt.store,2024-03-15T03:14:12,A,SHOP,ECOM,客林國際,rule-desc,H
259,aoevu.top,2024-06-04T01:54:42,A,SHOP,ECOM,樂信,rule-desc,H
260,www.diptyque-fragrances.com.tw,2024-05-31T17:38:05,A,SHOP,ECOM,客林國際,rule-desc,H
261,qojf.store,2024-03-21T08:10:28,A,SHOP,ECOM,客林國際,rule-desc,H
262,dfwi.store,2024-03-07T09:22:40,A,SHOP,ECOM,客林國際,rule-desc,H
263,uhyue.shop,2024-05-17T08:04:01,A,SHOP,ECOM,博客來,rule-desc,H
264,www.bicycleinn.tw,2018-08-16T15:30:38,A,SHOP,ECOM,Gogolook,rule-desc,H
265,dvrtvvv.ink,2024-01-24T08:44:46,A,SHOP,ECOM,樂信,rule-desc,H
266,rutb.store,2024-03-21T08:10:28,A,SHOP,ECOM,客林國際,rule-desc,H
267,fyuw.store,2024-04-07T02:33:21,A,SHOP,ECOM,客林國際,rule-desc,H
268,dfeq.store,2024-03-21T08:10:29,A,SHOP,ECOM,客林國際,rule-desc,H
269,wdgp.store,2024-03-21T08:10:28,A,SHOP,ECOM,客林國際,rule-desc,H
270,setw.store,2024-03-07T09:22:40,A,SHOP,ECOM,客林國際,rule-desc,H
271,gbol.store,2024-03-21T07:52:24,A,SHOP,ECOM,客林國際,rule-desc,H
272,www.readbooks-store.com,2024-05-31T15:52:38,A,SHOP,ECOM,博客來,rule-desc,H
273,mtsue.top,2023-12-27T02:02:23,A,SHOP,ECOM,樂信,rule-desc,H
274,firno.top,2024-06-04T01:54:34,A,SHOP,ECOM,樂信,rule-desc,H
275,joniro.myfreesites.net,2015-03-23T11:28:11,U,OTHER,,客制化科技,rule-industry,L
276,hska.store,2024-04-16T03:40:08,A,SHOP,ECOM,客林國際,rule-desc,H
277,24newsudn.com,2024-05-07T11:41:43,A,SHOP,ECOM,Gogolook,rule-desc,H
278,tradeneupro.co,2023-12-27T07:27:04,A,SHOP,ECOM,Gogolook,rule-desc,H
279,ggfr.store,2024-03-20T02:38:42,A,SHOP,ECOM,客林國際,rule-desc,H
280,qioim.shop,2024-04-02T02:49:16,A,SHOP,ECOM,客林國際,rule-desc,H
281,www.byredo.tw,2024-06-05T16:02:05,A,SHOP,ECOM,客林國際,rule-desc,H
282,www.mm-replica.com.tw,2024-06-17T14:01:06,A,SHOP,ECOM,客林國際,rule-desc,H
283,qsyt.store,2024-03-20T02:38:44,A,SHOP,ECOM,客林國際,rule-desc,H
284,beauchamp.top,2024-06-19T11:51:45,A,SHOP,ECOM,PChome,rule-desc,H
285,phipps.lol,2024-05-07T13:55:09,A,SHOP,ECOM,PChome,rule-desc,H
286,fontenot.lol,2024-05-07T13:55:21,A,SHOP,ECOM,PChome,rule-desc,H
287,yuuc.store,2024-02-26T02:00:08,A,SHOP,ECOM,客林國際,rule-desc,H
288,earut.top,2024-03-19T07:05:35,A,SHOP,ECOM,樂信,rule-desc,H
289,bsiat.top,2024-02-18T01:04:13,A,SHOP,ECOM,樂信,rule-desc,H
290,www.readbooksshop.com,2024-05-31T15:52:38,A,SHOP,ECOM,博客來,rule-desc,H
291,fwqe.store,2024-04-16T03:40:07,A,SHOP,ECOM,客林國際,rule-desc,H
292,www.loewetw.com.tw,2022-02-07T10:29:06,A,SHOP,ECOM,客林國際,rule-desc,H
293,etosr.top,2024-06-04T01:54:35,A,SHOP,ECOM,樂信,rule-desc,H
294,tw-gop.shop,2024-06-25T03:21:33,A,SHOP,ECOM,客林國際,rule-desc,H
295,bzvse.top,2024-01-06T06:38:06,A,SHOP,ECOM,樂信,rule-desc,H
296,dcire.top,2024-06-04T01:54:36,A,SHOP,ECOM,樂信,rule-desc,H
297,dvrtnnn.ink,2024-01-24T08:44:45,A,SHOP,ECOM,樂信,rule-desc,H
298,dreif.top,2024-03-19T07:05:37,A,SHOP,ECOM,樂信,rule-desc,H
299,szzlsz.top,2024-07-03T02:19:23,A,SHOP,ECOM,樂信,rule-desc,H
300,reimx.top,2024-02-19T01:36:42,A,SHOP,ECOM,樂信,rule-desc,H
301,xtw.qunfcar.top,2023-02-21T01:32:18,A,SHOP,ECOM,樂信,rule-desc,H
302,mmoos-p.fun,2023-01-04T15:59:22,A,SHOP,ECOM,樂信,rule-desc,H
303,lishenacc.shop,2024-06-13T11:26:49,A,SHOP,ECOM,樂信,rule-desc,H
304,wenbo.shop,2024-06-13T11:26:49,A,SHOP,ECOM,樂信,rule-desc,H
305,nugatfy.com,2023-09-27T06:59:40,A,SHOP,ECOM,樂信,rule-desc,H
306,byredotw.com.tw,2024-06-12T11:12:05,A,SHOP,ECOM,客林國際,rule-desc,H
307,zglu.store,2024-06-24T08:45:56,A,SHOP,ECOM,客林國際,rule-desc,H
308,yuzhiqq.shop,2024-06-02T07:47:01,A,SHOP,ECOM,樂信,rule-desc,H
309,colarese.top,2024-03-13T01:22:29,A,SHOP,ECOM,樂信,rule-desc,H
310,mojiaqi.shop,2024-04-08T12:40:17,A,SHOP,ECOM,樂信,rule-desc,H
311,snvcd.top,2024-02-19T01:36:41,A,SHOP,ECOM,樂信,rule-desc,H
312,www.szzlsz.top,2024-07-03T02:19:23,A,SHOP,ECOM,樂信,rule-desc,H
313,cvsnd.top,2024-03-19T07:05:39,A,SHOP,ECOM,樂信,rule-desc,H
314,dvrtkkk.ink,2024-01-24T08:44:53,A,SHOP,ECOM,樂信,rule-desc,H
315,deica.top,2024-01-06T06:38:04,A,SHOP,ECOM,樂信,rule-desc,H
316,bituc.top,2024-01-05T01:59:39,A,SHOP,ECOM,樂信,rule-desc,H
317,ehivr.top,2023-08-28T07:46:53,A,SHOP,ECOM,樂信,rule-desc,H
318,raiue.top,2023-03-02T06:35:29,A,SHOP,ECOM,樂信,rule-desc,H
319,www.shopmallbooks.com,2024-06-27T13:32:25,A,SHOP,ECOM,博客來,rule-desc,H
320,shopmallbooks.com,2024-06-27T13:32:25,A,SHOP,ECOM,博客來,rule-desc,H
321,acmsre.com,2022-12-27T02:08:42,A,SHOP,ECOM,樂信,rule-desc,H
322,dvrtmmm.ink,2024-01-24T08:44:43,A,SHOP,ECOM,樂信,rule-desc,H
323,duior.store,2024-01-02T03:38:42,U,OTHER,,客制化科技,rule-industry,L
324,girtod.com,2022-12-01T09:10:15,A,SHOP,ECOM,樂信,rule-desc,H
325,biksu.top,2022-12-27T02:08:39,A,SHOP,ECOM,樂信,rule-desc,H
326,uitr.store,2024-07-02T07:34:36,A,SHOP,ECOM,客林國際,rule-desc,H
327,ceysa.top,2022-12-27T02:08:38,A,SHOP,ECOM,樂信,rule-desc,H
328,msoitu.com,2022-09-20T07:40:07,A,SHOP,ECOM,樂信,rule-desc,H
329,wetra.top,2024-01-23T08:23:53,A,SHOP,ECOM,樂信,rule-desc,H
330,www.shopingbooksmall.com,2024-06-27T13:32:24,A,SHOP,ECOM,博客來,rule-desc,H
331,tw06.shopeelem.xyz,2024-06-30T04:30:41,A,SHOP,ECOM,蝦皮,rule-desc,H
332,www.gebqwzo.xyz,2024-06-23T04:36:09,A,SHOP,ECOM,蝦皮,rule-desc,H
333,tw83.shopeeta.cyou,2024-07-07T11:51:33,A,SHOP,ECOM,蝦皮,rule-desc,H
334,shopeeta.sbs,2024-07-07T11:51:32,A,SHOP,ECOM,蝦皮,rule-desc,H
335,shopingbooksmall.com,2024-06-27T13:32:24,A,SHOP,ECOM,博客來,rule-desc,H
336,shopeelem.xyz,2024-06-30T04:30:41,A,SHOP,ECOM,蝦皮,rule-desc,H
337,gebqwzo.xyz,2024-06-23T04:36:09,A,SHOP,ECOM,蝦皮,rule-desc,H
338,shopeeta.cyou,2024-07-07T11:51:33,A,SHOP,ECOM,蝦皮,rule-desc,H
339,www.diptyque-store.com.tw,2024-04-19T10:19:05,A,SHOP,ECOM,客林國際,rule-desc,H
340,diptyque-store.com.tw,2024-04-19T10:19:05,A,SHOP,ECOM,客林國際,rule-desc,H
341,www.101shop.tw,2024-06-27T08:59:06,A,SHOP,ECOM,客林國際,rule-desc,H
342,101shop.tw,2024-06-27T08:59:06,A,SHOP,ECOM,客林國際,rule-desc,H
343,jrsjk.top,2023-11-30T18:24:59,A,SHOP,ECOM,博客來,rule-desc,H
344,www.books-mall.com,2024-07-10T13:38:55,A,SHOP,ECOM,博客來,rule-desc,H
345,burax.top,2024-03-19T07:05:40,A,SHOP,ECOM,樂信,rule-desc,H
346,fciort.com,2023-07-05T08:38:06,A,SHOP,ECOM,樂信,rule-desc,H
347,rmatc.top,2022-06-05T15:06:14,A,SHOP,ECOM,樂信,rule-desc,H
348,books-mall.com,2024-07-10T13:38:55,A,SHOP,ECOM,博客來,rule-desc,H
349,hmgf.store,2024-07-18T09:43:14,A,SHOP,ECOM,客林國際,rule-desc,H
350,geuis.top,2024-07-19T03:34:51,A,SHOP,ECOM,樂信,rule-desc,H
351,bxiuo.top,2024-07-31T01:03:17,A,SHOP,ECOM,樂信,rule-desc,H
352,djxyyds.com,2023-10-19T01:47:01,A,SHOP,ECOM,樂信,rule-desc,H
353,djxyyds.store,2023-10-19T01:46:50,A,SHOP,ECOM,樂信,rule-desc,H
354,siktn.top,2023-07-05T08:37:55,A,SHOP,ECOM,樂信,rule-desc,H
355,ateosn.com,2024-07-26T08:53:19,A,SHOP,ECOM,樂信,rule-desc,H
356,huplb.cn,2024-02-18T09:36:44,A,SHOP,ECOM,蝦皮,rule-desc,H
357,www.rakutenshp.com,2024-06-06T11:06:27,A,SHOP,ECOM,台灣樂天,rule-desc,H
358,www.rakutenops.com,2024-05-12T05:30:04,A,SHOP,ECOM,台灣樂天,rule-desc,H
359,www.rakutensop.com,2024-07-12T11:32:45,A,SHOP,ECOM,台灣樂天,rule-desc,H
360,rakutenshp.com,2024-06-06T11:06:27,A,SHOP,ECOM,台灣樂天,rule-desc,H
361,rakutenops.com,2024-05-12T05:30:04,A,SHOP,ECOM,台灣樂天,rule-desc,H
362,rakutensop.com,2024-07-12T11:32:45,A,SHOP,ECOM,台灣樂天,rule-desc,H
363,cnurd.top,2024-07-30T06:23:47,A,SHOP,ECOM,樂信,rule-desc,H
364,www.byredotaiwan.com,2024-08-01T08:45:04,A,SHOP,ECOM,客林國際,rule-desc,H
365,www.rakutensp.com,2024-07-12T11:32:51,A,SHOP,ECOM,台灣樂天,rule-desc,H
366,byredotaiwan.com,2024-08-01T08:45:04,A,SHOP,ECOM,客林國際,rule-desc,H
367,rakutensp.com,2024-07-12T11:32:51,A,SHOP,ECOM,台灣樂天,rule-desc,H
368,www.rakutentcstore.com.tw,2024-08-16T20:37:49,A,SHOP,ECOM,台灣樂天,rule-desc,H
369,rakutentcstore.com.tw,2024-08-16T20:37:49,A,SHOP,ECOM,台灣樂天,rule-desc,H
370,fmiev.top,2024-07-30T06:23:43,A,SHOP,ECOM,樂信,rule-desc,H
371,toecrs.com,2023-06-08T08:40:44,A,SHOP,ECOM,樂信,rule-desc,H
372,euomi.top,2024-08-14T02:17:38,A,SHOP,ECOM,樂信,rule-desc,H
373,fcoun.top,2024-08-14T02:17:37,A,SHOP,ECOM,樂信,rule-desc,H
374,dvrtmmm.com,2024-01-24T08:45:02,A,SHOP,ECOM,樂信,rule-desc,H
375,tw.puaqs.live,2023-10-27T02:49:04,A,SHOP,ECOM,樂信,rule-desc,H
376,tw51.shopeetpb.buzz,2024-07-19T01:24:53,A,SHOP,ECOM,蝦皮,rule-desc,H
377,shopeehk.buzz,2024-07-19T01:24:53,A,SHOP,ECOM,蝦皮,rule-desc,H
378,puaqs.live,2023-10-27T02:49:04,A,SHOP,ECOM,樂信,rule-desc,H
379,shopeetpb.buzz,2024-07-19T01:24:53,A,SHOP,ECOM,蝦皮,rule-desc,H
380,omitu.top,2023-06-08T08:40:40,A,SHOP,ECOM,樂信,rule-desc,H
381,guzts.top,2024-07-30T06:23:42,A,SHOP,ECOM,樂信,rule-desc,H
382,appwap.plus6688.com,2024-05-17T14:37:21,A,SHOP,ECOM,博客來,rule-desc,H
383,plus6688.com,2024-05-17T14:37:21,A,SHOP,ECOM,博客來,rule-desc,H
384,d5nsid.top,2024-08-07T03:53:18,A,SHOP,ECOM,博客來,rule-desc,H
385,p3mzj.top,2024-08-04T09:40:56,A,SHOP,ECOM,博客來,rule-desc,H
386,kfcs.life,2024-04-09T07:19:52,A,SHOP,ECOM,樂信,rule-desc,H
387,dzmst.top,2024-07-30T06:23:46,A,SHOP,ECOM,樂信,rule-desc,H
388,czoiw.top,2024-06-04T01:54:37,A,SHOP,ECOM,樂信,rule-desc,H
389,qgzhba.life,2024-01-10T02:10:25,A,SHOP,ECOM,樂信,rule-desc,H
390,tw06.shopeeaurywy.shop,2024-08-14T13:01:58,A,SHOP,ECOM,蝦皮,rule-desc,H
391,fzyixh.cfd,2024-08-14T13:02:01,A,SHOP,ECOM,蝦皮,rule-desc,H
392,shopieee11ikf.com,2024-07-01T09:26:18,A,SHOP,ECOM,蝦皮,rule-desc,H
393,tw40.shopeefek.buzz,2024-07-19T01:24:53,A,SHOP,ECOM,蝦皮,rule-desc,H
394,tw11.shopeexqn.buzz,2024-07-19T01:24:53,A,SHOP,ECOM,蝦皮,rule-desc,H
395,tw02.shopeexqn.buzz,2024-07-19T01:24:53,A,SHOP,ECOM,蝦皮,rule-desc,H
396,www.rakutenrcstoress.com,2024-08-20T04:24:28,A,SHOP,ECOM,台灣樂天,rule-desc,H
397,shopeefek.buzz,2024-07-19T01:24:53,A,SHOP,ECOM,蝦皮,rule-desc,H
398,shopeexqn.buzz,2024-07-19T01:24:53,A,SHOP,ECOM,蝦皮,rule-desc,H
399,rakutenrcstoress.com,2024-08-20T04:24:28,A,SHOP,ECOM,台灣樂天,rule-desc,H
400,shopeeaurywy.shop,2024-08-14T13:01:58,A,SHOP,ECOM,蝦皮,rule-desc,H
401,www.eintph.top,2024-07-15T03:42:11,A,SHOP,ECOM,台灣樂天,rule-desc,H
402,eintph.top,2024-07-15T03:42:11,A,SHOP,ECOM,台灣樂天,rule-desc,H
403,icusa.top,2024-07-30T06:23:40,A,SHOP,ECOM,樂信,rule-desc,H
404,jkosu.top,2024-08-23T02:45:09,A,SHOP,ECOM,樂信,rule-desc,H
405,sarid.top,2024-08-14T02:17:36,A,SHOP,ECOM,樂信,rule-desc,H
406,tw60.shopeetbl.buzz,2024-07-19T01:24:53,A,SHOP,ECOM,蝦皮,rule-desc,H
407,shopeemjz.buzz,2024-07-19T01:24:53,A,SHOP,ECOM,蝦皮,rule-desc,H
408,36tw.shoppe5.cyou,2024-08-27T04:38:14,A,SHOP,ECOM,蝦皮,rule-desc,H
409,www.shoppel.icu,2024-08-27T04:38:14,A,SHOP,ECOM,蝦皮,rule-desc,H
410,37tw.shoppe5.cyou,2024-08-27T04:38:14,A,SHOP,ECOM,蝦皮,rule-desc,H
411,www.maison-margiela-taiwan.com,2024-08-01T08:44:04,A,SHOP,ECOM,客林國際,rule-desc,H
412,shopeetbl.buzz,2024-07-19T01:24:53,A,SHOP,ECOM,蝦皮,rule-desc,H
413,shoppe5.cyou,2024-08-27T04:38:14,A,SHOP,ECOM,蝦皮,rule-desc,H
414,shoppel.icu,2024-08-27T04:38:14,A,SHOP,ECOM,蝦皮,rule-desc,H
415,maison-margiela-taiwan.com,2024-08-01T08:44:04,A,SHOP,ECOM,客林國際,rule-desc,H
416,www.rakutenaffilia.com,2024-08-28T13:06:04,A,SHOP,ECOM,台灣樂天,rule-desc,H
417,rakutenaffilia.com,2024-08-28T13:06:04,A,SHOP,ECOM,台灣樂天,rule-desc,H
418,msuvt.top,2024-09-02T06:11:59,A,SHOP,ECOM,樂信,rule-desc,H
419,atnbe.top,2024-08-23T02:45:18,A,SHOP,ECOM,樂信,rule-desc,H
420,www.rakutsenaffilike.com,2024-09-05T08:08:13,A,SHOP,ECOM,台灣樂天,rule-desc,H
421,rakutsenaffilike.com,2024-09-05T08:08:13,A,SHOP,ECOM,台灣樂天,rule-desc,H
422,www.rakutaenaffiliec.com,2024-09-05T08:08:19,A,SHOP,ECOM,台灣樂天,rule-desc,H
423,cftrrr.top,2023-08-16T02:45:45,A,SHOP,ECOM,樂信,rule-desc,H
424,rakutaenaffiliec.com,2024-09-05T08:08:19,A,SHOP,ECOM,台灣樂天,rule-desc,H
425,bvoex.top,2024-08-23T02:45:17,A,SHOP,ECOM,樂信,rule-desc,H
426,www.shopsrakuten.com,2024-09-11T03:32:21,A,SHOP,ECOM,台灣樂天,rule-desc,H
427,tw33.shopeedpodxa.cyou,2024-08-14T13:01:58,A,SHOP,ECOM,蝦皮,rule-desc,H
428,shopeepeeiws.sbs,2024-08-14T13:01:58,A,SHOP,ECOM,蝦皮,rule-desc,H
429,shopsrakuten.com,2024-09-11T03:32:21,A,SHOP,ECOM,台灣樂天,rule-desc,H
430,www.shoprakutens.com,2024-09-11T03:32:24,A,SHOP,ECOM,台灣樂天,rule-desc,H
431,shoprakutens.com,2024-09-11T03:32:24,A,SHOP,ECOM,台灣樂天,rule-desc,H
432,deszv.top,2024-08-23T02:45:14,A,SHOP,ECOM,樂信,rule-desc,H
433,qvcik.top,2024-09-02T06:11:55,A,SHOP,ECOM,樂信,rule-desc,H
434,10twq.shopeetw.me,2024-09-03T10:20:30,A,SHOP,ECOM,蝦皮,rule-desc,H
435,www.shoppet.ink,2024-09-04T06:20:06,A,SHOP,ECOM,蝦皮,rule-desc,H
436,tw02.shopeesheqcp.shop,2024-08-14T13:01:58,A,SHOP,ECOM,蝦皮,rule-desc,H
437,shopeedsqhue.cyou,2024-08-14T13:01:58,A,SHOP,ECOM,蝦皮,rule-desc,H
438,shopeetw.me,2024-09-03T10:20:30,A,SHOP,ECOM,蝦皮,rule-desc,H
439,shoppet.ink,2024-09-04T06:20:06,A,SHOP,ECOM,蝦皮,rule-desc,H
440,shopeesheqcp.shop,2024-08-14T13:01:58,A,SHOP,ECOM,蝦皮,rule-desc,H
441,www.shopvrakuten.com,2024-09-13T10:53:01,A,SHOP,ECOM,台灣樂天,rule-desc,H
442,shopvrakuten.com,2024-09-13T10:53:01,A,SHOP,ECOM,台灣樂天,rule-desc,H
443,gsrib.top,2024-08-23T02:45:12,A,SHOP,ECOM,樂信,rule-desc,H
444,cftrrr.com,2023-08-16T02:45:46,A,SHOP,ECOM,樂信,rule-desc,H
445,pxiub.top,2024-09-02T06:11:56,A,SHOP,ECOM,樂信,rule-desc,H
446,nnkkea.life,2024-03-29T03:37:37,A,SHOP,ECOM,樂信,rule-desc,H
447,howid.top,2024-08-23T02:45:11,A,SHOP,ECOM,樂信,rule-desc,H
448,tw-35tw.shoppe-tw.icu,2024-09-18T04:55:14,A,SHOP,ECOM,蝦皮,rule-desc,H
449,shoppe.shoppe-tw.cyou,2024-09-18T04:55:14,A,SHOP,ECOM,蝦皮,rule-desc,H
450,tw-06tw.shoppe-tw.icu,2024-09-18T04:55:14,A,SHOP,ECOM,蝦皮,rule-desc,H
451,nkdoctortw.store,2024-07-09T06:52:07,A,SHOP,ECOM,樂信,rule-desc,H
452,shoppe-tw.icu,2024-09-18T04:55:14,A,SHOP,ECOM,蝦皮,rule-desc,H
453,shoppe-tw.cyou,2024-09-18T04:55:14,A,SHOP,ECOM,蝦皮,rule-desc,H
454,www.qrwdcvmall.shop,2024-10-08T10:27:19,A,SHOP,ECOM,樂信,rule-desc,H
455,asilang.life,2024-06-03T07:21:50,A,SHOP,ECOM,樂信,rule-desc,H
456,patke.top,2024-09-18T07:54:21,A,SHOP,ECOM,樂信,rule-desc,H
457,qrwdcvmall.shop,2024-10-08T10:27:19,A,SHOP,ECOM,樂信,rule-desc,H
458,www.opyumall.shop,2024-09-28T06:47:43,A,SHOP,ECOM,樂信,rule-desc,H
459,xvbhe.fun,2024-09-26T02:10:25,A,SHOP,ECOM,樂信,rule-desc,H
460,opyumall.shop,2024-09-28T06:47:43,A,SHOP,ECOM,樂信,rule-desc,H
461,koalo.online,2024-09-10T07:27:07,A,SHOP,ECOM,樂信,rule-desc,H
462,tw21.shopeesya.shop,2024-09-08T03:00:56,A,SHOP,ECOM,蝦皮,rule-desc,H
463,shopeeivx.shop,2024-09-08T03:01:02,A,SHOP,ECOM,蝦皮,rule-desc,H
464,tw08.shopeesya.shop,2024-09-08T03:00:56,A,SHOP,ECOM,蝦皮,rule-desc,H
465,tw06.shopeesya.shop,2024-09-08T03:00:56,A,SHOP,ECOM,蝦皮,rule-desc,H
466,shopeesya.shop,2024-09-08T03:00:56,A,SHOP,ECOM,蝦皮,rule-desc,H
467,ibeuz.top,2024-09-05T01:02:26,A,SHOP,ECOM,樂信,rule-desc,H
468,www.shoprakutenc.com,2024-09-13T08:11:03,A,SHOP,ECOM,台灣樂天,rule-desc,H
469,shoprakutenc.com,2024-09-13T08:11:03,A,SHOP,ECOM,台灣樂天,rule-desc,H
470,jitcz.top,2024-09-05T01:02:25,A,SHOP,ECOM,樂信,rule-desc,H
471,abrnc.top,2024-01-06T06:38:07,A,SHOP,ECOM,樂信,rule-desc,H
472,www.shoprakutenk.com,2024-09-25T06:23:53,A,SHOP,ECOM,台灣樂天,rule-desc,H
473,shoprakutenk.com,2024-09-25T06:23:53,A,SHOP,ECOM,台灣樂天,rule-desc,H
474,tw07.shopeero.shop,2024-09-08T03:01:02,A,SHOP,ECOM,蝦皮,rule-desc,H
475,www.shopeelty.shop,2024-09-08T03:01:04,A,SHOP,ECOM,蝦皮,rule-desc,H
476,tw73.shopeeeaeczb.cfd,2024-08-14T13:01:58,A,SHOP,ECOM,蝦皮,rule-desc,H
477,shopeero.shop,2024-09-08T03:01:02,A,SHOP,ECOM,蝦皮,rule-desc,H
478,shopeelty.shop,2024-09-08T03:01:04,A,SHOP,ECOM,蝦皮,rule-desc,H
479,shopeeeaeczb.cfd,2024-08-14T13:01:58,A,SHOP,ECOM,蝦皮,rule-desc,H
480,tw-34.shoppe2.cyou,2024-10-19T15:44:09,A,SHOP,ECOM,蝦皮,rule-desc,H
481,shopee.shoppe5.icu,2024-10-19T15:44:09,A,SHOP,ECOM,蝦皮,rule-desc,H
482,shoppe2.cyou,2024-10-19T15:44:09,A,SHOP,ECOM,蝦皮,rule-desc,H
483,shoppe5.icu,2024-10-19T15:44:09,A,SHOP,ECOM,蝦皮,rule-desc,H
484,tzsix.top,2024-09-18T08:36:58,A,SHOP,ECOM,樂信,rule-desc,H
485,www.shoprakutenh.com,2024-09-27T08:04:53,A,SHOP,ECOM,台灣樂天,rule-desc,H
486,shoprakutenh.com,2024-09-27T08:04:53,A,SHOP,ECOM,台灣樂天,rule-desc,H
487,shop.shopeekysjfp.cfd,2024-08-14T13:01:59,A,SHOP,ECOM,蝦皮,rule-desc,H
488,tw01.shopeesya.sbs,2024-09-08T03:00:51,A,SHOP,ECOM,蝦皮,rule-desc,H
489,tw89.shopeesya.sbs,2024-09-08T03:00:51,A,SHOP,ECOM,蝦皮,rule-desc,H
490,tw31.shopeexfewfv.cfd,2024-08-14T13:01:59,A,SHOP,ECOM,蝦皮,rule-desc,H
491,tw.shopeexfewfv.sbs,2024-08-14T13:01:59,A,SHOP,ECOM,蝦皮,rule-desc,H
492,tw89.shopeexfewfv.cfd,2024-08-14T13:01:59,A,SHOP,ECOM,蝦皮,rule-desc,H
493,tw13.shopeexfewfv.cfd,2024-08-14T13:01:59,A,SHOP,ECOM,蝦皮,rule-desc,H
494,shopeekysjfp.cfd,2024-08-14T13:01:59,A,SHOP,ECOM,蝦皮,rule-desc,H
495,shopeesya.sbs,2024-09-08T03:00:51,A,SHOP,ECOM,蝦皮,rule-desc,H
496,shopeexfewfv.cfd,2024-08-14T13:01:59,A,SHOP,ECOM,蝦皮,rule-desc,H
497,shopeexfewfv.sbs,2024-08-14T13:01:59,A,SHOP,ECOM,蝦皮,rule-desc,H
498,stkzd.top,2024-09-18T07:54:24,A,SHOP,ECOM,樂信,rule-desc,H
499,dcvfrr.top,2024-08-07T08:13:53,A,SHOP,ECOM,樂信,rule-desc,H
500,rakutenmerchant.com,2024-10-30T07:13:02,A,SHOP,ECOM,台灣樂天,rule-desc,H
501,gucke.top,2024-09-30T01:04:16,A,SHOP,ECOM,樂信,rule-desc,H
502,cbieo.top,2024-04-11T02:31:03,A,SHOP,ECOM,樂信,rule-desc,H
503,tw.songguo.lat,2024-10-29T10:32:07,A,SHOP,ECOM,創業家兄弟,rule-desc,H
504,songguo.lat,2024-10-29T10:32:07,A,SHOP,ECOM,創業家兄弟,rule-desc,H
505,www.shoprakutenw.com,2024-09-27T08:04:56,A,SHOP,ECOM,台灣樂天,rule-desc,H
506,shoprakutenw.com,2024-09-27T08:04:56,A,SHOP,ECOM,台灣樂天,rule-desc,H
507,tw76.shopeehde.cyou,2024-10-30T04:43:38,A,SHOP,ECOM,蝦皮,rule-desc,H
508,ser.shopeehde.sbs,2024-10-30T04:43:38,A,SHOP,ECOM,蝦皮,rule-desc,H
509,rakuten.kiaitofu.com,2024-03-03T19:28:42,A,SHOP,ECOM,台灣樂天,rule-desc,H
510,shopeehde.cyou,2024-10-30T04:43:38,A,SHOP,ECOM,蝦皮,rule-desc,H
511,shopeehde.sbs,2024-10-30T04:43:38,A,SHOP,ECOM,蝦皮,rule-desc,H
512,kiaitofu.com,2024-03-03T19:28:42,A,SHOP,ECOM,台灣樂天,rule-desc,H
513,www.rakutenspa.com,2024-10-28T01:47:07,A,SHOP,ECOM,台灣樂天,rule-desc,H
514,rakutenspa.com,2024-10-28T01:47:07,A,SHOP,ECOM,台灣樂天,rule-desc,H
515,www.shopnowa.top,2024-11-03T11:58:42,A,SHOP,ECOM,蝦皮,rule-desc,H
516,shopnowa.top,2024-11-03T11:58:42,A,SHOP,ECOM,蝦皮,rule-desc,H
517,hkgouwuche.store,2024-02-19T04:04:45,A,SHOP,ECOM,東森購物,rule-desc,H
518,jkd.fakers.site,2024-11-04T08:45:25,A,SHOP,ECOM,樂信,rule-desc,H
519,rakutenme.icu,2024-10-30T09:33:24,A,SHOP,ECOM,台灣樂天,rule-desc,H
520,rakuten.ezomgido.com,2024-03-04T19:18:17,A,SHOP,ECOM,台灣樂天,rule-desc,H
521,fakers.site,2024-11-04T08:45:25,A,SHOP,ECOM,樂信,rule-desc,H
522,ezomgido.com,2024-03-04T19:18:17,A,SHOP,ECOM,台灣樂天,rule-desc,H
523,www.diptyque-candle.com.tw,2024-07-04T14:01:06,A,SHOP,ECOM,客林國際,rule-desc,H
524,diptyque-candle.com.tw,2024-07-04T14:01:06,A,SHOP,ECOM,客林國際,rule-desc,H
525,rakutenli.com,2024-11-19T10:28:02,A,SHOP,ECOM,台灣樂天,rule-desc,H
526,www.anydesk-en.com,2024-11-08T05:14:32,A,SHOP,ECOM,富邦,rule-desc,H
527,anydesk-en.com,2024-11-08T05:14:32,A,SHOP,ECOM,富邦,rule-desc,H
528,rakuten.atresabz.com,2024-03-06T19:02:37,A,SHOP,ECOM,台灣樂天,rule-desc,H
529,xa.fakers.store,2024-11-04T08:45:24,A,SHOP,ECOM,樂信,rule-desc,H
530,rd.drnk.site,2024-11-19T17:25:57,A,SHOP,ECOM,樂信,rule-desc,H
531,atresabz.com,2024-03-06T19:02:37,A,SHOP,ECOM,台灣樂天,rule-desc,H
532,fakers.store,2024-11-04T08:45:24,A,SHOP,ECOM,樂信,rule-desc,H
533,drnk.site,2024-11-19T17:25:57,A,SHOP,ECOM,樂信,rule-desc,H
534,isnvb.top,2024-11-04T07:22:48,A,SHOP,ECOM,樂信,rule-desc,H
535,zsgeg.store,2024-11-18T09:54:27,A,SHOP,ECOM,momo,rule-desc,H
536,cxodb.fun,2024-11-05T02:49:32,A,SHOP,ECOM,momo,rule-desc,H
537,coi4.vercel.app,2020-01-28T03:03:04,A,SHOP,ECOM,Meta,rule-desc,H
538,www.couponetmalllife.com,2024-11-08T05:58:26,A,SHOP,ECOM,東森購物,rule-desc,H
539,www.masteretmalllife.com,2024-11-08T05:58:26,A,SHOP,ECOM,東森購物,rule-desc,H
540,catsscratches.weebly.com,2006-03-29T00:25:07,A,SHOP,TELCO,LINESTORE,rule-desc,H
541,app-lite.com,2024-01-29T12:42:35,U,SHOP,,(generic 一頁式),rule-generic,L
542,renata891.shop,2024-06-16T14:02:09,U,SHOP,,(generic 一頁式),rule-generic,L
543,jessicooi.shop,2024-06-16T14:02:14,U,SHOP,,(generic 一頁式),rule-generic,L
544,moneforyou.com,2024-11-05T10:45:44,U,SHOP,,(generic 一頁式),rule-generic,L
545,calicon098.top,2024-10-10T11:38:23,U,SHOP,,(generic 一頁式),rule-generic,L
546,xycg89.com,2024-07-08T14:19:33,U,SHOP,,(generic 一頁式),rule-generic,L
547,calmcalmew.top,2024-10-10T11:38:22,U,SHOP,,(generic 一頁式),rule-generic,L
548,gazebbe.top,2024-10-10T11:22:45,U,SHOP,,(generic 一頁式),rule-generic,L
549,xdfgf.fun,2024-11-08T02:43:20,U,SHOP,,(generic 一頁式),rule-generic,L
550,cfdg94.top,2023-07-10T07:53:30,A,SHOP,ECOM,樂信,rule-desc,H
551,abvca.fun,2024-11-02T03:18:45,A,SHOP,ECOM,樂信,rule-desc,H
552,rakutenhi.com,2024-11-28T07:35:09,A,SHOP,ECOM,台灣樂天,rule-desc,H
553,chat.ichiba.faq.rakuten-net.co,2024-12-09T07:37:09,A,SHOP,ECOM,台灣樂天,rule-desc,H
554,www.sallblood.site,2023-02-01T10:28:47,A,SHOP,ECOM,蝦皮,rule-desc,H
555,tw27.shopeeszk.cfd,2024-11-27T09:00:03,A,SHOP,ECOM,蝦皮,rule-desc,H
556,shopee.shopeefgx.cfd,2024-11-27T09:00:03,A,SHOP,ECOM,蝦皮,rule-desc,H
557,huid.fakers.store,2024-11-04T08:45:24,A,SHOP,ECOM,樂信,rule-desc,H
558,www.thom-browne.com.tw,2021-12-16T15:58:07,U,SHOP,,(generic 一頁式),rule-generic,L
559,htruz.top,2024-11-04T07:22:49,A,SHOP,ECOM,樂信,rule-desc,H
560,kthuis.com,2023-04-15T01:28:49,A,SHOP,ECOM,樂信,rule-desc,H
561,euind.top,2024-09-30T01:04:18,A,SHOP,ECOM,樂信,rule-desc,H
562,qzstv.top,2024-12-18T03:54:15,A,SHOP,ECOM,樂信,rule-desc,H
563,obiuk.top,2022-08-20T06:13:58,A,SHOP,ECOM,樂信,rule-desc,H
564,ibkcn.top,2024-12-16T08:54:49,A,SHOP,ECOM,樂信,rule-desc,H
565,oceis.top,2023-03-06T01:45:11,A,SHOP,ECOM,樂信,rule-desc,H
566,zhangken.fun,2023-12-15T06:06:15,U,SHOP,,(generic 一頁式),rule-generic,L
567,www.dc544e.shop,2024-04-23T11:03:25,U,SHOP,,(generic 一頁式),rule-generic,L
568,cabineter.top,2024-10-10T11:38:22,U,SHOP,,(generic 一頁式),rule-generic,L
569,tkgame.shop,2023-11-11T07:08:35,U,SHOP,,(generic 一頁式),rule-generic,L
570,pksqj.fun,2024-09-26T05:38:00,U,SHOP,,(generic 一頁式),rule-generic,L
571,hi-raeth.top,2023-08-01T14:19:54,U,SHOP,,(generic 一頁式),rule-generic,L
572,wqwenmarket.top,2024-10-08T10:28:59,U,SHOP,,(generic 一頁式),rule-generic,L
573,calciumn663.top,2024-10-10T11:38:22,U,SHOP,,(generic 一頁式),rule-generic,L
574,calculatebbe.top,2024-10-10T11:38:22,U,SHOP,,(generic 一頁式),rule-generic,L
575,ogtgt.cn,2024-11-11T21:30:45,U,SHOP,,(generic 一頁式),rule-generic,L
576,nzelkl.shop,2024-03-06T09:13:59,U,SHOP,,(generic 一頁式),rule-generic,L
577,fvfb.store,2024-04-10T02:36:04,U,SHOP,,(generic 一頁式),rule-generic,L
578,zh-case.ubpages.com,2015-12-14T19:09:35,U,SHOP,,(generic 一頁式),rule-generic,L
579,nprod.asia,2024-08-08T02:29:53,U,SHOP,,(generic 一頁式),rule-generic,L
580,palnavigator.online,2024-01-31T11:02:19,U,SHOP,,(generic 一頁式),rule-generic,L
581,ssghj-01.top,2024-10-15T01:10:55,U,SHOP,,(generic 一頁式),rule-generic,L
582,sjyx8.happyyx.top,2023-07-23T06:40:17,A,SHOP,ECOM,蝦皮,rule-desc,H
583,www.fa8o.xyz,2024-12-17T12:32:50,U,SHOP,,(generic 一頁式),rule-generic,L
584,fortunetrack.cc,2024-12-21T10:34:07,U,SHOP,,(generic 一頁式),rule-generic,L
585,bulushopping.com,2024-10-22T10:00:53,U,SHOP,,(generic 一頁式),rule-generic,L
586,jffvddhdf.one,2024-12-21T10:34:04,U,SHOP,,(generic 一頁式),rule-generic,L
587,ccimbc.xyz,2024-12-04T10:47:52,U,SHOP,,(generic 一頁式),rule-generic,L
588,fvdxcuvwxy.my,2024-12-21T10:34:07,U,SHOP,,(generic 一頁式),rule-generic,L
589,captuuure.my,2024-12-21T10:34:15,U,SHOP,,(generic 一頁式),rule-generic,L
590,vdrgrwr.one,2024-12-21T10:34:11,U,SHOP,,(generic 一頁式),rule-generic,L
591,inspiredreads.my,2024-12-21T10:33:44,U,SHOP,,(generic 一頁式),rule-generic,L
592,atyjahahjs.my,2024-12-21T10:33:54,U,SHOP,,(generic 一頁式),rule-generic,L
593,www.fafa8o8o.xyz,2024-12-17T11:22:24,U,SHOP,,(generic 一頁式),rule-generic,L
594,aeizc.top,2024-09-30T01:04:22,A,SHOP,ECOM,樂信,rule-desc,H
595,psiua.top,2023-03-06T01:45:10,A,SHOP,ECOM,樂信,rule-desc,H
596,freedommind.one,2024-12-24T13:06:26,U,SHOP,,(generic 一頁式),rule-generic,L
597,www.kinsleycpa.top,2024-05-20T06:47:36,U,SHOP,,(generic 一頁式),rule-generic,L
598,heartvibes.my,2024-12-24T13:06:19,U,SHOP,,(generic 一頁式),rule-generic,L
599,sjtw1.anlottery.com,2024-12-27T09:31:42,A,SHOP,ECOM,蝦皮,rule-desc,H
600,www.rakutenxs.com,2024-12-27T13:16:00,A,SHOP,ECOM,台灣樂天,rule-desc,H
601,bstoz.top,2024-09-30T01:04:21,A,SHOP,ECOM,樂信,rule-desc,H
602,rakutenmerchantu.com,2024-11-27T10:50:48,A,SHOP,ECOM,台灣樂天,rule-desc,H
603,www.chenxianga.com,2023-05-22T02:29:32,U,SHOP,,(generic 一頁式),rule-generic,L
604,asiamallpro.com,2024-01-22T11:42:27,U,SHOP,,(generic 一頁式),rule-generic,L
605,pollurrtion.cc,2024-12-27T02:52:14,U,SHOP,,(generic 一頁式),rule-generic,L
606,equitiesmarketqc.my,2024-12-29T06:25:46,U,SHOP,,(generic 一頁式),rule-generic,L
607,imjt.store,2024-10-24T08:07:04,U,SHOP,,(generic 一頁式),rule-generic,L
608,undeffrstand.cc,2024-12-29T06:26:10,U,SHOP,,(generic 一頁式),rule-generic,L
609,fastjumcvc.cc,2024-12-27T02:51:50,U,SHOP,,(generic 一頁式),rule-generic,L
610,tw.mjjsk.shop,2023-08-27T09:08:28,U,SHOP,,(generic 一頁式),rule-generic,L
611,wxzxbvblv.my,2024-05-23T03:21:44,U,SHOP,,(generic 一頁式),rule-generic,L
612,fastlincvbdc.cc,2024-12-27T02:51:57,U,SHOP,,(generic 一頁式),rule-generic,L
613,marketplaces.shopacckly.com,2024-05-23T03:21:44,U,SHOP,,(generic 一頁式),rule-generic,L
614,bexcstchoice.my,2024-12-31T10:02:58,U,SHOP,,(generic 一頁式),rule-generic,L
615,aciuiicess.cc,2024-12-31T10:02:28,U,SHOP,,(generic 一頁式),rule-generic,L
616,zolund.xyz,2024-11-19T08:37:25,U,SHOP,,(generic 一頁式),rule-generic,L
617,clebhnarview.one,2024-12-31T10:02:52,U,SHOP,,(generic 一頁式),rule-generic,L
618,jaitce.com,2023-02-24T07:04:50,A,SHOP,ECOM,樂信,rule-desc,H
619,gimrs.top,2024-11-04T07:22:50,A,SHOP,ECOM,樂信,rule-desc,H
620,viprakutenmu.com,2025-01-07T08:57:08,A,SHOP,ECOM,台灣樂天,rule-desc,H
621,viprakutensx.vip,2025-01-14T03:33:46,A,SHOP,ECOM,台灣樂天,rule-desc,H
622,www.viprakutenzy.com,2025-01-14T03:59:38,A,SHOP,ECOM,台灣樂天,rule-desc,H
623,serenesky.my,2025-01-11T07:48:04,U,SHOP,,(generic 一頁式),rule-generic,L
624,richfind.my,2025-01-11T07:48:06,U,SHOP,,(generic 一頁式),rule-generic,L
625,stoctttrks.my,2025-01-11T07:48:37,U,SHOP,,(generic 一頁式),rule-generic,L
626,tw.shopee.selfhelp933.com,2024-12-22T06:35:06,A,SHOP,ECOM,蝦皮,rule-desc,H
627,www.edjor.xyz,2024-12-02T06:13:06,U,SHOP,,(generic 一頁式),rule-generic,L
628,kdsxs.top,2024-08-24T03:10:30,U,SHOP,,(generic 一頁式),rule-generic,L
629,team-tw.com,2025-01-09T16:40:51,U,SHOP,,(generic 一頁式),rule-generic,L
630,poue.store,2024-10-25T06:08:47,U,SHOP,,(generic 一頁式),rule-generic,L
631,rakutenmurchants.com,2025-01-11T11:45:34,A,SHOP,ECOM,台灣樂天,rule-desc,H
632,bopcure.top,2025-01-06T08:06:43,U,SHOP,,(generic 一頁式),rule-generic,L
633,calciumber.top,2024-10-10T11:38:22,U,SHOP,,(generic 一頁式),rule-generic,L
634,auotma.shop,2024-05-30T10:41:13,U,SHOP,,(generic 一頁式),rule-generic,L
635,eyucns.top,2024-12-31T05:48:43,U,SHOP,,(generic 一頁式),rule-generic,L
636,xuanli.shop,2024-07-16T02:30:47,U,SHOP,,(generic 一頁式),rule-generic,L
637,beauty-tw.com,2024-06-22T02:17:01,U,SHOP,,(generic 一頁式),rule-generic,L
638,reem12e.top,2024-12-16T09:01:24,U,SHOP,,(generic 一頁式),rule-generic,L
639,sljyaselxfdaazzd.shop,2024-07-01T08:35:20,U,SHOP,,(generic 一頁式),rule-generic,L
640,tw.klhly.top,2024-07-21T16:48:43,U,SHOP,,(generic 一頁式),rule-generic,L
641,24hourtools.top,2023-09-10T06:02:10,U,SHOP,,(generic 一頁式),rule-generic,L
642,mchsdees.xyz,2024-12-18T09:59:30,U,SHOP,,(generic 一頁式),rule-generic,L
643,jhjdg.store,2024-11-18T09:54:28,U,SHOP,,(generic 一頁式),rule-generic,L
644,sdghh.icu,2024-11-19T09:05:40,U,SHOP,,(generic 一頁式),rule-generic,L
645,autced.top,2024-12-06T05:22:09,U,SHOP,,(generic 一頁式),rule-generic,L
646,etf888.vip,2025-01-02T06:23:25,U,SHOP,,(generic 一頁式),rule-generic,L
647,www.nifeojsgesjf91.top,2024-06-19T06:28:30,U,SHOP,,(generic 一頁式),rule-generic,L
648,pal.osorjgqwfe.top,2024-07-01T08:35:20,U,SHOP,,(generic 一頁式),rule-generic,L
649,www.mcecisesew01.top,2024-02-21T03:24:34,U,SHOP,,(generic 一頁式),rule-generic,L
650,unquestionability.top,2025-01-15T09:44:12,U,SHOP,,(generic 一頁式),rule-generic,L
651,hvfd.store,2024-11-05T09:14:28,U,SHOP,,(generic 一頁式),rule-generic,L
652,supputuort.cc,2024-12-31T10:02:30,U,SHOP,,(generic 一頁式),rule-generic,L
653,kindnewwwss.cc,2024-12-31T10:02:28,U,SHOP,,(generic 一頁式),rule-generic,L
654,dbhssb.com,2024-08-14T09:09:54,U,SHOP,,(generic 一頁式),rule-generic,L
655,d3f62e4f.nungde.me,2024-06-26T10:01:20,U,SHOP,,(generic 一頁式),rule-generic,L
656,sque.pw,2024-12-06T06:27:50,U,SHOP,,(generic 一頁式),rule-generic,L
657,24hoursho.top,2022-10-18T08:03:21,U,SHOP,,(generic 一頁式),rule-generic,L
658,tw-online.top,2024-06-04T09:15:03,U,SHOP,,(generic 一頁式),rule-generic,L
659,twcyz.shop,2024-05-17T04:51:42,U,SHOP,,(generic 一頁式),rule-generic,L
660,qxunf.asia,2024-01-16T04:57:46,U,SHOP,,(generic 一頁式),rule-generic,L
661,tvbj.store,2024-07-02T07:34:35,U,SHOP,,(generic 一頁式),rule-generic,L
662,24hoursgh.top,2022-10-18T08:03:22,U,SHOP,,(generic 一頁式),rule-generic,L
663,channelapexflow.click,2024-09-16T03:37:47,U,SHOP,,(generic 一頁式),rule-generic,L
664,tranquil-malabi-fd5c94.netlify.app,2018-05-08T22:48:05,U,SHOP,,(generic 一頁式),rule-generic,L
665,markettplacea.shopyuri.live,2024-09-24T03:13:36,U,SHOP,,(generic 一頁式),rule-generic,L
666,9968ne.shop,2023-04-01T09:47:22,U,SHOP,,(generic 一頁式),rule-generic,L
667,louissse.shop,2024-06-16T14:02:17,U,SHOP,,(generic 一頁式),rule-generic,L
668,99865to.shop,2023-04-01T09:47:10,U,SHOP,,(generic 一頁式),rule-generic,L
669,gtaw.asia,2024-08-06T13:22:46,U,SHOP,,(generic 一頁式),rule-generic,L
670,universe-entertaining.com,2025-01-27T05:48:23,U,SHOP,,(generic 一頁式),rule-generic,L
671,www.gorgmall.shop,2024-12-27T08:31:29,U,SHOP,,(generic 一頁式),rule-generic,L
672,guvj.store,2024-11-08T02:14:32,U,SHOP,,(generic 一頁式),rule-generic,L
673,xvgj.store,2024-10-25T07:39:53,U,SHOP,,(generic 一頁式),rule-generic,L
674,mazuss.weebly.com,2006-03-29T00:25:07,U,SHOP,,(generic 一頁式),rule-generic,L
675,renasss.shop,2024-06-16T14:02:10,U,SHOP,,(generic 一頁式),rule-generic,L
676,abriell.shop,2024-06-16T14:02:13,U,SHOP,,(generic 一頁式),rule-generic,L
677,explosion-00963.top,2023-08-01T14:29:57,U,SHOP,,(generic 一頁式),rule-generic,L
678,xiapishepiwangtw.com,2024-12-11T14:45:27,U,SHOP,,(generic 一頁式),rule-generic,L
679,xkzln.store,2024-11-05T09:46:26,U,SHOP,,(generic 一頁式),rule-generic,L
680,tesaoooa.shop,2024-06-16T14:02:15,U,SHOP,,(generic 一頁式),rule-generic,L
681,www.hoenfile.com,2024-09-25T01:34:03,U,SHOP,,(generic 一頁式),rule-generic,L
682,www.rakutenss.com,2024-11-28T11:21:07,A,SHOP,ECOM,台灣樂天,rule-desc,H
683,olkmj.icu,2024-11-15T02:47:04,U,SHOP,,(generic 一頁式),rule-generic,L
684,lxbhu.uno,2024-12-02T09:55:57,U,SHOP,,(generic 一頁式),rule-generic,L
685,lxvvxcxcrmnp.my,2025-01-23T02:45:53,U,SHOP,,(generic 一頁式),rule-generic,L
686,dfqsdfcdspkhz.my,2025-01-23T02:45:54,U,SHOP,,(generic 一頁式),rule-generic,L
687,xinb.fokd.store,2024-11-19T17:25:52,A,SHOP,ECOM,樂信,rule-desc,H
688,jkb.fokd.online,2024-11-19T17:25:53,A,SHOP,ECOM,樂信,rule-desc,H
689,hb.fokd.online,2024-11-19T17:25:53,A,SHOP,ECOM,樂信,rule-desc,H
690,ovuts.top,2024-02-19T01:36:46,A,SHOP,ECOM,樂信,rule-desc,H
691,lqznkxdvfy.my,2025-01-20T03:50:33,U,SHOP,,(generic 一頁式),rule-generic,L
692,wfcx.store,2024-11-07T07:19:27,U,SHOP,,(generic 一頁式),rule-generic,L
693,opjpo.top,2024-12-11T06:44:45,U,SHOP,,(generic 一頁式),rule-generic,L
694,www.transhares.top,2025-02-08T00:22:15,U,SHOP,,(generic 一頁式),rule-generic,L
695,datthime.com,2025-01-17T06:58:38,U,SHOP,,(generic 一頁式),rule-generic,L
696,stratifyinvest.my,2025-01-23T02:45:13,U,SHOP,,(generic 一頁式),rule-generic,L
697,careerboost.cc,2025-02-06T02:59:02,U,SHOP,,(generic 一頁式),rule-generic,L
698,hhhhedge.cc,2025-02-06T02:59:05,U,SHOP,,(generic 一頁式),rule-generic,L
699,jkb.jklove.online,2025-02-07T01:38:34,A,SHOP,ECOM,樂信,rule-desc,H
700,magnhcentlife.my,2025-02-06T02:58:59,U,SHOP,,(generic 一頁式),rule-generic,L
701,tw.zeddd.fun,2024-12-24T13:50:46,U,SHOP,,(generic 一頁式),rule-generic,L
702,invettstor.cc,2025-02-06T02:59:04,U,SHOP,,(generic 一頁式),rule-generic,L
703,poulol.com,2024-12-28T10:26:08,U,SHOP,,(generic 一頁式),rule-generic,L
704,www.kinshares.top,2024-11-30T15:51:48,U,SHOP,,(generic 一頁式),rule-generic,L
705,help-my-review-page-checker.org,2025-02-09T21:41:54,U,SHOP,,(generic 一頁式),rule-generic,L
706,wonplanddream.my,2025-02-06T02:58:48,U,SHOP,,(generic 一頁式),rule-generic,L
707,greenbuye.com,2024-06-22T06:34:47,U,SHOP,,(generic 一頁式),rule-generic,L
708,fbdrai.us,2025-01-04T14:41:04,U,SHOP,,(generic 一頁式),rule-generic,L
709,moonlitpath.cc,2025-02-06T02:59:05,U,SHOP,,(generic 一頁式),rule-generic,L
710,mysticstream.cc,2025-02-10T03:39:25,U,SHOP,,(generic 一頁式),rule-generic,L
711,tradeapex.top,2025-02-10T03:39:04,U,SHOP,,(generic 一頁式),rule-generic,L
712,marketforge.top,2025-02-10T03:39:05,U,SHOP,,(generic 一頁式),rule-generic,L
713,www.gotoshops.store,2024-07-26T06:49:31,U,SHOP,,(generic 一頁式),rule-generic,L
714,tg01.obxfwe.xyz,2024-12-03T14:16:16,U,SHOP,,(generic 一頁式),rule-generic,L
715,xincen.online,2025-02-07T01:38:33,A,SHOP,ECOM,樂信,rule-desc,H
716,menlifes.com,2024-07-08T02:32:18,A,SHOP,ECOM,樂信,rule-desc,H
717,jacklo.online,2025-02-14T02:57:55,A,SHOP,ECOM,樂信,rule-desc,H
718,twzfw.vip,2025-02-05T08:53:00,U,SHOP,,(generic 一頁式),rule-generic,L
719,twsw.info,2025-02-11T06:14:03,U,SHOP,,(generic 一頁式),rule-generic,L
720,fv.shopesess.vip,2024-12-27T11:49:03,A,SHOP,ECOM,蝦皮,rule-desc,H
721,do.shopeseess.shop,2025-01-15T14:17:59,A,SHOP,ECOM,蝦皮,rule-desc,H
722,www.viprakutenke.com,2025-02-18T14:59:00,A,SHOP,ECOM,台灣樂天,rule-desc,H
723,mistysky.my,2025-02-15T02:42:55,U,SHOP,,(generic 一頁式),rule-generic,L
724,www.sdfvcdsr.shop,2024-12-12T07:14:17,U,SHOP,,(generic 一頁式),rule-generic,L
725,www.goubaod88.shop,2024-11-17T10:23:55,U,SHOP,,(generic 一頁式),rule-generic,L
726,www.asgnoia.shop,2025-02-06T08:32:43,U,SHOP,,(generic 一頁式),rule-generic,L
727,thewrencher.com,2024-03-22T20:01:06,U,SHOP,,(generic 一頁式),rule-generic,L
728,dgbsdg.online,2024-10-28T08:11:18,U,SHOP,,(generic 一頁式),rule-generic,L
729,shop.tinghefu.com,2024-12-04T08:05:51,U,SHOP,,(generic 一頁式),rule-generic,L
730,geewefr.top,2024-12-23T02:50:17,U,SHOP,,(generic 一頁式),rule-generic,L
731,guchafang.top,2019-04-15T09:18:22,U,SHOP,,(generic 一頁式),rule-generic,L
732,ubfdrg.icu,2024-11-15T03:35:45,U,SHOP,,(generic 一頁式),rule-generic,L
733,streamintegrity.com,2024-10-28T11:31:10,U,SHOP,,(generic 一頁式),rule-generic,L
734,www.aweawl.shop,2025-02-13T09:25:34,U,SHOP,,(generic 一頁式),rule-generic,L
735,www.abnsiuf.shop,2025-02-04T09:06:12,U,SHOP,,(generic 一頁式),rule-generic,L
736,nwhhz.life,2025-02-07T06:49:24,U,SHOP,,(generic 一頁式),rule-generic,L
737,gfbfbfgk.fun,2024-10-10T05:54:20,U,SHOP,,(generic 一頁式),rule-generic,L
738,7r3ir.ustemik.co.in,2024-08-14T09:55:52,U,SHOP,,(generic 一頁式),rule-generic,L
739,www.tw88mall.shop,2024-11-08T06:13:21,U,SHOP,,(generic 一頁式),rule-generic,L
740,www.xiaobian-gongyi.com,2025-01-14T05:34:46,A,SHOP,ECOM,蝦皮,rule-desc,H
741,tw.shopee.selfhelp838.com,2025-01-24T06:27:03,A,SHOP,ECOM,蝦皮,rule-desc,H
742,newcps.yinyouwl.com,2020-07-03T01:41:42,U,SHOP,,(generic 一頁式),rule-generic,L
743,rakutenmershints.com,2025-01-25T07:38:18,A,SHOP,ECOM,台灣樂天,rule-desc,H
744,frostlight.my,2025-02-15T02:42:56,U,SHOP,,(generic 一頁式),rule-generic,L
745,keaotw.shop,2024-07-24T01:24:39,U,SHOP,,(generic 一頁式),rule-generic,L
746,tk.fbne.top,2024-07-02T02:45:25,U,SHOP,,(generic 一頁式),rule-generic,L
747,xaulaonr.shop,2024-12-11T01:59:23,U,SHOP,,(generic 一頁式),rule-generic,L
748,kdjtk.top,2025-01-22T15:35:34,U,SHOP,,(generic 一頁式),rule-generic,L
749,cnxiq.top,2024-09-27T03:50:20,A,SHOP,ECOM,樂信,rule-desc,H
750,a4.roudu.online,2025-02-07T01:38:28,A,SHOP,ECOM,樂信,rule-desc,H
751,www.vipggg.buzz,2024-03-11T18:45:39,U,SHOP,,(generic 一頁式),rule-generic,L
752,vip006.store,2024-08-07T05:59:49,U,SHOP,,(generic 一頁式),rule-generic,L
753,bwtkq.my,2025-02-23T03:00:34,U,SHOP,,(generic 一頁式),rule-generic,L
754,calyxis.my,2025-02-23T03:00:49,U,SHOP,,(generic 一頁式),rule-generic,L
755,www.dadaww.shop,2024-11-08T06:09:27,U,SHOP,,(generic 一頁式),rule-generic,L
756,bathtub.decisivekeyboard.info,2024-09-30T16:06:19,U,SHOP,,(generic 一頁式),rule-generic,L
757,profitdrive.cc,2025-02-23T03:00:25,U,SHOP,,(generic 一頁式),rule-generic,L
758,disabled-business-workspace.ubpages.com,2015-12-14T19:09:35,U,SHOP,,(generic 一頁式),rule-generic,L
759,smartinvest.my,2025-01-15T09:44:11,U,SHOP,,(generic 一頁式),rule-generic,L
760,kinsleycpa.top,2024-05-20T06:47:36,U,SHOP,,(generic 一頁式),rule-generic,L
761,www.dylane.online,2024-12-17T07:27:23,U,SHOP,,(generic 一頁式),rule-generic,L
762,voaahd.top,2025-02-10T06:56:51,U,SHOP,,(generic 一頁式),rule-generic,L
763,jkc.jklove.online,2025-02-07T01:38:34,A,SHOP,ECOM,樂信,rule-desc,H
764,huixa.online,2025-02-14T02:57:58,A,SHOP,ECOM,樂信,rule-desc,H
765,tw.shopee.selfhelp768.com,2025-02-26T16:18:18,A,SHOP,ECOM,蝦皮,rule-desc,H
766,www.salomontaiwan.com.tw,2023-09-07T17:42:07,U,SHOP,,(generic 一頁式),rule-generic,L
767,www.hoka-taiwan.com.tw,2023-05-23T11:59:04,U,SHOP,,(generic 一頁式),rule-generic,L
768,www.hokashop.com.tw,2024-01-04T17:45:38,U,SHOP,,(generic 一頁式),rule-generic,L
769,www.hokatw.com.tw,2022-11-18T17:35:05,U,SHOP,,(generic 一頁式),rule-generic,L
770,a.momo.qpon,2025-03-07T08:24:01,A,SHOP,ECOM,富邦,rule-desc,H
771,s.momo.qpon,2025-03-07T08:24:01,A,SHOP,ECOM,富邦,rule-desc,H
772,www.huodong-shopee.com,2025-02-24T09:31:38,A,SHOP,ECOM,蝦皮,rule-desc,H
773,xinbus.online,2025-02-21T06:23:01,A,SHOP,ECOM,樂信,rule-desc,H
774,hfdyr.icu,2024-11-18T09:54:28,A,SHOP,ECOM,樂信,rule-desc,H
775,www.mimob.top,2025-02-26T08:17:18,U,SHOP,,(generic 一頁式),rule-generic,L
776,www.line-top.top,2025-02-24T09:21:43,A,SHOP,TELCO,LINE,typosquat,M
777,tyyttyy.com,2025-03-03T08:12:09,U,SHOP,,(generic 一頁式),rule-generic,L
778,www.jhjvhfk.store,2025-02-17T09:50:51,U,SHOP,,(generic 一頁式),rule-generic,L
779,chmkue.life,2025-03-02T15:45:47,U,SHOP,,(generic 一頁式),rule-generic,L
780,dylane.online,2024-12-17T07:27:23,U,SHOP,,(generic 一頁式),rule-generic,L
781,civicsecurities.top,2024-04-22T08:17:18,U,SHOP,,(generic 一頁式),rule-generic,L
782,believe.baby,2024-11-18T04:55:50,U,SHOP,,(generic 一頁式),rule-generic,L
783,ym.8c1w8p.xyz,2024-12-03T14:16:16,U,SHOP,,(generic 一頁式),rule-generic,L
784,taibshopmall.com,2024-09-23T11:27:44,U,SHOP,,(generic 一頁式),rule-generic,L
785,y.azione.top,2024-11-23T07:34:40,U,SHOP,,(generic 一頁式),rule-generic,L
786,rnfxwm.cc,2025-03-06T09:18:59,U,SHOP,,(generic 一頁式),rule-generic,L
787,twxpa.xin,2025-03-04T05:08:10,U,SHOP,,(generic 一頁式),rule-generic,L
788,mnpqurl.top,2025-03-01T09:07:08,U,SHOP,,(generic 一頁式),rule-generic,L
789,www.16typeshub.online,2024-12-25T06:02:31,U,SHOP,,(generic 一頁式),rule-generic,L
790,ld.kud2ib.xyz,2025-03-03T08:45:12,U,SHOP,,(generic 一頁式),rule-generic,L
791,googleinvest.com,2025-03-06T05:42:29,U,SHOP,,(generic 一頁式),rule-generic,L
792,rakutense.com,2025-01-07T11:00:39,A,SHOP,ECOM,台灣樂天,rule-desc,H
793,www.xiapi-wenjuan.com,2025-03-06T15:09:54,A,SHOP,ECOM,蝦皮,rule-desc,H
794,www.tautness.com,2001-01-26T12:06:37,A,SHOP,ECOM,台灣樂天,rule-desc,H
795,momo.icu,2025-03-07T07:25:30,A,SHOP,ECOM,富邦,rule-desc,H
796,busiessqz.my,2025-03-06T09:18:32,U,SHOP,,(generic 一頁式),rule-generic,L
797,youtubefind.top,2025-02-13T10:11:04,U,SHOP,,(generic 一頁式),rule-generic,L
798,5qexlk.xyz,2025-03-03T08:45:13,U,SHOP,,(generic 一頁式),rule-generic,L
799,yallhoo.co,2024-12-25T10:34:25,U,SHOP,,(generic 一頁式),rule-generic,L
800,nhgnl.online,2024-09-06T08:14:57,U,SHOP,,(generic 一頁式),rule-generic,L
801,sicqtg.xyz,2025-03-03T08:45:12,U,SHOP,,(generic 一頁式),rule-generic,L
802,duoxio.top,2024-12-26T07:04:48,U,SHOP,,(generic 一頁式),rule-generic,L
803,coasttw.com,2022-06-27T03:06:55,U,SHOP,,(generic 一頁式),rule-generic,L
804,lphxvn.my,2025-03-06T09:18:47,U,SHOP,,(generic 一頁式),rule-generic,L
805,aaavt.asia,2025-02-27T08:59:50,U,SHOP,,(generic 一頁式),rule-generic,L
806,gfrweb.online,2025-02-25T14:12:25,U,SHOP,,(generic 一頁式),rule-generic,L
807,tradingcodepro.top,2025-03-06T14:24:20,U,SHOP,,(generic 一頁式),rule-generic,L
808,tradingdeckprime.top,2025-03-06T14:24:15,U,SHOP,,(generic 一頁式),rule-generic,L
809,dolphingroup.top,2025-01-13T04:08:02,U,SHOP,,(generic 一頁式),rule-generic,L
810,eaglepay.top,2025-01-13T04:08:02,U,SHOP,,(generic 一頁式),rule-generic,L
811,texing.top,2025-02-10T10:19:39,U,SHOP,,(generic 一頁式),rule-generic,L
812,fybsertv.shop,2024-12-12T07:14:16,U,SHOP,,(generic 一頁式),rule-generic,L
813,hbnn555sa.top,2025-03-13T06:00:21,U,SHOP,,(generic 一頁式),rule-generic,L
814,specialperson.shop,2025-03-11T08:01:33,U,SHOP,,(generic 一頁式),rule-generic,L
815,angret.com,2016-05-31T09:43:30,U,SHOP,,(generic 一頁式),rule-generic,L
816,murfg.xyz,2025-03-04T09:11:33,U,SHOP,,(generic 一頁式),rule-generic,L
817,stockaistudy.shop,2025-03-10T08:35:55,U,SHOP,,(generic 一頁式),rule-generic,L
818,ecpaytwa.com,2025-03-05T08:29:36,U,SHOP,,(generic 一頁式),rule-generic,L
819,bauysfa.shop,2025-02-04T09:06:15,U,SHOP,,(generic 一頁式),rule-generic,L
820,51gapk.com,2025-03-18T03:49:40,U,SHOP,,(generic 一頁式),rule-generic,L
821,jacklo.store,2025-02-14T02:57:58,U,SHOP,,(generic 一頁式),rule-generic,L
822,xinbus.shop,2025-02-21T06:23:07,A,SHOP,ECOM,樂信,rule-desc,H
823,twtgtw.net,2025-03-19T12:57:00,U,SHOP,,(generic 一頁式),rule-generic,L
824,glowyouth.shop,2025-03-14T07:39:42,A,SHOP,ECOM,樂信,rule-desc,H
825,viprakutensve.com,2025-03-15T08:22:34,A,SHOP,ECOM,台灣樂天,rule-desc,H
826,dcdsdwgk.top,2025-03-17T06:31:38,A,SHOP,ECOM,樂信,rule-desc,H
827,rujsa.online,2025-03-24T06:45:52,A,SHOP,ECOM,樂信,rule-desc,H
828,kunad.online,2025-03-17T03:33:12,A,SHOP,ECOM,樂信,rule-desc,H
829,ratutenonline.jp,2025-03-24T06:45:52,A,SHOP,ECOM,台灣樂天,rule-desc,H
830,kunni.online,2025-03-04T06:35:28,A,SHOP,ECOM,樂信,rule-desc,H
831,lianghu.online,2025-02-25T01:55:16,A,SHOP,ECOM,樂信,rule-desc,H
832,xinxina.store,2025-03-27T03:34:14,A,SHOP,ECOM,樂信,rule-desc,H
833,fengsa.online,2025-03-17T03:33:08,A,SHOP,ECOM,樂信,rule-desc,H
834,xinxina.online,2025-03-27T03:34:12,A,SHOP,ECOM,樂信,rule-desc,H
835,fsolw.top,2025-03-19T05:54:57,A,SHOP,ECOM,樂信,rule-desc,H
836,dferrtgk.top,2025-03-17T06:31:37,A,SHOP,ECOM,樂信,rule-desc,H
837,www.techinhk.shop,2024-12-23T12:04:29,A,SHOP,ECOM,樂信,rule-desc,H
838,huisw.store,2025-03-10T05:48:15,A,SHOP,ECOM,樂信,rule-desc,H
839,www.xiaxiaobian-wenjuan.com,2025-03-25T03:48:10,A,SHOP,ECOM,蝦皮,rule-desc,H
840,www.todayetmalles.com,2025-03-18T05:45:37,A,SHOP,ECOM,東森購物,rule-desc,H
841,rakutensn.com,2025-01-07T11:00:39,A,SHOP,ECOM,台灣樂天,rule-desc,H
842,rujsa.store,2025-03-24T06:45:57,A,SHOP,ECOM,樂信,rule-desc,H
843,kunni.store,2025-03-04T06:35:27,A,SHOP,ECOM,樂信,rule-desc,H
844,eadiu.top,2024-08-23T02:45:13,A,SHOP,ECOM,樂信,rule-desc,H
845,mnusr.top,2024-08-01T02:54:19,A,SHOP,ECOM,樂信,rule-desc,H
846,zsikc.top,2024-09-29T01:03:57,A,SHOP,ECOM,樂信,rule-desc,H
847,xinchua.online,2025-03-17T03:33:07,A,SHOP,ECOM,樂信,rule-desc,H
848,rakutenmerchaots.com,2025-03-06T12:41:57,A,SHOP,ECOM,台灣樂天,rule-desc,H
849,rakutensq.com,2025-04-03T11:59:54,A,SHOP,ECOM,台灣樂天,rule-desc,H
850,fengog.com,2025-04-02T02:25:04,A,SHOP,ECOM,樂信,rule-desc,H
851,lianghu.shop,2025-02-25T01:55:23,A,SHOP,ECOM,樂信,rule-desc,H
852,dbgrtyu.top,2025-03-20T07:21:49,A,SHOP,ECOM,樂信,rule-desc,H
853,droz.store,2024-10-15T05:54:15,A,SHOP,ECOM,樂信,rule-desc,H
854,konhas.online,2025-03-24T07:25:08,A,SHOP,ECOM,樂信,rule-desc,H
855,bazev.top,2024-08-20T01:04:40,A,SHOP,ECOM,樂信,rule-desc,H
856,lianglsa.live,2025-04-09T01:38:44,A,SHOP,ECOM,樂信,rule-desc,H
857,xinasldf.life,2025-04-09T01:38:45,A,SHOP,ECOM,樂信,rule-desc,H
858,tinasger.top,2025-03-22T13:05:31,A,SHOP,ECOM,東森購物,rule-desc,H
859,omird.top,2024-09-29T01:04:06,A,SHOP,ECOM,樂信,rule-desc,H
860,evenetmalled.com,2025-03-11T11:32:40,A,SHOP,ECOM,東森購物,rule-desc,H
861,rakutensw.com,2025-04-03T11:59:54,A,SHOP,ECOM,台灣樂天,rule-desc,H
862,knmqke.shop,2025-03-14T10:34:23,A,SHOP,ECOM,樂信,rule-desc,H
863,rudgnc.life,2025-04-16T02:37:55,A,SHOP,ECOM,樂信,rule-desc,H
864,jkbom.online,2025-02-13T02:35:57,A,SHOP,ECOM,樂信,rule-desc,H
865,fenljkx.today,2025-04-16T02:38:01,A,SHOP,ECOM,樂信,rule-desc,H
866,rakuteumerchants.com,2025-03-31T15:05:42,A,SHOP,ECOM,台灣樂天,rule-desc,H
867,xinkjvn.life,2025-04-15T01:34:14,A,SHOP,ECOM,樂信,rule-desc,H
868,fenljkx.space,2025-04-16T02:37:54,A,SHOP,ECOM,樂信,rule-desc,H
869,hfl001auto.shop,2025-02-27T02:50:15,A,SHOP,ECOM,樂信,rule-desc,H
870,viprakutenvrb.com,2025-04-22T08:00:36,A,SHOP,ECOM,台灣樂天,rule-desc,H
871,viprakutenvra.com,2025-04-22T08:00:36,A,SHOP,ECOM,台灣樂天,rule-desc,H
872,wardmust.online,2025-03-31T02:20:31,A,SHOP,ECOM,富邦,rule-desc,H
873,viprakutenvse.vip,2025-04-22T08:00:36,A,SHOP,ECOM,台灣樂天,rule-desc,H
874,romhad.life,2025-04-21T02:41:55,A,SHOP,ECOM,樂信,rule-desc,H
875,xinkdd.life,2025-04-16T02:37:55,A,SHOP,ECOM,樂信,rule-desc,H
876,soezv.top,2024-09-02T06:11:53,A,SHOP,ECOM,樂信,rule-desc,H
877,rakutenmerchents.com,2025-04-11T12:08:58,A,SHOP,ECOM,台灣樂天,rule-desc,H
878,guvethk.shop,2025-02-18T11:23:33,A,SHOP,ECOM,樂信,rule-desc,H
879,marketaeg.shop,2024-12-05T09:30:04,A,SHOP,ECOM,富邦,rule-desc,H
880,xn--xn-stars-bkb.com,2025-04-29T15:12:33,U,SHOP,,(generic 一頁式),rule-generic,L
881,xįn-stars.com,2025-04-29T15:12:33,U,SHOP,,(generic 一頁式),rule-generic,L
882,goetmalltop.com,2025-04-25T12:35:43,A,SHOP,ECOM,東森購物,rule-desc,H
883,rakuteneo.com,2025-04-19T08:29:53,A,SHOP,ECOM,台灣樂天,rule-desc,H
884,fllsaf.xyz,2025-04-18T05:36:09,A,SHOP,ECOM,樂信,rule-desc,H
885,romhad.space,2025-04-21T02:41:59,A,SHOP,ECOM,樂信,rule-desc,H
886,longsa.space,2025-04-23T06:16:01,A,SHOP,ECOM,樂信,rule-desc,H
887,xinsrd.life,2025-04-15T01:34:13,A,SHOP,ECOM,樂信,rule-desc,H
888,pqlyzlk.shop,2025-04-29T06:36:47,A,SHOP,ECOM,樂信,rule-desc,H
889,exzxv.site,2025-05-07T03:40:46,A,SHOP,ECOM,東森購物,rule-desc,H
890,zhengmingplvkp.club,2024-08-19T01:37:12,A,SHOP,ECOM,東森購物,rule-desc,H
891,vapeshopee.com,2025-02-10T10:48:17,A,SHOP,ECOM,新加坡商蝦皮娛樂電商台灣分公司,rule-desc,H
892,asia-rakutenmb.com,2025-04-30T14:58:08,A,SHOP,ECOM,台灣樂天,rule-desc,H
893,uiocvs.shop,2024-09-24T07:32:24,A,SHOP,ECOM,樂信,rule-desc,H
894,vozcz.com,2025-04-10T06:42:10,A,SHOP,ECOM,樂信,rule-desc,H
895,etmalltopshop.com,2025-04-25T12:35:43,A,SHOP,ECOM,東森購物,rule-desc,H
896,vksuws.top,2024-11-22T03:25:57,A,SHOP,ECOM,樂信,rule-desc,H
897,xmsksl.shop,2025-03-19T05:50:56,A,SHOP,ECOM,樂信,rule-desc,H
898,uiocvs.com,2024-09-24T07:32:30,A,SHOP,ECOM,樂信,rule-desc,H
899,viagravip.shop,2025-03-26T06:48:22,A,SHOP,ECOM,東森購物,rule-desc,H
900,oylhkl.site,2025-04-29T02:50:45,A,SHOP,ECOM,台灣樂天,rule-desc,H
901,kfbxgqnl.shop,2025-05-13T11:02:44,A,SHOP,ECOM,樂信,rule-desc,H
902,xzivz.vip,2025-03-24T06:46:44,A,SHOP,ECOM,樂信,rule-desc,H
903,weicup.live,2025-05-06T05:46:23,A,SHOP,ECOM,樂信,rule-desc,H
904,trhdu.top,2024-09-02T06:11:52,A,SHOP,ECOM,樂信,rule-desc,H
905,colaresearch.shop,2024-09-03T06:23:57,A,SHOP,ECOM,樂信,rule-desc,H
906,fenon.life,2025-05-06T05:46:21,A,SHOP,ECOM,樂信,rule-desc,H
907,pchomen.com,2025-04-21T15:01:14,A,SHOP,ECOM,新加坡商蝦皮娛樂電商台灣分公司,rule-desc,H
908,asia-rakutenmember.com,2025-05-11T14:39:48,A,SHOP,ECOM,台灣樂天,rule-desc,H
909,rakutentr.com,2025-04-19T08:29:53,A,SHOP,ECOM,台灣樂天,rule-desc,H
910,wdhjm.top,2025-02-11T02:57:07,A,SHOP,ECOM,樂信,rule-desc,H
911,roxplwn.shop,2025-05-24T08:16:14,A,SHOP,ECOM,樂信,rule-desc,H
912,marketaeg.space,2025-05-07T00:38:49,A,SHOP,ECOM,富邦,rule-desc,H
913,mosmoscc.com,2025-05-23T11:33:49,A,SHOP,ECOM,富邦,rule-desc,H
914,mosmosc.icu,2025-05-01T05:12:16,A,SHOP,ECOM,富邦,rule-desc,H
915,cwxyjys.bond,2025-05-23T08:50:33,A,SHOP,ECOM,富邦,rule-desc,H
916,mmoslyh.bond,2025-06-01T07:48:55,A,SHOP,ECOM,富邦,rule-desc,H
917,mmoslya.bond,2025-06-01T07:48:55,A,SHOP,ECOM,富邦,rule-desc,H
918,matrix-momo-api.shopex.cn,2003-12-17T22:20:14,A,SHOP,ECOM,富邦,rule-desc,H
919,dgbase.top,2024-04-03T03:35:04,A,SHOP,ECOM,富邦,rule-desc,H
920,tttww.icu,2024-10-10T08:16:52,A,SHOP,ECOM,富邦,rule-desc,H
921,ecpay.xyz,2024-12-06T21:16:42,U,SHOP,,(generic 一頁式),rule-generic,L
922,niconsortiu.ecpay.com,2001-11-18T21:01:23,U,SHOP,,(generic 一頁式),rule-generic,L
923,ecpay-01.asia,2025-05-30T06:10:39,U,SHOP,,(generic 一頁式),rule-generic,L
924,h5.ecpay.icu,2024-05-27T14:06:17,U,SHOP,,(generic 一頁式),rule-generic,L
925,home.insurance.beta.ecpay.com,2001-11-18T21:01:23,U,SHOP,,(generic 一頁式),rule-generic,L
926,ecpay-06.xyz,2025-05-16T15:19:27,U,SHOP,,(generic 一頁式),rule-generic,L
927,ecpay-tw-cpay-fb.icu,2025-05-13T06:17:01,U,SHOP,,(generic 一頁式),rule-generic,L
928,ecpay-0.xyz,2025-05-29T06:13:04,U,SHOP,,(generic 一頁式),rule-generic,L
929,retailpark.ecpay.com,2001-11-18T21:01:23,U,SHOP,,(generic 一頁式),rule-generic,L
930,ecpay-09.xyz,2025-05-30T06:14:40,U,SHOP,,(generic 一頁式),rule-generic,L
931,ecpay-01.xyz,2025-04-22T04:59:54,U,SHOP,,(generic 一頁式),rule-generic,L
932,e-cpay-tw-ecpay.icu,2025-04-01T08:41:01,U,SHOP,,(generic 一頁式),rule-generic,L
933,greenword-ecpay.com,2025-05-05T07:47:42,U,SHOP,,(generic 一頁式),rule-generic,L
934,greenworld-ecpay.com,2025-05-05T07:54:45,U,SHOP,,(generic 一頁式),rule-generic,L
935,tw-ecpay.icu,2025-03-28T07:37:22,U,SHOP,,(generic 一頁式),rule-generic,L
936,ecpay-twe-cpay.icu,2025-04-10T08:01:01,U,SHOP,,(generic 一頁式),rule-generic,L
937,ecpay-07.xyz,2025-05-22T09:28:10,U,SHOP,,(generic 一頁式),rule-generic,L
938,ecpay-02.xyz,2025-04-30T04:00:33,U,SHOP,,(generic 一頁式),rule-generic,L
939,ecpay-02.top,2025-05-30T06:12:44,U,SHOP,,(generic 一頁式),rule-generic,L
940,ecpay-tw-dx.icu,2025-05-16T03:20:01,U,SHOP,,(generic 一頁式),rule-generic,L
941,link.ecpay.no,2021-09-14T00:00:00,U,SHOP,,(generic 一頁式),rule-generic,L
942,ecpay-tw.xyz,2025-04-18T05:27:11,U,SHOP,,(generic 一頁式),rule-generic,L
943,ecpay-twe-cpa1y.top,2025-04-23T06:01:00,U,SHOP,,(generic 一頁式),rule-generic,L
944,ecpay-08.xyz,2025-05-22T09:38:52,U,SHOP,,(generic 一頁式),rule-generic,L
945,ecpay-03.xyz,2025-05-02T03:41:10,U,SHOP,,(generic 一頁式),rule-generic,L
946,c.ecpayltw.com,2025-05-23T07:22:50,U,SHOP,,(generic 一頁式),rule-generic,L
947,chat.ecpayntw.com,2025-05-23T07:22:50,U,SHOP,,(generic 一頁式),rule-generic,L
948,chat.ecpayotw.com,2025-05-23T07:22:50,U,SHOP,,(generic 一頁式),rule-generic,L
949,ecpays.com,2003-12-11T14:55:23,U,SHOP,,(generic 一頁式),rule-generic,L
950,demo.ecpays.com,2003-12-11T14:55:23,U,SHOP,,(generic 一頁式),rule-generic,L
951,random.ecpayglobal.cn,2023-05-10T04:07:06,U,SHOP,,(generic 一頁式),rule-generic,L
952,api.ecpayglobal.cn,2023-05-10T04:07:06,U,SHOP,,(generic 一頁式),rule-generic,L
953,ecpay0.xyz,2025-05-20T07:07:00,U,SHOP,,(generic 一頁式),rule-generic,L
954,ecpaymtw.com,2025-05-23T07:22:48,U,SHOP,,(generic 一頁式),rule-generic,L
955,ecpayktw.com,2025-05-23T07:22:50,U,SHOP,,(generic 一頁式),rule-generic,L
956,ecpayptw.com,2025-05-23T07:22:49,U,SHOP,,(generic 一頁式),rule-generic,L
957,ecpayndmv.top,2025-05-02T10:20:54,U,SHOP,,(generic 一頁式),rule-generic,L
958,ecpayitw.com,2025-04-21T15:00:53,U,SHOP,,(generic 一頁式),rule-generic,L
959,ecpaygtw.com,2025-04-21T15:00:53,U,SHOP,,(generic 一頁式),rule-generic,L
960,ecpayjsc.top,2025-04-22T08:05:24,U,SHOP,,(generic 一頁式),rule-generic,L
961,ecpay01.icu,2025-04-08T06:08:02,U,SHOP,,(generic 一頁式),rule-generic,L
962,pop3.ecpayglobal.cn,2023-05-10T04:07:06,U,SHOP,,(generic 一頁式),rule-generic,L
963,v5r3.ecpayglobal.cn,2023-05-10T04:07:06,U,SHOP,,(generic 一頁式),rule-generic,L
964,sv5r3.ecpayglobal.cn,2023-05-10T04:07:06,U,SHOP,,(generic 一頁式),rule-generic,L
965,rco4n.ecpayglobal.cn,2023-05-10T04:07:06,U,SHOP,,(generic 一頁式),rule-generic,L
966,drcvy.ecpayglobal.cn,2023-05-10T04:07:06,U,SHOP,,(generic 一頁式),rule-generic,L
967,buod8.ecpayglobal.cn,2023-05-10T04:07:06,U,SHOP,,(generic 一頁式),rule-generic,L
968,ecpayapi.amsdi.com.ph,2023-05-10T04:07:06,U,SHOP,,(generic 一頁式),rule-generic,L
969,chat.ecpayptw.com,2025-05-23T07:22:49,U,SHOP,,(generic 一頁式),rule-generic,L
970,ecpayltw.com,2025-05-23T07:22:50,U,SHOP,,(generic 一頁式),rule-generic,L
971,ecpayotw.com,2025-05-23T07:22:50,U,SHOP,,(generic 一頁式),rule-generic,L
972,ecpayntw.com,2025-05-23T07:22:50,U,SHOP,,(generic 一頁式),rule-generic,L
973,ecpayndm.top,2025-04-28T12:06:45,U,SHOP,,(generic 一頁式),rule-generic,L
974,ecpayhtw.com,2025-04-21T15:01:07,U,SHOP,,(generic 一頁式),rule-generic,L
975,ecpayplan.store,2025-05-11T09:48:21,U,SHOP,,(generic 一頁式),rule-generic,L
976,ecpayjscchat.qpon,2025-04-29T04:21:02,U,SHOP,,(generic 一頁式),rule-generic,L
977,ecpayftw.com,2025-04-21T15:00:52,U,SHOP,,(generic 一頁式),rule-generic,L
978,ecpayjtw.com,2025-04-21T15:00:53,U,SHOP,,(generic 一頁式),rule-generic,L
979,ecpaqry-tw.top,2025-06-04T17:23:00,U,SHOP,,(generic 一頁式),rule-generic,L
980,etmallfashion.com,2025-05-23T10:44:04,A,SHOP,ECOM,東森購物,rule-desc,H
981,eecopay.cn,2025-06-07T14:45:54,U,SHOP,,(generic 一頁式),rule-generic,L
982,ecptyry-tw.top,2025-06-06T17:22:00,U,SHOP,,(generic 一頁式),rule-generic,L
983,uvgxdiw.shop,2025-05-24T08:24:21,A,SHOP,ECOM,樂信,rule-desc,H
984,marketaeg.online,2025-06-11T07:46:20,A,SHOP,ECOM,富邦,rule-desc,H
985,xinkdd.site,2025-04-16T02:38:01,A,SHOP,ECOM,樂信,rule-desc,H
986,mmoslyg.bond,2025-06-01T07:48:54,A,SHOP,ECOM,富邦,rule-desc,H
987,yehakre.xyz,2025-04-18T05:36:14,A,SHOP,ECOM,樂信,rule-desc,H
988,ellwese.top,2025-02-14T08:36:06,A,SHOP,ECOM,樂信,rule-desc,H
989,yebina.blog,2025-05-28T09:56:37,A,SHOP,ECOM,樂信,rule-desc,H
990,mjfrshop.top,2022-09-27T05:53:56,A,SHOP,ECOM,樂信,rule-desc,H
991,sczoiu.top,2025-02-18T07:11:00,A,SHOP,ECOM,樂信,rule-desc,H
992,thenasike.com,2024-12-28T10:27:55,A,SHOP,ECOM,樂信,rule-desc,H
993,ecpsdqry-tw.top,2025-06-13T07:13:00,U,SHOP,,(generic 一頁式),rule-generic,L
994,ecpayrtw.com,2025-06-13T08:25:43,U,SHOP,,(generic 一頁式),rule-generic,L
995,eecopay.xyz,2025-06-07T06:45:52,U,SHOP,,(generic 一頁式),rule-generic,L
996,ccaiplatform.com,2022-02-28T23:48:47,A,SHOP,ECOM,富邦,rule-desc,H
997,iecta.top,2024-08-23T02:45:10,A,SHOP,ECOM,樂信,rule-desc,H
998,csbur.top,2024-08-20T01:04:39,A,SHOP,ECOM,樂信,rule-desc,H
999,nvsoi.shop,2024-05-17T02:59:07,A,SHOP,ECOM,樂信,rule-desc,H
1000,ecpaywtw.com,2025-06-13T08:25:44,U,SHOP,,(generic 一頁式),rule-generic,L
1001,eecopay-01.cn,2025-06-07T16:52:31,U,SHOP,,(generic 一頁式),rule-generic,L
1002,febua.today,2025-06-06T03:38:29,A,SHOP,ECOM,樂信,rule-desc,H
1003,cnka.top,2025-05-20T07:39:48,A,SHOP,ECOM,樂信,rule-desc,H
1004,twfpbd.shop,2024-12-26T08:22:14,A,SHOP,ECOM,樂信,rule-desc,H
1005,wzszcod.com,2022-10-25T09:09:02,A,SHOP,ECOM,樂信,rule-desc,H
1006,znzmztj.shop,2025-02-10T02:06:16,A,SHOP,ECOM,樂信,rule-desc,H
1007,jvthbic.shop,2025-05-24T08:15:08,A,SHOP,ECOM,樂信,rule-desc,H
1008,g1vbm90.online,2025-06-06T01:39:24,A,SHOP,ECOM,樂信,rule-desc,H
1009,ecopay-02-tw.cn,2025-06-07T16:52:29,U,SHOP,,(generic 一頁式),rule-generic,L
1010,xujnhrs.shop,2025-05-24T08:24:06,A,SHOP,ECOM,樂信,rule-desc,H
1011,fcxiz.top,2024-08-23T02:45:12,A,SHOP,ECOM,樂信,rule-desc,H
1012,feade.living,2025-05-29T08:15:41,A,SHOP,ECOM,樂信,rule-desc,H
1013,ecopayi1-tw.cn,2025-06-17T19:15:57,U,SHOP,,(generic 一頁式),rule-generic,L
1014,ecpayttw.com,2025-06-13T08:25:48,U,SHOP,,(generic 一頁式),rule-generic,L
1015,atghbvdk.shop,2025-05-18T03:08:09,A,SHOP,ECOM,樂信,rule-desc,H
1016,tcxjrjg.shop,2025-05-24T08:23:31,A,SHOP,ECOM,樂信,rule-desc,H
1017,ecpayqtw.com,2025-06-13T08:25:49,U,SHOP,,(generic 一頁式),rule-generic,L
1018,eccopaay-tw.art,2025-06-18T09:50:54,U,SHOP,,(generic 一頁式),rule-generic,L
1019,twsefs.cc,2025-06-09T10:03:51,A,SHOP,ECOM,Gogolook,rule-desc,H
1020,uyribv.shop,2025-02-16T06:58:25,A,SHOP,ECOM,樂信,rule-desc,H
1021,ecopayui06.cn,2025-06-17T19:15:56,U,SHOP,,(generic 一頁式),rule-generic,L
1022,easqry-tw.top,2025-06-23T07:41:00,U,SHOP,,(generic 一頁式),rule-generic,L
1023,wlsp.cc,2025-03-29T09:02:15,U,SHOP,,(generic 一頁式),rule-generic,L
1024,espayetw.com,2025-06-19T09:35:48,U,SHOP,,(generic 一頁式),rule-generic,L
1025,espayftw.com,2025-06-19T09:35:48,U,SHOP,,(generic 一頁式),rule-generic,L
1026,toaihd374s.art,2025-06-20T07:15:23,U,SHOP,,(generic 一頁式),rule-generic,L
1027,nikcohxi.online,2025-04-30T01:50:48,A,SHOP,ECOM,東森購物,rule-desc,H
1028,iufhjv67df.art,2025-06-20T13:57:28,U,SHOP,,(generic 一頁式),rule-generic,L
1029,espayctw.com,2025-06-19T09:35:49,U,SHOP,,(generic 一頁式),rule-generic,L
1030,tipahwp7k.art,2025-06-23T07:32:41,U,SHOP,,(generic 一頁式),rule-generic,L
1031,espaybtw.com,2025-06-19T09:35:49,U,SHOP,,(generic 一頁式),rule-generic,L
1032,endhf99sv.icu,2025-06-25T14:01:56,U,SHOP,,(generic 一頁式),rule-generic,L
1033,tule0arfj.art,2025-06-23T07:35:33,U,SHOP,,(generic 一頁式),rule-generic,L
1034,espaydtw.com,2025-06-19T09:35:51,U,SHOP,,(generic 一頁式),rule-generic,L
1035,espayatw.com,2025-06-19T09:35:51,U,SHOP,,(generic 一頁式),rule-generic,L
1036,pwije3sw.icu,2025-07-01T05:39:30,U,SHOP,,(generic 一頁式),rule-generic,L
1037,espaygtw.com,2025-06-30T12:10:56,U,SHOP,,(generic 一頁式),rule-generic,L
1038,tjrca.cyou,2025-02-28T03:03:46,U,SHOP,,(generic 一頁式),rule-generic,L
1039,mmoslyj.bond,2025-06-01T07:48:54,A,SHOP,ECOM,富邦,rule-desc,H
1040,mmoslyf.bond,2025-06-01T07:48:55,A,SHOP,ECOM,富邦,rule-desc,H
1041,espayitw.com,2025-06-30T12:10:57,U,SHOP,,(generic 一頁式),rule-generic,L
1042,event-beanfun.com,2025-01-09T04:10:12,U,SHOP,,(generic 一頁式),rule-generic,L
1043,espayltw.com,2025-06-30T12:10:59,U,SHOP,,(generic 一頁式),rule-generic,L
1044,tiks.one,2025-04-22T12:35:56,U,SHOP,,(generic 一頁式),rule-generic,L
1045,gouwuvoom-wenjuan.it.com,1992-10-23T04:00:00,U,SHOP,,(generic 一頁式),rule-generic,L
1046,mkcjsgt88vys.top,2025-06-30T04:31:18,U,SHOP,,(generic 一頁式),rule-generic,L
1047,votepetl2z16.com,2025-06-23T07:32:40,U,SHOP,,(generic 一頁式),rule-generic,L
1048,gouwuline-tw-wenjuan.it.com,1992-10-23T04:00:00,U,SHOP,,(generic 一頁式),rule-generic,L
1049,rakutentg.com,2025-05-12T06:36:46,A,SHOP,ECOM,台灣樂天,rule-desc,H
1050,espayktw.com,2025-06-30T12:10:59,U,SHOP,,(generic 一頁式),rule-generic,L
1051,espayjtw.com,2025-06-30T12:10:59,U,SHOP,,(generic 一頁式),rule-generic,L
1052,espayhtw.com,2025-06-30T12:10:59,U,SHOP,,(generic 一頁式),rule-generic,L
1053,mdjefb966s.qpon,2025-07-18T17:12:19,U,SHOP,,(generic 一頁式),rule-generic,L
1054,line-tww.com,2025-02-28T13:26:09,A,SHOP,TELCO,LINE,typosquat,M
1055,lineoe.com,2025-04-08T04:17:14,U,SHOP,,(generic 一頁式),rule-generic,L
1056,espayntw.com,2025-07-16T09:30:46,U,SHOP,,(generic 一頁式),rule-generic,L
1057,toisndsa94.com.cn,2025-07-01T13:44:50,U,SHOP,,(generic 一頁式),rule-generic,L
1058,espaymtw.com,2025-07-16T09:30:46,U,SHOP,,(generic 一頁式),rule-generic,L
1059,salkd6we.icu,2025-07-01T05:39:29,U,SHOP,,(generic 一頁式),rule-generic,L
1060,blush3e5s2.bond,2025-07-25T03:44:24,U,SHOP,,(generic 一頁式),rule-generic,L
1061,oirehz.xyz,2025-06-21T07:01:34,A,SHOP,ECOM,台灣樂天,rule-desc,H
1062,ecpay-tw046.art,2025-07-23T14:28:59,U,SHOP,,(generic 一頁式),rule-generic,L
1063,espayrtw.com,2025-07-16T09:30:47,U,SHOP,,(generic 一頁式),rule-generic,L
1064,ecpay-tw004.art,2025-07-10T07:58:08,U,SHOP,,(generic 一頁式),rule-generic,L
1065,yxjsbrscx252c.top,2025-07-17T07:56:08,U,SHOP,,(generic 一頁式),rule-generic,L
1066,kdhdbsjc636t.sbs,2025-07-22T04:13:08,U,SHOP,,(generic 一頁式),rule-generic,L
1067,rewqa.shop,2025-06-04T03:12:01,A,SHOP,ECOM,元亨(三花棉業),rule-desc,H
1068,ecpay-tw050.art,2025-07-28T08:01:41,U,SHOP,,(generic 一頁式),rule-generic,L
1069,espayotw.com,2025-07-16T09:30:47,U,SHOP,,(generic 一頁式),rule-generic,L
1070,viagrahk.xyz,2025-07-28T12:33:39,A,SHOP,ECOM,東森購物,rule-desc,H
1071,diuqqa.top,2024-08-12T01:07:55,A,SHOP,ECOM,富邦,rule-desc,H
1072,espayptw.com,2025-07-16T09:30:50,U,SHOP,,(generic 一頁式),rule-generic,L
1073,ecpay-tw067.xyz,2025-07-28T13:17:54,U,SHOP,,(generic 一頁式),rule-generic,L
1074,artvote6.pics,2025-07-18T08:24:40,U,SHOP,,(generic 一頁式),rule-generic,L
1075,espayxtw.com,2025-08-01T10:31:06,U,SHOP,,(generic 一頁式),rule-generic,L
1076,uinvvcz.cyou,2025-03-07T10:05:59,A,SHOP,ECOM,富邦,rule-desc,H
1077,zddwtql.top,2025-04-22T06:24:56,A,SHOP,ECOM,富邦,rule-desc,H
1078,wuliuqi3.icu,2025-04-09T13:00:40,A,SHOP,ECOM,富邦,rule-desc,H
1079,loamomo.top,2025-04-17T02:36:40,A,SHOP,ECOM,富邦,rule-desc,H
1080,hsuauxns.icu,2025-07-25T14:28:44,A,SHOP,ECOM,富邦,rule-desc,H
1081,aunops.shop,2025-02-12T02:51:08,A,SHOP,ECOM,華麗熊,rule-desc,H
1082,iqark.shop,2025-04-24T06:25:42,A,SHOP,ECOM,Gogolook,rule-desc,H
1083,oesmx.shop,2025-03-12T10:34:49,A,SHOP,ECOM,華麗熊,rule-desc,H
1084,qoenap.top,2025-06-04T02:32:57,A,SHOP,ECOM,華麗熊,rule-desc,H
1085,goaeo.shop,2022-09-19T03:47:57,A,SHOP,ECOM,華麗熊,rule-desc,H
1086,tikitokstores.cc,2024-12-22T06:41:06,U,SHOP,,(generic 一頁式),rule-generic,L
1087,ecpay-tw061.art,2025-08-01T10:09:20,U,SHOP,,(generic 一頁式),rule-generic,L
1088,espayvtw.com,2025-08-01T10:31:08,U,SHOP,,(generic 一頁式),rule-generic,L
1089,linerm.com,2025-04-05T03:30:35,U,OTHER,,網路廣告平台業,rule-industry,L
1090,linecl.com,2025-04-05T03:30:37,U,OTHER,,網路廣告平台業,rule-industry,L
1091,lineie.com,2025-04-05T03:09:25,U,OTHER,,網路廣告平台業,rule-industry,L
1092,line-cn.com,2025-05-29T04:14:33,U,OTHER,,網路廣告平台業,rule-industry,L
1093,lineue.com,2025-04-05T03:09:24,U,OTHER,,網路廣告平台業,rule-industry,L
1094,lineqe.com,2025-04-05T03:09:24,U,OTHER,,網路廣告平台業,rule-industry,L
1095,lines-me.com,2025-03-22T18:32:04,U,OTHER,,網路廣告平台業,rule-industry,L
1096,linebcn.com,2025-06-27T21:29:18,U,OTHER,,網路廣告平台業,rule-industry,L
1097,linebbn.com,2025-06-27T21:29:16,U,OTHER,,網路廣告平台業,rule-industry,L
1098,linebzn.com,2025-06-27T21:29:14,U,OTHER,,網路廣告平台業,rule-industry,L
1099,linecn.org,2025-05-16T08:33:31,U,OTHER,,網路廣告平台業,rule-industry,L
1100,linedt.com,2025-05-08T20:30:59,U,OTHER,,網路廣告平台業,rule-industry,L
1101,linedn.com,2025-05-08T20:31:01,U,OTHER,,網路廣告平台業,rule-industry,L
1102,linewz.com,2025-07-16T11:17:00,U,OTHER,,網路廣告平台業,rule-industry,L
1103,line-install.com,2025-05-08T20:23:01,U,OTHER,,網路廣告平台業,rule-industry,L
1104,linawin.com,2024-12-15T11:59:11,U,OTHER,,網路廣告平台業,rule-industry,L
1105,line-pc1.com,2025-02-18T07:21:54,U,OTHER,,網路廣告平台業,rule-industry,L
1106,zh-line.com,2025-02-18T09:07:10,U,OTHER,,網路廣告平台業,rule-industry,L
1107,line.org.tw,2025-05-08T20:30:59,U,OTHER,,網路廣告平台業,rule-industry,L
1108,line-china.com,2024-01-08T17:09:08,A,SHOP,TELCO,LINE,typosquat,M
1109,espaystw.com,2025-08-01T10:31:09,U,SHOP,,(generic 一頁式),rule-generic,L
1110,ecpay-tw299.art,2025-08-07T15:38:56,U,SHOP,,(generic 一頁式),rule-generic,L
1111,yunmanb.top,2025-02-21T03:02:56,A,SHOP,ECOM,華麗熊,rule-desc,H
1112,momo.dgbase.top,2024-04-03T03:35:04,A,SHOP,ECOM,富邦,rule-desc,H
1113,espaywtw.com,2025-08-01T10:31:10,U,SHOP,,(generic 一頁式),rule-generic,L
1114,tsvmo.cn,2024-06-17T17:10:55,U,SHOP,,(generic 一頁式),rule-generic,L
1115,hhgt.click,2025-08-08T09:58:40,U,SHOP,,(generic 一頁式),rule-generic,L
1116,eepayctw.com,2025-08-15T08:41:10,U,SHOP,,(generic 一頁式),rule-generic,L
1117,ecpay-tw007.art,2025-08-18T11:20:55,U,SHOP,,(generic 一頁式),rule-generic,L
1118,eepayetw.com,2025-08-15T08:41:11,U,SHOP,,(generic 一頁式),rule-generic,L
1119,wharevote.top,2025-03-18T08:18:46,U,SHOP,,(generic 一頁式),rule-generic,L
1120,mhj5br2c.top,2025-06-19T12:26:56,U,SHOP,,(generic 一頁式),rule-generic,L
1121,nbdwdxppw4.top,2025-05-08T17:21:04,U,SHOP,,(generic 一頁式),rule-generic,L
1122,votel2z3.com,2025-08-25T14:09:15,U,SHOP,,(generic 一頁式),rule-generic,L
1123,monahg.top,2025-07-11T08:17:42,A,SHOP,ECOM,華麗熊,rule-desc,H
1124,xn--9cso2ynumzm9ahob.top,2025-07-01T14:13:59,U,SHOP,,(generic 一頁式),rule-generic,L
1125,espayztw.com,2025-08-15T08:41:12,U,SHOP,,(generic 一頁式),rule-generic,L
1126,l-inevote26.cyou,2025-08-15T12:42:46,U,SHOP,,(generic 一頁式),rule-generic,L
1127,psce.pw,2018-05-07T09:56:31,A,SHOP,ECOM,新光三越,rule-desc,H
1128,xynmgqc88fc.top,2025-06-25T09:23:57,U,SHOP,,(generic 一頁式),rule-generic,L
1129,connectees.fr,2018-02-06T16:54:13,U,SHOP,,(generic 一頁式),rule-generic,L
1130,252508.top,2025-08-25T09:55:14,U,SHOP,,(generic 一頁式),rule-generic,L
1131,bkswcwpxhd4.top,2025-03-25T07:27:23,U,SHOP,,(generic 一頁式),rule-generic,L
1132,boadnequ.top,2025-08-02T02:51:30,A,SHOP,ECOM,華麗熊,rule-desc,H
1133,yujesa.shop,2025-06-02T06:28:12,A,SHOP,ECOM,新光三越,rule-desc,H
1134,mcgtypd.top,2025-07-11T14:55:15,A,SHOP,ECOM,新光三越,rule-desc,H
1135,kkwsgsw.top,2025-03-15T11:54:04,U,SHOP,,(generic 一頁式),rule-generic,L
1136,tuanfuyong.help,2025-07-17T03:00:46,U,SHOP,,(generic 一頁式),rule-generic,L
1137,ecpay-tw05t.xyz,2025-08-22T15:39:59,U,SHOP,,(generic 一頁式),rule-generic,L
1138,eepaydtw.com,2025-08-15T08:41:12,U,SHOP,,(generic 一頁式),rule-generic,L
1139,crystaljoy.nl,2025-06-28T00:00:00,U,SHOP,,(generic 一頁式),rule-generic,L
1140,hhdb6pk.top,2025-09-01T07:32:32,U,SHOP,,(generic 一頁式),rule-generic,L
1141,rakutenor.com,2025-07-21T07:22:11,A,SHOP,ECOM,台灣樂天,rule-desc,H
1142,d2na8i0ft23tyd.cloudfront.net,2008-04-25T18:25:49,U,SHOP,,(generic 一頁式),rule-generic,L
1143,xin-stras.com,2025-08-24T12:57:13,U,SHOP,,(generic 一頁式),rule-generic,L
1144,eepayatw.com,2025-08-15T08:41:13,U,SHOP,,(generic 一頁式),rule-generic,L
1145,ecpay-tw07.xyz,2025-09-01T14:21:14,U,SHOP,,(generic 一頁式),rule-generic,L
1146,ecpay-tw00.xyz,2025-08-22T15:19:30,U,SHOP,,(generic 一頁式),rule-generic,L
1147,eepayftw.com,2025-09-02T05:26:10,U,SHOP,,(generic 一頁式),rule-generic,L
1148,yuenhda.top,2025-02-12T01:31:11,A,SHOP,ECOM,華麗熊,rule-desc,H
1149,eepayhtw.com,2025-09-02T05:26:12,U,SHOP,,(generic 一頁式),rule-generic,L
1150,eepayjtw.com,2025-09-02T05:26:13,U,SHOP,,(generic 一頁式),rule-generic,L
1151,fudgh.site,2025-08-28T02:17:37,A,SHOP,ECOM,樂信,rule-desc,H
1152,jkbomw.live,2024-06-17T17:10:55,A,SHOP,ECOM,樂信,rule-desc,H
1153,nmfds.online,2025-01-09T06:30:08,A,SHOP,ECOM,樂信,rule-desc,H
1154,jgjul.site,2025-07-24T05:52:18,A,SHOP,ECOM,樂信,rule-desc,H
1155,mmyuw.store,2025-07-17T07:10:41,A,SHOP,ECOM,樂信,rule-desc,H
1156,uieerc.club,2025-07-16T01:52:42,A,SHOP,ECOM,樂信,rule-desc,H
1157,huyyp.site,2025-09-08T03:50:20,A,SHOP,ECOM,樂信,rule-desc,H
1158,gydgp.shop,2025-06-16T02:58:33,A,SHOP,ECOM,富邦,rule-desc,H
1159,rouvd.cyou,2025-05-25T13:04:32,A,SHOP,ECOM,樂信,rule-desc,H
1160,belieff.top,2025-08-22T02:38:23,A,SHOP,ECOM,樂信,rule-desc,H
1161,kuoqaq.top,2025-03-12T10:18:00,A,SHOP,ECOM,華麗熊,rule-desc,H
1162,affiliaterakuten.com,2025-09-17T11:51:49,A,SHOP,ECOM,台灣樂天,rule-desc,H
1163,shopeeura.cfd,2024-10-30T04:43:38,A,SHOP,ECOM,新加坡商蝦皮娛樂電商台灣分公司,rule-desc,H
1164,eepayptw.com,2025-09-19T15:50:59,U,SHOP,,(generic 一頁式),rule-generic,L
1165,aaafb.xyz,2025-05-22T08:25:57,A,SHOP,ECOM,樂信,rule-desc,H
1166,ecpay-tw158.xyz,2025-09-14T08:36:32,U,SHOP,,(generic 一頁式),rule-generic,L
1167,ecpay-tw093.xyz,2025-09-14T08:36:33,U,SHOP,,(generic 一頁式),rule-generic,L
1168,oityeq.cn,2025-06-18T10:36:33,A,SHOP,ECOM,華麗熊,rule-desc,H
1169,fezbb.online,2025-07-23T07:53:07,A,SHOP,ECOM,美無痕,rule-desc,H
1170,lswld.shop,2025-07-23T07:53:12,A,SHOP,ECOM,美無痕,rule-desc,H
1171,llkko.shop,2025-04-02T07:32:12,A,SHOP,ECOM,美無痕,rule-desc,H
1172,smpac.top,2025-07-04T02:08:20,A,SHOP,ECOM,美無痕,rule-desc,H
1173,jfghl.site,2025-07-15T06:10:45,A,SHOP,ECOM,美無痕,rule-desc,H
1174,gbgge.online,2025-07-19T07:50:56,A,SHOP,ECOM,美無痕,rule-desc,H
1175,spaceq.top,2025-07-04T02:08:20,A,SHOP,ECOM,美無痕,rule-desc,H
1176,qqaav.asia,2025-07-30T05:38:11,A,SHOP,ECOM,美無痕,rule-desc,H
1177,fdhty.site,2025-07-24T05:52:17,A,SHOP,ECOM,美無痕,rule-desc,H
1178,tmtn.cyou,2025-04-02T03:17:10,A,SHOP,ECOM,美無痕,rule-desc,H
1179,zzaau.shop,2025-07-19T03:46:30,A,SHOP,ECOM,美無痕,rule-desc,H
1180,zukyk.online,2025-06-11T05:50:42,A,SHOP,ECOM,美無痕,rule-desc,H
1181,masyy.top,2024-09-25T01:52:03,A,SHOP,ECOM,美無痕,rule-desc,H
1182,xinuq.cyou,2025-05-25T03:21:27,A,SHOP,ECOM,美無痕,rule-desc,H
1183,chatr.icu,2025-04-10T06:48:07,A,SHOP,ECOM,美無痕,rule-desc,H
1184,dubss.cyou,2025-02-13T08:24:29,A,SHOP,ECOM,美無痕,rule-desc,H
1185,icuib.cyou,2025-05-25T03:21:27,A,SHOP,ECOM,美無痕,rule-desc,H
1186,odapz.icu,2025-07-16T01:52:37,A,SHOP,ECOM,美無痕,rule-desc,H
1187,grgena.shop,2025-08-28T08:47:21,A,SHOP,ECOM,富邦,rule-desc,H
1188,whqay.site,2025-09-11T06:09:59,A,SHOP,ECOM,美無痕,rule-desc,H
1189,eepayotw.com,2025-09-19T15:50:59,U,SHOP,,(generic 一頁式),rule-generic,L
1190,jkbgj.space,2025-09-09T04:01:23,A,SHOP,ECOM,美無痕,rule-desc,H
1191,judx.beer,2025-08-27T06:54:29,A,SHOP,ECOM,美無痕,rule-desc,H
1192,linenpc.com,2025-08-19T13:42:47,A,OTHER,TELCO,LINE,rule-desc,H
1193,lineopc.com,2025-08-19T13:42:45,A,OTHER,TELCO,LINE,rule-desc,H
1194,lineepc.com,2025-08-19T13:42:46,A,OTHER,TELCO,LINE,rule-desc,H
1195,linerpc.com,2025-08-19T13:42:44,A,OTHER,TELCO,LINE,rule-desc,H
1196,lineupc.com,2025-08-19T13:42:46,A,OTHER,TELCO,LINE,rule-desc,H
1197,linecnc.com,2025-05-27T10:15:22,A,OTHER,TELCO,LINE,rule-desc,H
1198,line-cz.com,2025-09-18T13:03:24,A,OTHER,TELCO,LINE,rule-desc,H
1199,line-webs.com,2025-08-06T15:12:17,A,OTHER,TELCO,LINE,rule-desc,H
1200,linejp.com,2025-05-08T20:23:00,A,OTHER,TELCO,LINE,rule-desc,H
1201,linesdk.com,2025-05-08T20:23:00,A,OTHER,TELCO,LINE,rule-desc,H
1202,linecq.com,2025-05-08T20:31:02,A,OTHER,TELCO,LINE,rule-desc,H
1203,lineeg.com,2025-05-08T20:31:00,A,OTHER,TELCO,LINE,rule-desc,H
1204,linebm.com,2025-05-08T20:31:02,A,OTHER,TELCO,LINE,rule-desc,H
1205,linees.com,2025-05-08T20:31:01,A,OTHER,TELCO,LINE,rule-desc,H
1206,linebz.com,2025-05-08T20:31:02,A,OTHER,TELCO,LINE,rule-desc,H
1207,telegrammpc.com,2025-08-19T13:45:27,A,OTHER,TELCO,LINE,rule-desc,H
1208,telegramgpc.com,2025-08-19T13:45:27,A,OTHER,TELCO,LINE,rule-desc,H
1209,telegramepc.com,2025-08-19T13:45:25,A,OTHER,TELCO,LINE,rule-desc,H
1210,telegramnpc.com,2025-08-19T13:45:26,A,OTHER,TELCO,LINE,rule-desc,H
1211,telegramrpc.com,2025-08-19T13:45:26,A,OTHER,TELCO,LINE,rule-desc,H
1212,telegramke.com,2023-07-05T04:16:30,A,OTHER,TELCO,LINE,rule-desc,H
1213,telegramshk.com,2024-07-10T07:34:42,A,OTHER,TELCO,LINE,rule-desc,H
1214,telegramtgm.com,2025-05-02T10:28:29,A,OTHER,TELCO,LINE,rule-desc,H
1215,telegramj.com,2022-11-20T06:10:29,A,OTHER,TELCO,LINE,rule-desc,H
1216,telegraman.com,2024-08-23T07:56:20,A,OTHER,TELCO,LINE,rule-desc,H
1217,telegrambbs.com,2024-12-20T10:10:32,A,OTHER,TELCO,LINE,rule-desc,H
1218,telegramgk.com,2024-12-02T16:50:34,A,OTHER,TELCO,LINE,rule-desc,H
1219,telegrapp.com,2024-12-15T11:44:10,A,OTHER,TELCO,LINE,rule-desc,H
1220,telegrm.net,2024-12-22T19:03:49,A,OTHER,TELCO,LINE,rule-desc,H
1221,telegrammtl.com,2024-11-16T02:03:12,A,OTHER,TELCO,LINE,rule-desc,H
1222,telegramne.com,2024-12-26T06:40:46,A,OTHER,TELCO,LINE,rule-desc,H
1223,telegramdv.com,2024-12-19T15:14:34,A,OTHER,TELCO,LINE,rule-desc,H
1224,telegrampcn.com,2023-12-25T23:13:55,A,OTHER,TELCO,LINE,rule-desc,H
1225,telegranmh.com,2023-02-11T08:55:48,A,OTHER,TELCO,LINE,rule-desc,H
1226,telegramcn.com,2019-02-20T19:12:14,A,OTHER,TELCO,LINE,rule-desc,H
1227,telegramsvj.com,2023-11-18T10:52:17,A,OTHER,TELCO,LINE,rule-desc,H
1228,telegram-ios.com,2024-08-08T14:12:44,A,OTHER,TELCO,LINE,rule-desc,H
1229,telegram-x.com,2024-07-04T18:11:06,A,OTHER,TELCO,LINE,rule-desc,H
1230,telegram-china.com,2025-04-20T04:30:14,A,OTHER,TELCO,LINE,rule-desc,H
1231,telegarm-zh.com,2025-06-29T10:13:21,A,OTHER,TELCO,LINE,rule-desc,H
1232,telegrambcn.com,2023-12-28T22:32:55,A,OTHER,TELCO,LINE,rule-desc,H
1233,zifeiji.com,2024-07-27T05:31:27,A,OTHER,TELCO,LINE,rule-desc,H
1234,telegerm.org,2025-01-04T15:16:02,A,OTHER,TELCO,LINE,rule-desc,H
1235,telegraman.org,2025-04-01T12:17:14,A,OTHER,TELCO,LINE,rule-desc,H
1236,telegraim.org,2025-04-21T15:15:39,A,OTHER,TELCO,LINE,rule-desc,H
1237,telegram1.net,2025-01-31T19:25:12,A,OTHER,TELCO,LINE,rule-desc,H
1238,cntelegram.com,2021-06-23T18:20:57,A,OTHER,TELCO,LINE,rule-desc,H
1239,utelegram.com,2019-09-05T18:52:52,A,OTHER,TELCO,LINE,rule-desc,H
1240,ytelegram.com,2020-02-14T19:58:48,A,OTHER,TELCO,LINE,rule-desc,H
1241,zhtg.org,2024-10-11T07:51:53,A,OTHER,TELCO,LINE,rule-desc,H
1242,oesvcoe.space,2025-09-23T02:29:21,A,SHOP,ECOM,美無痕,rule-desc,H
1243,bkkij.shop,2025-05-12T03:49:09,A,SHOP,ECOM,美無痕,rule-desc,H
1244,eepaymtw.com,2025-09-19T15:50:59,U,SHOP,,(generic 一頁式),rule-generic,L
1245,ecpay-tw18.com.cn,2025-08-18T20:14:31,U,SHOP,,(generic 一頁式),rule-generic,L
1246,fdhgfjhj.shop,2025-09-05T01:32:46,A,SHOP,ECOM,允禾發國際,rule-desc,H
1247,sdsxs.shop,2024-12-12T07:14:12,A,SHOP,ECOM,台灣樂天,rule-desc,H
1248,gfdgdf.shop,2025-08-05T09:06:58,A,SHOP,ECOM,允禾發國際,rule-desc,H
1249,eepaystw.com,2025-09-28T06:35:41,U,SHOP,,(generic 一頁式),rule-generic,L
1250,pswig.online,2025-09-24T03:04:48,A,SHOP,ECOM,美無痕,rule-desc,H
1251,eepayttw.com,2025-09-28T06:35:43,U,SHOP,,(generic 一頁式),rule-generic,L
1252,wlspasedetw.lat,2025-07-29T14:46:49,A,SHOP,ECOM,新加坡商蝦皮娛樂電商台灣分公司,rule-desc,H
1253,zpbnj.live,2025-09-26T01:31:48,A,SHOP,ECOM,美無痕,rule-desc,H
1254,rpswn.shop,2025-09-24T03:09:33,A,SHOP,ECOM,美無痕,rule-desc,H
1255,dhetdrcx.shop,2025-09-01T01:23:21,A,SHOP,ECOM,美無痕,rule-desc,H
1256,swrodfcm.shop,2025-10-13T07:42:30,A,SHOP,ECOM,美無痕,rule-desc,H
1257,zoerepuo.shop,2025-08-22T08:30:46,A,SHOP,ECOM,美無痕,rule-desc,H
1258,gerohrte.online,2025-10-15T07:46:23,A,SHOP,ECOM,美無痕,rule-desc,H
1259,eazywallet.com,2015-03-23T18:13:32,A,SHOP,FIN,悠遊卡,rule-desc,H
1260,nervemya.space,2025-09-05T01:32:46,A,SHOP,ECOM,富邦,rule-desc,H
1261,ezywalletc.net,2025-10-19T15:05:14,A,SHOP,FIN,悠遊卡,rule-desc,H
1262,eretmula.space,2025-05-29T07:36:25,A,SHOP,ECOM,東森購物,rule-desc,H
1263,eazywollet.com,2025-10-20T12:01:11,A,SHOP,FIN,悠遊卡,rule-desc,H
1264,mzpwx.live,2025-07-31T02:48:38,A,SHOP,ECOM,美無痕,rule-desc,H
1265,exfqq.xin,2025-10-15T07:54:37,A,SHOP,ECOM,美無痕,rule-desc,H
1266,twxiw.beer,2025-08-27T02:48:38,A,SHOP,ECOM,美無痕,rule-desc,H
1267,msfrd.xin,2025-10-15T07:54:49,A,SHOP,ECOM,美無痕,rule-desc,H
1268,tksmg.shop,2025-10-17T06:02:28,A,SHOP,ECOM,美無痕,rule-desc,H
1269,mxqfb.beer,2025-08-29T06:02:30,A,SHOP,ECOM,美無痕,rule-desc,H
1270,rpryy.xin,2025-10-15T07:54:37,A,SHOP,ECOM,美無痕,rule-desc,H
1271,bbfjn.store,2025-10-27T01:30:22,A,SHOP,ECOM,美無痕,rule-desc,H
1272,tw-linevoommc-wenjuan.sbs,2025-06-29T05:01:01,A,SHOP,ECOM,富邦,rule-desc,H
1273,jkpay-officiali.com,2025-10-19T15:05:15,A,SHOP,FIN,悠遊卡,rule-desc,H
1274,eepayvtw.com,2025-10-15T10:07:08,U,SHOP,,(generic 一頁式),rule-generic,L
1275,eepaykjk.top,2025-10-28T14:07:16,U,SHOP,,(generic 一頁式),rule-generic,L
1276,hdfdk.store,2025-09-23T05:51:44,A,SHOP,ECOM,美無痕,rule-desc,H
1277,vnafl.store,2025-10-17T06:00:25,A,SHOP,ECOM,美無痕,rule-desc,H
1278,djwqh.online,2025-09-26T01:37:30,A,SHOP,ECOM,美無痕,rule-desc,H
1279,twamiino.pse.is,2018-05-10T00:00:00,A,SHOP,ECOM,美無痕,rule-desc,H
1280,bfmvp.shop,2025-05-21T09:14:26,A,SHOP,ECOM,美無痕,rule-desc,H
1281,hefaventure.online,2025-09-06T07:40:20,A,SHOP,ECOM,Gogolook,rule-desc,H
1282,espaydttw.com,2025-10-23T15:20:31,U,SHOP,,(generic 一頁式),rule-generic,L
1283,ecpay-tw1.top,2025-11-03T10:17:31,U,SHOP,,(generic 一頁式),rule-generic,L
1284,miacute.me,2025-11-12T05:45:11,A,SHOP,ECOM,元亨(三花棉業),rule-desc,H
1285,qiinw.store,2025-11-05T01:41:34,A,SHOP,ECOM,美無痕,rule-desc,H
1286,aanku.top,2025-07-22T14:11:08,A,SHOP,ECOM,美無痕,rule-desc,H
1287,amiino.shop,2025-11-19T03:33:59,A,SHOP,ECOM,美無痕,rule-desc,H
1288,inlbu.cyou,2025-07-18T14:11:24,A,SHOP,ECOM,美無痕,rule-desc,H
1289,continuee.top,2025-10-10T07:32:25,A,SHOP,ECOM,美無痕,rule-desc,H
1290,nercbvfe.shop,2025-08-28T02:09:02,A,SHOP,ECOM,美無痕,rule-desc,H
1291,ysmfg.cyou,2025-07-17T02:09:03,A,SHOP,ECOM,美無痕,rule-desc,H
1292,bjgla.beer,2025-10-23T07:32:45,A,SHOP,ECOM,美無痕,rule-desc,H
1293,kkjjc.shop,2025-11-07T02:00:49,A,SHOP,ECOM,美無痕,rule-desc,H
1294,zzyvm.store,2025-11-04T01:49:04,A,SHOP,ECOM,美無痕,rule-desc,H
1295,jkbgj.store,2025-09-09T04:01:16,A,SHOP,ECOM,美無痕,rule-desc,H
1296,zhefdkf.online,2025-11-04T01:38:04,A,SHOP,ECOM,美無痕,rule-desc,H
1297,tw-linevoommv-wenjuan.cfd,2025-06-29T07:33:25,A,SHOP,ECOM,富邦,rule-desc,H
1298,mhyfb.beer,2025-08-29T18:53:00,A,SHOP,ECOM,美無痕,rule-desc,H
1299,xxzzd.shop,2025-11-12T06:40:53,A,SHOP,ECOM,美無痕,rule-desc,H
1300,mgbbe.site,2025-11-12T05:56:50,A,SHOP,ECOM,美無痕,rule-desc,H
1301,vrhw.cn,2025-09-02T18:53:57,A,SHOP,ECOM,美無痕,rule-desc,H
1302,zshekr.world,2025-11-05T02:37:23,A,SHOP,ECOM,美無痕,rule-desc,H
1303,yxhpy.top,2024-07-11T07:25:17,A,SHOP,ECOM,美無痕,rule-desc,H
1304,gtuipp.site,2025-07-12T02:43:11,A,SHOP,ECOM,美無痕,rule-desc,H
1305,whkfi.beer,2025-08-29T17:28:17,A,SHOP,ECOM,美無痕,rule-desc,H
1306,pdigj.online,2025-08-28T02:17:37,A,SHOP,ECOM,美無痕,rule-desc,H
1307,iyeew.online,2025-10-17T06:02:32,A,SHOP,ECOM,美無痕,rule-desc,H
1308,dfksdvd.shop,2025-11-18T02:11:07,A,SHOP,ECOM,美無痕,rule-desc,H
1309,sujo.store,2025-11-04T02:51:04,A,SHOP,ECOM,美無痕,rule-desc,H
1310,eiheixu.icu,2025-11-13T08:24:39,A,SHOP,ECOM,美無痕,rule-desc,H
1311,wuuu.store,2025-11-04T02:51:04,A,SHOP,ECOM,美無痕,rule-desc,H
1312,einvauaice-nat-tw.com,2025-12-06T02:49:34,A,SHOP,ECOM,富邦,rule-desc,H
1313,uwsv.store,2025-12-01T07:36:07,A,SHOP,ECOM,美無痕,rule-desc,H
1314,wszebczus.space,2025-07-07T01:43:49,A,SHOP,ECOM,美無痕,rule-desc,H
1315,foerwikfe.store,2025-08-15T01:23:28,A,SHOP,ECOM,美無痕,rule-desc,H
1316,opjhl.online,2025-08-12T01:25:33,A,SHOP,ECOM,美無痕,rule-desc,H
1317,gadpw.cyou,2025-07-11T05:37:08,A,SHOP,ECOM,美無痕,rule-desc,H
1318,wwlkj.xyz,2025-10-15T02:06:57,A,SHOP,ECOM,美無痕,rule-desc,H
1319,zxbnvm.store,2025-11-03T02:37:07,A,SHOP,ECOM,美無痕,rule-desc,H
1320,edorggid.online,2025-10-13T07:42:18,A,SHOP,ECOM,美無痕,rule-desc,H
1321,item09.store,2025-09-18T12:19:02,A,SHOP,ECOM,美無痕,rule-desc,H
1322,watch09.store,2025-09-18T12:19:02,A,SHOP,ECOM,美無痕,rule-desc,H
1323,yefsoe.space,2025-11-04T02:40:26,A,SHOP,ECOM,美無痕,rule-desc,H
1324,mmllr.shop,2025-10-23T07:56:11,A,SHOP,ECOM,美無痕,rule-desc,H
1325,to8ft.beer,2025-08-29T03:40:30,A,SHOP,ECOM,美無痕,rule-desc,H
1326,nfxj.shop,2025-07-25T07:13:26,A,SHOP,ECOM,華麗熊,rule-desc,H
1327,eukt.shop,2025-08-15T02:51:22,A,SHOP,ECOM,美無痕,rule-desc,H
1328,dajzo.store,2025-12-01T08:02:18,A,SHOP,ECOM,美無痕,rule-desc,H
1329,ecpay-tw-yu.top,2025-11-21T15:22:19,A,SHOP,FIN,綠界科技,rule-desc,H
1330,einlaideice-nat-tw.com,2025-12-14T07:15:33,A,SHOP,ECOM,新加坡商蝦皮娛樂電商台灣分公司,rule-desc,H
1331,anxingou.shop,2025-12-12T02:55:28,A,SHOP,ECOM,美無痕,rule-desc,H
1332,yjkj.xyz,2025-06-24T12:50:57,A,SHOP,ECOM,美無痕,rule-desc,H
1333,vrtlo.store,2025-12-11T02:16:09,A,SHOP,ECOM,美無痕,rule-desc,H
1334,cusromercare@rakutenz-tw.shop,2025-04-01T12:17:14,A,SHOP,ECOM,台灣樂天,rule-desc,H
1335,help@rakutena-tw.shop,2025-08-28T02:09:02,A,SHOP,ECOM,台灣樂天,rule-desc,H
1336,largans.shop,2025-10-13T08:03:05,A,SHOP,ECOM,東森購物,rule-desc,H
1337,signalmfb.com,2025-07-25T07:56:12,A,SHOP,ECOM,Signal,rule-desc,H
1338,si-gnal.com,2025-05-22T08:18:24,A,SHOP,ECOM,Signal,rule-desc,H
1339,signalcn.org,2025-10-29T04:24:49,A,SHOP,ECOM,Signal,rule-desc,H
1340,signalapps.club,2025-08-06T09:29:41,A,SHOP,ECOM,Signal,rule-desc,H
1341,signalli.com,2025-06-25T21:29:23,A,SHOP,ECOM,Signal,rule-desc,H
1342,ybhr.net,2007-04-13T04:12:22,A,SHOP,ECOM,Signal,rule-desc,H
1343,signai-org.com,2025-08-24T20:12:00,A,SHOP,ECOM,Signal,rule-desc,H
1344,pc-signal.net,2025-01-18T07:22:29,A,SHOP,ECOM,Signal,rule-desc,H
1345,teams-webs.com,2025-08-08T14:39:22,A,SHOP,ECOM,TEAMS,rule-desc,H
1346,cn-teams.com,2025-05-06T01:14:59,A,SHOP,ECOM,TEAMS,rule-desc,H
1347,team-chine.com,2025-10-21T06:08:13,A,SHOP,ECOM,TEAMS,rule-desc,H
1348,pc-teams.org,2025-12-18T08:02:18,A,SHOP,ECOM,TEAMS,rule-desc,H
1349,app-teams.com,2025-04-29T11:40:15,A,SHOP,ECOM,TEAMS,rule-desc,H
1350,microsoft-www.com,2025-03-14T07:39:50,A,SHOP,ECOM,TEAMS,rule-desc,H
1351,6wn.biz,2025-10-03T11:27:12,A,SHOP,TELCO,LINE,rule-desc,H
1352,baiwanbizhi.com,2025-03-28T18:02:54,A,SHOP,TELCO,LINE,rule-desc,H
1353,blue-spruce-homes.com,2025-03-28T18:42:10,A,SHOP,TELCO,LINE,rule-desc,H
1354,kingslandmason.com,2025-03-28T18:42:06,A,SHOP,TELCO,LINE,rule-desc,H
1355,line-android.com,2025-05-08T20:23:01,A,SHOP,TELCO,LINE,rule-desc,H
1356,line-beta.net,2025-05-08T20:23:01,A,SHOP,TELCO,LINE,rule-desc,H
1357,line-lite.net,2025-05-08T20:23:01,A,SHOP,TELCO,LINE,rule-desc,H
1358,line-mod.com,2025-05-08T20:23:00,A,SHOP,TELCO,LINE,rule-desc,H
1359,line-old.com,2025-05-08T20:23:00,A,SHOP,TELCO,LINE,rule-desc,H
1360,line-xyz.net,2025-05-08T20:23:01,A,SHOP,TELCO,LINE,rule-desc,H
1361,line.gd,2025-04-18T18:42:16,A,SHOP,TELCO,LINE,rule-desc,H
1362,linedj.com,2025-05-08T20:31:03,A,SHOP,TELCO,LINE,rule-desc,H
1363,linefont.net,2025-05-08T20:23:01,A,SHOP,TELCO,LINE,rule-desc,H
1364,linemessenger.me,2025-11-21T12:27:34,A,SHOP,TELCO,LINE,rule-desc,H
1365,lineonline.im,2025-10-04T11:27:24,A,SHOP,TELCO,LINE,rule-desc,H
1366,lineonline.me,2025-08-09T07:42:33,A,SHOP,TELCO,LINE,rule-desc,H
1367,lineverify.com,2025-05-08T20:23:00,A,SHOP,TELCO,LINE,rule-desc,H
1368,r56.biz,2025-10-03T11:27:04,A,SHOP,TELCO,LINE,rule-desc,H
1369,workacclerator.com,2024-09-04T18:20:33,A,SHOP,TELCO,LINE,rule-desc,H
1370,www-line.com,2025-07-16T18:39:10,A,SHOP,TELCO,LINE,rule-desc,H
1371,hsblood.org.cn,2020-01-19T04:02:33,A,SHOP,TELCO,LINE,rule-desc,H
1372,lineappdownload.com,2025-05-13T06:30:19,A,SHOP,TELCO,LINE,rule-desc,H
1373,zhcn-line.com.cn,2025-10-15T10:57:39,A,SHOP,TELCO,LINE,rule-desc,H
1374,delni.online,2025-12-11T02:21:20,A,SHOP,ECOM,美無痕,rule-desc,H
1375,uocmq.store,2025-12-30T02:20:06,A,SHOP,ECOM,美無痕,rule-desc,H
1376,ibgom.site,2025-12-22T02:14:39,A,SHOP,ECOM,美無痕,rule-desc,H
1377,mubvt.site,2025-12-11T02:21:16,A,SHOP,ECOM,美無痕,rule-desc,H
1378,zyydevm.store,2025-12-21T02:30:24,A,SHOP,ECOM,美無痕,rule-desc,H
1379,einvoice-fai-natgov-tw.com,2025-12-31T02:20:08,A,SHOP,ECOM,新加坡商蝦皮娛樂電商台灣分公司,rule-desc,H
1380,vivagoue.com,2026-01-15T09:36:34,A,SHOP,ECOM,美好家庭購物(股)公司,rule-desc,H
1381,twkt.shop,2025-10-17T06:18:05,A,SHOP,ECOM,美無痕,rule-desc,H
1382,sgvo.top,2025-12-24T09:02:57,A,SHOP,ECOM,美無痕,rule-desc,H
1383,hbnwl.online,2026-01-07T05:53:20,A,SHOP,ECOM,美無痕,rule-desc,H
1384,lvman.site,2026-01-07T05:53:24,A,SHOP,ECOM,美無痕,rule-desc,H
1385,etmaill-tw.shop,2026-01-14T08:41:14,A,SHOP,ECOM,美無痕,rule-desc,H
1386,world1688.club,2025-12-10T01:57:42,A,SHOP,ECOM,美無痕,rule-desc,H
1387,cuinuan55.com,2025-02-16T19:12:54,A,SHOP,ECOM,台灣樂天,rule-desc,H
1388,e-invoiceplatformm-tw.com,2026-01-29T01:38:56,A,SHOP,ECOM,新加坡商蝦皮娛樂電商台灣分公司,rule-desc,H
1389,zs6678.com,2025-02-26T07:08:57,A,SHOP,ECOM,台灣樂天,rule-desc,H
1390,moenhome.com,2025-03-17T18:12:07,A,SHOP,FIN,一卡通,rule-desc,H
1391,einvoice-bss-natgov-tw.eu.cc,1997-10-13T04:00:00,A,SHOP,ECOM,新加坡商蝦皮娛樂電商台灣分公司,rule-desc,H
1392,einvoice-yuo-natgov-tw.com,2025-03-18T12:13:09,A,SHOP,ECOM,新加坡商蝦皮娛樂電商台灣分公司,rule-desc,H
1393,einvoiceplatformh-tw.com,2026-02-05T01:51:59,A,SHOP,FIN,一卡通,rule-desc,H
1394,wudangshandaoyi.com,2025-03-05T08:23:51,A,SHOP,FIN,一卡通,rule-desc,H
1395,21shoping.com,2025-02-15T19:24:18,A,SHOP,FIN,一卡通,rule-desc,H
1396,zgysb1688.com,2025-02-24T04:39:09,A,SHOP,FIN,一卡通,rule-desc,H
1397,einvoiceplatformb.com,2026-02-06T02:03:08,A,SHOP,FIN,一卡通,rule-desc,H
1398,sfqzgq.com,2025-02-09T19:18:49,A,SHOP,FIN,一卡通,rule-desc,H
1399,einvoiceplatformk.com,2026-02-09T01:45:39,A,SHOP,FIN,一卡通,rule-desc,H
1400,fzzsir.com,2025-02-15T19:01:52,A,SHOP,FIN,一卡通,rule-desc,H
1401,dxbiopharm.com,2025-03-06T04:17:27,A,SHOP,FIN,一卡通,rule-desc,H
1402,einvoiceplatformh.com,2026-02-08T01:58:46,A,SHOP,FIN,一卡通,rule-desc,H
1403,shiyinxiang88.com,2018-02-27T03:16:25,A,SHOP,FIN,一卡通,rule-desc,H
1404,e-invoicepltform-tw.net,2026-02-09T10:00:19,A,SHOP,FIN,一卡通,rule-desc,H
1405,rsedch.shop,2025-12-17T03:00:34,A,SHOP,ECOM,寶興行銷,rule-desc,H
1406,e-invoicepltfoo-tw.com,2026-02-11T14:59:54,A,SHOP,FIN,一卡通,rule-desc,H
1407,wd1898.com,2025-02-18T19:15:08,A,SHOP,FIN,一卡通,rule-desc,H
1408,e-invoicepltfoo-tw.net,2026-02-12T02:04:38,A,SHOP,FIN,一卡通,rule-desc,H
1409,e-ainvoicemanage.com,2026-02-24T01:52:54,A,SHOP,FIN,悠遊卡,rule-desc,H
1410,femrg.store,2026-01-12T03:10:49,A,SHOP,ECOM,美無痕,rule-desc,H
1411,amiino.xyz,2026-02-02T08:43:25,A,SHOP,ECOM,美無痕,rule-desc,H
1412,eodcfo.space,2026-01-29T07:41:15,A,SHOP,ECOM,美無痕,rule-desc,H
1413,tsqbmy.site,2026-02-02T09:45:50,A,SHOP,ECOM,美無痕,rule-desc,H
1414,lzhvmm.store,2025-11-27T07:15:58,A,SHOP,ECOM,美無痕,rule-desc,H
1415,mhveo.live,2026-01-12T03:09:46,A,SHOP,ECOM,美無痕,rule-desc,H
1416,e-ainvoicemanageh.com,2026-02-25T02:14:26,A,SHOP,FIN,一卡通,rule-desc,H
1417,wangqiaoyu.com,2023-03-13T18:19:10,A,SHOP,FIN,一卡通,rule-desc,H
1418,wzlsfq.com,2017-03-03T08:27:20,A,SHOP,FIN,一卡通,rule-desc,H
1419,elnarvolae.com,2026-02-24T00:51:03,A,SHOP,FIN,一卡通,rule-desc,H
1420,elnaivolae.com,2026-02-26T01:32:30,A,SHOP,FIN,一卡通,rule-desc,H
1421,elnaicolae.com,2026-02-27T01:27:57,A,SHOP,FIN,一卡通,rule-desc,H
1422,elnbvolae.vip,2026-02-26T01:32:27,A,SHOP,FIN,一卡通,rule-desc,H
1423,elnuvolae.vip,2026-02-26T01:32:27,A,SHOP,FIN,一卡通,rule-desc,H
1424,elnaivolae.vip,2026-02-26T01:32:27,A,SHOP,FIN,一卡通,rule-desc,H
1425,elbaivolae.vip,2026-02-27T01:27:53,A,SHOP,FIN,一卡通,rule-desc,H
1426,elnaicolae.vip,2026-02-27T01:27:54,A,SHOP,FIN,一卡通,rule-desc,H
1427,elcaicolae.vip,2026-02-27T01:27:53,A,SHOP,FIN,一卡通,rule-desc,H
1428,minhoha.com,2025-02-28T19:21:49,A,SHOP,FIN,悠遊卡,rule-desc,H
1429,elraivolae.vip,2026-02-27T01:27:54,A,SHOP,FIN,一卡通,rule-desc,H
1430,elaicolae.com,2026-02-28T03:04:48,A,SHOP,FIN,一卡通,rule-desc,H
1431,elaicolre.vip,2026-02-28T03:04:44,A,SHOP,FIN,一卡通,rule-desc,H
1432,elaicolae.vip,2026-03-01T02:41:25,A,SHOP,FIN,一卡通,rule-desc,H
1433,eirvolatn.com,2026-03-01T03:16:51,A,SHOP,FIN,一卡通,rule-desc,H
1434,dec-zj01.top,2025-12-04T02:49:10,A,SHOP,ECOM,美無痕,rule-desc,H
1435,nubyrub.cn,2025-10-10T15:29:39,A,SHOP,ECOM,美無痕,rule-desc,H
1436,ecommercetwshop.com,2026-02-24T00:42:24,A,SHOP,ECOM,新加坡商蝦皮娛樂電商台灣分公司,rule-desc,H
1437,customertw.com,2026-02-24T00:21:22,A,SHOP,ECOM,新加坡商蝦皮娛樂電商台灣分公司,rule-desc,H
1438,eirvolartm.vip,2026-03-01T19:27:44,A,SHOP,FIN,一卡通,rule-desc,H
1439,eirvolartn.vip,2026-03-01T19:27:43,A,SHOP,FIN,一卡通,rule-desc,H
1440,eirvolarte.vip,2026-03-01T19:27:44,A,SHOP,FIN,一卡通,rule-desc,H
1441,eirvolartn.com,2026-03-01T19:27:48,A,SHOP,FIN,一卡通,rule-desc,H
1442,llbmvgmall.shop,2026-01-21T02:26:33,A,SHOP,ECOM,寶興行銷,rule-desc,H
1443,zgnuoyan.com,2025-03-07T19:02:24,A,SHOP,FIN,悠遊卡,rule-desc,H
1444,dencokie.com,2025-03-15T18:29:53,A,SHOP,FIN,悠遊卡,rule-desc,H
1445,hnfr88.com,2019-03-11T07:57:40,A,SHOP,FIN,悠遊卡,rule-desc,H
1446,xpquanqiugoutw.com,2025-11-24T11:57:12,A,SHOP,ECOM,新加坡商蝦皮娛樂電商台灣分公司,rule-desc,H
1447,elaicolne.vip,2026-03-01T02:41:26,A,SHOP,FIN,一卡通,rule-desc,H
1448,elrvolat.vip,2026-03-04T02:14:56,A,SHOP,FIN,一卡通,rule-desc,H
1449,elrvolatn.com,2026-03-04T02:15:02,A,SHOP,FIN,一卡通,rule-desc,H
1450,elrvolatn.vip,2026-03-04T02:14:56,A,SHOP,FIN,一卡通,rule-desc,H
1451,elrvolas.vip,2026-03-04T02:14:56,A,SHOP,FIN,一卡通,rule-desc,H
1452,eirvolarto.vip,2026-03-01T19:27:43,A,SHOP,FIN,一卡通,rule-desc,H
1453,hksqrjn.com,2025-03-08T19:13:34,A,SHOP,FIN,一卡通,rule-desc,H
1454,jmsklwb.com,2025-03-06T04:45:32,A,SHOP,FIN,一卡通,rule-desc,H
1455,einvolaezm.com,2026-03-03T12:17:28,A,SHOP,FIN,一卡通,rule-desc,H
1456,elnarolae.com,2026-03-04T22:50:08,A,SHOP,FIN,一卡通,rule-desc,H
1457,u8et.com,2025-03-08T19:12:13,A,SHOP,FIN,一卡通,rule-desc,H
1458,cfda315.com,2025-03-05T19:29:17,A,SHOP,FIN,一卡通,rule-desc,H
1459,etmall.online,2025-11-12T07:59:40,A,SHOP,ECOM,美無痕,rule-desc,H
1460,japro.space,2026-01-28T07:23:05,A,SHOP,ECOM,美無痕,rule-desc,H
1461,suzse.site,2026-01-28T07:23:07,A,SHOP,ECOM,美無痕,rule-desc,H
1462,tdeln.site,2026-02-03T04:00:13,A,SHOP,ECOM,美無痕,rule-desc,H
1463,friday-pro.com,2026-03-06T14:44:34,A,SHOP,ECOM,遠時,rule-desc,H
1464,friday-tw.com,2026-03-10T14:35:30,A,SHOP,ECOM,遠時,rule-desc,H
1465,einvoicdodkm-tw.com,2026-03-30T13:40:47,A,SHOP,FIN,一卡通,rule-desc,H
1466,utlrnpb.online,2026-03-30T13:41:05,A,SHOP,FIN,一卡通,rule-desc,H
